n,descrizione_clean
1,Detrazione su interessi passivi e oneri accessori relativi a prestiti e mutui agrari
2,Reddito dominicale pari a zero in caso di perdita del prodotto almeno per il 30% in conseguenza di eventi naturali
3,Reddito agrario pari a zero nelle ipotesi di cui all'art. 31 TUIR
4,"Impiego dei prodotti energetici nei lavori agricoli e assimilati (orticoltura, allevamento, silvicoltura, apicoltura, piscicoltura e florovivaistica) - Applicazione di un'aliquota pari al 22 % di quella normale per il gasolio e al 49 % di quella normale per la benzina (uso carburanti). Esenzione per gli oli vegetali non modificati chimicamente"
5,Esenzione dall'accisa sui carburanti per il prosciugamento e la sistemazione dei terreni allagati nelle zone colpite da alluvione
6,Esenzione dall'accisa sui carburanti per il sollevamento delle acque allo scopo di agevolare la coltivazione dei fondi rustici sui terreni bonificati
7,Regime speciale IVA per i produttori agricoli - detrazione forfetizzatra
8,"Misure in tema di imposte di registro, ipotecarie e catastali sui trasferimenti immobiliari in agricoltura (piccola proprietà contadina)."
9,"Attività agricole connesse: detrazione forfettizzata dell'imposta nella misura del 50% Imprenditori agricoli che effettuano forniture di servizi ai sensi dell'art. 2135, terzo comma c.c."
10,Non assoggettamento ad IVA delle cessioni di terreni non edificabili
11,Innalzamento delle percentuali di compensazione di detrazione dell'IVA applicabili a taluni prodotti dei settori lattiero-caseario ed agli animali vivi bovini e suini
12,Innalzamento delle percentuali di compensazione di detrazione dell'IVA applicabili alle cessioni di legna da ardere
13,"Applicazione dell’aliquota IVA ridotta del 5 per cento, ai tartufi freschi o refrigerati e l'applicazione dell’aliquota IVA ridotta del 10 per cento ai tartufi congelati, essiccati o preservati immersi in acqua salata, solforata o addizionata di altre sostanze atte ad assicurare temporaneamente la conservazione, ma non preparati per il consumo immediato."
14,"Allo svolgimento dell'attività enoturistica si applicano le disposizioni fiscali di cui all'articolo 5 della legge 30 dicembre 1991, n. 413. Il regime forfettario dell'imposta sul valore aggiunto di cui all'articolo 5, comma 2, della legge n. 413 del 1991 si applica solo per i produttori articoli 295 e seguenti della direttiva comunitaria 2006/112/CE, del 28 novembre 2006."
15,"Prevede che con decreto del Ministro dell'economia e delle finanze, di concerto con il Ministro delle politiche agricole alimentari e forestali, da adottare entro il 31 gennaio di ciascuna delle annualità 2018, 2019 e 2020, ai sensi dell'articolo 34, comma 1, del decreto del Presidente della Repubblica 26 ottobre 1972, n. 633, le percentuali di compensazione applicabili agli animali vivi delle specie bovina e suina sono innalzate, per ciascuna delle annualità 2018, 2019 e 2020, rispettivamente in misura non superiore al 7,7 per cento e all'8 per cento. Per il 2020 il decreto è stato pubblicato sulla Gazzetta Ufficiale della Repubblica italiana n. 184 del 23 luglio 2020, confermando le percentuali dello scorso anno."
16,Determinazione forfetaria del reddito imponibile e dell'Iva per le associazioni sindacali e di categoria operanti nel settore agricolo relativamente alle attività di assistenza rese agli associati Determinazione forfetaria del reddito imponibile e dell'Iva per le associazioni sindacali e di categoria operanti nel settore agricolo relativamente alle attività di assistenza rese agli associati
17,"Possibilità per le società di persone e le società a responsabilità limitata, costituite da imprenditori agricoli, che esercitano esclusivamente le attività dirette alla manipolazione, conservazione, trasformazione, commercializzazione e valorizzazione di prodotti agricoli ceduti dai soci, di determinare il reddito applicando all'ammontare dei ricavi il coefficiente di redditività del 25 per cento."
18,"Possibilità per le società di persone, le società a responsabilità limitata e le società cooperative che rivestono la qualifica di società agricola ai sensi dell'articolo 2 del decreto legislativo 29 marzo 2004, n. 93 di optare per la determinazione catastale del reddito, ex aticolo 32 del Tuir."
19,"Modifiche in favore del settore agricolo: - modifica dei criteri per l'individuazione delle attività agricole ""connesse"" comunque produttive di reddito agrario di cui all'art. 32, comma 1 2, lettera c) del Tuir. Rinvio alle attività di cui al terzo comma dell'art. 2135 del c.c. e previsione di un decreto del Ministro dell'economia e delle finanze per l'individuazione dei beni che possono essere oggetto delle attività agricole ""connesse""; - nuovo articolo 56-bis del Tuir modalità, opzionale, di determinazione del reddito delle ""altre attività agricole""; 2-bis) - articolo 71, comma del Tuir applicazione dei coefficienti di redditività di cui all'articolo 56-bis del Tuir per la determinazione dei redditi derivanti dalle attività commerciali non esercitate abitualmente poste in essere dai soggetti che svolgono le attività di cui all'articolo 32 del Tuir eccedenti i limiti di cui al comma 2, lettera c)."
20,"Regime speciale IVA per i produttori agricoli in regime di esonero con volume d'affari inferiore a 7.000 euro, che effettuano cessioni di prodotti agricoli"
21,Assoggettamento ad IVA dei conferimenti alle cooperative dei prodotti agricoli dei soci differito al momento del pagamento del prezzo
22,"Locazione di fondi rustici (aliquota dello 0,5%)"
23,"Per favorire la continuità della impresa agricola gli atti relativi ai beni costituenti l'azienda, ivi compresi i fabbricati, le pertinenze, le scorte vive e morte oggetto di successione o di donazione tra ascendenti o discendenti entro il terzo grado sono esenti dall'imposta sulle successioni e donazioni, dalle imposte catastali, di bollo ( e dall'INVIM) e soggetti alle sole imposte ipotecarie in misura fissa . Quanto precede a condizione che i soggetti interessati siano coltivatori diretti che non hanno compiuto i quaranta anni e che acquisiscano la qualifica di coltivatore diretto o di imprenditore agricolo."
24,Misure in materia di annotazioni ipotecarie relative ad operazioni di credito fondiario
25,"Contratti di assicurazione a favore di soci di consorzi, associazioni e cooperative agricole di cui alla legge 364 sel 1970. ( nota. La legge è stata abrogata dall'articolo 16 del Dlgs 29 marzo 2004, n. 102 , salvo quanto previsto dall'articolo 21 , comma 6 della stesa legge)"
26,Per gli anni dal 2017 al 2020 i redditi dominicali e agrari dei coltivatori diretti e degli imprenditori agricoli professionali iscritti nella previdenza agricola non concorrono alla formazione della base imponibile Irpef
27,"Applicazione di un'imposta sostitutiva in misura fissa pari a euro 100 ai redditi derivanti dallo svolgimento, in via occasionale, da parte delle persone fisiche, delle attività di raccolta di prodotti selvatici non legnosi . Tale attività si intende svolta in via occasionale se i corrispettivi percepiti dalla vendita del prodotto non superano il limite annuo di euro 7.000"
28,"Estensione della disciplina fiscale propria dei titolari dell'impresa agricola ai familiari coadiuvanti, appartenenti al medesimo nucleo familiare, che risultano iscritti nella gestione assistenziale e previdenziale agricola quali coltivatori diretti"
29,"Riduzione dell'accisa sul gas naturale impiegato negli usi di cantiere, nei motori fissi e nelle operazioni di campo per la coltivazione di idrocarburi Riduzione dell'accisa sul gas naturale impiegato negli usi di cantiere, nei motori fissi e nelle operazioni di campo per la coltivazione di idrocarburi"
30,Esenzione dall'accisa sull'energia elettrica prodotta da impianti di gasificazione
31,Esenzione dall'accisa sui prodotti energetici impiegati per la produzione di magnesio da acqua di mare
32,Riduzione dell'accisa sul GPL utilizzato negli impianti centralizzati per usi industriali
33,Riduzione dell'accisa sul GPL impiegato come carburante per gli autobus urbani ed extraurbani adibiti al servizio pubblico
34,Riduzione dell'accisa su combustibili (gasolio e gas naturale) e carburanti (benzina e gasolio) impiegati dalle Forze armate nazionali
35,Esenzione dell'accisa su combustibili ( GPL) e carburanti (GPL e gas naturale) impiegati dalle Forze armate nazionali
36,"Esenzione dall'accisa sui tabacchi denaturati e usati a fini industriali od orticoli, distrutti sotto sorveglianza amministrativa, destinati esclusivamente a prove scientifiche ed a prove relative alla qualità dei prodotti, riutilizzati dal produttore."
37,Non sottoposizione ad accisa delle miscele gassose di origine biologica destinate agli usi propri del soggetto che le produce
38,"Esenzione dall'accisa per l'alcool e le bevande alcoliche impiegati come campioni per analisi, per prove di produzione necessarie o a fini scientifici"
39,Esenzione dall'accisa per l'alcool e le bevande alcoliche utilizzati nella fabbricazione di un componente non soggetto ad accisa
40,Determinazione forfettaria dell’accisa sull’alcool etilico prodotto da piccoli alambicchi
41,"Non sottoposizione ad accisa per l'energia elettrica impiegata negli aeromobili, nelle navi, negli autoveicoli, purchè prodotta a bordo con mezzi propri, esclusi gli accumulatori, nonché quella prodotta da gruppi elettrogeni mobili in dotazione alle forze armate dello Stato ed ai corpi ad esse assimilati"
42,Non sottoposizione ad accisa per l'energia elettrica prodotta con gruppi elettrogeni azionati da gas metano biologico
43,"Non sottoposizione ad accisa per l'energia elettrica prodotta da piccoli impianti generatori comunque azionati, purchè la loro potenza disponibile non sia superiore a 1 kW, nonché prodotta da officine elettriche costituite da gruppi elettrogeni di soccorso aventi potenza disponibile complessiva non superiore a 200 kW"
44,Esenzione dall'accisa sull'energia elettrica prodotta con fonti rinnovabili in impianti con potenza superiore a 20 kW per autoconsumo
45,"Esclusione, dal campo di applicazione dell’accisa, dell’energia elettrica prodotta con impianti azionati da fonti rinnovabili, aventi potenza non superiore a 20 kW"
46,Credito d’imposta sulle reti di teleriscaldamento alimentato con biomassa ed energia geotermica
47,Esenzione dall'accisa sull'energia elettrica impiegata nelle ferrovie
48,Energia elettrica impiegata nell'esercizio delle linee di trasporto urbano ed interurbano - Esenzione dall'accisa
49,Esenzione dall'accisa sull'energia elettrica impiegata nelle abitazioni di residenza con potenza fino a 3 kW fino a 150 kwh di consumo mensile
50,"I commi sono volti a concedere, per una durata di sei anni, previa autorizzazione del Consiglio dell’Unione Europea, l’applicazione di aliquote ridotte di accisa per il comune di Campione d’Italia."
51,"Pagamento dell'accisa con un canone forfetario per le forniture di energia elettrica ""a cottimo"" (piccole forniture) Pagamento dell'accisa con un canone forfetario per le forniture di energia elettrica ""a cottimo"" (piccole forniture)"
52,Pagamento dell'accisa sull'energia elettrica con canone annuo di abbonamento (per l’energia elettrica ottenuta da officine non fornite di misuratori)
53,"Pagamento dell'accisa sull'energia elettrica con canone annuo di abbonamento (energia elettrica ottenuta da impianti di produzione combinata di energia elettrica e calore, con potenza disponibile non superiore a 100 kW non forniti di misuratori)"
54,"Esenzione dall'imposta di consumo per gli oli lubrificanti impiegati nella produzione e nella lavorazione della gomma naturale e sintetica per la fabbricazione dei relativi manufatti, nella produzione delle materie plastiche e delle resine artificiali o sintetiche, comprese le colle adesive, nella produzione degli antiparassitari per le piante da frutta"
55,Riduzione dell'accisa sul gas naturale impiegato per usi industriali da soggetti che registrano consumi superiori a 1.200.000 mc annui
56,"Il soggetto beneficiario di una operazione straordinaria può assoggettare, in tutto o in parte, i maggiori valori attribuiti in bilancio all’ avviamento, ai marchi di impresa e alle altre attività immateriali, a imposta sostitutiva di cui al comma 2-ter dell’ art. 176, con l’ aliquota del 16%. E', inoltre, possibile riallineare i valori relativi ad attività diverse dalle immobilizzazioni materiali e immateriali (attivo circolante e immobilizzazioni finanziarie), assoggettando i maggiori valori a tassazione con aliquota ordinaria, separatamente dall’ imponibile complessivo. I maggiori valori assoggettati ad imposta sostitutiva si considerano riconosciuti fiscalmente a partire dall’ inizio del periodo d’ imposta nel corso del quale è versata l’ imposta sostitutiva. L'agevolazione è applicabile anche ai maggiori valori delle partecipazioni di controllo, iscritti in bilancio a seguito dell' operazione a titolo di avviamento, marchi d' impresa e altre attivita' immateriali. L'agevolazione è estesa anche alle partecipazioni di controllo."
57,"Esenzione dei redditi di capitale da partecipazione ai fondi di venture capital (FVC), ossia i fondi comuni d'investimento che investono almeno il 85 per cento dei capitali raccolti in società non quotate nella fase di sperimentazione, di costituzione, di avvio dell'attività o di sviluppo del prodotto."
58,"Estensione del regime dei titoli di Stato alle obbligazioni e altri titoli di debito emessi dalle società di cui all'articolo 185 del D.Lgs. 18 aprile 2016, n. 50, recante codice dei contratti pubblici (c.d. project bond)."
59,Non concorre a formare il reddito imponibile delle società cooperative e dei loro consorzi la quota del 90 per cento degli utili netti annuali destinata a riserva minima obbligatoria.
60,"Le somme di cui all'articolo 3, comma 2, lettera b), della legge 142/2001 e all'articolo 12 del decreto del Presidente della Repubblica 601/1973 destinate ad aumento del capitale delle società cooperative non concorrono a formare il reddito imponibile"
61,Ritenute su interessi corrisposti ai soci persone fisiche delle cooperative
62,"Per le operazioni straordinarie (fusioni, scissioni, conferimenti di aziende) di cui agli articoli 172, 173 e 176 del TUIR, l’art. 176, comma 2-ter, del TUIR, prevede che, in alternativa al regime di neutralità fiscale, sia possibile optare per l’applicazione, in tutto o in parte, sui maggiori valori attribuiti in bilancio agli elementi dell’attivo costituenti immobilizzazioni materiali e immateriali, incluso l’avviamento, di un’imposta sostitutiva. Misura dell'imposta sostitutiva: 1 2% fino a 5 milioni di euro; 14% da 5 milioni di euro e fino a 10 milioni di euro; 16% sulla parte che eccede i 10 milioni di euro."
63,Per le società cooperative e loro consorzi sono ammesse in deduzione dal reddito le somme ripartite tra i soci sotto forma di restituzione di una parte del prezzo dei beni e servizi acquistati o di maggiore compenso per i conferimenti effettuati. Per le società cooperative e loro consorzi sono ammesse in deduzione dal reddito le somme ripartite tra i soci sotto forma di restituzione di una parte del prezzo dei beni e servizi acquistati o di maggiore compenso per i conferimenti effettuati.
64,"Non concorrono al reddito imponibile delle cooperative le somme destinate alle riserve indivisibili, a condizione che sia esclusa la possibilità di distribuirle tra i soci, sia durante la vita dell'ente che all'atto del suo scioglimento. Tale norma non si applica alle cooperative a mutualità prevalente: a) per la quota del 20% degli utili netti delle cooperative agricole; b) per la quota del 40% degli utili netti delle altre cooperative; c) per la quota del 65% degli utili netti delle società cooperative di consumo. La limitazione non si applica alle cooperative sociali. Per le cooperative NON a mutualità prevalente la detassazione è limitata al 30% degli utili netti annuali (23% per coop di consumo, dal 2015), a condizione che tale quota sia destinata ad una riserva indivisibile prevista dallo statuto."
65,"Sono esenti da IRES i redditi conseguiti da società cooperative agricole e loro consorzi mediante l'allevamento di animali con mangimi ottenibili per almeno un quarto dai terreni dei soci nonché mediante la manipolazione, conservazione, valorizzazione, trasformazione e alienazione di prodotti agricoli e zootecnici e di animali conferiti prevalentemente dai soci. I redditi conseguiti dalle cooperative della piccola pesca e dai loro consorzi sono esenti da IRES. Tali esenzioni non operano limitatamente al 20% degli utili netti annuali."
66,"I redditi conseguiti dalle società cooperative di produzione e lavoro, limitatamente al reddito imponibile derivante dall'indeducibilità dell'imposta regionale sulle attività produttive, sono esenti da IRES se l'ammontare delle retribuzioni effettivamente corrisposte ai soci non è inferiore al cinquanta per cento dell'ammontare complessivo di tutti gli altri costi; se l'ammontare delle retribuzioni è inferiore al cinquanta per cento ma non al venticinque per cento dell'ammontare complessivo degli altri costi l'imposta sul reddito delle persone giuridiche e l'imposta locale sui redditi sono ridotte alla metà"
67,"Conferimenti immobili in SIIQ; SIINQ e Fondi immobiliari Imposta sostitutiva con aliquota del 20% per le plusvalenze realizzate all’atto del conferimento di immobili e di diritti reali su immobili: - in SIIQ; - in SIINQ; - in fondi comuni di investimento immobiliare istituiti ai sensi dell’articolo 37 del testo unico di cui al decreto legislativo 24 febbraio 1998, n. 58 (comma 140, art. 1 L 296/2006)."
68,"Imposta d’ingresso nel regime SIIQ e SIINQ relativa agli immobili posseduti dalla società alla data di chiusura dell’ultimo esercizio in regime ordinario. L’ingresso nel regime speciale SIIQ e SIINQ comporta il realizzo a valore normale degli immobili, nonché dei diritti reali su immobili destinati alla locazione, posseduti dalla società alla data di chiusura dell’ultimo esercizio in regime ordinario. L’importo complessivo delle plusvalenze così realizzate, al netto di eventuali minusvalenze, è assoggettato a imposta sostitutiva con l’aliquota del 20 %."
69,"Tassazione sugli utili corrisposti da SIIQ o SIINQ agli azionisti mediante ritenuta con aliquota ridotta pari al 15 per cento in relazione alla parte dell’utile di esercizio riferibile a contratti di locazione di immobili ad uso abitativo stipulati ai sensi dell'articolo 2, comma 3, della legge 9 dicembre 1998, n. 431. La ritenuta è applicata a titolo d’acconto, nei confronti di: a) imprenditori individuali, se le partecipazioni sono relative all'impresa commerciale; b) società in nome collettivo, in accomandita semplice ed equiparate, società ed enti indicati nelle lettere a) e b) del comma 1 dell'articolo 73 del Tuir, e stabili organizzazioni nel territorio dello Stato delle società e degli enti di cui alla lettera d) del predetto articolo 73, comma 1. La ritenuta è applicata a titolo d'imposta in tutti gli altri casi."
70,Deduzione forfetaria dal reddito di impresa a favore degli esercenti impianti di distribuzione carburante
71,"Tonnage tax: regime di determinazione del reddito dei soggetti di cui all'art. 73, comma 1, lettera a), del TUIR, derivante dall'utilizzo delle navi indicate nell'art. 8-bis, comma 1, lett. a), del D.P.R. n. 633/1972, iscritte nel registro internazionale di cui al D.L. n. 457/1997, convertito, con modificazioni, dalla L. n. 30/1998. Il regime è opzionale e comporta la determinazione del reddito in via forfetaria secondo i criteri previsti dall'art. 156 del TUIR (notifica ai sensi dell'art. 108 del TFUE) Tonnage tax: regime di determinazione del reddito dei soggetti di cui all'art. 73, comma 1, lettera a), del TUIR, derivante dall'utilizzo delle navi indicate nell'art. 8-bis, comma 1, lett. a), del D.P.R. n. 633/1972, iscritte nel registro internazionale di cui al D.L. n. 457/1997, convertito, con modificazioni, dalla L. n. 30/1998. Il regime è opzionale e comporta la determinazione del reddito in via forfetaria secondo i criteri previsti dall'art. 156 del TUIR (notifica ai sensi dell'art. 108 del TFUE)"
72,"I versamenti effettuati ai Fondi mutualistici per la promozione e lo sviluppo della cooperazione di cui all'art. 11, comma 1, della L. n. 59/1992, effettuati dai soggetti di cui all'art. 73, comma 1, lett. a) del TUIR sono esenti da imposte e sono deducibili, nei limiti del 3%, dalla base imponibile del soggetto che effettua l'erogazione."
73,Il reddito derivante dall'utilizzo di navi iscritte nel registro internazionale concorre in misura pari al 20% a formare il reddito complessivo ai fini IRES e IRPEF; (notifica ai sensi dell'art. 108 del TFUE)
74,"Non concorrono a formare il reddito imponibile ai fini delle imposte dirette le quote di utili destinate ad aumento gratuito del capitale sociale, anche in deroga ai limiti massimi di partecipazione, purché nei limiti della variazione dell'indice dei prezzi al consumo accertata dall'Istat. (de minimis per coop di consumo)"
75,"Previsione di un’imposta sostitutiva, con l'aliquota del 19%, delle imposte sui redditi sulle plusvalenze derivanti da conferimenti o cessioni di beni o aziende a favore dei Centri di assistenza fiscale (CAF)."
76,"Imposta sostitutiva dei fondi immobiliari chiusi - Le società di gestione del risparmio, relativamente ai fondi comuni d’investimento immobiliare già istituiti nel settembre 2001, possono assoggettare ad imposta sostitutiva IRES del 25% il reddito relativo alla gestione di ciascun fondo."
77,"I proventi dei fondi di garanzia di cui alle leggi n. 454/1961 e n. 1068/1964, e al decreto-legge n. 976/1966, convertito nella L. n. 1142/1966, derivanti da contributi a fondo perduto, periodici o una volta tanto, dello Stato o di altri enti, nonché quelli derivanti dalle somme che le aziende e istituti di credito trattengono sui finanziamenti assistiti da garanzie e versati successivamente ai fondi, non concorrono a formare il reddito dei fondi stessi, ai fini IRES, a condizione che il loro ammontare venga integralmente destinato a costituire o incrementare un fondo di garanzia."
78,"Procedura accelerata di ammortamento dei beni mobili registrati con costo ammortizzabile ai fini fiscali non inferiore a 10 anni ed equipaggio di almeno 6 persone qualora siano concessi in locazione finanziaria con obbligo di acquisto, da un Gruppo europeo di interesse economico (GEIE) o da una società per azioni o a responsabilità limitata per le quali sia stata esercitata l'opzione prevista dall'articolo 115, comma 4, del Tuir (trasparenza fiscale), ad un'impresa che li destini all'esercizio della propria attività abituale. Esclusione dall’applicazione delle disposizioni di cui all'articolo 102, commi 1, 2, 3 e 7, del Tuir."
79,"Deduzione forfetaria per spese non documentate (per un importo pari a determinate percentuali dell’ammontare dei ricavi) a favore degli intermediari, dei rappresentanti di commercio e degli esercenti attività di somministrazione di pasti e bevande e di prestazioni alberghiere (di cui al co. 1 dell’art. 1 del DM 13 ottobre 1979)."
80,Deduzione forfetaria per spese non documentate in base ai viaggi effettuati dagli esercenti autotrasporto c/terzi di minori dimensioni. Previsto un importo unico di deduzione forfetaria per i trasporti effettuati personalmente dall’imprenditore oltre i confini del Comune in cui ha sede l’impresa. Per i trasporti personalmente effettuati dall’imprenditore nell’ambito del Comune ove ha sede l’impresa viene prevista una deduzione pari al 35 per cento dell’importo spettante in caso di trasporto fuori Comune
81,Esenzione dall'Ires del reddito d'impresa derivante dall'attività di locazione immobiliare. Esenzione dall’Irap della quota del valore della produzione proporzionalmente corrispondente al rapporto tra i componenti positivi imputabili alla gestione esente rilevanti ai fini Irap e l’ammontare complessivo dei componenti positivi rilevanti agli stessi effetti. Esenzione dall'Ires del reddito d'impresa derivante dall'attività di locazione immobiliare. Esenzione dall’Irap della quota del valore della produzione proporzionalmente corrispondente al rapporto tra i componenti positivi imputabili alla gestione esente rilevanti ai fini Irap e l’ammontare complessivo dei componenti positivi rilevanti agli stessi effetti.
82,Incentivi all'investimento in start-up innovative. (notifica ai sensi dell'art. 108 del TFUE)
83,"Incentivi in «de minimis» all'investimento in start-up innovative. In alternativa a quanto previsto dall'art. 29 del D.L. n. 179 del 2012, dall'imposta lorda sul reddito delle persone fisiche si detrae un importo pari al 50 per cento della somma investita dal contribuente nel capitale sociale di una o piu' start-up innovative direttamente ovvero per il tramite di organismi di investimento collettivo del risparmio che investano prevalentemente in start-up innovative. L'investimento massimo detraibile non puo' eccedere, in ciascun periodo d'imposta, l'importo di euro 100.000 e deve essere mantenuto per almeno tre anni."
84,Incentivi all'investimento in PMI innovative. (notifica ai sensi dell'art. 108 del TFUE)
85,"Incentivi in «de minimis» all'investimento in PMI innovative . Dall'imposta lorda sul reddito delle persone fisiche si detrae un importo pari al cinquanta per cento della somma investita dal contribuente nel capitale sociale di una o piu' PMI innovative direttamente ovvero per il tramite di organismi di investimento collettivo del risparmio che investano prevalentemente in PMI innovative; la detrazione si applica alle sole PMI innovative iscritte alla sezione speciale del Registro delle imprese al momento dell'investimento. L'investimento massimo detraibile non puo' eccedere, in ciascun periodo d'imposta, l'importo di euro 300.000 e deve essere mantenuto per almeno tre anni. La detrazione in esame spetta prioritariamente rispetto alla detrazione di cui all’articolo 29 del decreto-legge 18 ottobre 2012, n. 179, convertito, con modificazioni, dalla legge 17 dicembre 2012, n. 221, e fino all’ammontare di investimento di cui al periodo precedente. Sulla parte di investimento che eccede tale limite è fruibile esclusivamente la detrazione di cui al citato articolo 29 del decreto-legge n. 179 del 2012 nei limiti del regolamento (UE) n. 1407/2013 della Commissione, del 18 dicembre 2013."
86,"Rientrano tra i soggetti per i quali l’Ires è ridotta alla metà di cui all’art. 6 del D.P.R. n. 601/1973, gli enti aventi le stesse finalità sociali degli Iacp, istituiti nella forma di società (con personalità giuridica) che rispondono ai requisiti della legislazione UE in materia di “in house providing” e che siano costituiti e operanti alla data del 31/12/13. Per tali soggetti è stato inoltre stabilito che non si considerano contributi o liberalità, e pertanto non sono sopravvenienze attive ai sensi dell’art. 88 del Tuir, i finanziamenti erogati dallo Stato, dalle Regioni e dalle Province autonome per la costruzione, ristrutturazione e manutenzione straordinaria e ordinaria di immobili di edilizia residenziale pubblica."
87,"Sono deducibili le somme corrisposte, anche su base volontaria, a consorzi cui le imprese aderiscono ottemperando a obblighi di legge, indipendentemente dal trattamento contabile e purché utilizzate agli scopi dei consorzi. Le medesime somme sono deducibili dall’IRAP. Tali disposizioni si applicano dall’esercizio in corso al 31/12/15."
88,"I maggiori o minori valori derivanti dalla riduzione o conversione di azioni disposta dalla Banca d'Italia per il risanamento o risoluzione di enti creditizi e delle imprese di investimento, disciplinata dal D.lgs. n. 180/2015 non concorrono a formare il reddito imponibile ai fini delle imposte dirette, né a formare la base imponibile Irap del soggetto che ha emesso gli strumenti stessi. I maggiori o minori valori derivanti dal cd. bail in, (ossia dalla misura di risoluzione delle banche che prevede la riduzione o la conversione in capitale dei diritti degli azionisti e dei creditori), nonché i conferimenti del Fondo di risoluzione e le somme corrisposte dal sistema di garanzia dei depositanti nel corso della procedura di risoluzione, non concorrono alla formazione del reddito imponibile ai fini Ires, per la parte che eccede le perdite pregresse e di periodo, né alla base imponibile Irap dell’ente sottoposto a risoluzione. In tale ipotesi non si applicano gli ordinari limiti di riportabilità delle perdite; rilevano anche le perdite trasferite al consolidato nazionale, non ancora utilizzate."
89,"Nel caso in cui siano adottate azioni di risoluzione bancaria la trasformazione in credito d'imposta delle attività per imposte anticipate relative ai componenti negativi di cui al co. 55 dell'art. 2 del D.L. n. 225/2010, iscritte nella situazione contabile di riferimento dell'ente sottoposto a risoluzione decorre dalla data di avvio della risoluzione e opera sulla base dei dati della medesima situazione contabile. Con decorrenza dal periodo d'imposta in corso alla data di avvio della risoluzione non sono deducibili i componenti negativi corrispondenti alle attività per imposte anticipate trasformate in credito d'imposta . Nel caso in cui siano adottate azioni di risoluzione bancaria la trasformazione in credito d'imposta delle attività per imposte anticipate relative ai componenti negativi di cui al co. 55 dell'art. 2 del D.L. n. 225/2010, iscritte nella situazione contabile di riferimento dell'ente sottoposto a risoluzione decorre dalla data di avvio della risoluzione e opera sulla base dei dati della medesima situazione contabile. Con decorrenza dal periodo d'imposta in corso alla data di avvio della risoluzione non sono deducibili i componenti negativi corrispondenti alle attività per imposte anticipate trasformate in credito d'imposta ."
90,Escluse dalle sopravvenienze attive i versamenti effettuati dal fondo di risoluzione agli enti ponte.
91,"La cessione di diritti, attività e passività di una banca sottoposta a risoluzione a un ente ponte non costituisce realizzo di plusvalenze o minusvalenze ai fini Ires e Irap. I beni ricevuti dall'ente ponte sono valutati fiscalmente in base agli ultimi valori fiscali riconosciuti in capo all'ente cedente. Dalla data in cui ha effetto la cessione l'ente ponte subentra nella posizione dell'ente sottoposto a risoluzione in ordine ai diritti, attività o passività oggetto di cessione, incluse la deduzione o la tassazione dei componenti di reddito dell'ente sottoposto a risoluzione già imputati a conto economico e non ancora dedotti o tassati dallo stesso alla data della cessione, e nelle deduzioni derivanti da opzioni di riallineamento dell'avviamento e di altre attività immateriali esercitate dall'ente sottoposto a risoluzione. Le perdite dell'ente sottoposto a risoluzione sono portate in diminuzione del reddito dell'ente ponte."
92,"Irrilevanza fiscale dei contributi volontari percepiti da soggetti sottoposti a procedure di crisi o che sono stati sottoposti a procedure di crisi nei 24 mesi antecedenti alla data in cui hanno ricevuto il contributo. Inserimento comma 3 bis all'art. 88 del Tuir. Non costituiscono sopravvenienze attive, in quanto escluse, i contributi percepiti a titolo di liberalità dai soggetti sottoposti ad alcune procedure concorsuali, alle procedure di crisi di cui all'art. 20 del D.lgs. n. 180/2015 (dissesto o rischio di dissesto bancario), alla procedura di amministrazione straordinaria di cui all'art. 70 e ss. del D.lgs. n. 385/1993."
93,"Credito d'imposta a favore delle imprese armatoriali. (notifica ai sensi dell'art. 108 del TFUE) in misura corrispondente all'imposta sul reddito delle persone fisiche dovuta sui redditi di lavoro dipendente e di lavoro autonomo corrisposti al personale di bordo imbarcato sulle navi iscritte nel Registro internazionale, da valere ai fini del versamento delle ritenute alla fonte relative a tali redditi."
94,"Estensione dei benefici di cui all'art. 4, commi 1 e 2, del D.L. n. 457/1997, nel limite dell'80%, alle imprese che esercitano la pesca costiera, nonché alle imprese che esercitano la pesca nelle acque interne e lagunari corrispondenti all'imposta sul reddito delle persone fisiche dovuta sui redditi di lavoro dipendente e di lavoro autonomo corrisposti al personale di bordo imbarcato sulle navi iscritte nel Registro internazionale, da valere ai fini del versamento delle ritenute alla fonte relative a tali redditi. Il reddito derivante dall'utilizzazione di navi iscritte nel Registro internazionale concorre in misura pari al 20 per cento a formare il reddito complessivo assoggettabile all'imposta sul reddito delle persone fisiche e all'imposta sul reddito delle persone giuridiche L'art. 2, comma 2, della L. 203/2008 stabilizza a regime detto beneficio a decorrere dal periodo d'imposta 2009."
95,"Estensione dei benefici di cui all'art. 4, commi 1 e 2, del D.L. n. 457/1997, alle imprese che esercitano la pesca oltre gli stretti e, nel limite del 70%, a quelle che esercitano la pesca mediterranea."
96,Credito d’imposta assunzione lavoratori detenuti
97,Credito d’imposta a favore delle farmacie pubbliche e private per acquisto di software
98,Credito d'imposta per la realizzazione di nuove infrastrutture
99,Finanziamento di infrastrutture mediante defiscalizzazione
100,"Credito d'imposta commisurato all'indennità corrisposta ai soggetti abilitati a svolgere la mediazione con un massimo di 500 euro. In caso di insuccesso della mediazione, il credito d'imposta è ridotto della metà."
101,"Riduzione nella misura del 50 per cento dei redditi di lavoro dipendente e di lavoro autonomo prodotti in Italia. L'agevolazione spetta a decorrere dal periodo d'imposta del trasferimento della residenza in Italia e per i quattro periodi d’imposta successivi. Dal periodo d'imposta 2019 ai soggetti che a decorrere dal 30 aprile 2019 trasferiscono la residenza fiscale in Italia e risultano beneficiari del regime per i lavoratori impatriati di cui all'art. 16 del D.Lgs n.147 del 2015 l'agevolazione, estesa anche alle persone fisiche titolari di reddito d'impresa, consiste nella riduzione dell'imponibile nella misura del 70 per cento. Sono previste, inoltre, a determinate condizioni, ulteriori agevolazioni per il quinquennio successivo al primo. Riduzione nella misura del 50 per cento dei redditi di lavoro dipendente e di lavoro autonomo prodotti in Italia. L'agevolazione spetta a decorrere dal periodo d'imposta del trasferimento della residenza in Italia e per i quattro periodi d’imposta successivi. Dal periodo d'imposta 2019 ai soggetti che a decorrere dal 30 aprile 2019 trasferiscono la residenza fiscale in Italia e risultano beneficiari del regime per i lavoratori impatriati di cui all'art. 16 del D.Lgs n.147 del 2015 l'agevolazione, estesa anche alle persone fisiche titolari di reddito d'impresa, consiste nella riduzione dell'imponibile nella misura del 70 per cento. Sono previste, inoltre, a determinate condizioni, ulteriori agevolazioni per il quinquennio successivo al primo."
102,Imposta minima di registro e esenzione da imposta ipotecaria per i trasferimenti di proprietà o concessione del diritto di superficie relativi ad aree da destinare ad insediamenti produttivi
103,"Proroga super ammortamento (maggiorazione del costo acquisto del 40% - 30% dal 2018 - ai fini della determinazione delle quote di ammortamento) con esclusione delle autovetture. Per gli investimenti effettuati dal 1° aprile 2019 fino al 31 dicembre 2019 la maggiorazione del costo di acquisto è pari al 30%. È stato differito dal 30/6/20 al 31/12/20 il termine per la consegna del bene strumentale, il cui ordine era stato comunque accettato entro il 31/12/19 ed era stato pagato un acconto pari al 20%, al fine di ottenere il riconoscimento la maggiorazione del costo ai fini del calcolo delle quote di ammortamento cd. “Superammortamento” di cui all’art. 1 del D.L. n. 34/2019."
104,"Proroga e ampliamento dell'iperammortamento (maggiorazione del 150% anzichè del 40%) per taluni investimenti altamente tecnologici in chiave industria 4,0 e introduzione del super ammortamento (maggiorazione del 40%) per i relativi software applicativi interconnessi. Per gli investimenti effettuati nel 2019 la maggiorazione si applica nella misura del 170% - 100% e 50% a seconda dell'importo dell'investimento effettuato; per i relativi software applicativi interconnessi. è confermata la maggiorazione del 40%."
105,"Agevolazione fiscale a favore delle casse previdenziali titolari di investimenti qualificati di cui all'articolo 1, comma 89, della legge 11 dicembre 2016, n. 232. Esenzione per i redditi di natura finanziaria prodotti dagli investimenti qualificati"
106,"Agevolazione fiscale a favore delle forme di previdenza complementare titolari di investimenti qualificati di cui all'articolo 1, comma 89, della legge 11 dicembre 2016, n. 232. Esenzione per i redditi di natura finanziaria prodotti dagli investimenti qualificati"
107,Agevolazione fiscale a favore dei fondi pensione esteri istituiti negli Stati membri dell’Unione europea e negli Stati aderenti all’Accordo sullo spazio economico europeo inclusi nella white list. Esenzione per i redditi di natura finanziaria prodotti dagli investimenti qualificati
108,Agevolazione in materia di piani individuali di risparmio a lungo termine. Esenzione per i redditi di natura finanziaria prodotti dagli investimenti qualificati conferiti nei PIR
109,Agevolazione in materia di piani individuali di risparmio a lungo termine dedicati alle piccole e medie imprese. Esenzione per i redditi di natura finanziaria prodotti dagli investimenti qualificati conferiti nei PIR-PMI.
110,"Detrazione del 30 per cento della somma investita dal contribuente nel capitale sociale di una o più società, incluse le società cooperative, che abbiano acquisito la qualifica di impresa sociale da non più di 5 anni. L'investimento massimo detraibile non può eccedere, in ciascun periodo d'imposta, l'importo di euro 1.000.000 e deve essere mantenuto per almeno cinque anni."
111,"Agevolazione fiscale a favore delle casse previdenziali che investono nei piani individuali di risparmio di cui all'articolo 1, comma 102, della legge 11 dicembre 2016, n. 232."
112,Agevolazione fiscale a favore delle casse previdenziali che investono nei piani di risparmio a lungo termine dedicati alle piccole e medie imprese. Esenzione per i redditi di natura finanziaria prodotti dagli investimenti qualificati conferiti nei PIR-PMI.
113,"Agevolazione fiscale a favore delle forme di previdenza complementare che investono nei piani individuali di risparmio di cui all'articolo 1, comma 102, della legge 11 dicembre 2016, n. 232."
114,Agevolazione a favore delle forme di previdenza complementare che investono nei piani individuali di risparmio a lungo termine dedicati alle piccole e medie imprese. Esenzione per i redditi di natura finanziaria prodotti dagli investimenti qualificati conferiti nei PIR-PMI. Agevolazione a favore delle forme di previdenza complementare che investono nei piani individuali di risparmio a lungo termine dedicati alle piccole e medie imprese. Esenzione per i redditi di natura finanziaria prodotti dagli investimenti qualificati conferiti nei PIR-PMI.
115,"La disposizione consente alle cooperative agricole e loro consorzi la possibilità di rivalutare i beni mobili e immobili, ai sensi dell'art. 1, comma 697 della legge n. 160 del 2019, senza assolvere le imposte sostitutive fino a concorrenza delle perdite fiscali pregresse riportate a nuovo nel limite del 70% del loro ammontare. Tali perdite non potranno più essere utilizzate in diminuzione del reddito ai sensi dell'articolo 84 del TUIR. L’efficacia della misura è subordinata all’autorizzazione della Commissione europea."
116,Credito d'imposta investimenti pubblicitari incrementali sulla stampa quotidiana e periodica e sulle emittenti televisive e radiofoniche locali (nel rispetto del de minimis) utilizzabile esclusivamente in compensazione
117,"Trattamento tributario delle operazioni poste in essere nell’ambito della liquidazione coatta amministrativa di Banca Popolare di Vicenza S.p.A. e di Veneto Banca S.p.A. La disposizione consente l'tilizzo da parte del cessionario, dei crediti d’imposta generati dalla trasformazione delle imposte differite attive (DTA), ai sensi dell’articolo 2, commi 55-56-ter, del DL n. 225/2010. Inoltre, viene assicurato al cedente e al cessionario la neutralità fiscale dell’operazione prevedendo, altresì, la continuità fiscale per quei componenti negativi o positivi di reddito la cui deducibilità/tassazione è sospesa in virtù dell’applicazione di norme fiscali nonché il trasferimento al cessionario dei diritti relativi all’utilizzo delle perdite. Viene prevista, infine, l’irrilevanza fiscale dei finanziamenti dello Stato."
118,"Credito d'imposta per le spese di formazione nel settore delle tecnologie 4.0, riconosciuto nel rispetto del Reg. UE 651/2014 (art. 31) utilizzabile esclusivamente in compensazione, attuato con decreto del MISE di concerto MEF e MLPS"
119,"Credito d'imposta per le spese di consulenza relative alla quotazione delle PMI, concesso nel rispetto del Reg. UE 651/2014 (art. 18) utilizzabile esclusivamente in compensazione, attuato con decreto del MISE di concerto MEF"
120,"Ai fini delle imposte dirette, all’attività enoturistica si applicano le medesime disposizioni dell’agriturismo di cui all’art. 5, comma 1, della legge n. 413/1991 sull’agriturismo. Quindi, per quanto concerne le imposte dirette, i soggetti - diversi da società di capitali ed enti commerciali (art. 73 co. 1, lett. a) e b) del Tuir) - determinano il reddito imponibile applicando all'ammontare dei ricavi conseguiti con l'esercizio di tale attività, al netto dell’Iva, il coefficiente di redditività del 25%."
121,"Riduzione di accisa sul gasolio impiegato come carburante per l'autotrasporto merci ed altre categorie di trasporto passeggeri. (L'agevolazione deve intendersi come prosecuzione dell'art. 6, c. 2, D. Lgs 26/2007). Con la modifica apportata all'articolo 24-ter dalla predetta Legge di Bilancio 2020 sono esclusi dal predetto beneficio, con decorrenza 1° ottobre 2020, anche i veicoli appartententi alla categoria euro 3 e, a decorrere dal 1° gennaio 2021, anche i veicoli di categoria euro 4."
122,"Riduzione del 40 per cento dell’aliquota di accisa sulla birra prodotta nei birrifici di cui all’articolo 2, comma 4- bis, della legge 16 agosto 1962, n. 1354, aventi una produzione annua non superiore a 10'000 ettolitri."
123,"Riduzione al 30% dell'aliquota di accisa sui prodotti energetici diversi dal gas naturale impiegati per la produzione di forza motrice con motori fissi, utilizzati all'interno di delimitati stabilimenti industriali, agricolo- industriali, laboratori, cantieri di ricerche di idrocarburi e di forze endogene e cantieri di costruzione e azionamento di macchine impiegate nei porti, non ammesse alla circolazione su strada, destinate alla movimentazione di merci per operazioni di trasbordo Riduzione al 30% dell'aliquota di accisa sui prodotti energetici diversi dal gas naturale impiegati per la produzione di forza motrice con motori fissi, utilizzati all'interno di delimitati stabilimenti industriali, agricolo- industriali, laboratori, cantieri di ricerche di idrocarburi e di forze endogene e cantieri di costruzione e azionamento di macchine impiegate nei porti, non ammesse alla circolazione su strada, destinate alla movimentazione di merci per operazioni di trasbordo"
124,"Rivalutazione beni d'impresa. Le società di capitali e enti commerciali che non adoperano gli IAS, possono rivalutare: - i beni d’impresa; - le partecipazioni immobilizzate, ad esclusione degli immobili costituenti magazzino, risultanti dal bilancio dell’esercizio in corso al 31/12/2017. La rivalutazione deve essere eseguita nel bilancio o rendiconto dell’esercizio successivo a quello in corso alla data del 31 dicembre 2017 per il quale il termine di approvazione scada successivamente al 1° gennaio 2018. La rivalutazione deve riguardare tutti i beni appartenenti alla stessa categoria omogenea e deve essere annotata nel relativo inventario e nella nota integrativa. La riserva da rivalutazione può essere affrancata con il pagamento di una imposta sostitutiva delle imposte sui redditi e Irap pari al 10%. La rivalutazione si considera riconosciuta ai fini delle imposte sui redditi e dell’Irap a decorrere dal 3° esercizio successivo a quello con riferimento al quale la rivalutazione è stata eseguita, mediante il versamento di un’imposta sostitutiva: del 16% per i beni ammortizzabili; del 12 % per i beni non ammortizzabili."
125,I maggiori o i minori valori derivanti dall'attuazione di specifiche previsioni contrattuali che determinano svalutazioni del valore nominale di strumenti finanziari con determinate caratteristiche ovvero la loro conversione in azioni non concorrono alla formazione del reddito dei soggetti emittenti (AT1)
126,"Le operazioni di aggregazione tra imprese sono agevolate: in particolare per fusioni e scissioni è previsto il riconoscimento fiscale gratuito del disavanzo da concambio, per i conferimenti di azienda è previsto il riconoscimento fiscale gratuito del maggior valore iscritto dalla conferitaria."
127,"Riduzione di aliquota al 5%, tabella A, parte II-bis, punto 1-quinquies), prodotti per la protezione dell'igiene femminile compostabili secondo la norma UNI EN 13432:2002 o lavabili; coppette mestruali"
128,"Riduzione di aliquota al 4%, Tabella A, parte II, punto 31), autoveicoli di cui all'art. 54, comma 1, lettere a), c) ed f) dello stesso decreto, di cilindrata fino a 2.000 centimetri cubici se con motore a benzina o ibrido, a 2.800 centimetri cubici se con motore diesel o ibrido e di potenza non superiore a 150 kW se con motore elettrico."
129,Credito d'imposta per investimenti in beni strumentali nuovi. Il credito d’imposta previsto in relazione agli investimenti in beni diversi da quelli elencati negli allegati A (beni materiali funzionali alla trasformazione tecnologica e digitale delle imprese secondo il modello “Industria 4.0”) e B (beni immateriali connessi a investimenti in beni materiali “Industria 4.0”) alla legge n. 232 del 2016 spetta anche agli esercenti arti e professioni.
130,"Credito d'imposta per botteghe e negozi pari al 60% dell'ammontare del canone di locazione, relativo al mese di marzo, per immobili C/1. Ai sensi dell'articolo 122 del DL n. 34/2020 i soggetti beneficiari dei crediti d’imposta derivanti da tale disposizione- introdotta per fronteggiare l’emergenza da coronavirus - fino al 31 dicembre 2021, in via sperimentale, hanno la possibilità di optare, in luogo dell’utilizzo diretto, per la cessione, anche parziale, degli stessi a soggetti terzi, compresi istituti di credito e altri intermediari finanziari. I cessionari potranno utilizzare il credito anche in compensazione; la quota non fruita nell’anno non è sfruttabile negli anni successivi e non può essere richiesta a rimborso. La cessione può essere effettuata anche nei confronti del locatore o concedente, a fronte di uno sconto di pari ammontare sul canone da versare."
131,"Nell'ambito del rafforzamento patrimoniale delle imprese di medie dimensioni, i commi 4-7 prevedono un Credito d'imposta per gli aumenti di capitale sociale pari al 20%, da calcolare su un investimento massimo di € 2 milioni. La misura cumulabile con quella di cui ai commi 8 e 9 è subordinata all'autorizzazione ai sensi dell'articolo 108, comma 3 del TFUE. Nell'ambito del rafforzamento patrimoniale delle imprese di medie dimensioni, i commi 4-7 prevedono un Credito d'imposta per gli aumenti di capitale sociale pari al 20%, da calcolare su un investimento massimo di € 2 milioni. La misura cumulabile con quella di cui ai commi 8 e 9 è subordinata all'autorizzazione ai sensi dell'articolo 108, comma 3 del TFUE."
132,"Nell'ambito del rafforzamento patrimoniale delle imprese di medie dimensioni, i commi 8 e 9 prevedono un Credito d'imposta commisurato alle perdite della società pari al 50%. Possono accedere al credito d'imposta su perdite registrate nel 2020 di cui al comma 8 (e al Fondo Patrimonio PMI di cui al comma 12) anche le società in concordato preventivo con continuità aziendale, nel caso in cui l'omologa sia già emessa e che si trovino in situazione di regolarità contributiva e fiscale all'interno di piani di rientro e rateizzazione già esistenti alla data di entrata in vigore del decreto-legge in esame. La misura cumulabile con quella di cui ai commi 4-7 è subordinata all'autorizzazione ai sensi dell'articolo 108, comma 3 del TFUE."
133,"Credito d’imposta pari al 60% del canone di locazione versato per i mesi di marzo, aprile e maggio 2020, relativo ad immobili non abitativi destinati all’esercizio dell’attività d’impresa, anche agricola e, di lavoro autonomo. Il credito d’imposta, inoltre, spetta nella misura del 30% dei relativi canoni in caso di contratti di servizi a prestazioni complesse o di affitto d’azienda. Il credito d’imposta spetta anche alle imprese esercenti attività di commercio al dettaglio con ricavi o compensi superiori a 5 milioni di euro, nel periodo d'imposta precedente a quello in corso alla data di entrata in vigore del decreto-legge in esame rispettivamente nella misura del 20% (rispetto al 60%) e del 10% (rispetto al 30%). Il credito d'imposta può essere ceduto al locatore, in luogo del pagamento della corrispondente parte del canone, purché il locatore vi abbia previamente acconsentito. Ai sensi dell'articolo 122 del DL n. 34/2020 i soggetti beneficiari dei crediti d’imposta derivanti da tale disposizione, fino al 31 dicembre 2021, in via sperimentale, hanno la possibilità di optare, in luogo dell’utilizzo diretto, per la cessione, anche parziale, degli stessi a soggetti terzi, compresi istituti di credito e altri intermediari finanziari. I cessionari potranno utilizzare il credito anche in compensazione; la quota non fruita nell’anno non è sfruttabile negli anni successivi e non può essere richiesta a rimborso. La cessione può essere effettuata anche nei confronti del locatore o concedente, a fronte di uno sconto di pari ammontare sul canone da versare."
134,"Credito d’imposta per l’acquisto della carta dei giornali pari all'8% delle spese sostenute nel 2019. Si applicano le disposizioni contenute nell’articolo 4, commi 182-186, legge n. 350 del 2003, e nel relativo regolamento (Dpcm n. 318 del 2004). Il bonus non è cumulabile con il contributo diretto alle imprese editrici di quotidiani e periodici (articolo 2, commi 1 e 2, della legge n. 198 del 2016, e del decreto legislativo n. 70 del 2017)."
135,"Credito d'imposta del 30% in favore delle imprese editrici di quotidiani e di periodici con almeno un dipendente a tempo indeterminato, che acquisiscono servizi di server, hosting e banda larga per le testate edite in formato digitale e per information technology di gestione della connettività con riferimento alle spese sostenute nel 2020 in tale ambito (de minimis)."
136,"Relativamente al regime di forfettizzazione delle rese dei giornali, la disposizione prevede che, limitatamente all’ anno 2020, per il commercio di giornali quotidiani e di periodici e dei relativi supporti integrativi, l’imposta sul valore aggiunto di cui all’ articolo 74, comma 1, lettera c), del decreto del Presidente della Repubblica 26 ottobre 1972, n. 633, può applicarsi, in deroga alla suddetta disposizione, in relazione al numero delle copie consegnate o spedite, diminuito a titolo di forfetizzazione della resa del 95 per cento per i giornali quotidiani e periodici, esclusi quelli pornografici e quelli ceduti unitamente a beni diversi dai supporti integrativi."
137,"In materia di cartolarizzazione di crediti deteriorati da parte di banche e intermediari finanziari applicazione delle imposte di registro, ipotecaria e catastale in misura fissa (in luogo della misura proporzionale) agli atti di trasferimento o di garanzia sui beni immobili acquistati dalle società veicolo. Il beneficio fiscale si applica a condizione che la società veicolo acquirente dichiari, nel relativo atto, che intende trasferirli entro cinque anni dalla data di acquisto a soggetti che svolgono attività d’impresa. In materia di cartolarizzazione di crediti deteriorati da parte di banche e intermediari finanziari applicazione delle imposte di registro, ipotecaria e catastale in misura fissa (in luogo della misura proporzionale) agli atti di trasferimento o di garanzia sui beni immobili acquistati dalle società veicolo. Il beneficio fiscale si applica a condizione che la società veicolo acquirente dichiari, nel relativo atto, che intende trasferirli entro cinque anni dalla data di acquisto a soggetti che svolgono attività d’impresa."
138,"La disposizione consente alle imprese: a) la rivalutazione dei beni d’impresa e delle partecipazioni, b) il riallineamento dei valori fiscali dei beni a quelli di bilancio. La rivalutazione va effettuata nel bilancio 2019 e deve riguardare tutti i beni risultanti dal bilancio al 31 dicembre 2018 appartenenti alla stessa categoria omogenea. Il maggior valore dei beni è riconosciuto ai fini fiscali a partire dal 3° esercizio successivo a quello della rivalutazione (in generale, dal 2022) tramite il versamento di un’imposta sostitutiva determinata nelle seguenti misure: - 12% per i beni ammortizzabili; - 10% per i beni non ammortizzabili. Limitatamente agli immobili, il maggior valore è riconosciuto ai fini fiscali dal periodo d’imposta in corso all’1 dicembre 2021. È possibile l’affrancamento, anche parziale, della riserva di rivalutazione mediante il pagamento di un’imposta sostitutiva ai fini IRES/IRAP in misura pari al 10%. L'articolo 12-ter del DL 23 del 2020 ha previsto che la rivalutazione dei beni d'impresa può essere effettuata nel bilancio dell'esercizio successivo a quello in corso al 31/12/19, al 31/12/20 o al 31/12/21. I maggiori valori iscritti in bilancio per i beni immobili si considerano riconosciuti, rispettivamente, con effetto dal periodo di imposta in corso alla data del 1/12/22 del 1/12/23 o del 1/12/24."
139,"Società di capitali ed enti commerciali di cui all'art. 73, co. 1, lett. a) e b), del Tuir che operano nei settori alberghiero e termale possono, rivalutare i beni di impresa e le partecipazioni, ad esclusione degli immobili alla cui produzione o al cui scambio è diretta l'attività di impresa, risultanti dal bilancio dell'esercizio in corso al 31/12/19, sul modello della rivalutazione disciplinata dall’art. 1, commi da 696 a 704, della legge n. 160 del 2019 (legge di bilancio 2020). La rivalutazione deve essere eseguita in uno o entrambi i bilanci o rendiconti relativi ai 2 esercizi successivi a quello in corso al 31/12/19 (2020 e 2021). Sui maggiori valori dei beni e delle partecipazioni iscritti in bilancio non è dovuta alcuna imposta sostitutiva o altra imposta. Il maggior valore attribuito ai beni e alle partecipazioni si considera riconosciuto, ai fini Ires e Irap, a decorrere dall'esercizio nel cui bilancio la rivalutazione è eseguita."
140,"Estromissione agevolata immobili strumentali dell'imprenditore individuale: entro il 31 maggio 2020 gli imprenditori individuali potranno estromettere in regime agevolato tutti gli immobili strumentali posseduti al 31 ottobre 2019, pagando un'imposta sostitutiva dell’Irpef e dell’Irap dell'8%."
141,"È introdotto un regime di determinazione forfetario del reddito d’impresa degli imprenditori florovivaistici derivante dall’attività di commercializzazione di piante vive e prodotti della floricoltura acquistate da altri imprenditori agricoli florovivaistici, nei limiti del 10% del loro volume di affari. Il reddito si determina applicando all’ammontare dei corrispettivi il coefficiente di redditività del 5 per cento"
142,"All’attività oleoturistica, ai fini delle imposte dirette, si applicano le disposizioni sull’agriturismo di cui all’articolo 5, comma 1, della legge n. 413/1991, che prevedono la determinazione del reddito imponibile in base all’applicazione del coefficiente di redditività del 25% all’ammontare dei ricavi conseguiti nell’esercizio di tale attività, al netto dell’Iva."
143,"Credito d’imposta, pari al 30% del valore delle rimanenze finali di magazzino che eccede la media del medesimo valore registrato nei tre periodi d’imposta precedenti a quello in corso al 10 marzo 2020, riconosciuto ai soggetti esercenti attività d’impresa che operano nell'industria del tessile e della moda, del calzaturiero e della pelletteria (TMA), nel rispetto dei limiti e delle condizioni previsti dal quadro normativo dell’Unione Europea sugli aiuti di Stato."
144,Carburanti per i trasporti ferroviari di passeggeri e merci - applicazione di un'aliquota pari al 30% di quella normale
145,Riduzione dell'accisa sui carburanti per le prove sperimentali e collaudo di motori di aviazione e marina
146,Riduzione dell'accisa sui carburanti per i Taxi Riduzione dell'accisa sui carburanti per i Taxi
147,Regime speciale monofase per i documenti di viaggio per il trasporto pubblico urbano
148,Trasporti internazionali di persone. Non imponibilità con diritto alla detrazione a monte
149,Esenzione delle prestazioni di trasporto urbano di persone effettuate mediante taxi. Esenzione con pro rata di detraibilità a monte
150,Credito d'imposta per la partecipazione di PMI a fiere internazionali (nel de minimis). Per l'anno 2020 il credito d'imposta spetta anche per le spese sostenute dalle imprese per la partecipazione a fiere e manifestazioni commerciali all'estero che siano state disdette in ragione dell'emergenza legata alla situazione epidemiologica da COVID-19
151,"Deduzione forfetaria del 25% per i redditi derivanti dalla utilizzazione economica, da parte dell'autore o inventore, di opere dell'ingegno, di brevetti industriali e di processi, formule o informazioni relativi ad esperienze acquisite in campo industriale, commerciale o scientifico, se non sono conseguiti nell'esercizio di imprese commerciali. La deduzione è elevata al 40% se il percettore non ha superato i 35 anni di età"
152,"Integrale deducibilità dei fondi trasferiti per il finanziamento della ricerca, a titolo di contributo o liberalità"
153,"Patent Box. Tassazione agevolata per i redditi derivanti dall’utilizzo di: software protetto da copyright; brevetti industriali; disegni e modelli; processi, formule e informazioni relativi ad esperienze acquisite nel campo industriale, commerciale o scientifico giuridicamente tutelabili. Il regime è valevole per 5 esercizi sociali in base a opzione irrevocabile. Esclusione dal reddito del 50% (a regime) dei redditi derivanti dall'utilizzo di alcuni beni immateriali. DL 50/2017 Esclusione dei marchi d’impresa dal gruppo dai beni agevolabili con la cd. Patent box. Sono, invece, agevolabili anche i redditi derivanti dall’utilizzo congiunto di beni immateriali, legati da vincoli di complementarietà, ai fini della realizzazione di un prodotto o di una famiglia di prodotti o di un processo o di un gruppo di processi. Le nuove disposizioni si applicano a partire dal 3° periodo d’imposta successivo a quello in corso al 31/12/14 (in linea generale dal 2017). Conserva i benefici patent box secondo la disciplina originaria (dunque anche per i marchi) - per tutto il quinquennio di validità delle stesse e, comunque, non oltre il 30/6/21 - chi ha esercitato l’opzione per i primi 2 periodi d'imposta di applicazione dell’agevolazione (2015 e 2016). A decorrere dal 2019 è prevista la possibilità di optare per l'autodeterminazione del reddito agevolabile da ripartire in tre quote annuali di pari importo."
154,"Credito d'imposta per investimenti in ricerca e sviluppo, innovazione tecnologica e altre attività innovative per la competitività delle imprese"
155,"Contributo, nella forma di credito d'imposta ai policlinici universitari non costituiti in azienda, nell'ambito delle attività istituzionali esercitate non in regime d'impresa, per gli anni dal 2020 al 2023, finalizzato a promuovere le attività di ricerca scientifica e a favorire la stabilizzazione di figure professionali nell'ambito clinico e della ricerca, attraverso l'instaurazione di rapporti di lavoro a tempo indeterminato presso le strutture sanitarie che svolgono attività di ricerca e didattiche. Il contributo, pari a 5 milioni di euro per il 2020 e di 10 milioni di euro per ciascuno degli anni dal 2021 al 2023, è subordinato alla condizione che tali enti si avvalgano di personale assunto a tempo indeterminato in misura non inferiore all'85% del personale in servizio."
156,"Credito d’imposta per gli investimenti in attività di ricerca e sviluppo (di cui all’articolo 1, comma 200, della legge n. 160 del 2019), inclusi i progetti di ricerca e sviluppo in materia di Covid-19, per le imprese operanti nel Mezzogiorno (Abruzzo, Basilicata, Calabria, Campania, Molise, Puglia, Sardegna e Sicilia), e nelle regioni Lazio, Marche e Umbria, colpite dagli eventi sismici del 24 agosto, del 26 e del 30 ottobre 2016 e del 18 gennaio 2017, maggiorato (dal 12) al 25% per le grandi imprese, al 35% per le medie imprese e al 45% per le piccole imprese. La misura si applica nel rispetto dei limiti e delle condizioni di cui al regolamento (UE) n. 651/2014, e in particolare dell’articolo 25."
157,Deducibilità delle erogazioni liberali in denaro a favore di organismi di gestione di parchi e riserve naturali e zone di speciale tutela paesistico-ambientale Deducibilità delle erogazioni liberali in denaro a favore di organismi di gestione di parchi e riserve naturali e zone di speciale tutela paesistico-ambientale
158,Imposta di registro e ipotecaria in misura fissa ed esenzione da imposta catastale per atti di trasferimento di terreni in zone montane
159,Accesso gratuito alle conservatorie dei registri immobiliari da parte dei Consorzi di bonifica e irrigazione e rilascio gratuito dei relativi certificati
160,"Detraibilità delle spese sostenute per l'acquisto di abbonamenti ai servizi di trasporto pubblico locale, regionale e interregionale per un importo non superiore a 250 euro, anche se sostenute per i familiari a carico."
161,Credito d'imposta riciclaggio plastiche miste
162,Credito d'imposta per erogazioni liberali per bonifica ambientale e prevenzione e risanamento del dissesto idrogeologico e sistemazione di parchi e aree verdi
163,Credito d'imposta incentivi acquisto veicoli elettrici
164,Credito d'imposta incentivi rottamazione acquisto veicoli a due ruote non inquinanti
165,Disposizioni in materia di rifiuti e di imballaggi
166,Agevolazioni fiscali sui prodotti da riciclo e riuso
167,"Esclusione dal pagamento dell’imposta di consumo sui manufatti con singolo impiego (MACSI) istituita dall'articolo 1, comma 634, della Legge 27 dicembre 2019 , n. 160 (Legge di Bilancio 2020). L'efficacia delle disposizioni recanti la disciplina dell'imposta in argomento entrano in vigore il 1° gennaio 2021"
168,"Credito d'imposta in favore delle imprese attive nel settore delle materie plastiche per l'adeguamento tecnologico e la formazione (de minimis). Rinvia a un decreto del Ministro dell'ambiente e della tutela del territorio e del mare, da emanare di concerto con il Ministro dell'economia e delle finanze e con il Ministro dello sviluppo economico l'individuazione delle disposizioni applicative."
169,"Credito d'imposta pari al 50% dei costi di costituzione o trasformazione in società benefit, sostenuti fino al 31 dicembre 2020, nel rispetto della disciplina europea sugli aiuti di Stato “de minimis”."
170,Credito d'imposta incentivi acquisto veicoli elettrici (M1). Il contributo è cumulabile con l'ecobonus del comma 1031 della Legge n. 145/2018.
171,Deduzione della rendita catastale dell'unità immobiliare adibita ad abitazione principale e delle relative pertinenze rapportata al periodo dell'anno durante il quale sussiste tale destinazione ed in proporzione alla quota di possesso
172,"Detrazione, nella misura del 36%, delle spese per interventi di recupero del patrimonio edilizio e di riqualificazione energetica degli edifici"
173,Determinazione del reddito delle unità immobiliari locate: riduzione forfetaria del canone di locazione
174,Detrazione per interessi passivi e oneri accessori relativi a mutui ipotecari per l'acquisto o la costruzione dell'abitazione principale
175,Detrazione per interessi passivi e oneri accessori relativi a mutui ipotecari per l'acquisto di immobili da adibire ad abitazione diversa da quella principale spettante per mutui contratti entro il 31/12/1992
176,Detrazione per interessi passivi relativi a mutui contratti nel 1997 per interventi di recupero del patrimonio edilizio Detrazione per interessi passivi relativi a mutui contratti nel 1997 per interventi di recupero del patrimonio edilizio
177,Detrazione su compensi pagati agli intermediari per l'acquisto dell'abitazione principale per un importo non superiore ad euro 1.000 per ciascuna annualità
178,Detrazione per canoni di locazione di unità immobiliari adibite ad abitazione principale
179,"Ulteriore riduzione del 30% del reddito imponibile che deriva al proprietario dai contratti stipulati o rinnovati ai sensi del comma 3 dell'art. 2 (contratti a canone concordato), ai sensi del comma 2 dell'articolo 5 (contratti di natura transitoria a studenti universitari) nonchè del comma 3 dell'art. 1 (contratti di locazione stipulati dagli enti locali in qualità di conduttori per soddisfare esigenze abitative di carattere transitorio)."
180,"Detrazione per spese di manutenzione, protezione e restauro delle caose vincolate sai sensi della legge n. 1089 del 1939 e del D.P.R. n. 1409 del 1963"
181,"Deduzione di canoni, livelli, censi, ed altri oneri gravanti sui redditi degli immobili che concorrono a formare il reddito complessivo, compresi i contributi ai consorzi obbligatori per legge o in dipendenza di provvedimenti della pubblica amministrazione"
182,"Applicazione di un'imposta sostitutiva delle imposte sui redditi, nella misura del 26%, sulle plusvalenze realizzate a seguito di cessioni a titolo oneroso di beni immobili acquistati o costruiti da non più di cinque anni"
183,"Non sono produttive di redditi di fabbricati le costruzioni o porzioni di costruzioni rurali, e relative pertinenze, appartenenti al possessore o all'affittuario dei terreni e destinate a specifici utilizzi"
184,"Detrazione, nella misura del 50%, per gli interventi di recupero del patrimonio edilizio esistente (manutenzione ordinaria su parti comuni di edifici residenziali, manutenzione strordinaria, restauro, risanamento conservativo ristrutturazione edilizia ed altri interventi previsti dall'art. 1 della L. n. 449 del 1997 o per l'acquisto di fabbricati a uso abitativo ristrutturati. Per l'installazione di impianti solari fotovoltaici nonché per l'installazione contestuale o successiva di sistemi di accumulo integrati negli impianti solari fotovoltaici agevolati spetta, per le spese sostenute dal 1° luglio 2020 al 31 dicembre 2021 e nei limiti indicati ai commi 5 e 6 dell'art. 119 del D.L. n. 34 del 2020, una detrazione nella misura del 110 per cento qualora tali interventi vengano effettuati congiuntamente a uno degli interventi previsti dai commi 1 e 4 dell'art. 119 del D.L. n. 34 del 2020. Ai sensi di quanto previsto dall'art. 121 del D.L. n. 34 del 2020, per gli anni 2020 e 2021 i soggetti che sostengono le spese per tali ultimi interventi, nonché per quelli indicati all'art. 16-bis, lettere a) e b) del TUIR, possono optare, in luogo della detrazione, alternativamente per uno sconto sul corrispettivo dovuto oppure per la trasformazione della detrazione in credito d'imposta cedibile."
185,"All’installazione degli impianti fino a 200 kW appartenenti a comunità energetiche rinnovabili costituite in forma di enti non commerciali o da parte di condomìni che aderiscono alle configurazioni di cui all’articolo 42-bis del decreto-legge 30 dicembre 2019, n. 162 si applicano le disposizioni di cui al comma 5 dell'articolo 119 del D.L. n. 34 del 2020. L’aliquota di cui al medesimo comma 5 si applica alla quota di spesa corrispondente alla potenza massima di 20 kW e per la quota di spesa corrispondente alla potenza eccedente 20 kW spetta la detrazione stabilita dall’articolo 16-bis, comma 1, lettera h), del TUIR nel limite massimo di spesa complessivo di euro 96.000 riferito all’intero impianto."
186,"Detrazione del 50% per interventi di cui all'articolo 16-bis, comma 1, lettera i), del TUIR realizzati su edifici ricadenti nelle zone sismiche 1, 2 e 3 di cui all'ordinanza del Presidente del Consiglio dei Ministri n. 3274 del 20 marzo 2003, riferiti a costruzioni adibite ad abitazione o ad attività produttive. La detrazione spetta in maggior misura in relazione a specifici interventi nonché in relazione agli interventi realizzati su parti comuni di edifici condominiali. La detrazione spetta anche con riferimento alle spese effettuate per la classificazione e la verifica sismica degli immobili. Nel caso di interventi che realizzano una riduzione del rischio sismico l'agevolazione di cui al comma 1-septies dell'articolo 16 si applica anche ai fabbricati ricadenti nelle zone a rischio sismico 2 e 3. Per le spese sostenute dal 1° luglio 2020 al 31 dicembre 2021 l'aliquota delle detrazioni spettanti e' elevata al 110 per cento. Ai sensi di quanto previsto dall'art. 121 del D.L. n. 34 del 2020, per gli anni 2020 e 2021 i soggetti che sostengono le spese per tali interventi possono optare, in luogo della detrazione, alternativamente per uno sconto sul corrispettivo dovuto oppure per la trasformazione della detrazione in credito d'imposta cedibile."
187,"Per la realizzazione di sistemi di monitoraggio strutturale continuo a fini antisismici spetta la medesima detrazione di cui al comma 4, art. 119 del D.L. n. 34 del 2020, a condizione che i lavori siano eseguiti congiuntamente a uno degli interventi di cui ai commi da 1-bis a 1-septies dell’articolo 16 del decreto-legge 4 giugno 2013, n. 63, convertito, con modificazioni, dalla legge 3 agosto 2013, n. 90, nel rispetto dei limiti di spesa previsti dalla legislazione vigente per i medesimi interventi. Per la realizzazione di sistemi di monitoraggio strutturale continuo a fini antisismici spetta la medesima detrazione di cui al comma 4, art. 119 del D.L. n. 34 del 2020, a condizione che i lavori siano eseguiti congiuntamente a uno degli interventi di cui ai commi da 1-bis a 1-septies dell’articolo 16 del decreto-legge 4 giugno 2013, n. 63, convertito, con modificazioni, dalla legge 3 agosto 2013, n. 90, nel rispetto dei limiti di spesa previsti dalla legislazione vigente per i medesimi interventi."
188,"Detrazione, nella misura del 50 %, per l'acquisto di mobili e grandi elettrodomestici di classe non inferiore alla A+, nonché A per i forni, per le apparecchiature per le quali sia prevista l'etichetta energetica finalizzati all'arredo dell'immobile oggetto di ristrutturazione di cui al comma 1 dell'articolo 16 del D.L. 63/2013"
189,"Detrazione, nella misura del 50% delle spese sostenute e su un ammontare complessivo non superiore a 3.000 euro, per l'acquisto e la posa in opera di infrastrutture di ricarica dei veicoli alimentati ad energia elettrica, inclusi i costi iniziali per la richiesta di potenza addizionale fino ad un massimo di 7 kW. La detrazione spetta nella misura del 110 per cento, da ripartire tra gli aventi diritto in cinque quote annuali di pari importo, sempreche' l'installazione sia eseguita congiuntamente ad uno degli interventi di cui al comma 1 dell'articolo 119 del D.L. n. 34 del 2020. Ai sensi di quanto previsto dall'art. 121 del D.L. n. 34 del 2020, per gli anni 2020 e 2021 i soggetti che sostengono le spese per tali interventi possono optare, in luogo della detrazione, alternativamente per uno sconto sul corrispettivo dovuto oppure per la trasformazione della detrazione in credito d'imposta cedibile."
190,"Credito d'imposta, nel limite massimo complessivo di 1,5 milioni di euro per ciascuno degli anni 2020 e 2021, per le spese documentate relative all’acquisizione e predisposizione dei sistemi di monitoraggio strutturale continuo."
191,"Detrazione, nella misura del 90%, delle spese documentate relative agli interventi, ivi inclusi quelli di sola pulitura o tinteggiatura esterna, finalizzati al recupero o restauro della facciata esterna degli edifici esistenti ubicati in zona A e B. Sono agevolabili esclusivamente gli interventi sulle strutture opache della facciata, su balconi o su ornamenti e fregi (bonus facciate). Ai sensi di quanto previsto dall'art. 121 del D.L. n. 34 del 2020, per gli anni 2020 e 2021 i soggetti che sostengono le spese per tali interventi possono optare, in luogo della detrazione, alternativamente per uno sconto sul corrispettivo dovuto oppure per la trasformazione della detrazione in credito d'imposta cedibile."
192,"Detrazione, nella misura del 55% e 65%, delle spese sostenute dal 6 giugno 2013 per vari interventi di riqualificazione energetica degli edifici esistenti di qualsiasi categoria catastale, anche rurale, posseduti o detenuti. La medesima detrazione si applica anche alle spese per l'acquisto, l'installazione e la messa in opera di dispositivi multimediali per il controllo a distanza degli impianti di riscaldamento, produzione di acqua calda o di climatizzazione delle unità abitative (""ecobonus""). Per le spese sostenute dal 1° luglio 2020 e fino al 31 dicembre 2021 per specifici interventi indicati ai commi 1 e 2 del D.L. n. 34 del 2020 la detrazione di cui all'articolo 14 del D.L., n. 63 del 2013 si applica nella misura del 110 per cento. Ai sensi di quanto previsto dall'art. 121 del D.L. n. 34 del 2020, per gli anni 2020 e 2021 i soggetti che sostengono le spese per tali interventi possono optare, in luogo della detrazione, alternativamente per uno sconto sul corrispettivo dovuto oppure per la trasformazione della detrazione in credito d'imposta cedibile."
193,"Detrazione per interventi di riqualificazione energetica sulle parti comuni condominiali. Per le spese sostenute dal 1° luglio 2020 e fino al 31 dicembre 2021 per specifici interventi indicati ai commi 1 e 2 del D.L. n. 34 del 2020 la detrazione di cui all'articolo 14 del D.L., n. 63 del 2013 si applica nella misura del 110 per cento. Ai sensi di quanto previsto dall'art. 121 del D.L. n. 34 del 2020, per gli anni 2020 e 2021 i soggetti che sostengono le spese per tali interventi possono optare, in luogo della detrazione, alternativamente per uno sconto sul corrispettivo dovuto oppure per la trasformazione della detrazione in credito d'imposta cedibile."
194,"Detrazione per interventi finalizzati congiuntamente alla riduzione del rischio sismico e alla riqualificazione energetica. Per le spese sostenute dal 1° luglio 2020 e fino al 31 dicembre 2021 per specifici interventi indicati ai commi 1 e 2 del D.L. n. 34 del 2020 la detrazione di cui all'articolo 14 del D.L., n. 63 del 2013 si applica nella misura del 110 per cento. Ai sensi di quanto previsto dall'art. 121 del D.L. n. 34 del 2020, per gli anni 2020 e 2021 i soggetti che sostengono le spese per tali interventi possono optare, in luogo della detrazione, alternativamente per uno sconto sul corrispettivo dovuto oppure per la trasformazione della detrazione in credito d'imposta cedibile."
195,"Cedolare secca. Applicazione di un'imposta sostitutiva dell'IRPEF e delle addizionali all'IRPEF nonché dell'imposta di registro e di bollo, con aliquota del 21% sui canoni derivanti dalla locazione di immobili a uso abitativo. L'aliquota è ridotta al 10% nell'ipotesi di locazione a canone concordato Cedolare secca. Applicazione di un'imposta sostitutiva dell'IRPEF e delle addizionali all'IRPEF nonché dell'imposta di registro e di bollo, con aliquota del 21% sui canoni derivanti dalla locazione di immobili a uso abitativo. L'aliquota è ridotta al 10% nell'ipotesi di locazione a canone concordato"
196,"L'aliquota della cedolare secca ridotta al 10% si applica ai contratti stipulati nei comuni per i quali sia stato deliberato, nei cinque anni precedenti la data di entrata in vigore della L. n.8 del 2020, lo stato di emergenza a seguito del verificarsi degli eventi calamitosi di cui all'art. 2, comma 1, lett. c), della L. n. 225 del 1992. Per l'anno 2020 l'agevolazione si applica esclusivamente ai contratti di locazione stipulati nei predetti comuni con popolazione fino a 10.000 abitanti."
197,"L'aliquota della cedolare secca ridotta al 10% si applica ai contratti stipulati nei comuni di cui all'art. 1, comma 1, del D.L. n. 189 del 2016 (comuni colpiti dagli eventi sismici del centro Italia) in cui sia stata individuata con ordinanza sindacale una ""zona rossa"""
198,"Applicazione, per i redditi derivanti dai contratti di locazione breve, dell'aliquota del 21 % in caso di opzione per l'imposta sostitutiva nella forma della cedolare secca."
199,"Opzione per il regime della cedolare secca di cui all' articolo 3 del D.Lgs n. 23 del 2011, con l'aliquota del 21 per cento, ai fini della tassazione del canone di locazione relativo ai contratti stipulati nell'anno 2019, aventi ad oggetto unità immobiliari classificate nella categoria catastale C/1, di superficie fino a 600 metri quadrati, escluse le pertinenze, e le relative pertinenze locate congiuntamente"
200,Esenzione dal pagamento dell’imposta sul valore degli immobili situati all'estero (IVIE) con riferimento al possesso dell'abitazione principale o della casa coniugale assegnata al coniuge.
201,"Aliquota ridotta dell’imposta sul valore degli immobili situati all'estero (IVIE) con riferimento al possesso dell'abitazione principale o della casa coniugale assegnata al coniuge, appartenente alla categoria degli immobili di lusso."
202,Misura per l'acquisto della prima casa: riduzione dell'aliquota dell'imposta di registro
203,Case popolari ed economiche . Contratti di assicurazione sulla vita umana a garanzia della casa
204,"Cooperative edilizie sovvenzionate dallo Stato .Assicurazioni contro i danni previsti dall'articolo 7, lettera a) della Tariffa allegato A"
205,"Applicazione delle imposte ipotecaria, catastale e imposta di registro in misura fissa in relazione a a) permute di immobili compresi in piani di recupero b) trasferimenti di immobili compresi in piani di recupero"
206,"Esenzione dall’ applicazione delle imposte ipotecarie e catastali, imposta di registro in misura fissa per atti di trasferimento della proprietà: a) delle aree comprese nei piani di edilizia residenziale pubblica b) delle aree comprese nei piani da destinare a insediamenti produttivi"
207,Applicazione imposta ipotecaria in misura fissa per gli acquisti della prima casa
208,Applicazione imposta catastale in misura fissa per gli acquisti della prima casa
209,Riduzione della base imponibile al 70 per cento del corrispettivo annuo per l'applicazione dell'imposta di registro sui contratti di locazione di immobili a canone concordato adibiti ad uso abitativo nei comuni ad alta densità abitativa
210,"Applicabilità delle disposizioni di cui agli artt. 15, 17 e 18 del D.P.R. n. 601 del 1973 per i mutui concessi da istituti ed enti previdenziali per l'acquisto di abitazioni"
211,"Detrazione per un importo pari al 36 per cento delle spese, fino ad un ammontare complessivo non superiore a 5.000 euro per unità immobiliare ad uso abitativo, per sistemazione a verde e per la realizzaizone di coperture a verde e di giardini pensili. La detrazione spetta anche per interventi effettuati sulle parti comuni esterne degli edifici condominiali. Detrazione per un importo pari al 36 per cento delle spese, fino ad un ammontare complessivo non superiore a 5.000 euro per unità immobiliare ad uso abitativo, per sistemazione a verde e per la realizzaizone di coperture a verde e di giardini pensili. La detrazione spetta anche per interventi effettuati sulle parti comuni esterne degli edifici condominiali."
212,"Detrazione per premi per assicurazioni aventi per oggetto il rischio di eventi calamitosi stipulate relativamente a unità immobiliari ad uso abitativo. La detrazione in oggetto spetta nella misura del 90 per cento nel caso di polizza che copre il rischio di eventi calamitosi stipulata contestualmente alla cessione del credito ad un'impresa di assicurazione, in conseguenza della realizzazione degli interventi di cui al primo periodo del comma 4 dell'art. 119 del D.L. n. 34 del 2020."
213,"Imposta di registro in misura ridotta su cessioni di contatti di locazione finanziaria aventi ad oggetto immobili a destinazione abitativa di categoria catastale diversa da A1, A8 e A9, effettuate nei confronti di banche e intermediari finanziari autorizzati all'esercizio dell'attività di leasing finanziario e a favore di utilizzatori aventi i requisiti ""prima casa""."
214,"Detrazione per spese sanitarie, spese mediche e di assistenza specifica diverse da quelle di cui all'art. 10, comma 1, lett. b), del Tuir, spese per prestazioni mediche specialistiche"
215,Detrazione per contributi associativi versati dai soci delle società di mutuo soccorso che operano esclusivamente nei settori di cui all'art.1 della L. n. 3818 del 1886
216,Deducibilità delle erogazioni liberali in denaro effettuate per la realizzazione di programmi di ricerca scientifica nel settore della sanità
217,"Detrazione per le donazioni effettuate da enti o privati all'ente ospedaliero ""Ospedale Galliera"" di Genova"
218,Riduzione dell'accisa sui carburanti per le autoambulanze -
219,"Aliquota IVA ridotta del 5% per le prestazioni socio-sanitarie, assistenziali ed educative rese dalle cooperative sociali e loro consorzi dal 1° gennaio"
220,Esenzione delle prestazioni sanitarie con pro rata di detraibilità a monte
221,Esenzione delle prestazioni di ricovero e cura rese da enti ospedalieri o da cliniche e case di cura convenzionate con pro rata di detraibilità a monte
222,"Esenzione delle cessioni di organi, sangue e latte umani e di plasma sanguigno"
223,"Esenzione delle prestazioni socio-sanitarie, di assistenza domiciliare o ambulatoriale, in comunita' e simili, in favore di persone disagiate rese da organismi di diritto pubblico e da ONLUS con pro rata di detraibilità a monte"
224,Deduzione delle spese mediche e di quelle di assistenza specifica necessarie nei casi di grave e permanente invalidità o menomazione
225,Deduzione dei contributi versati ai fondi integrativi del servizio sanitario nazionale istituiti o adeguati ai sensi del d.lgs 502 del 1992
226,"Esenzione da imposta di donazione, ipotecarie e catastali per le donazioni a favore degli istituti di ricovero e cura a carattere scientifico di immobili con specifica destinazione a finalità sanitarie"
227,"Esenzione dal pagamento dell’imposta di consumo sulle bevande edulcorate istituita dall'articolo 1, comma 661, della Legge 27 dicembre 2019 , n. 160 (Legge di Bilancio 2020). L'efficacia delle disposizioni recanti la disciplina dell'imposta in argomento entrano in vigore il 1° gennaio 2021"
228,Incentivi fiscali per erogazioni liberali in denaro e in natura a sostegno delle misure di contrasto dell'emergenza epidemiologica da COVID-19 Incentivi fiscali per erogazioni liberali in denaro e in natura a sostegno delle misure di contrasto dell'emergenza epidemiologica da COVID-19
229,"Cessione gratuita di farmaci ad uso compassionevole. Secondo quanto previsto dal decreto del Ministero della salute 7 settembre 2017, per contrastare l’emergenza epidemiologica da COVID‐19, è previsto che: - il valore normale dei farmaci ceduti non concorra alla formazione dei ricavi del soggetto cedente ai fini delle imposte dirette; - non operi la presunzione di cessione di cui all’art. 1 del DPR n. 441/1997 per le cessioni gratuite di farmaci."
230,"Credito d’imposta per l’adeguamento degli ambienti di lavoro per consentire la riapertura in sicurezza delle attività aperte al pubblico pari al 60% dei costi (fino a € 80.000) sostenuti nel 2020 per far rispettare le prescrizioni sanitarie e le misure di contenimento contro la diffusione del Covid-19, inclusi quelli edilizi per la realizzazione di spazi medici, ingressi e spazi comuni, il rifacimento di spogliatoi e mense, l’acquisto di arredi di sicurezza e le apparecchiature per il controllo della temperatura dei dipendenti. Il bonus, che è cumulabile con altre agevolazioni previste per le stesse spese, è utilizzabile nel 2021 esclusivamente in compensazione senza l’applicazione dei limiti (né speciale né generale). Ai sensi dell'articolo 122 del DL n. 34/2020 i soggetti beneficiari dei crediti d’imposta derivanti da tale disposizione- introdotta per fronteggiare l’emergenza da coronavirus - fino al 31 dicembre 2021, in via sperimentale, hanno la possibilità di optare, in luogo dell’utilizzo diretto, per la cessione, anche parziale, degli stessi a soggetti terzi, compresi istituti di credito e altri intermediari finanziari. I cessionari potranno utilizzare il credito anche in compensazione; la quota non fruita nell’anno non è sfruttabile negli anni successivi e non può essere richiesta a rimborso. La cessione può essere effettuata anche nei confronti del locatore o concedente, a fronte di uno sconto di pari ammontare sul canone da versare."
231,"Elenco di beni alle cui cessioni si applica l'esenzione dall'IVA con diritto a detrazione dell'IVA a monte - misura covid-19 fino al 31.12.2020 - Ventilatori polmonari per terapia intensiva e subintensiva; monitor multiparametrico anche da trasporto; pompe infusionali per farmaci e pompe peristaltiche per nutrizione enterale; tubi endotracheali; caschi per ventilazione a pressione positiva continua; maschere per la ventilazione non invasiva; sistemi di aspirazione; umidificatori; laringoscopi; strumentazione per accesso vascolare; aspiratore elettrico; centrale di monitoraggio per terapia intensiva; ecotomografo portatile; elettrocardiografo; tomografo computerizzato; mascherine chirurgiche; mascherine Ffp2 e Ffp3; articoli di abbigliamento protettivo per finalità sanitarie quali guanti in lattice, in vinile e in nitrile, visiere e occhiali protettivi, tute di protezione, calzari e soprascarpe, cuffie copricapo, camici impermeabili, camici chirurgici; termometri; detergenti disinfettanti per mani; dispenser a muro per disinfettanti; soluzione idroalcolica in litri; perossido al 3 per cento in litri; carrelli per emergenza; estrattori RNA; strumentazione per diagnostica per COVID-19; tamponi per analisi cliniche; provette sterili; attrezzature per la realizzazione di ospedali da campo. Alle cessioni di tali beni si applicherà, a partire dal 1° gennaio 2021, l’aliquota IVA ridotta al 5%."
232,"Credito d'imposta riconosciuto nella misura del 60% delle spese sostenute nel 2020, fino ad un limite massimo di 60 mila euro per ciascun beneficiario, per la sanificazione degli ambienti e degli strumenti utilizzati, per l’acquisto di dispositivi di protezione individuale atti a garantire la salute di lavoratori ed utenti. Ai sensi dell'articolo 122 del DL n. 34/2020 i soggetti beneficiari dei crediti d’imposta derivanti da tale disposizione- introdotta per fronteggiare l’emergenza da coronavirus - fino al 31 dicembre 2021, in via sperimentale, hanno la possibilità di optare, in luogo dell’utilizzo diretto, per la cessione, anche parziale, degli stessi a soggetti terzi, compresi istituti di credito e altri intermediari finanziari. I cessionari potranno utilizzare il credito anche in compensazione; la quota non fruita nell’anno non è sfruttabile negli anni successivi e non può essere richiesta a rimborso. La cessione può essere effettuata anche nei confronti del locatore o concedente, a fronte di uno sconto di pari ammontare sul canone da versare."
233,"Ai fini dell'imposta sul valore aggiunto, gli acquisti dei beni ceduti a titolo di erogazione liberale in natura ai sensi dei commi 1 e 2 del presente articolo si considerano effettuati nell'esercizio dell'impresa, arte o professione ai fini della detrazione di cui all'articolo 19 del decreto del Presidente della Repubblica 26 ottobre 1972, n. 633"
234,"Detrazione per erogazioni liberali in denaro e in natura a favore dello Stato, delle regioni, degli enti locali territoriali, di enti o istituzioni pubbliche, di comitati organizzatori, di fondazioni e associazioni legalmente riconosciute che, senza scopo di lucro, svolgono attività di studio, ricerca e documentazione di rilevante valore culturale e artistico, nonché per le erogazioni effettuate per l’organizzazione di mostre ed esposizioni di rilevante interesse scientifico-culturale. Detrazione per erogazioni liberali in denaro e in natura a favore dello Stato, delle regioni, degli enti locali territoriali, di enti o istituzioni pubbliche, di comitati organizzatori, di fondazioni e associazioni legalmente riconosciute che, senza scopo di lucro, svolgono attività di studio, ricerca e documentazione di rilevante valore culturale e artistico, nonché per le erogazioni effettuate per l’organizzazione di mostre ed esposizioni di rilevante interesse scientifico-culturale."
235,Credito di imposta nella misura del 65 per cento delle erogazioni liberali in denaro per interventi a favore della cultura e dello spettacolo ART-BONUS
236,"Detrazione per erogazioni liberali in denaro in favore di enti o istituzioni pubbliche, fondazioni e associazioni legalmente riconosciute che, senza scopo di lucro, svolgono esclusivamente attività nello spettacolo"
237,"Deduzione dal reddito d'impresa con limiti determinati per le singole fattispecie - tra cui: a) opere o servizi destinati ai dipendenti per finalità di educazione, istruzione, ricreazione, assistenza sociale e sanitaria o culto; b) erogazioni liberali in favore di persone giuridiche che perseguono le finalità di cui alla lettera a), ovvero di ricerca scientifica, nonché contributi, donazioni e obliazioni in favore delle O.N.G; c) erogazioni liberali in favore di persone giuridiche aventi sede nel mezzogiorno aventi esclusiva finalità di ricerca scientifica; d) erogazioni liberali a favore di concessionari privati per la radiodiffusione sonora a carattere comunitario; e) spese sostenute dai soggetti obbligati alla manutenzione, protezione e restauro delle cose vincolate."
238,"Deducibilità delle erogazioni liberali in denaro favore di enti o istituzioni pubbliche, associazioni e fondazioni riconosciute con finalità di studio, ricerca e documentazione di rilevante valore culturale e artistico, nonché per le erogazioni effettuate per l’organizzazione di mostre ed esposizioni di rilevante interesse scientifico-culturale."
239,"Deducibilità per un importo non superiore al 2% del reddito d'impresa delle erogazioni liberali in denaro a favore di enti o istituzioni pubbliche, associazioni e fondazioni che, senza scopo di lucro, svolgono attività nello spettacolo"
240,Deducibilità delle erogazioni liberali in denaro per la realizzazione di programmi culturali nei settori dei beni culturali e dello spettacolo
241,"Non concorrenza alla formazione del reddito complessivo dei redditi catastali degli immobili destinati ad usi culturali (totalmente adibiti a sedi aperte al pubblico di musei , biblioteche, archivi, cineteche )"
242,Detrazione e deducibilità delle erogazioni liberali in denaro in favore della Fonadazione La Biennale di Venezia
243,I proventi percepiti nell’esercizio di attività commerciali svolte in conformità agli scopi istituzionali sono esclusi dalle imposte sui redditi
244,Detrazione e deducibilità dal reddito d'impresa per le erogazioni liberali a favore degli enti operanti nel settore musicale nonché innalzamento al 30 per cento del limite del reddito complessivo ai fini della detraibilità e della deducibilità delle somme versate al patrimonio delle fondazioni musicali al momento della partecipazione.
245,Le quote versate dai soci e gli incassi derivanti dall’emissione dei titoli di accesso ai soci non concorrono a formare reddito imponibile
246,"Equiparazione ai soggetti esenti dall’Ires indicati dall’articolo 74, comma 1 del Tuir per le associazioni operanti nelle manifestazioni in ambito locale ma di particolare interesse storico, artistico e culturale"
247,"Non assoggettamento ad IVA delle operazioni di divulgazione pubblicitaria svolte a beneficio di enti e associazioni che perseguono finalita' educative, culturali, sportive, religiose e di assistenza e solidarieta' sociale, nonche' delle ONLUS"
248,Non assoggettamento ad IVA delle cessioni di diritti d'autore effettuate dagli autori o dai loro eredi
249,Esclusione dall'attivo ereditario di beni culturali
250,Tasse sulle concessioni governative ridotte al 25% ai concessionari privati per la radiodiffusione sonora a carattere comunitario
251,"Per i beni culturali di cui all'art. 13 del d.lgs. n. 346/1990, esclusione dall'asse ereditario a talune condizioni ai fini dell'imposta di successione: la norma citata fa ulteriore riferimento al d.lgs. n. 42/2004 (Codice dei beni culturali e del paesaggio) e alla legge n. 1089/1939 (Tutela delle cose di interesse artistico e storico). Per i beni culturali di cui all'art. 13 del d.lgs. n. 346/1990, esclusione dall'asse ereditario a talune condizioni ai fini dell'imposta di successione: la norma citata fa ulteriore riferimento al d.lgs. n. 42/2004 (Codice dei beni culturali e del paesaggio) e alla legge n. 1089/1939 (Tutela delle cose di interesse artistico e storico)."
252,Assicurazioni dei Beni di interesse storico e artistico
253,Credito d'imposta riconosciuto in favore delle imprese di produzione cinematografica e audiovisiva in relazione al costo complessivo di produzione di opere cinematografiche e audiovisive (nel rispetto della normativa UE)
254,Credito d'imposta riconosciuto in favore delle imprese di distribuzione cinematografica e audiovisiva per le spese complessivamente sostenute per la distribuzione nazionale e internazionale di opere cinematografiche e audiovisive (nel rispetto della normativa UE)
255,"Credito d'imposta riconosciuto in favore delle imprese di esercizio cinematografico in relazione alle spese complessivamente sostenute per la realizzazione di nuove sale o il ripristino di sale inattive, per la ristrutturazione e l'adeguamento strutturale e tecnologico delle sale cinematografiche, per l'installazione, la ristrutturazione, il rinnovo di impianti, apparecchiature, arredi e servizi accessori delle sale (nel rispetto della normativa UE)"
256,"Credito d'imposta riconosciuto in favore delle industrie tecniche e di post-produzione, ivi inclusi i laboratori di restauro, in relazione alle spese sostenute per l'adeguamento tecnologico e strutturale del settore (nel rispetto della normativa UE)"
257,Credito d'imposta riconosciuto in favore delle imprese italiane di produzione esecutiva e di post-produzione in relazione ad opere cinematografiche ed audiovisive o a parti di esse realizzate sul territorio nazionale e con manodopera italiana su commissione di prooduzioni estere e commisurato alla spesa sostenuta nel territorio nazionale (nel rispetto della normativa UE)
258,"Credito d'imposta riconosciuto in favore dei soggetti di cui all'art. 73 del TUIR ed ai titolari di reddito d'impresa ai fini IRPEF non appartenenenti al settore cinematografico ed audiovisivo, associati in partecipazione, commisurato all'apporto in denaro effettiato per la produzione e distribuzione di opere (nel rispetto della normativa UE) cinematografiche e audiovisive."
259,"L’applicazione dell'aliquota ridotta, nella misura del 10%, è estesa alle prestazioni di servizi relative ad attività spettacolistiche, anche se rese per il tramite di intermediari."
260,Credito d'imposta riconosciuto in favore degli esercenti sale cinematografiche per il potenziamento dell'offerta cinematografica e commisurato agli introiti derivanti dalla programmazione di opere audiovisive effettuate nelle rispettive sale (nel rispetto della normativa UE)
261,Credito d’imposta per la promozione della musica di nuovi talenti (de minimis) utilizzabile in compensazione con decreto del MIBACT di concerto MEF sentito MISE
262,"Credito d'imposta per le imprese culturali e creative (previsto nel rispetto del de minimis) utilizzabile esclusivamente in compensazione, attuato con decreto del MIBACT, di concerto MISE"
263,"Credito d'imposta per gli esercenti attività commerciale che operano nel settore della vendita dei libri al dettaglio parametrato agli importi pagati a titolo di IMU, TASI e TARI (nel rispetto del de minimis) utilizzabile esclusivamente in compensazione, attuato con decreto MIBACT di concerto MEF"
264,"Esenzione fiscale in favore dell’Accademia dei Lincei ex articolo 3 del decreto luogotenenziale n. 359 del 1944, per tutti i tributi erariali, regionali e locali vigenti, nonché per ogni altro tributo di nuova istituzione, fatta salva espressa deroga legislativa, nell’ambito delle attività istituzionali svolte dalla medesima Accademia non in regime di impresa."
265,"Credito d'imposta edicole parametrato agli importi pagati a titolo di IMU, TASI, Cosap e TARI (nel de minimis) è riconosciuto anche nei casi in cui l’attività commerciale non esclusiva non rappresenti l’unico punto vendita al dettaglio di giornali, riviste e periodici nel comune di riferimento. Per l'anno 2020, il credito d'imposta è esteso alle imprese di distribuzione della stampa che riforniscono giornali quotidiani e/o periodici a rivendite situate nei comuni con una popolazione inferiore a 5.000 abitanti e nei comuni con un solo punto vendita e può essere, altresì, parametrato agli importi spesi per i servizi di fornitura di energia elettrica, i servizi telefonici e di collegamento a Internet, nonché per i servizi di consegna a domicilio delle copie di giornali. Credito d'imposta edicole parametrato agli importi pagati a titolo di IMU, TASI, Cosap e TARI (nel de minimis) è riconosciuto anche nei casi in cui l’attività commerciale non esclusiva non rappresenti l’unico punto vendita al dettaglio di giornali, riviste e periodici nel comune di riferimento. Per l'anno 2020, il credito d'imposta è esteso alle imprese di distribuzione della stampa che riforniscono giornali quotidiani e/o periodici a rivendite situate nei comuni con una popolazione inferiore a 5.000 abitanti e nei comuni con un solo punto vendita e può essere, altresì, parametrato agli importi spesi per i servizi di fornitura di energia elettrica, i servizi telefonici e di collegamento a Internet, nonché per i servizi di consegna a domicilio delle copie di giornali. Credito d'imposta edicole parametrato agli importi pagati a titolo di IMU, TASI, Cosap e TARI (nel de minimis) è riconosciuto anche nei casi in cui l’attività commerciale non esclusiva non rappresenti l’unico punto vendita al dettaglio di giornali, riviste e periodici nel comune di riferimento. Per l'anno 2020, il credito d'imposta è esteso alle imprese di distribuzione della stampa che riforniscono giornali quotidiani e/o periodici a rivendite situate nei comuni con una popolazione inferiore a 5.000 abitanti e nei comuni con un solo punto vendita e può essere, altresì, parametrato agli importi spesi per i servizi di fornitura di energia elettrica, i servizi telefonici e di collegamento a Internet, nonché per i servizi di consegna a domicilio delle copie di giornali."
266,Detrazione per spese di istruzione
267,"Detrazione, dall'anno 2021, delle spese per l'iscrizione annuale e l'abbonamento di ragazzi di età compresa tra 5 e 18 anni a conservatori di musica, a istituzioni di alta formazione artistica, musicale e coreutica legalmente riconosciute, a scuole di musica iscritte nei registri regionali nonchè a cori, bande e scuole di musica riconosciuti da una pubblica amministrazione per lo studio e la pratica della musica. Sono detraibili le spese, per un importo non superiore a 1.000 euro, sostenute dai contribuenti con reddito complessivo non superiore a 36.000 euro."
268,Detrazione di un importo equivalente a quello della borsa di studio erogata dalle Regioni e dalle Province autonome di Trento e Bolzano
269,Esclusione dalla base imponibile delle somme corrisposte a titolo di borsa di studio dal Governo italiano a cittadini stranieri in forza di accordi e intese internazionali
270,"Esenzione dall'IRPEF delle borse di studio corrisposte nell'ambito del programma Socrates di cui alla Decisione 819/95/CE del Parlamento Europeo e del Consiglio del 14 marzo 1995 nonché le somme aggiuntive corrisposte dalle Università a condizione che l'importo complessivo annuo non superi euro 7746,85"
271,"Esenzione dall'IRPEF delle borse di studio corrisposte da Università e istituti di istruzione universitaria per la frequenza dei corsi di perfezionamento e scuole di specializzazione, corsi di dottorato di ricerca, attività di ricerca post dottorato e corsi di perfezionalento all'estero."
272,Detrazione per canoni di locazione (contratti ex lege n. 431 del 1998) stipulati da studenti universitari
273,Esenzione dall'IRPEF delle borse di studio corrisposte agli studenti universitari
274,"Esenzione dall'IRPEF delle borse di studio erogate nell'ambito del programma ""Erasmus +"""
275,Esenzione dall'IRPEF delle borse di studio corrisposte alle vittime del terrorismo e della criminalità organizzata nonché agli orfani ed ai figli di questi ultimi.
276,"Esenzione dall'IRPEF delle borse di studio per la frequenza dei corsi di perfezionamento, specializzazione ecc. erogate dalla Provincia autonoma di Bolzano."
277,"Deduzione delle erogazioni liberali in denaro effettuate a favore di università, fondazioni universitarie, istituzioni universitarie pubbliche, enti di ricerca pubblici e vigilati dal Ministero dell'Istruzione, nonché degli enti parco regionali e nazionali"
278,"Detrazione per erogazioni liberali, a favore degli istituti scolastici di ogni ordine e grado statali e paritari senza scopo di lucro, nonché a favore degli istituti tecnici superiori di cui al decreto del Presidente del Consiglio dei ministri 25 gennaio 2008, pubblicato nella Gazzetta Ufficiale n. 86 dell'11 aprile 2008, delle istituzioni dell'alta formazione artistica, musicale e coreutica e delle università, finalizzate a innovazione tecnologica, edilizia scolastica e ampliamento offerta formativa"
279,"Deducibilità delle erogazioni liberali, nel limite del 2% del reddito d'impresa dichiarato e comunque nella misura massima di 70.000 € annui, a favore degli istituti scolastici di ogni ordine e grado e degli istituti tecnici superiori, finalizzate all'innovazione tecnologica all'edilizia scolastica e all'ampliamento dell'offerta formativa"
280,"Non costituiscono attività commerciali le prestazioni aventi per oggetto lo svolgimento di attività didattiche e culturali a carattere nazionale o internazionale svolte da collegi universitari legalmente riconosciuti e posti sotto la vigilanza del Ministero dell’università e della ricerca, comprese le prestazioni relative all’alloggio, al vitto e alla fornitura di libri e materiale didattico. Non costituiscono attività commerciali le prestazioni aventi per oggetto lo svolgimento di attività didattiche e culturali a carattere nazionale o internazionale svolte da collegi universitari legalmente riconosciuti e posti sotto la vigilanza del Ministero dell’università e della ricerca, comprese le prestazioni relative all’alloggio, al vitto e alla fornitura di libri e materiale didattico."
281,"Detassazione ai fini Irpef sugli emolumenti percepiti da docenti e ricercatori che rientrano in Italia per svolgere la loro attività lavorativa. La misura spetta per il periodo d'imposta in cui si acquisisce la residenza fiscale e per i tre periodi di imposta successivi. Le disposizioni si applicano nel rispetto delle condizioni e dei limiti dei regolamenti comunitari sugli Aiuti di Stato. Per coloro che acquiscono la residenza fiscale in Italia a partire dal 2020 l'agevolazione si applica nel periodo d'imposta in cui si acquisisce la residenza e nei successivi 5. Sono, inoltre, previste ulteriori agevolazioni per i periodi d'imposta successivi al verificarsi di prestabilite condizioni."
282,Trattamento IVA dei servizi di vitto e di alloggio in favore degli studenti universitari – interpretazione autentica.
283,"Esclusione dalla base imponibile degli assegni periodici destinati al mantenimento dei figli spettanti al coniuge in conseguenza di separazione legale ed effettiva o di annullamento, scioglimento o cessazione degli effetti civili del matrimonio, nella misura in cui risultano da provvedimenti del giudice"
284,Esclusione dalla base imponibile degli assegni familiari e dell'assegno per il nucleo familiare
285,"Detrazione per spese relative a premi assicurativi per morte, invalidità permanente, non autosufficienza"
286,Detraibilità delle spese sostenute per le polizze assicurative finalizzate alla tutela delle persone con disabilità grave (cd. DOPO DI NOI)
287,"Deduzione degli assegni periodici corrisposti al coniuge, ad esclusione di quelli destinati al mantenimento dei figli, in conseguenza di separazione legale ed effettiva, di scioglimento o annullamento del matrimonio, o di cessazione dei suoi effetti civili del matrimonio"
288,Detrazione per spese relative a mezzi necessari all'accompagnamento e a facilitare l'autosufficienza dei soggetti disabili; detrazione per spese relative a cani guida per non vedenti; detrazione per servizi di interpretariato sostenute dai soggetti riconosciuti sordomuti
289,Detrazione del 19% per le spese di frequenza degli asili nido
290,Detrazione per addetti all'assistenza personale nei casi di non autosufficienza nel compimento degli atti della vita quotidiana
291,"Deduzione degli assegni periodici, corrisposti in forza di testamento o donazione modale e, se risultanti da provvedimenti di autorità giudiziaria, gli assegni alimentari corrisposti alle persone indicate nell'art. 433 del codice civile"
292,Deduzione delle spese sostenute dai genitori adottivi per l'espletamento della procedura di adozione
293,"Detrazione, nella misura forfetaria di euro 1.000, delle spese sostenute dai non vedenti per il mantenimento di cani guida"
294,Detrazione spese funebri
295,Deduzione dell'indennità per perdita di avviamento corrisposte per disposizioni di legge al conduttore in caso di cessazione di locazione di immobili urbani adibiti ad usi diversi da quello di abitazione
296,Deduzione delle erogazioni liberali in denaro per il pagamento degli oneri difensivi dei soggetti ammessi al patrocinio a spese dello Stato
297,Esenzione dall'IRPEF in presenza solo di redditi fondiari di importo non superiore a 500 euro
298,"Esenzione dalla tassazione dei redditi di terreni fino a euro 185,92 per soggetti titolari di redditi di pensione fino a 7.500 euro Esenzione dalla tassazione dei redditi di terreni fino a euro 185,92 per soggetti titolari di redditi di pensione fino a 7.500 euro"
299,Deducibilità delle erogazioni liberali in denaro per un importo non superiore a 30.000 o al 2% del reddito d'impresa a favore delle ONLUS e di altre persone giuridiche individuate con apposito decreto che svolgono attività umanitarie
300,"Deducibilità delle spese relative all'impiego di lavoratori dipendenti, nel limite del 5‰ dell'ammontare complessivo delle spese per prestazioni di lavoro dipendente, utilizzati per prestazioni di servizi erogate a favore di ONLUS"
301,"Deducibilità delle erogazioni liberali in denaro per un importo non superiore a 1.549,37 o al 2% del reddito di impresa a favore delle associazioni di promozione sociale iscritte negli appositi registri"
302,"L'IRES è ridotta alla metà nei confronti di: a) enti e istituti di assistenza sociale, società di mutuo soccorso, enti ospedalieri, enti di assistenza e beneficenza; b) istituti di istruzione e istituti di studio e sperimentazione di interesse generale che non hanno fine di lucro, corpi scientifici, accademie, fondazioni e associazioni storiche, letterarie, scientifiche, di esperienze e ricerche aventi scopi esclusivamente culturali; c) enti il cui fine è equiparato per legge ai fini di beneficenza o di istruzione; d) istituti autonomi per le case popolari, comunque denominati, e loro consorzi nonché enti aventi le stesse finalità sociali dei predetti Istituti, istituiti nella forma di società che rispondono ai requisiti della legislazione dell'Unione europea in materia di ""in house providing"" e che siano costituiti e operanti alla data del 31 dicembre 2013"
303,"Esclusione dalla base imponibile dell'imposta di successione di cui al D.Lgs. 31 ottobre 1990, n. 346, dei titoli di solidarietà."
304,Esclusione dei titoli di solidarietà dalla base imponibile dell'imposta di bollo sulle comunicazioni relative ai dossier titoli.
305,"Non si considerato destinati a finalità estranee all’esercizio dell’impresa le cessioni gratuite agli enti pubblici, alle ONLUS e agli enti privati costituiti per il perseguimento senza scopo di lucro di finalità civiche e solidaristiche che promuovono e realizzano attività di interesse generale di derrate alimentari e prodotti farmaceutici alla cui produzioni o al cui scambio è diretta l’attività dell’impresa (c.2). Non si considerano destinati a finalità estranee all’esercizio di impresa i beni non di lusso diversi da quelli indicati al c. 2 alla cui produzione o scambio è diretta all’attività dell’impresa ceduti gratuitamente alle ONLUS (c.3)"
306,"Non si considerano destinati a finalità estranee all’esercizio d’impresa e sono considerati distrutti ai fini IVA (esenzione con diritto alla detrazione dell'IVA a monte), i prodotti editoriali e le dotazioni informatiche ceduti gratuitamente a enti locali, agli istituti di prevenzione e pena, alle istituzioni scolastiche, agli orfanotrofi ed enti religiosi"
307,Esenzione dal pagamento dell’imposta sugli intrattenimenti per lo svolgimento occasionale delle attività indicate nella tariffa allegata al DPR n. 640 del 1972 a favore dei centri sociali per anziani
308,Credito d'imposta per il contrasto alla povertà minorile (cedibile) che può essere utilizzato esclusivamente in compensazione
309,"Determinazione del reddito di lavoro autonomo di volontari e cooperanti, sulla base di retribuzioni convenzionali stabilite da MAE di concerto Min Lavoro"
310,"Deduzione delle erogazioni liberali in denaro e in natura a favore degli enti del cd. terzo settore (Onlus, Ong, organismi di volontariato etc etc) nel limte del 10 per cento del reddito complessivo e comunque nella misura massima di 70.000 euro annui"
311,"Applicazione delle agevolazioni di cui all'articolo 83, commi 1 e 2, del D.Lgs. 117/2017 alle erogazioni liberali, alle donazioni e agli altri atti a titolo gratuito effettuati dai privati nei confronti dei trust ovvero dei fondi speciali per il sostegno delle persone con disabilità grave (cd. ""DOPO DI NOI"")"
312,Detrazione per erogazioni liberali in denaro a favore delle ONLUS e di altre persone giuridiche individuate con apposito decreto che svolgono attività umanitarie.
313,Deduzione delle erogazioni liberali in denaro a favore dell'Istituto centrale per il sostentamento del clero della Chiesa Cattolica italiana
314,"Deduzione delle erogazioni liberali iin denaro a favore dell'Unione delle Chiese Avventiste del 7° giorno, delle Assemblee di Dio in Italia e della Tavola Valdese Deduzione delle erogazioni liberali iin denaro a favore dell'Unione delle Chiese Avventiste del 7° giorno, delle Assemblee di Dio in Italia e della Tavola Valdese"
315,Deduzione erogazioni liberali in denaro in favore dell'Unione Cristiana Evangelica Battista d'Italia
316,Deduzione erogazioni liberali in denaro in favore della Chiesa Evangelica Luterana in Italia
317,Deduzione dei contributi annuali versati alle Unioni Comunità Ebraiche Italiane
318,Detrazione per erogazioni liberali in denaro a favore di partiti politici iscritti nella prima sezione del registro nazionale dei partiti politici
319,"Detrazione del 26% delle erogazioni liberali in denaro ai partiti politici per importi compresi tra 30 euro e 30.000 euro annui. Sono esclusi gli enti nei quali vi sia una partecipazione pubblica o i cui titoli siano negoziati in mercati regolamentati nonché le società ed enti che controllano tali soggetti, nonché le società concessionarie dello Stato o di enti pubblici, per la durata del rapporto di concessione."
320,"Deduzione delle oblazioni, donazioni e contributi in favore delle organizzazioni non governative"
321,Detrazione per erogazioni liberali in denaro a favore delle associazioni di promozione sociale iscritte negli appositi registri
322,"Detrazione spese veterinarie fino all’importo di euro 500, limitatamente alla parte che eccede euro 129,11"
323,"Non imponibilità ai fini delle imposte sui redditi dei proventi derivanti da attività commerciali e produttive marginali come individuate con DM 25 maggio 1995, qualora sia documentato il loro totale impiego per i fini istituzionali dell’organizzazione di volontariato."
324,"Non è considerata commerciale, così come per gli associati, la cessione di beni e la prestazione di servizi resa da associazioni di promozione sociale nei confronti dei familiari conviventi degli associati."
325,Esclusione dalla base imponibile ai fini dell' imposta sugli intrattenimenti delle quote e dei contributi corrisposti alle associazioni di promozione sociale
326,"Esenzione da qualsiasi tassa e imposta indiretta e formalità di registrazione operazioni ed atti , pagamento risarcimento vittime della strada e rapporti tra CONSAP ed imprese assicuratrici per responsabilità civile veicoli e natanti"
327,Esenzione dalle tasse sulle concessioni governative gli atti e i provvedimenti concernenti le ONLUS e le società e associazioni sportive dilettantistiche
328,"Esenzione dalle tasse sulle concessioni governative gli atti costitutivi, gli statuti ed ogni altro atto necessario per l’adempimento di obblighi dei movimenti o partiti politici, derivanti da disposizioni legislative o regolamentari"
329,Esenzione da tasse sulle concessioni governative e licenze o i documenti sostitutivi intestati ad invalidi a seguito di perdita anatomica o funzionale di entrambi gli arti inferiori nonchè a non vedenti e a sordi
330,Le vittime di atti di terrorismo e delle stragi di tale matrice e i loro superstiti che siano stati parti in causa in un procedimento giurisdizionale comunque dipendente da atti di terrorismo o strage di tale matrice sono esenti dall'obbligo di pagamento dell'imposta di registro e da ogni altra imposta.
331,"Esenzione da imposta sulle sucessioni, ipotecaria e catastale, di bollo e dalle altre tasse e diritti per i parenti di primo grado delle persone decedute a causa del sisma del 6 aprile 2009 nella regione Abruzzo"
332,"Esenzione, senza limiti di valore, da imposta di bollo, di registro e ogni spesa, tassa o diritto di qualsiasi specie e natura per atti, documenti e provvedimenti relativi alle cause per le controversie individuali di lavoro o concernenti rapporti di pubblico impiego. Per quanto riguarda l'imposta di bollo, esenzione superata poiché l'articolo 37 del D.L: 6 luglio 2011 n. 98 conveertito dalla L. 15 luglio 2011 n. 111 ha previsto che in questi casi si applichi il contributo unificato per spese giudiziarie. Esenzione, senza limiti di valore, da imposta di bollo, di registro e ogni spesa, tassa o diritto di qualsiasi specie e natura per atti, documenti e provvedimenti relativi alle cause per le controversie individuali di lavoro o concernenti rapporti di pubblico impiego. Per quanto riguarda l'imposta di bollo, esenzione superata poiché l'articolo 37 del D.L: 6 luglio 2011 n. 98 conveertito dalla L. 15 luglio 2011 n. 111 ha previsto che in questi casi si applichi il contributo unificato per spese giudiziarie."
333,"Esenzione da imposte di bollo, di registro e ogni altra spesa, tassa o diritto per gli atti, documenti e provvedimenti relativi a procedure di affidamento e adozione di minori"
334,"Esenzione da imposta di bollo, di registro e ogni altra tassa per i procedimenti di scioglimento di matrimonio e procedimenti anche esecutivi e cautelari diretti ad ottenere la corresponsione o la revisione degli assegni"
335,Esenzione da imposte e tasse per i trasferimenti di beni mobili e immobili posti in essere dall'Associazione nazionale fra mutilati ed invalidi di guerra a favore della Fondazione dell'associazione nazionale fra mutilati e invalidi di guerra
336,"Esenzione da bollo e ogni altra imposta e tassa nonchè dall'obbligo della richiesta di registrazione per gli atti, documenti e provvedimenti relativi all'azione civile contro la violenza nelle relazioni familiari, nonché i procedimenti anche esecutivi e cautelari diretti a ottenere la corresponsione dell'assegno di mantenimento previsto dal comma 3 dell'articolo 282-bis del codice di procedura penale e dal secondo comma dell'articolo 342-ter del codice civile. Per quanto riguarda l'imposta di bollo, ora confluita nella esenzione dal contributo unificato"
337,"Esenzione da imposte e tributi per le domande, gli atti, i provvedimenti, i contratti, comunque relativi all'attuazione delle leggi per la ricostruzione e lo sviluppo delle zone colpite dal terremoto del novembre 1980 e del febbraio 1981 e qualsiasi documentazione diretta a conseguirne i benefici"
338,Esenzione da imposte e tributi per gli atti relativi a ricostruzione e rinascita delle zone colpite dal terremoto dell'agosto del 1962
339,Esenzione da imposte di bollo e di registro per gli atti costitutivi e connessi allo svolgimento delle attività di volontariato nonché per le donazioni disposte in loro favore
340,"Esenzione dall'imposta suille successioni e donazioni e dall'imposta di bollo, imposte di registro, ipotacaria e catastale in misura fissa sugli atti costituenti trust, vincoli di destinazione e fondi speciali riservati alle persone disabili"
341,Deducibilità delle erogazioni liberali in denaro a favore dello Stato e dei comuni per contributi volontari versati in seguito ad eventi sismici o calamitosi che hanno colpito l'ente in favore del quale si effettua il versamento
342,"Credito d'imposta riconosciuto ai datori di lavoro pubblici e privati in relazione agli emolumenti versati al lavoratore legittimamente impegnato come volontario di protezione civile, in misura pari agli importi effettivamente spettanti (cedibile) è utilizzabile esclusivamente in compensazione"
343,Regime fiscale agevolato per gli operatori bancari di finanza etica e sostenibile (nel de minimis)
344,Detrazione per l'acquisto di strumenti compensativi e di sussidi tecnici e informatici necessari all'apprendimento per studenti affetti da disturbo specifico dell'apprendimento (DSA).
345,"Le pensioni a favore dei superstiti di assicurato o pensionato percepite dagli orfani, concorrono alla formazione del reddito complessivo per l'importo eccedente 1.000 Euro."
346,"Ampliamento ad euro 8.000 della soglia reddituale prevista dall'art. 1, co. 132, legge n. 244/2007, ai fini dell'esenzione dal pagamento del canone di abbonamento televisivo in favore dei soggetti di età pari o superiore a 75 anni."
347,"L'ampliamento ad euro 8.000 della soglia reddituale, prevista dall'art. 1, co. 132, Legge n. 244/2007, ai fini dell'esenzione dal pagamento del canone di abbonamento televisivo in favore dei soggetti di età pari o superiore a 75 anni, è esteso a quello del coniuge, esclusivamente per l'apparecchio televisivo ubicato nel luogo di residenza. Ai fini della non convivenza, esteso anche ad altri soggetti non titolari di un reddito proprio, né di collaboratori domestici, colf e badanti. L'ampliamento ad euro 8.000 della soglia reddituale, prevista dall'art. 1, co. 132, Legge n. 244/2007, ai fini dell'esenzione dal pagamento del canone di abbonamento televisivo in favore dei soggetti di età pari o superiore a 75 anni, è esteso a quello del coniuge, esclusivamente per l'apparecchio televisivo ubicato nel luogo di residenza. Ai fini della non convivenza, esteso anche ad altri soggetti non titolari di un reddito proprio, né di collaboratori domestici, colf e badanti."
348,"Deducibilità ai fini dell'imposta sui redditi della quota non superiore al 3 per cento degli utili netti annuali, dedotte eventuali perdite maturate negli esercizi precedenti, erogata dalle imprese sociali a fondi istituiti dagli enti rappresentativi delle imprese sociali e dalle associazioni nazionali di rappresentanza, assistenza, tutela e revisione del movimento cooperativo, nonché dalla Fondazione Italia Sociale, specificamente ed esclusivamente destinati alla promozione e allo sviluppo delle imprese sociali attraverso azioni ed iniziative di varia natura, quali il finanziamento di progetti di studio e di ricerca in tema di impresa sociale o di attività di formazione dei lavoratori dell'impresa sociale, la promozione della costituzione di imprese sociali o di loro enti associativi, o il finanziamento di specifici programmi di sviluppo di imprese sociali o di loro enti associativi"
349,Non concorrenza alla formazione reddito imponibile imprese sociali degli utili e degli avanzi di gestione destinati ad apposita riserva
350,Non concorrenza alla formazione reddito imponibile degli utili e degli avanzi di gestione destinati ad aumento gratuito del capitale sociale
351,Incentivi fiscali all’investimento nelle imprese sociali
352,Credito d'imposta in favore delle fondazioni di cui al D.Lgs n. 153 del 1999 per versamenti al FUN (cedibile) utilizzabile esclusivamente in compensazione
353,"Assoggettamento alla ritenuta agevolata di cui all’articolo 31 del DPR n. 601/1973, degli interessi, dei premi e di ogni altro provento prodotti dai titoli di solidarietà."
354,Credito d'imposta pari al 50 per cento delle erogazioni liberali in danaro effettuate in favore degli enti del terzo settore dagli istituti di credito emittenti i titoli di solidarietà e commisurate all'ammontare nominale collocato di detti titoli di solidarietà utilizzabile esclusivamente in compensazione
355,"Assoggettamento a ritenuta alla fonte a titolo di imposta, con l'aliquota agevolata prevista dall'articolo 31 del DPR n. 601 del 1973 degli importi percepiti a titolo di remunerazione dai soggetti che prestano fondi attraverso portali on line che svolgono attività di social lending, finalizzato al finanziamento e al sostegno delle attività di interesse generale svolte dagli enti del terzo settore."
356,"Non commercialità delle attività di cui all'art. 79, c. 1 qualora i ricavi non superino di oltre il 5 per cento i relativi costi per ciascun periodo d'imposta e per non oltre due periodi d'imposta consecutivi."
357,"Non commercialità delle attività delle ex Ipab di cui alle lettere a), b), e c) dell'articolo 5 del d.lgs. 117/2017 (nel de minimis)"
358,Regime forfetario di determinazione del reddito d'impresa da parte di enti del terzo settore che svolgono in via principale o prevalente attività non commerciali
359,"""Social Bonus"" - Credito d'imposta pari al 65 per cento delle erogazioni liberali in denaro effettuate da persone fisiche in favore di enti del Terzo settore."
360,"""Social bonus"" - Credito d'imposta pari al 50 per cento se effettuate da enti o società in favore degli enti del terzo settore, che hanno presentato al Ministero del lavoro e delle politiche sociali un progetto per sostenere il recupero degli immobili pubblici inutilizzati e dei beni mobili e immobili confiscati alla criminalità organizzata assegnati ai suddetti enti del terzo settore e da questi utilizzati esclusivamente per lo svolgimento di attività di interesse generale con modalità non commerciali, utilizzabile in compensazione. ""Social bonus"" - Credito d'imposta pari al 50 per cento se effettuate da enti o società in favore degli enti del terzo settore, che hanno presentato al Ministero del lavoro e delle politiche sociali un progetto per sostenere il recupero degli immobili pubblici inutilizzati e dei beni mobili e immobili confiscati alla criminalità organizzata assegnati ai suddetti enti del terzo settore e da questi utilizzati esclusivamente per lo svolgimento di attività di interesse generale con modalità non commerciali, utilizzabile in compensazione."
361,Regime di esenzione sugli atti di trasferimenti in favore degli enti del terzo settore
362,Detrazioni e deduzioni per erogazioni liberali in denaro e in natura in favore degli enti del terzo settore
363,Detrazioni per contributi associativi versati alle società di mutuo soccorso
364,Non concorrenza dei redditi degli immobili destinati in via esclusiva o principale allo svolgimento di attività non commerciale
365,Decommercializzazione di determinate attività effettuate dalle associazioni di promozione sociale (in de minimis)
366,Non concorrenza dei redditi degli immobili destinati in via esclusiva o principale allo svolgimento di attività non commerciale
367,Regime forfetario di determinazione del reddito per attività commerciali svolte dalle organizzazioni di volontariato e dalle associazioni di promozione sociale
368,"Credito d'imposta in favore delle fondazioni bancarie utilizzabile, esclusivamente in compensazione, nell'ambito dell'atttività non commerciale, da attuarsi con decreto MLPS di concerto MEF"
369,Imposta sostitutiva sui compensi da lezioni private e ripetizioni
370,I premi attribuiti dalla lotteria nazionale degli scontrini non concorrono a formare il reddito del percipiente per l'intero ammontare corrisposto nel periodo d'imposta e non sono assoggettati ad alcun prelievo erariale.
371,"Inserimento dei commi 3-bis, 3-ter e 3-quater all'art. 15 del TUIR. Rimodulazione detrazioni Irpef in base al reddito complessivo."
372,"Inserimento del comma 2-bis all'art. 10 del TUIR. A partire dal 1° gennaio 2020 la restituzione delle somme al soggetto erogatore deve avvenire al netto della ritenuta operata al momento dell’erogazione delle stesse, fermo restando la modalità di restituzione al lordo di cui alla lettera d-bis), comma 1, del medesimo art. 10 del TUIR, nel caso in cui non sia stata applicata la ritenuta."
373,Deduzione dal reddito imponibile dei contributi versati alle forme di previdenza complementari italiane ed estere localizzate nei Paesi dell'UE e del SEE.
374,Esenzione dall'IRPEF delle pensioni e delle indennità corrisposte alle vittime del terrorismo e delle stragi di tale matrice
375,"Sui lavori socialmente utili svolti da soggetti che hanno raggiunto l'età per la pensione di vecchiaia e che hanno un reddito complessivo non superiore a € 9296,22 al netto del reddito derivante dall'abitazione principale, si applica, sulla parte dei lavori socialmente utili che eccede € 3098,74, l'aliquota del 23%, maggiorata delle addizionali vigenti"
376,"Le rendite corrisposte in Italia da parte della assicurazione invalidità, vecchiaia e superstiti Svizzera (AVS), maturata sulla base anche di contributi previdenziali tassati alla fonte in Svizzera, sono assoggettate a ritenuta unica del 5 per cento da parte degli istituti italiani, quali sostituti d'imposta, per il cui tramite l'AVS Svizzera le eroga ai beneficiari in Italia Le rendite corrisposte in Italia da parte della assicurazione invalidità, vecchiaia e superstiti Svizzera (AVS), maturata sulla base anche di contributi previdenziali tassati alla fonte in Svizzera, sono assoggettate a ritenuta unica del 5 per cento da parte degli istituti italiani, quali sostituti d'imposta, per il cui tramite l'AVS Svizzera le eroga ai beneficiari in Italia"
377,"Applicazione della ritenuta del 5 per cento, a cura degli intermediari finanziari italiani che intervengono nel pagamento, sulle somme corrisposte in Italia da parte della gestione della previdenza professionale per la vecchiaia, i superstiti e l'invalidita' svizzera (LPP), ivi comprese le prestazioni erogate dagli enti o istituti svizzeri di prepensionamento, maturate sulla base anche di contributi previdenziali tassati alla fonte in Svizzera e in qualunque forma erogate"
378,"Impiegati dello Stato. Contratti relativi alle assicurazioni integrative degli impiegati civili e militari dello Stato di cui alla legge 7 aprile 1930, n. 456"
379,Deduzione delle spese mediche e di assistenza specifica necessarie nei casi di grave e permanente invalidita' o menomazione e deduzione dei contributi previdenziali versati per gli addetti ai servizi domestici e all'assistenza personale e familiare
380,Esenzione IRPEF per le pensioni di reversibilità percepite dai familiari delle vittime dell'attentato terroristico a Dacca
381,Applicazione ai dipendenti pubblici delle dispozioni concernenti la deducibilità dei premi e contributi versati e il regime di tassazione delle prestazioni previste per la previdenza complementare nel settore privato.
382,Deduzione a favore dell'interessato ovvero detrazione a favore dei soggetti di cui l'interessato risulta essere a carico dei contributi versati per il riscatto del periodo di corso di laurea
383,"Erogazione di un credito ai titolari di redditi di lavoro dipendente e di taluni assimilati di importo non superiore a 26.600 euro (Bonus 80 euro). L'art. 3, comma 1 del D.L. n. 3 del 2020 ha abrogato a partire dal 1° luglio 2020 il Bonus 80 euro. Al fine di contenere gli effetti negativi derivanti dalle misure di prevenzione e contenimento connesse all'emergenza epidemiologica da COVID -19, per l'anno 2020 il credito di cui all'articolo 13, comma 1- bis spetta anche se l'imposta lorda calcolata sui redditi di cui all'articolo 49, con esclusione di quelli indicati nel comma 2, lettera a), del citato testo unico, sia di importo inferiore alla detrazione spettante ai sensi dell'articolo 13, comma 1, del medesimo testo unico, per effetto delle misure a sostegno del lavoro contenute negli articoli 19, 20, 21, 22, 23 e 25 del decreto legge 17 marzo 2020, n. 18, convertito, con modificazioni, dalla legge 24 aprile, n. 27."
384,"Riconoscimento di una somma a titolo di trattamento integrativo ai titolari di reddito di lavoro dipenedente e di taluni redditi assimilati. La somma è d'importo pari a euro 600 per l'anno 2020 e ad euro 1.200 a decorrre dall'anno 2021, se il reddito complessivo non è superiore a euro 28.000."
385,Riconoscimento di una ulteriore detrazione fiscale ai titolari di reddito di lavoro dipendente e di taluni redditi assimilati se il reddito complessivo è superiore a euro 28.000 ma non ad euro 40.000.
386,"Esenzione dall'IRPEF dell'indennità di fine rapporto erogata al lavoratore ""ricollocato"" entro il limite massimo di nove mensilità della retribuzione di rifeirmento per il calcolo del TFR."
387,"Detassazione premi di produttività. Applicazione di una imposta sostitutiva del 10 per cento sulle somme, fino ad un massimo di 3000 euro, corrisposte ai lavoratori dipendenti del settore privato con limite reddituale di accesso al beneficio di 80.000 euro."
388,"Rendita integrativa temporanea anticipata (RITA) erogata ai lavoratori pubblici e privati aderenti alla previdenza complementare che, in tutto o in parte, la richiedano, a seguito della cessazione del rapporto di lavoro. La rendita integrativa anticipata è assoggettata a ritenuta a titolo d'imposta con aliquota pari, nel massimo, al 15 per cento e, nel minimo, al 9 per cento, con un decalage dello 0,3 per cento annuo per ciascun anno di adesione al fondo pensione superiore al quindicesimo. Rendita integrativa temporanea anticipata (RITA) erogata ai lavoratori pubblici e privati aderenti alla previdenza complementare che, in tutto o in parte, la richiedano, a seguito della cessazione del rapporto di lavoro. La rendita integrativa anticipata è assoggettata a ritenuta a titolo d'imposta con aliquota pari, nel massimo, al 15 per cento e, nel minimo, al 9 per cento, con un decalage dello 0,3 per cento annuo per ciascun anno di adesione al fondo pensione superiore al quindicesimo."
389,"Esenzione dall'IRPEF: (comma 1) delle pensioni di guerra di ogni tipo, delle relative indennità accessorie, degli assegni connessi alle pensioni privilegiate ordinarie, delle pensioni connesse alle decorazioni dell'ordine militare d'Italia, nonché delle pensioni privilegiate ordinarie corrisposte ai militari di leva e delle pensioni tabellari spettanti per menomazioni subite durante il servizio di leva obbligatorio; (comma 2) della pensione reversibile, della tredicesima mensilità e delle indennità di accompagnamento, percepite dai ciechi civili ai sensi della legge 27 maggio 1970, n. 382; (comma 3) dei sussidi corrisposti dallo Stato e da altri enti pubblici a titolo assistenziale."
390,"Esclusione dalla tassazione dei redditi di importo fino a 7,500 euro - frontalieri"
391,La remunerazione che un lavoratore frontaliero (residente entro 20 KM dal confine svizzero) riceve in corrispettivo di una attività dipendente sono imponibili soltanto nello Stato in cui tale attività è svolta
392,"Esenzione dall'IRPEF delle retribuzioni di qualsiasi natura, le pensioni e le indennità di fine rapporto corrisposte dalla Santa Sede e dagli enti dalla stessa gestiti ai propri dipendenti"
393,"Tassazione agevolata delle indennità di trasferta, dei rimborsi forfetari di spesa, dei premi e dei compensi erogati ai direttori artistici e ai collaboratori tecnici per prestazioni di natura non professionale da parte di cori, bande e filodrammatiche che perseguono finalità dilettantistiche, e quelli erogati nell'esercizio diretto di attività sportive dilettantistiche dal CONI, dalle federazioni sportive nazionali, dall'UNIRE, dagli enti di promozione sportiva e da qualunque organismo comunque denominato che persegua finalità sportive dilettantistiche. La disposizione si applica anche ai rapporti di collaborazione coordinata e continuativa di carattere amministrativo-gestionale di natura non professionale resi in favore di società e associazioni sportive dilettantistiche"
394,"Deduzione delle somme corrisposte ai dipendenti, chiamati ad adempiere funzioni presso gli uffici elettorali"
395,"Non concorrono a formare il reddito le somministrazioni di vitto da parte del datore di lavoro, quelle in mense organizzate direttamente dal datore di lavoro o gestite da terzi, le prestazioni sostitutive delle somministrazioni di vitto nel limite di € 4,00 aumentato a 8,00 € nel caso in cui le stesse siano rese in forma elettronica, nonché le indennita' sostitutive delle somministrazioni di vitto corrisposte agli addetti ai cantieri edili, ad altre strutture lavorative a carattere temporaneo o ad unità produttive ubicate in zone dove manchino strutture o servizi di ristorazione fino all'importo complessivo giornaliero di euro 5,29"
396,Non concorrono a formare il reddito le prestazioni di servizi di trasporto collettivo rese alla generalità o a categorie di dipendenti; anche se affidate a terzi ivi compresi gli esercenti servizi pubblici.
397,"Non concorrono a formare il reddito le somme erogate o rimborsate alla generalità o a categorie di dipendenti dal datore di lavoro o le spese da quest'ultimo direttamente sostenute, volontariamente o in conformità a disposizioni di contratto, di accordo o di regolamento aziendale, per l'acquisto degli abbonamenti per il trasporto pubblico locale, regionale e interregionale del dipendente e dei familiari fiscalmente a carico."
398,"Non concorrono a formare il reddito i compensi reversibili delle indennità e dei compensi percepiti a carico di terzi dai prestatori di lavoro dipendente per incarichi svolti in relazione a tale qualità, nonché delle indennità, dei gettoni di presenza e degli altri compensi corrisposti dallo Stato, dalle regioni, dalle province e dai comuni per l'esercizio di pubbliche funzioni."
399,"Non concorrono a formare il reddito l'utilizzazione delle opere e dei servizi riconosciuti dal datore di lavoro volontariamente o in conformità di disposizioni di contratto, accordo o regolamento aziendale, offerti alla generalità dei dipendenti, categorie di dipendenti o familiari di cui all'art. 12 del TUIR per le finalità di cui al comma 1 dell'art. 100 del citato TUIR."
400,"Non concorrono a formare il reddito le somme, i servizi e le prestazioni erogati dal datore di lavoro alla generalità dei dipendenti o a categorie di dipendenti per la fruizione, da parte dei familiari indicati nell'articolo 12, dei servizi di educazione e istruzione anche in età prescolare, compresi i servizi integrativi e di mensa ad essi connessi, nonché per la frequenza di ludoteche e di centri estivi e invernali e per borse di studio a favore dei medesimi familiari Non concorrono a formare il reddito le somme, i servizi e le prestazioni erogati dal datore di lavoro alla generalità dei dipendenti o a categorie di dipendenti per la fruizione, da parte dei familiari indicati nell'articolo 12, dei servizi di educazione e istruzione anche in età prescolare, compresi i servizi integrativi e di mensa ad essi connessi, nonché per la frequenza di ludoteche e di centri estivi e invernali e per borse di studio a favore dei medesimi familiari"
401,Non concorrono a formare il reddito le somme e le prestazioni erogate dal datore di lavoro alla generalità dei dipendenti o a categorie di dipendenti per la fruizione dei servizi di assistenza ai familiari anziani o non autosufficienti indicati nell'articolo 12
402,"Non concorrono a formare il reddito i contributi e i premi versati dal datore di lavoro a favore della generalità dei dipendenti o di categorie di dipendenti per prestazioni, anche in forma assicurativa, aventi per oggetto il rischio di non autosufficienza nel compimento degli atti della vita quotidiana o il rischio di gravi patologie."
403,"Non concorrono a formare il reddito il valore delle azioni offerte alla generalità dei dipendenti per un importo annuo non superiore a € 2065,83"
404,"Non concorrono a formare il reddito le somme trattenute al dipendente per oneri di cui all'art. 10 alle condizioni ivi previste, nonché le erogazioni effettuate dal datore di lavoro in conformità a contratti collettivi o ad accordi e regolamenti aziendali"
405,Non concorrono a formare il reddito le mance percepite dai croupiers nella misura del 25% dell'ammontare percepito nell'anno
406,"Non concorrono a formare il reddito il valore dei beni ceduti e dei servizi prestati se complessivamente di importo non superiore nell'anno a € 258,23"
407,"Ai fini della determinazione del fringe benefit per gli autoveicoli, i motocicli e i ciclomotori concessi in uso promiscuo con contratti stipulati a partire dal 1° luglio 2020 si applica una percentuale variabile sul calcolo dei fringe benefit oggetto di tassazione. Fermo restando la modalità di calcolo basata sulla percorrenza convenzionale di 15.000 chilometri calcolata sulla base del costo chilometrico ACI, al netto delle somme eventualmente trattenute al dipendente, la percentuale da applicare a tale valore numerico ai fini della tassazione varia in funzione del grado di inquinamento del veicolo. Resta ferma l'applicazione della disciplina nel testo dell'articolo 51, comma 4, lettera a), del TUIR vigente al 31 dicembre 2019 per i veicoli concessi in uso promiscuo con contratti stipulati entro il 30 giugno 2020."
408,"Ai fini della determinazione del fringe benefit, in caso di concessione di prestiti, si assume il 50% della differenza tra l'importo degli interessi calcolato al tasso ufficiale di sconto vigente al termine di ciascun anno e l'importo degli interessi calcolato al tasso applicato sugli stesssi"
409,"Ai fini della determinazione del fringe benefit, per i fabbricati concessi in locazione, in uso o in comodato, si assume la differrenza tra la rendita catastale del fabbricato aumentata di tutte le spese inerenti e quanto corrisposto per il godimento del fabbricato stesso"
410,"Ai fini della determinazione del fringe benefit, per i servizi di trasporto ferroviario di persone prestati gratuitamente, si assume, al netto degli importi trattenuti, l'ammontare corrispondente all'introito medio per passeggero/chilometro, per una percorrenza media convenzionale di 2.600 km"
411,"Le indennità percepite per le trasferte o le missioni fuori del territorio comunale concorrono a formare il reddito per la parte che eccede € 46,48 al giorno, elevati a € 77,47 per le trasferte all'estero"
412,Le indennità e le maggiorazioni di retribuzione spettanti ai trasfertisti concorrono a formare il reddito nella misura del 50%
413,"Le indennità di trasferimento, quelle di prima sistemazioni e quelle equipollenti non concorrono a formare il reddito nella misura del 50% per un importo complessivo annuo non superiore a € 1549,37 per i trasferimenti all'interno del territorio nazionale ed € 4648,11 per quelli fuori del territorio nazionale o in destinazione a quest'ultimo"
414,Gli assegni di sede e le altre indennità percepite per servizi prestati all'estero costituiscono reddito nella misura del 50% Gli assegni di sede e le altre indennità percepite per servizi prestati all'estero costituiscono reddito nella misura del 50%
415,"Il reddito di lavoro dipendente, prestato all'estero in via continuativa e come oggetto esclusivo del rapporto da dipendenti che nell'arco di dodici mesi soggiornano nello Stato estero per un periodo superiore a 183 giorni, è determinato sulla base di retribuzioni convenzionali. La disposizione non è applicabile al reddito derivante dall'attività prestata per un periodo superiore a 183 giorni nell'arco di dodici mesi sulle navi battenti bandiera estera. Tale reddito continua a essere escluso dalla base imponibile fiscale."
416,I compensi percepiti per attività libero professionale intramuraria costituiscono reddito nella misura del 75%
417,"Non concorrono a formare il reddito le somme erogate a titolo di rimborso di spese ai titolari di cariche elettive, nonché a coloro che esercitano le funzioni di cui agli artt. 114 e 135 della Costituzione. Gli assegni vitalizi sono assoggettati a tassazione per la quota parte che non deriva da fonti riferibili a trattenute effettuate al percettore già assoggettate a ritenute fiscali. Detta quota parte è determinata per ciascun periodo d'imposta."
418,Esenzione dall'IRPEF dei redditi derivanti dall'esercizio della funzione di ambasciatori e agenti diplomatici degli Stati esteri accreditati in Italia.
419,Gli onorari corrisposti ai membri dei seggi elettorali costituiscono rimborso spese fisso forfetario non assoggettabile a ritenute o imposte e non concorrono alla formazione della base imponibile ai fini fiscali
420,Esenzione dei redditi derivanti da prestazioni di lavoro occasionali per tali intendendosi quelle di importo non supeiore complessivamente nell'anno a 5000 euro
421,Riconoscimento di tutte le agevolazioni fiscali previste per i residenti in Italia ai soggetti non residenti che producono in Italia almeno il 75% del loro reddito complessivo e che non godono di analoghe agevolazioni nel Paese di residenza. Procedura di infrazione n. 2013/2027
422,"Non assoggettamento ad IVA delle somministrazioni nelle mense aziendali, delle prestazioni di trasporto, didattiche, educative e ricreative, di assistenza sociale e sanitaria, a favore del personale dipendente."
423,Detrazione sulle indennità di fine rapporto di importo minimo
424,"Clausola di salvaguardia per le indennità di fine rapporto di cui all'art. 17, comma 1, lett. a), del TUIR con blocco delle aliquota a quelle del 31 dicembre 2006"
425,Applicazione dell'imposta sostitutiva del 17% sulle rivalutazioni del TFR maturate dal 2001
426,"Le prestazioni di lavoro occasionale per attivita' di cui al decreto del Ministro dell'interno 8 agosto 2007, sono esenti da IRPEF qualora i compensi non siano di importo complessivo superiore a 5.000 euro per ciascun utilizzatore."
427,"Ai consiglieri di Stato spetta il rimborso delle spese, ai sensi della legge 18 dicembre 1973, n. 836, o, a scelta dell'interessato, l'indennita' di trasferta, ai sensi dell'articolo 3, comma 79, della legge 24 dicembre 2003, n. 350, e successive modificazioni, a titolo risarcitorio indennitario, in relazione al mantenimento della residenza nel territorio della provincia di Bolzano, nel limite di spesa pari a 50.000 euro annui a decorrere dal 2018."
428,Esclusione dall' IRPEF dei proventi dell'apicoltura condotta da apicoltori con meno di 20 alveari e ricadenti nei comuni classificati montani.
429,"In materia di cassa integrazione in deroga, le domande presentate ai sensi dell’art. 22, comma 4, Decreto-Legge n. 18/2020, sono esenti dall'imposta di bollo."
430,Riduzione dell'IRPEF e relative addizionali sul trattamento economico accessorio del personale delle Forze di polizia e Forze armate con reddito non superiore a 28.000 euro.
431,"Non imponiblità ai fini IRPEF della liquidazione anticipata, in un’unica soluzione, della NASpI destinata alla sottoscrizione di capitale sociale da parte del socio lavoratore di cooperativa. Non imponiblità ai fini IRPEF della liquidazione anticipata, in un’unica soluzione, della NASpI destinata alla sottoscrizione di capitale sociale da parte del socio lavoratore di cooperativa."
432,"Detrazione, nella misura del 30% e per un importo non superiore a 30.000 euro, per erogazioni liberali in favore dello Stato, delle regioni, degli enti locali territoriali, di enti o istituzioni pubbliche, di fondazioni e assoziazionie senza scopo di lucro, compresi gli enti religiosi civilmente riconosciuti, per finanziare interventi di contenimento dell'emergenza COVID-19"
433,"Indennità professionisti e lavoratori con rapporto di collaborazione coordinata e continuativa: La norma riconosce per il mese di marzo 2020 un'indennità di 600 euro, che non concorre alla formazione del reddito ai sensi del Tuir, ai liberi professionisti titolari di partita iva attiva alla data del 23 febbraio 2020 e ai lavoratori titolari di rapporti di collaborazione coordinata e continuativa attivi alla medesima data, iscritti alla Gestione separata di cui all'articolo 2, comma 26, l. 335/1995, non titolari di pensione e non iscritti ad altre forme previdenziali obbligatorie. L'art. 84, comma 1 del decreto legge n. 34 del 2020 ha esteso la misura anche al mese di aprile 2020."
434,"Indennità lavoratori autonomi iscritti alle gestioni speciali dell'Ago: La norma riconosce un'indennità per il mese di marzo 2020 pari a 600 euro ai lavoratori autonomi iscritti alle gestioni speciali dell'Ago, non titolari di pensione e non iscritti ad altre forme previdenziali obbligatorie, ad esclusione della Gestione separata di cui all'articolo 2, comma 26, l. 335/1995. L'indennità non concorre alla formazione del reddito ai sensi del Tuir. L'art. 84, comma del decreto legge n. 34 del 2020 ha esteso la misura anche al mese di aprile 2020."
435,"Indennità lavoratori stagionali del turismo e degli stabilimenti termali: La norma riconosce un'indennità per il mese di marzo 2020 pari a 600 euro ai lavoratori dipendenti stagionali del settore del turismo e degli stabilimenti termali che hanno cessato involontariamente il rapporto di lavoro nel periodo compreso tra il 1° gennaio 2019 e la data di entrata in vigore della disposizione, non titolari di pensione e non titolari di rapporto di lavoro dipendente alla data di entrata in vigore della stessa disposizione. L'indennità non concorre alla formazione del reddito ai sensi del Tuir."
436,"Indennità lavoratori del settore agricolo: La norma riconosce un'indennità per il mese di marzo 2020 pari a 600 euro in favore degli operai agricoli a tempo determinato, non titolari di pensione, che nel 2019 abbiano effettuato almeno 50 giornate effettive di attività di lavoro agricolo. L'indennità non concorre alla formazione del reddito ai sensi del Tuir. L'art. 84, comma 1 del decreto legge n. 34 del 2020 ha esteso la misura anche al mese di aprile 2020 con un importo pari a 500 euro."
437,"Indennità lavoratori dello spettacolo: La norma riconosce un'indennità per il mese di marzo 2020 pari a 600 euro ai lavoratori iscritti al Fondo pensioni Lavoratori dello spettacolo, con almeno 30 contributi giornalieri versati nell'anno 2019 al medesimo Fondo, cui deriva un reddito non superiore a 50.000 euro, e non titolari di pensione. L'indennità non concorre alla formazione del reddito ai sensi del Tuir."
438,"Istituzione del Fondo per il reddito di ultima istanza a favore dei lavoratori danneggiati dal virus COVID-19: La norma istituisce nello stato di previsione del Ministero del lavoro e delle politiche sociali il “Fondo per il reddito di ultima istanza” al fine di garantire, come misura di sostegno al reddito, un'indennità nel limite di spesa di 1.150 milioni di euro per l'anno 2020, ai lavoratori dipendenti e autonomi che in conseguenza dell'emergenza epidemiologica da Covid-19 hanno cessato, ridotto o sospeso la loro attività o il loro rapporto di lavoro."
439,"Indennità collaboratori sportivi: La norma prevede che l'indennità di 600 euro per il mese di marzo sia riconosciuta da Sport e Salute S.p.A., nel limite massimo di 80 milioni di euro per l'anno 2020, anche in relazione ai rapporti di collaborazione presso federazioni sportive nazionali, enti di promozione sportiva, società e associazioni sportive dilettantistiche, di cui all'art. 67, comma 1, lettera m), del TUIR, già in essere alla data del 23 febbraio 2020. L'indennità non concorre alla formazione del reddito."
440,"La disposizione riconosce ai liberi professionisti titolari di partita IVA attiva alla data di entrata in vigore del D.L. n. 34 del 2020, iscritti alla Gestione separata di cui all'articolo 2, comma 26, l. 335/1995, non titolari di pensione e non iscritti ad altre forme previdenziali obbligatorie, che abbiano subito una riduzione di almeno il 33 per cento del reddito del secondo bimestre 2020, rispetto al reddito del secondo bimestre 2019, una indennità per il mese di maggio 2020 pari a 1000 euro che non concorre alla formazione del reddito ai sensi del Tuir. La disposizione riconosce ai liberi professionisti titolari di partita IVA attiva alla data di entrata in vigore del D.L. n. 34 del 2020, iscritti alla Gestione separata di cui all'articolo 2, comma 26, l. 335/1995, non titolari di pensione e non iscritti ad altre forme previdenziali obbligatorie, che abbiano subito una riduzione di almeno il 33 per cento del reddito del secondo bimestre 2020, rispetto al reddito del secondo bimestre 2019, una indennità per il mese di maggio 2020 pari a 1000 euro che non concorre alla formazione del reddito ai sensi del Tuir."
441,"La disposizione riconosce ai lavoratori titolari di rapporti di collaborazione coordinata e continuativa, iscritti alla Gestione separata di cui all'articolo 2, comma 26, della l. 335/1995, non titolari di pensione e non iscritti ad altre forme previdenziali obbligatorie, che abbiano cessato il rapporto di lavoro alla data di entrata in vigore del D.L. n. 34 del 2020, un'indennità per il mese di maggio 2020 pari a 1000 euro che non concorre alla formazione del reddito ai sensi del Tuir."
442,"La disposizione attribuisce ai soggetti già beneficiari per il mese di marzo dell'indennità di cui all'articolo 29 del D.L. 18/2020 la medesima indennità pari a 600 euro anche per il mese di aprile 2020. La medesima indennità è riconosciuta ai lavoratori in regime di somministrazione, impiegati presso imprese utilizzatrici operanti nel settore del turismo e degli stabilimenti termali, che abbiano cessato involontariamente il rapporto di lavoro nel periodo compreso tra il 1° gennaio 2019 e il 17 marzo 2020, non titolari di pensione, ne' di rapporto di lavoro dipendente, ne' di NASPI, alla data di entrata in vigore della presente disposizione. Tali indennità non concorrono alla formazione del reddito ai sensi del Tuir."
443,"La disposizione riconosce ai lavoratori dipendenti stagionali del settore del turismo e degli stabilimenti termali che hanno cessato involontariamente il rapporto di lavoro nel periodo compreso tra il 1° gennaio 2019 e il 17 marzo 2020, non titolari di pensione, ne' di rapporto di lavoro dipendente, ne' di NASPI, alla data di entrata in vigore della stessa disposizione, un'indennità per il mese di maggio 2020 pari a 1000 euro. La medesima indennità è riconosciuta ai lavoratori in regime di somministrazione, impiegati presso imprese utilizzatrici operanti nel settore del turismo e degli stabilimenti termali, che abbiano cessato involontariamente il rapporto di lavoro nel medesimo periodo non titolari di pensione, ne' di rapporto di lavoro dipendente, ne' di NASPI, alla data di entrata in vigore della stessa disposizione. Tali indennità non concorrono alla formazione del reddito ai sensi del Tuir."
444,"Non concorrenza alla formazione del reddito ai fini Irpef di una indennità pari a 500 euro per il mese di aprile 2020 a favore degli operai agricoli a tempo determinato, non titolari di pensione, che nel 2019 abbiano effettuato almeno 50 giornate effettive di attività di lavoro agricolo (soggetti già beneficiari per il mese di marzo dell'indennità di cui all'articolo 30 del D.L. 18/2020)."
445,"Non concorrenza alla formazione del reddito ai fini Irpef (in presenza di specifiche condizioni soggettive) di una indennità pari a 600 euro, per ciascun mese di aprile e maggio 2020, a favore di: a) lavoratori dipendenti stagionali appartenenti a settori diversi da quelli del turismo e degli stabilimenti termali; b) lavoratori intermittenti, di cui agli articoli da 13 a 18 del D.Lgs. 81/2015; c) lavoratori autonomi, privi di partita IVA, non iscritti ad altre forme previdenziali obbligatorie; d) incaricati alle vendite a domicilio di cui all'articolo 19, del D.Lgs. 114/1998 e iscritti alla Gestione separata di cui all'articolo 2, comma 26, della l. 335/1995 e non iscritti ad altre forme previdenziali obbligatorie."
446,"Non concorrenza alla formazione del reddito ai fini Irpef di una indennità pari a 600 euro per ciascuno dei mesi di aprile e maggio 2020 a favore dei lavoratori iscritti al Fondo pensioni lavoratori dello spettacolo che hanno i requisiti di cui all'articolo 38 del D.L. 18/2020. La medesima indennità viene erogata per le predette mensilità anche ai lavoratori iscritti al Fondo pensioni lavoratori dello spettacolo con almeno 7 contributi giornalieri versati nel 2019, cui deriva un reddito non superiore ai 35.000 euro."
447,"Non concorrenza alla formazione del reddito ai fini Irpef di una indennità pari a 500 euro per ciascun mese di aprile e maggio a favore dei lavoratori domestici che abbiano in essere, alla data del 23 febbraio 2020, uno o più contratti di lavoro per una durata complessiva superiore a 10 ore settimanali."
448,Tassazione dei titoli per il finanziamento di iniziative economiche nel Mezzogiorno emessi da banche con scadenza non inferiore a 18 mesi riduzione a metà della ritenuta
449,"Gasolio e GPL impiegati per riscaldamento in aree geograficamente o climaticamente svantaggiate (zone montane, Sardegna, isole minori) - Riduzione di prezzo Gasolio e GPL impiegati per riscaldamento in aree geograficamente o climaticamente svantaggiate (zone montane, Sardegna, isole minori) - Riduzione di prezzo"
450,ZFU per il sisma L’Aquila. agevolazione concessa nel de minimis.
451,"ZFU Obiettivo Convergenza, Sulcis e Pelagie, nonché nuove ZFU non ricomprese nell'Obiettivo Convergenza (ZFU di Pescara, Matera, Velletri, Sora, Ventimiglia, Campobasso, Cagliari, Iglesias, Quartu Sant'Elena, Massa- Carrara) individuate dalla delibera CIPE n. 14 dell'8 maggio 2009"
452,"Detassazione di contributi, indennizi e risarcimenti connessi agli eventi sismici del Centro Italia (nel rispetto della normativa europea in materia di aiuti di Stato - misura comunicata in esenzione alla Commissione europea)"
453,"I redditi dei fabbricati, ubicati nelle zone colpite dagli eventi sismici di agosto 2016, purché distrutti od oggetto di ordinanze sindacali di sgombero, in quanto inagibili totalmente o parzialmente, non concorrono alla formazione del reddito imponibile ai fini dell'imposta sul reddito delle persone fisiche e dell'imposta sul reddito delle società, fino alla definitiva ricostruzione e agibilità dei fabbricati medesimi"
454,"ZFU SISMA CENTRO ITALIA: contributo sotto forma di credito d'imposta in favore delle imprese con sede princpale o unità locale situata nei Comuni delle Regioni Lazio, Umbria, Marche e Abruzzo colpiti dal sisma del 2016 e 2017 in de minimis"
455,Credito d'imposta per nuovi investimenti Mezzogiorno (concesso ai sensi del Reg. UE 651/2014) utilizzabile esclusivamente in compensazione
456,"CREDITO D'IMPOSTA PER INVESTIMENTI SISMA CENTRO ITALIA: estensione del credito d'imposta di cui all'art. 1, c. 98 e ss., della legge n. 208/2015 per investimenti in beni strumentali nuovi destinati a strutture produttive ubicate nelle regioni dell'Italia centrale colpite dagli eventi sismici (Lazio, Umbria, Marche e Abruzzo) nel rispetto dell'art. 108 del TFUE"
457,"CREDITO D'IMPOSTA PER INVESTIMENTI ZES: estensione del credito d'imposta di cui all'art. 1, c. 98 e ss., della legge n. 208/2015 per investimenti in beni strumentali nuovi destinati a strutture produttive ubicate nelle ZES del Mezzorgiorno nel rispetto del Reg. UE 651/2014"
458,"Esenzione dall'imposta di bollo e di registro per le istanze, i contratti e i documenti presentati alla P.A. fino al 31 dicembre 2021 in esecuzione delle ordinanze commissariali per la ricostruzione."
459,"I redditi dei fabbricati, oggetto di ordinanze sindacali di sgombero adottate a seguito del crollo del Ponte Morandi, non concorrono alla formazione del reddito imponibile ai fini dell'imposta sul reddito delle persone fisiche e dell'imposta sul reddito delle società."
460,"I contributi, gli indennizzi e i risarcimenti connessi al crollo, di qualsiasi natura e indipendentemente dalle modalità di fruizione e contabilizzazione, non concorrono alla formazione del reddito imponibile ai fini delle imposte sui redditi e dell'imposta regionale sulle attività produttive per le persone fisiche e giuridiche."
461,Determinazione agevolata del reddito e del valore della produzione netta per le persone fisiche e le imprese - residenti a Campione d'Italia Determinazione agevolata del reddito e del valore della produzione netta per le persone fisiche e le imprese - residenti a Campione d'Italia
462,"I redditi dei fabbricati, ubicati nelle province Campobasso, Catania, purché distrutti od oggetto di ordinanze sindacali di sgombero, in quanto inagibili totalmente o parzialmente, non concorrono alla formazione del reddito imponibile ai fini dell'imposta sul reddito delle persone fisiche e dell'imposta sul reddito delle società, fino alla definitiva ricostruzione e agibilità dei fabbricati medesimi e non oltre l'anno di imposta 2020."
463,"Estensione dell'imposta sostitutiva sui redditi delle persone fisiche titolari di redditi da pensione di fonte estera che trasferiscono la propria residenza fiscale nel Mezzogiorno ai sensi dell'articolo 24-ter del TUIR anche a coloro che trasferiscano la residenza in uno dei comuni interessati da eventi sismici con popolazione non superiore a 3.000 abitanti indicati negli allegati 1, 2 e 2-bis al decreto-legge 17 ottobre 2016, n. 189, convertito, con modificazioni, dalla legge 15 dicembre 2016, n. 229."
464,"Credito d'Imposta per investimenti ZLS: estensione del credito d'imposta di cui all'art. 1, c. 98 e ss., della legge n. 208/2015 per investimenti in beni strumentali nuovi destinati a strutture produttive ubicate nelle ZLS nel rispetto del Reg. UE 651/2014"
465,"Riduzione al 50% delle imposte sui redditi di impresa e dell'imposta regionale sulle attività produttive per le imprese localizzate nel Comune di Campione d'Italia (in regime ""de minimis""). Per il 2020 la maggiorazione si applica previo parere favorevole della Commissione europea, ai sensi dell’articolo 108, comma 3 TFUE, nel quadro del Temporary Framework degli aiuti di Stato nel quadro dell’emergenza."
466,"Credito d'imposta per investimenti nel Comune di Campione d'Italia (da notificare ai sensi dell'articolo 108, paragrafo 3, del TFUE all'autorizzazione della Commissione europea). Per il 2020 la maggiorazione si applica previo parere favorevole della Commissione europea, ai sensi dell’articolo 108, comma 3 TFUE, nel quadro del Temporary Framework degli aiuti di Stato nel quadro dell’emergenza."
467,"Non commercialità delle attività svolte dagli enti associativi - con varie limitazioni sia soggettive che oggettive - in favore degli associati o partecipanti, in conformità alle finalità istituzionali."
468,Per le ONLUS non costituisce esercizio di attività commerciali lo svolgimento delle attività istituzionali nel perseguimento di esclusive finalità di solidarietà sociale. I proventi derivanti dall'esercizio delle attività direttamente connesse non concorrono alla formazione del reddito imponibile.
469,"Facoltà concessa alle persone fisiche che trasferiscono la propria residenza in Italia e che non sono state residenti fiscalmente in Italia per un tempo almeno pari a nove periodi d’imposta nel corso dei dieci precedenti l’esercizio dell’opzione per l’imposta sostitutiva, di optare, per un periodo non superiore a 15 anni, per l’applicazione sui redditi prodotti all’estero, a prescindere dall’importo degli stessi, di un’imposta sostitutiva dell’imposta sui redditi delle persone fisiche forfetaria pari a 100.000 euro per ciascun periodo d’imposta."
470,Opzione per l'imposta sostitutiva per i titolari di redditi da pensione di fonte straniera che trasferiscono la residenza nel Mezzogiorno
471,"Rinvio all'art 15, c. 1, lett. a), lett. g), lett. h), lett. h-bis, lett. i), lett. i-bis, lett. i-quater e lett. i-octies del Tuir"
472,"La norma prevede, per gli enti non commerciali ammessi al regime di contabilità semplificata, la possibilità di optare per la determinazione forfetaria del reddito d'impresa, applicando all'ammontare dei ricavi conseguiti un coefficiente di redditività corrispondente ad una classe determinata in base all'ammontare dei ricavi stessi, ed incrementando l'importo così determinato dei componenti di reddito di cui agli artt. 86, 88, 89 e 90 del TUIR. La norma prevede, per gli enti non commerciali ammessi al regime di contabilità semplificata, la possibilità di optare per la determinazione forfetaria del reddito d'impresa, applicando all'ammontare dei ricavi conseguiti un coefficiente di redditività corrispondente ad una classe determinata in base all'ammontare dei ricavi stessi, ed incrementando l'importo così determinato dei componenti di reddito di cui agli artt. 86, 88, 89 e 90 del TUIR."
473,"Deduzione dal reddito complessivo degli enti non commerciali dei canoni, livelli, censi, ed altri oneri gravanti sui redditi degli immobili che concorrono a formare il reddito complessivo, delle somme corrisposte ai chiamati ad adempiere funzioni presso uffici elettorali e dei contributi, donazioni e oblazioni a favore di organizzazioni non governative fino al 2% del reddito complessivo dichiarato."
474,Il reddito derivante dall'esercizio di attività commerciali svolte in occasione di manifestazioni propagandistiche da partiti politici rappresentati nelle assemblee nazionali o regionali è esente da IRES.
475,"Esclusioni dalla base imponibile degli enti non commerciali dei seguenti proventi: a) fondi pervenuti a seguito di raccolte pubbliche effettuate occasionalmente, in concomitanza di celebrazioni, ricorrenze, campagne di sensibilizzazione; b) contributi corrisposti da amministrazioni pubbliche per lo svolgimento di attività in regime di convenzione o accreditamento, aventi finalità sociali esercitate in conformità alle finalità istituzionali."
476,"Esenzione per i fabbricati di proprietà della Santa Sede indicati negli artt. 13, 14, 15 e 16 del Trattato lateranense"
477,"Credito d’imposta per i procedimenti di negoziazione assistita e arbitrato (cd. incentivo fiscale alla ""degiurisdizionalizzazione"") utilizzabile in compensazione"
478,Regime speciale monofase per i tabacchi lavorati
479,Regime speciale monofase per i fiammiferi
480,Regime speciale monofase per il settore editoriale
481,Regime speciale monofase per le schede telefoniche
482,Regime speciale per le agenzie di viaggio con detraibilità base da base
483,Regime speciale per le attività spettacolistiche semplificazione degli obblighi formali e sostanziali dell'IVA
484,Regime speciale per le vendite all'asta applicazione dell'imposta sul margine
485,"Regime del margine per i beni usati, oggetti d'arte, d'antiquario e da collezione applicazione dell'imposta sul margine"
486,Regime del margine per le auto usate applicazione dell'imposta sul margine
487,"Non assoggettamento ad IVA delle cessioni gratuite di beni di valore inferiore ad euro 50,00"
488,Non assoggettamento ad IVA dei contributi a fondo perduto
489,Non assoggettamento ad IVA delle cessioni di beni relativi alle operazioni e concorsi a premi
490,"Non assoggettamento ad IVA delle prestazioni gratuite di servizi di valore inferiore ad euro 50,00"
491,"Non assoggettamento ad IVA delle operazioni di diffusione di messaggi, rappresentazioni, immagini o comunicazioni di pubblico interesse richieste o patrocinate dallo Stato o da enti pubblici"
492,Non assoggettamento ad IVA delle prestazioni relative agli spettacoli rese ai possessori di titoli per l'accesso gratuito rilasciati dagli organizzatori nel limite massimo del 5 per cento di capienza del locale o da determinati enti nel limite stabilito con provvedimento del Direttore dell'Agenzia delle entrate Non assoggettamento ad IVA delle prestazioni relative agli spettacoli rese ai possessori di titoli per l'accesso gratuito rilasciati dagli organizzatori nel limite massimo del 5 per cento di capienza del locale o da determinati enti nel limite stabilito con provvedimento del Direttore dell'Agenzia delle entrate
493,"Non assoggettamento ad IVA delle cessioni di beni e prestazioni di servizi ai soci, associati o partecipanti effettuate in conformita' alle finalita' istituzionali da associazioni politiche, sindacali e di categoria, religiose, assistenziali, culturali sportive dilettantistiche, di promozione sociale e di formazione extra-scolastica della persona in presenza di determinate condizioni"
494,Non assoggettamento ad IVA delle mense e spacci militari
495,"Non assoggettamento ad IVA dei servizi di controllo qualititativo dei prodotti, compresa l'applicazione di marchi di qualità"
496,Non assoggettamento ad IVA delle cessioni di beni e prestazioni di servizi effettuate in occasione di manifestazioni propagandistiche dai partiti politici
497,"Non assoggettamento ad IVA delle cessioni di beni e prestazioni di servizi poste in essere dalla Presidenza della Repubblica, dal Senato della Repubblica, dalla Camera dei deputati e dalla Corte Costituzionale, nel perseguimento delle proprie finalita' istituzionali"
498,Non assoggettamento ad IVA delle prestazioni sanitarie soggette al pagamento di quote di partecipazione alla spesa sanitaria erogate dalle unita' sanitarie locali e dalle aziende ospedaliere del Servizio sanitario nazionale
499,"Non assoggettamento ad IVA della somministrazione di alimenti e bevande effettuata, presso le sedi delle associazioni di promozione sociale, da bar ed esercizi similari"
500,Non assoggettamento ad IVA delle prestazioni di servizi derivanti dall'attivita' di levata dei protesti esercitata dai segretari comunali
501,Non assoggettamento ad IVA delle prestazioni di vigilanza e custodia rese da guardie giurate
502,Cessioni di beni effettuate nei confronti di esportatori abituali nei limiti del plafond maturato
503,Cessioni di navi destinate alla demolizione
504,Cessioni di navi e di aeromobili ad organi dello Stato
505,"Servizi prestati nei porti, aeroporti e simili nonché quelli resi dagli agenti marittimi raccomandatari"
506,Manipolazioni usuali eseguite nei depositi doganali
507,Esenzione per le operazioni relative alla riscossione dei tributi con pro rata di detraibilità a monte
508,"Esenzione per le cessioni gratuite di beni fatte ad enti pubblici, associazioni riconosciute o fondazioni aventi esclusivamente finalita' di assistenza, beneficenza, educazione, istruzione, studio o ricerca scientifica e alle ONLUS con pro rata di detraibilità a monte"
509,Esenzione per le cessioni gratuite di beni fatte a favore delle popolazioni colpite da calamità naturali con pro rata di detraibilità a monte
510,Esenzione delle prestazioni dei servizi di pompe funebri con pro rata di detraibilità a monte
511,Esenzione delle prestazioni delle compagnie barracellari con pro rata di detraibilità a monte
512,"Versamenti trimestrali senza pagamento di interessi per alcune categorie di contribuenti autorizzati con D.M. (somministrazione di gas, acqua ed energia elettrica)"
513,Versamenti trimestrali senza pagamento di interessi per gli esercenti impianti distribuzione carburante per uso autotrazione
514,Versamenti trimestrali senza pagamento di interessi per gli autotrasportatori cose conto terzi Versamenti trimestrali senza pagamento di interessi per gli autotrasportatori cose conto terzi
515,Versamenti differiti di un trimestre per gli autotrasportatori cose conto terzi
516,Versamenti trimestrali senza pagamento di interessi per i subfornitori
517,"Regime speciale per gli intrattenimenti, i giochi e le altre attività di cui alla tariffa allegata al d.P.R. n. 640/72 Detrazione forfettizzata dell'imposta nella misura del 50%"
518,"Regime speciale per gli intrattenimenti, esteso alle società sportive dilettantistiche che optano per il regime di favore di cui alla legge n. 398/1991 Detrazione forfettizzata dell'imposta nella misura del 50%"
519,"Regime fiscale di vantaggio (nuovi minimi). Per i soggetti rispondenti ai requisiti previsti dalla norma, è prevista l'applicazione di un'imposta sostitutiva dell'imposta sui redditi e delle addizionali regionali e comunali pari al 5%. I contribuenti sono esenti da Irap, non addebitano l'IVA sulle vendite e non hanno diritto alla detrazione per l'IVA sugli acquisti. E' possibile optare per l'applicazione dell'IVA e dell'IRPEF nei modi ordinari. Si applica, per il periodo d'imposta in cui l'attività è iniziata e per i quattro successivi. Il regime è applicabile anche oltre il quarto periodo di imposta successivo, fino al compimento del trentacinquesimo anno di età."
520,"""Nuovo"" regime forfettario agli effetti dell’Iva, dell’Irpef e dell’Irap di determinazione del reddito da assoggettare ad un’unica imposta sostituiva di quelle dovute, con l’aliquota del 15% per le persone fisiche con un limite di ricavi annui diversificati per settore. Estensione del regime ai soggetti con ricavi o compensi fino a 65.000 euro. Con l'articolo 1 della legge n. 160/2019 sono state reintrodotte alcune condizioni di accesso e cause di eclusione che rendono più stringente il regime."
521,"Gli enti non commerciali che esercitano attività di agriturismo di cui alla legge 5 dicembre 1985, n. 730, determinano il reddito imponibile applicando all'ammontare dei ricavi conseguiti con l'esercizio di tale attività, al netto della imposta sul valore aggiunto, il coefficiente di redditività del 25 per cento"
522,Regime di detrazione forfettizzata per le attività di agriturismo
523,"Regime dell'IVA di cassa in base al quale il versamento dell'IVA è differito al momento della riscossione dei corrispettivi, ma comunque non oltre un anno"
524,Esclusione da IVA (assimilaz. A conferimento di ramo d'azienda) degli apporti a fondi immobiliari chiusi di pluralità di immobili prevalentemente locati
525,Esclusione da IVA (assimilaz. a conferimento di ramo d'azienda) degli apporti a SIIQ e SIINQ di pluralità di immobili prevalentemente locati
526,Le note di variazione in diminuzione ai fini Iva in caso di assoggettamento a procedure concorsuali del debitore possono essere emesse solo in presenza di procedure rimaste infruttuose al fine di alleggerire il peso dell'anticipazione finanziaria dell'IVA
527,"Per le operazioni concernenti il settore del credito è prevista l'applicazione dell'imposta sostitutiva in luogo delle imposte di registro, di bollo, ipotecaria e catastale e tassa sulle concessioni governative"
528,Riduz. imposta di registro all'1% per trasferim. abitazioni esenti da IVA nei confronti di società immobiliari
529,Imposta di registro in misura ridotta del 4% per atti di conferimento di fabbricati a destinazione commerciale e di aree su cui costruire detti fabbricati
530,Imposte di registro e ipocatastali in misura fissa su riscatto dell'immobile concesso in leasing
531,"Esenzione da imposta di registro e formalità di registrazione contratti di assicurazione e riassicurazione, ricevute e quietanze Esenzione da imposta di registro e formalità di registrazione contratti di assicurazione e riassicurazione, ricevute e quietanze"
532,"Trasferimenti a favore dello Stato, regioni , province , comuni, enti pubblici, alcuni associazioni e fondazioni, ONLUS, movimenti e partiti politici nonché a condizione di reciprocità enti pubblici, fondazioni ed associazioni esteri"
533,"Formalità di trascrizione, iscrizione, rinnovazione, annotazione e volture eseguite nell'interesse dello Stato, ovvero relative ai trasferimenti a favore di regioni , province , comuni, enti pubblici, alcuni associazioni e fondazioni, ONLUS, movimenti e partiti politici nonché a condizione di reciprocità enti pubblici, fondazioni ed associazioni esteri"
534,"Esenzione dalle tasse sulle concessioni governative le licenze rilasciate a dipendenti civili dello Stato, a norma dell’articolo 74 del regolamento di pubblica sicurezza nonché alle persone comprese nelle categorie, individuate a norma dell’art. 7, comma"
535,Imposta in misura fissa per la registrazione volontaria atti non assoggettati all'obbligo della registrazione indicati nella Tabella per i quali la predetta registrazione viene volontariamente richiesta
536,Esenzione delle liberalità indirette risultanti da atti di trasferimento soggetti a registrazione
537,"Riduzione di imposta per: successioni apertesi entro 5 anni da altre successioni; beni immobili culturali non sottoposti a vincolo anteriormente all'apertura della successione; fondi rustici devoluti al coniuge e parenti prossimi di valore non superiore a lire 200 milioni; immobili o parti di immobili adibiti all'esercizio dell'impresa e devoluti al coniuge e/o parenti prossimi; aziende, quote di società di persone o beni strumentali ubicate in comuni montani e trasferiti al coniuge e/o parenti prossimi."
538,Applicazione imposte ipotecaria e catastale in misura fissa per gli atti di fusione o di scissione di società di qualunque tipo e di atti di conferimento di aziende o di complessi aziendli relativi a singoli rami di impresa.
539,Applicazione imposte ipotecaria e catastale in misura fissa per gli atti di regolarizzazione di società di fatto derivanti da comunione ereditaria di azienda registrati entro un anno dall'apertura della successione
540,"Esenzione dall’imposta di bollo 1. Gli atti e provvedimenti del processo penale; 2. Gli atti e provvedimenti del processo civile, e tributario, compresa la procedura concorsuale e di volontaria giurisdizione, e del processo amministrativo, nonché delle pubblico impiego soggetti al contributo unificato; 3. Le copie autentiche, comprese quelle esecutive, degli atti e dei provvedimenti, purchè richieste dalle parti processuali."
541,Esenzione da imposta di Bollo e ogni altra spesa tassa o diritto per documenti e provvedimenti relativi al procedimento di mediazione
542,"Esenzione dall'imposta di registro per il verbale del procedimento di mediazione entro il limite di valore di 50.000 euro, l'imposta è dovuta per la parte eccedente"
543,"Estratti conto comunicazione relativi al deposito titoli, comunicazioni da banca a cliente sui cc postali e bancari"
544,La tabella Individua gli atti esenti dall'imposta
545,"Esenti dall'imposta di bollo le dichiarazioni sostitutive comprovanti stati, qualità personali e fatti"
546,Esente da imposta di bollo l'autenticazione di fotografie per documenti personali Esente da imposta di bollo l'autenticazione di fotografie per documenti personali
547,"Misura fissa delle imposte di registro , ipotecaria e catastale per gli atti di liquidazione del patrimonio immobilare ( fondi immobiliari)"
548,Misure sui trasferimenti del personale diplomatico e consolare
549,Misure soggette a specifiche condizioni
550,"Gratuità delle trascrizioni, iscrizioni , cancellazione dei pignoramenti mobiliari ed immobiliari richieste dal concessionario della riscossione"
551,"Ai traferimenti di beni mobili non registrati la cui vendita è curata dai concessionari , l'imposta di rgistro si applica nella misura fissa ridotta pari a dieci euro"
552,"Esenzione da bolli, imposte e spese per le procedure di recupero crediti professionali del difensore d'ufficio. Per quanto riguarda l'imposta di bollo, ora confluita nella esenzione dal contributo unificato"
553,"Esenzione da tasse di bollo, di registro e altre imposte per i provvedimenti di restituzione delle terre a comuni, liquidazione di usi civici, legittimazioni, assegnazioni e atti dei procedimenti di cui alla legge 1766 del 1927"
554,Esenzione da tributi per il procedimento semplificato di cancellazione dell'ipoteca
555,Esenzione dalle imposta sostitutiva di cui all'art. 17 del D.P.R. n. 601 del 1973 ed esenzione dalle imposte di cui all'art. 15 del medesimo D.P.R. per le operazioni di portabilità del mutuo
556,"Misure concernenti le cessioni di beni relativi ad attività produttive dismesse, effettuate gratuitamente nei confroni di enti locali territoriali, enti pubblici, ASI e altri, nonchè successive cessioni gratuite"
557,Esenzione per la registrazione e la trascrizione dei provvedimenti comunali di accorpamento al demanio stradale delle porzioni di terreno utilizzate ad uso pubblico disposto in sede di revisione catastale
558,"Esenzione dalle imposte e tributi per i trasferimenti effettuati dai Comuni, dalle Province e da consorzi fra tali enti a favore di Aziende speciali o società a capitale interamente pubblico di cui al comma 13 dell'art. 113"
559,"Esenzione da imposte e tributi per le cessioni a favore di Infrastrutture spa, operazioni di finanziamento, provvedimenti, contratti, trasferimenti e formalità, ivi comprese le garanzie prestate, surroghe, sostituzioni, postergazioni, frazionamenti e cancellazioni"
560,"Esenzione da imposte e tributi per le operazioni di cartolarizzazione del patrimonio immobiliare pubblico, tutti gli atti, contratti e trasferimenti posti in essere per il relativo perfezionamento, nonché formalità connesse"
561,"Esenzione da imposte e tributi per gli atti, contratti, trasferimenti, prestazioni, e formalità relative a oerazioni di raccolta e impiego effettuate dalla gestione separata della CDP spa, ivi comprese le garanzie prestate"
562,Esenzione da imposte e da tributi per i trasferimenti di immobili dei Comuni a fondazioni o società di cartolarizzazione o ad associazioni per la valorizzazione del patrimonio immobiliare
563,"Esenzione da diritti e compensi di cui alla legge 17.07.1951, n. 575 per servizi catastali richiesti/erogati nei confronti di Regioni, Province, Comuni, Enti di beneficienza Esenzione da diritti e compensi di cui alla legge 17.07.1951, n. 575 per servizi catastali richiesti/erogati nei confronti di Regioni, Province, Comuni, Enti di beneficienza"
564,Esenzione da diritti catastali per atti e documenti relativi alla procedura di espropriazione per causa di pubblica utilità promossa dalle amministrazioni dello Stato e da enti pubblici
565,"Rilascio in carta libera e senza applicazione di tassa o diritti sulle copie, sui certificati, sugli estratti a favore di varie categorie di soggetti"
566,Rilascio gratuito delle visure ipotecarie ai concessionari e loro incaricati
567,Esenzione dalle tasse ipotecarie per le operazioni nell'interesse dello Stato
568,Esenzione da spese e diritti per le richieste dati e notizie ed elementi rilevanti agli uffici pubblici competenti ai fini dell'accertamento e liquidazione dell'ICI
569,"Misure a favore di società cooperative edilizie di abitazione e loro consorzi - Atti costitutivi e modificativi; atti, documenti registi relativi alle operazioni previste dagli statuti."
570,Rilascio gratuito visure ed estrazione copie richieste dagli agenti della riscossione di dati atti riguardanti beni dei debitori iscritti a ruolo e i coobbligati
571,"Imposta di registro in misura fissa in caso di registrazione per gli atti costitutivi dei fondi , il rimborso delle quote ed altre operazioni ."
572,"Imposte di registro, ipotecaria e catastale in misura fissa per gli apporti ai fondi immobiliari chiusi disciplinati dall'artixcolo 37 del Dlgs n. 58 del 1998 e dall'articolo 14 bis della legge n. 86 del 1994."
573,"Esenzione da imposte di bollo , di registro, e dalle concessioni governative per gli atti costitutivi e modificativi e per gli atti di ammissione e recesso soci , di nomina e accettazione delle cariche sociali e per gli atti di variazione del capitale sociale che non abbiano obbligo di registrazione . ART. 7: esenzione dall'imposta per le successioni o donazioni a favore delle cooperative sociali e riduzione ad un quarto delle imposte ipotecarie e catastali dovute a seguito della stipula dei contratti di mutuo, di acquisto o di locazione relativi ad immobili destinati all'esercizio dell'attività sociale (ONLUS)"
574,Esenzione da imposta di bollo e dalla tassa sulle concessioni governative ( ONLUS)
575,"Esenzione dalle imposte di registro, ipotecaria e catastale e bollo su atti e provvedimenti in esecuzione dei piani di ricomposizione e riordino fondiario promossi da regioni, province, comuni e comunità montane"
576,Imposta di registro in misura fissa ed esenzione dalle imposte ipotecaria e catastale per gli atti di trasferimento della proprietà delle aree da parte degli enti locali
577,"Riduzione aliquota allo 0,05 per cento (dal 7,5 per cento) per le navi immatricolate in Italia"
578,Rideterminazione dei valori dei terreni e delle partecipazioni non quotate posseduti alla data del 1 gennaio 2018 Rideterminazione dei valori dei terreni e delle partecipazioni non quotate posseduti alla data del 1 gennaio 2018
579,Rideterminazione dei valori dei terreni e delle partecipazioni non quotate posseduti alla data del 1 gennaio 2019
580,Rideterminazione dei valori dei terreni e delle partecipazioni non quotate posseduti alla data del 1º gennaio 2020.
581,Rideterminazione dei valori dei terreni e delle partecipazioni non quotate posseduti alla data del 1º luglio 2020.
582,"Credito d'imposta esercenti impianti carburante (riconosciuto nel rispetto delle condizioni e dei limiti del de minimis) per le transazioni effettuate, a partire dal 1° luglio 2018, tramite sistemi di pagamento elettronico mediante carte di credito, debito o prepagate."
583,Credito d'imposta adeguamento tecnologico per invio corrispettivi
584,Credito d'imposta su pagamenti elettronici riconosciuto (nel rispetto del de minimis) in relazione alle cessioni di beni e alle prestazioni di servizi effettuate a decorrere dal 1° luglio 2020 ed utilizzabile in compensazione
585,"Detrazione, nella misura del 19 %, dei canoni e degli oneri accessori relativi a contratti di locazione finanziaria di unità immobiliari da adibire ad abitazione principale, per un importo non superiore a 8.000 euro annui; detrazione, nella misura del 19%, del costo di riscatto a fronte dell’esercizio dell’opzione finale, per un importo non superiore a 20.000 euro. Tali detrazioni spettano a giovani di età non superiore a 35 anni con reddito complessivo non superiore a 55,000 €. Gli importi sui quali sono calcolate le detrazioni sono dimezzati con riferimento ai giovani di età superiore a 35 anni."
586,Detrazione per l'iscrizione annuale/abbonamento per i ragazzi di età compresa tra i 5 e i 18 anni ad associazioni sportive palestre piscine etc individuate con apposito decreto
587,Detrazione per erogazioni liberali in denaro a favore delle società ed associazioni sportive dilettantistiche
588,Possibilità di optare per un regime fiscale agevolato per le associazioni sportive non aventi scopo di lucro
589,Estensione delle disposizioni tributarie riguardanti le associazioni sportive dilettantistiche anche alle società sportive dilettantistiche costituite in società di capitali senza fine di lucro
590,La norma estende alle associazioni senza scopo di lucro ed alle pro-loco le disposizioni a favore delle associazioni sportive dilettantistiche di cui alla L. n. 398/1991. La norma estende alle associazioni senza scopo di lucro ed alle pro-loco le disposizioni a favore delle associazioni sportive dilettantistiche di cui alla L. n. 398/1991.
591,"Non concorrono a formare il reddito imponibile, per un numero di eventi complessivamente non superiore a 2 per anno e per un importo non superiore al limite annuo fissato con DM: a) i proventi realizzati nello svolgimento di attività commerciali connesse agli scopi istituzionali; b) i proventi realizzati tramite raccolta pubblica di fondi, in conformità all’art. 143, c. 3, lett. a)"
592,"La pubblicità realizzata negli impianti utilizzati per manifestazioni sportive dilettantistiche con capienza inferiore ai 3.000 posti si considera occasionale, ai fini dell’imposta sugli spettacoli, sugli intrattenimenti (art. 7-octies, DL 7/2005) e dell’imposta sulla pubblicità (art.1, c. 128, L. 266/2005)"
593,"Ai dipendenti pubblici possono essere riconosciute esclusivamente le indennità e i rimborsi di cui all’art. 67, c. 1, lett. m) del Tuir"
594,"Estensione delle disposizioni tributarie riguardanti le associazioni sportive dilettantistiche (legge 16 dicembre 1991, n. 398) alle associazioni bandistiche e cori amatoriali, filodrammatiche, di musica e danza popolare"
595,"Credito d'imposta per l'ammodernamento impianti di calcio in favore delle società appartenenti alla Lega di serie B, alla Lega Pro e alla Lega nazionale dilettanti che hanno beneficiato della mutualità (riconosciuto nel rispetto del de minimis) da attuare con DPCM di concerto MEF"
596,Credito d'imposta Sport-Bonus
597,"Non concorrenza alla fomazione del reddito imponibile ai fini Irpef degli emolumenti percepiti dagli atleti e dagli altri membri della famiglia olimpica, non fiscalmente residenti in Italia, in relazione alle prestazioni rese in occasione dei Giochi Olimpici"
598,I redditi di lavoro dipendente e assimilati derivanti dagli emolumenti corrisposti dal Comitato Organizzatore concorrono alla formazione del reddito complessivo limitatamente al 60% del loro ammontare negli anni dal 2021 al 2023; limitatamente al 30% del loro ammontare negli anni dal 2024 al 2026
599,"Non concorrenza alla formazione del reddito ai fini Irpef di una indennità pari a 600 euro per i mesi di aprile e maggio 2020 a favore dei lavoratori impiegati con rapporti di collaborazione presso il Comitato Olimpico Nazionale (CONI), il Comitato Italiano Paralimpico (CIP), le federazioni sportive nazionali, le discipline sportive associate, gli enti di promozione sportiva, riconosciuti dal Comitato Olimpico Nazionale (CONI) e dal Comitato Italiano Paralimpico (CIP), le società e associazioni sportive dilettantistiche, di cui all'art. 67, comma 1, lettera m), del TUIR, già attivi alla data del 23 febbraio 2020."
600,"Marina resort: le strutture organizzate per la sosta e il pernottamento di turisti all'interno delle proprie unità da diporto ormeggiate nello specchio acqueo appositamente attrezzato, secondo i requisiti stabiliti dal MIT, sentito il MIBACT, rientrano nelle strutture ricettive all'aria apertacona applicazione dell'aliquota IVA del 10%dal 1° gennaio 2016"
601,"Per il periodo d’imposta 2020, è riconosciuto un credito a favore dei nuclei familiari con un ISEE non superiore a 40.000 euro per il pagamento dei servizi offerti in ambito nazionale dalle imprese turistico ricettive. Il beneficio è diversificato a seconda della composizione del nucleo familiare. Il credito è fruibile per il 20 per cento sotto forma di detrazione d'imposta in sede di dichiarazione dei redditi e per l'80 per cento come sconto sul corrispettivo dovuto, anticipato dal fornitore presso il quale i servizi sono fruiti e da quest'ultimo recuperato sotto forma di credito d'imposta."
602,"Esenzione dall'imposta di bollo per le domande di nuove concessioni per l'occupazione di suolo pubblico ovvero di ampliamento delle superfici già concesse, presentate dal 1° maggio e fino al 31 ottobre 2020. Esenzione dall'imposta di bollo per le domande di nuove concessioni per l'occupazione di suolo pubblico ovvero di ampliamento delle superfici già concesse, presentate dal 1° maggio e fino al 31 ottobre 2020. Descrizione"
