n,descrizione_clean
1,"Dall'imposta lorda si detrae un importo pari al 19 per cento degli interessi passivi e relativi oneri accessori pagati in dipendenza a di prestiti e mutui agrari di ogni specie, nei limiti dei redditi dei terreni dichiarati"
2,"Reddito dominicale pari a zero in caso di perdita, per eventi naturali, di almeno il 30% del prodotto ordinario del fondo rustico preso a base per la formazione delle tariffe d'estimo"
3,Reddito agrario pari a zero nelle ipotesi di cui all'art. 31 TUIR
4,"Impiego dei prodotti energetici nei lavori agricoli e assimilati (orticoltura, allevamento, silvicoltura, apicoltura, piscicoltura e florovivaistica) - Applicazione di un'aliquota pari al 22 % di quella normale per il gasolio e al 49 % di quella normale per la benzina (uso carburanti). Esenzione per gli oli vegetali non modificati chimicamente"
5,Esenzione dall'accisa sui carburanti per il prosciugamento e la sistemazione dei terreni allagati nelle zone colpite da alluvione
6,Esenzione dall'accisa sui carburanti per il sollevamento delle acque allo scopo di agevolare la coltivazione dei fondi rustici sui terreni bonificati
7,Regime speciale IVA per i produttori agricoli - detrazione forfetizzata
8,"Gli atti di trasferimento a titolo oneroso di terreni agricoli a favore di coltivatori diretti ed IAP, dei proprietari di masi chiusi nonche' le operazioni fondiarie operate attraverso l'ISMEA sono soggetti alle imposte di registro ed ipotecaria nella misura fissa ed all'imposta catastale nella misura dell'1 per cento."
9,"Attività agricole connesse: detrazione forfettizzata dell'imposta nella misura del 50% Imprenditori agricoli che effettuano cessioni di beni e forniture di servizi ai sensi dell'art. 2135, terzo comma, del codice civile"
10,Non assoggettamento ad IVA delle cessioni di terreni non edificabili
11,Innalzamento al 10% delle percentuali di compensazione di detrazione dell'IVA applicabili a taluni prodotti dei settori lattiero-caseario
12,"Innalzamento delle percentuali di compensazione di detrazione dell'IVA applicabili alle cessioni di legno e legna da ardere al 6,4%"
13,"Applicazione dell’aliquota IVA ridotta del 5 per cento, ai tartufi freschi o refrigerati e l'applicazione dell’aliquota IVA ridotta del 10 per cento ai tartufi congelati, essiccati o preservati immersi in acqua salata, solforata o addizionata di altre sostanze atte ad assicurare temporaneamente la conservazione, ma non preparati per il consumo immediato."
14,"Allo svolgimento dell'attività dienotursmo e oleoturismo si applica la detrazione forfettaria nella misura del 50% delle operazioni imponibili, prevista dall' all'articolo 5 della legge 30 dicembre 1991, n. 413 per l'attività di agriturismo. L'agevolazione si applica solo ai produttori agricoli di cui agli articoli 295 e seguenti della direttiva 2006/112/CE."
15,"All’attività oleoturistica, ai fini delle imposte dirette, si applicano le disposizioni sull’agriturismo di cui all’articolo 5, comma 1, della legge n. 413/1991, che prevedono la determinazione del reddito imponibile in base all’applicazione del coefficiente di redditività del 25% all’ammontare dei ricavi conseguiti nell’esercizio di tale attività, al netto dell’Iva."
16,Regime di detrazione forfettizzata per le attività di agriturismo
17,"La norma prevede che per l'anno 2021 le percentuali di compensazione IVA, di cui all'articolo 34, comma 1, del decreto del Presidente della Repubblica 26 ottobre 1972, n. 633, applicabili alle cessioni di animali vivi della specie bovina e suina sono fissate nella misura del 9,5%. A partire dal 2016 e fino al 2020, le percentuali di compensazione applicabili alle cessioni di animali vivi della specie bovina e della specie suina sono state fissate con provvedimenti annuali, rispettivamente, nella misura del 7, 65% e del 7, 95% (la percentuale di forfettizzazione ordinaria è fissata nella misura dell 7 % per le cessioni di animali vivi della specie bovine e del 7,3% per le cessioni di animali vivi della specie suina)."
18,"Per fronteggiare gli effetti economici derivanti dall’emergenza epidemiologica da COVID-19, alle cessioni di animali vivi ceduti per l’attività venatoria si applica l’aliquota IVA ridotta prevista per le cessioni di animali vivi destinati all’alimentazione umana. In particolare si applica l’aliquota IVA del 10% di cui alla tabella A, parte III, numero 7), allegata al decreto del Presidente della Repubblica 26 ottobre 1972, n. 633 e l’aliquota IVA di compensazione per la detrazione del 7,30 % di cui alla tabella A, parte I, numero 4). Per fronteggiare gli effetti economici derivanti dall’emergenza epidemiologica da COVID-19, alle cessioni di animali vivi ceduti per l’attività venatoria si applica l’aliquota IVA ridotta prevista per le cessioni di animali vivi destinati all’alimentazione umana. In particolare si applica l’aliquota IVA del 10% di cui alla tabella A, parte III, numero 7), allegata al decreto del Presidente della Repubblica 26 ottobre 1972, n. 633 e l’aliquota IVA di compensazione per la detrazione del 7,30 % di cui alla tabella A, parte I, numero 4)."
19,"Determinazione forfetaria del reddito imponibile e dell'Iva per le associazioni sindacali e di categoria operanti nel settore agricolo relativamente alle attività di assistenza rese agli associati. Le associazioni sindacali e di categoria operanti nel settore agricolo per l'attività di assistenza fiscale resa agli associati determinano il reddito imponibile applicando all'ammontare dei ricavi il coefficiente di redditività del 9 per cento e determinano l'imposta sul valore aggiunto riducendo l'imposta relativa alle operazioni imponibili in misura pari a un terzo del suo ammontare, a titolo di detrazione forfettaria dell'imposta afferente agli acquisti ed alle importazioni."
20,"Possibilità per le società di persone e le società a responsabilità limitata, costituite da imprenditori agricoli, che esercitano esclusivamente le attività dirette alla manipolazione, conservazione, trasformazione, commercializzazione e valorizzazione di prodotti agricoli ceduti dai soci, di determinare il reddito applicando all'ammontare dei ricavi il coefficiente di redditività del 25 per cento."
21,"Possibilità per le società di persone, le società a responsabilità limitata e le società cooperative che rivestono la qualifica di società agricola ai sensi dell'articolo 2 del decreto legislativo 29 marzo 2004, n. 93 di optare per la determinazione catastale del reddito, ex aticolo 32 del Tuir."
22,"Modifiche in favore del settore agricolo: - modifica dei criteri per l'individuazione delle attività agricole ""connesse"" comunque produttive di reddito agrario di cui all'art. 32, comma 2, lettera c) del Tuir. Rinvio alle attività di cui al terzo comma dell'art. 2135 del c.c. e previsione di un decreto del Ministro dell'economia e delle finanze per l'individuazione dei beni che possono essere oggetto delle attività agricole ""connesse""; - nuovo articolo 56-bis del Tuir relativo alle modalità, opzionali e, di determinazione del reddito delle ""altre attività agricole""; 2-bis) - articolo 71, comma del Tuir relativo all'applicazione dei coefficienti di redditività di cui all'articolo 56- bis del Tuir per la determinazione dei redditi derivanti dalle attività commerciali non esercitate abitualmente poste in essere dai soggetti che svolgono le attività di cui all'articolo 32 del Tuir eccedenti i limiti di cui al comma 2, lettera c)."
23,Regime speciale IVA : esonero dal versamento dell’IVA e da tutti gli adempimenti documentali e contabili per i produttori agricoli con volume d’affari non superiore a 7.000 Euro.
24,Assoggettamento ad IVA dei conferimenti alle cooperative dei prodotti agricoli dei soci differito al momento del pagamento del prezzo
25,"Sugli atti relativi alle locazioni di fondi rustici l'imposta di registro si applica nella misura ridotta dello 0,50%"
26,"Le successioni e le donazioni riguardanti l'azienda agricola a favore di ascendenti o discendenti coltivatori diretti di età inferiore a quaranta anni sono esenti dall'imposta sulle successioni e donazioni, dall'imposta catastale, dall'imposta di bollo e sono soggette all'imposta ipotecaria in misura fissa."
27,"I premi sui contratti di assicurazione a favore di soci di consorzi, associazioni e cooperative agricole sono esenti dall'imposta sulle assicurazioni."
28,Gli atti di trasferimento di terreni in zone montane fatti a scopo di arrotondamento o di accorpamento di proprieta' diretto-coltivatrici sono soggetti a imposte di registro e ipotecaria in misura fissa e sono esenti da imposta catastale
29,Per gli anni dal 2017 al 2021 i redditi dominicali e agrari dei coltivatori diretti e degli imprenditori agricoli professionali iscritti nella previdenza agricola non concorrono alla formazione della base imponibile Irpef
30,"Applicazione di un'imposta sostitutiva in misura fissa pari a euro 100 ai redditi derivanti dallo svolgimento, in via occasionale, da parte delle persone fisiche, delle attività di raccolta di prodotti selvatici non legnosi . Tale attività si intende svolta in via occasionale se i corrispettivi percepiti dalla vendita del prodotto non superano il limite annuo di euro 7.000"
31,"Estensione della disciplina fiscale propria dei titolari dell'impresa agricola ai familiari coadiuvanti, appartenenti al medesimo nucleo familiare, che risultano iscritti nella gestione assistenziale e previdenziale agricola quali coltivatori diretti"
32,"Credito d'imposta a sostegno del made in Italy di cui all'articolo 3, comma 1, del decreto-legge n. 91 del 2014 (applicabile nel de minimis) concesso alle reti di imprese agricole e agroalimentari, anche costituite in forma cooperativa o riunite in consorzi o aderenti ai disciplinari delle “strade del vino” per le annualità dal 2021 al 2023. Il credito d’imposta è concesso in misura pari al 40% per la realizzazione e l'ampliamento delle infrastrutture informatiche destinate al potenziamento del commercio elettronico, nel limite di 5 milioni di euro per ciascuno degli anni 2021, 2022 e 2023. Credito d'imposta a sostegno del made in Italy di cui all'articolo 3, comma 1, del decreto-legge n. 91 del 2014 (applicabile nel de minimis) concesso alle reti di imprese agricole e agroalimentari, anche costituite in forma cooperativa o riunite in consorzi o aderenti ai disciplinari delle “strade del vino” per le annualità dal 2021 al 2023. Il credito d’imposta è concesso in misura pari al 40% per la realizzazione e l'ampliamento delle infrastrutture informatiche destinate al potenziamento del commercio elettronico, nel limite di 5 milioni di euro per ciascuno degli anni 2021, 2022 e 2023."
33,"Riduzione dell'accisa sul gas naturale impiegato negli usidi cantiere, nei motori fissi e nelle operazioni di campo per la coltivazione di idrocarburi"
34,Esenzione dall'accisa sull'energia elettrica prodotta da impianti di gasificazione
35,Esenzione dall'accisa sui prodotti energetici impiegati per la produzione di magnesio da acqua di mare
36,Riduzione dell'accisa sul GPL utilizzato negli impianti centralizzati per usi industriali
37,Riduzione dell'accisa sul GPL impiegato come carburante per gli autobus urbani ed extraurbani adibiti al servizio pubblico
38,Riduzione dell'accisa su combustibili (gasolio e gas naturale) e carburanti (benzina e gasolio) impiegati dalle Forze armate nazionali
39,Esenzione dell'accisa su combustibili (GPL) e carburanti (GPL e gas naturale) impiegati dalle Forze armate nazionali
40,"Esenzione dall'accisa sui tabacchi denaturati e usati a fini industriali od orticoli, distrutti sotto sorveglianza amministrativa, destinati esclusivamente a prove scientifiche ed a prove relative alla qualità dei prodotti, riutilizzati dal produttore."
41,Non sottoposizione ad accisa delle miscele gassose di origine biologica destinate agli usi propri del soggetto che le produce
42,"Esenzione dall'accisa per l'alcool e le bevande alcoliche impiegati come campioni per analisi, per prove di produzione necessarie o a fini scientifici"
43,Esenzione dall'accisa per l'alcool e le bevande alcoliche utilizzati nella fabbricazione di un componente non soggetto ad accisa
44,Determinazione forfettaria dell’accisa sull’alcool etilico prodotto da piccoli alambicchi
45,"Non sottoposizione ad accisa per l'energia elettrica impiegata negli aeromobili, nelle navi, negli autoveicoli, purchè prodotta a bordo con mezzi propri, esclusi gli accumulatori, nonché quella prodotta da gruppi elettrogeni mobili in dotazione alle forze armate dello Stato ed ai corpi ad esse assimilati"
46,Non sottoposizione ad accisa per l'energia elettrica prodotta con gruppi elettrogeni azionati da gas metano biologico
47,"Non sottoposizione ad accisa per l'energia elettrica prodotta da piccoli impianti generatori comunque azionati, purchè la loro potenza disponibile non sia superiore a 1 kW, nonché prodotta da officine elettriche costituite da gruppi elettrogeni di soccorso aventi potenza disponibile complessiva non superiore a 200 kW"
48,Esenzione dall'accisa sull'energia elettrica prodotta con fonti rinnovabili in impianti con potenza superiore a 20 kW per autoconsumo
49,"Esclusione, dal campo di applicazione dell’accisa, dell’energia elettrica prodotta con impianti azionati da fonti rinnovabili, aventi potenza non superiore a 20 kW"
50,Credito d’imposta sulle reti di teleriscaldamento alimentato con biomassa ed energia geotermica
51,Esenzione dall'accisa sull'energia elettrica impiegata nelle ferrovie
52,Energia elettrica impiegata nell'esercizio delle linee di trasporto urbano ed interurbano - Esenzione dall'accisa
53,Esenzione dall'accisa sull'energia elettrica impiegata nelle abitazioni di residenza con potenza fino a 3 kW fino a 150 kwh di consumo mensile
54,"I commi sono volti a concedere, per una durata di sei anni, previa autorizzazione del Consiglio dell’Unione Europea, l’applicazione di aliquote ridotte di accisa per il comune di Campione d’Italia."
55,"Pagamento dell'accisa con un canone forfetario per le forniture di energia elettrica ""a cottimo"" (piccole forniture) Pagamento dell'accisa con un canone forfetario per le forniture di energia elettrica ""a cottimo"" (piccole forniture)"
56,Pagamento dell'accisa sull'energia elettrica con canone annuo di abbonamento (per l’energia elettrica ottenuta da officine non fornite di misuratori)
57,"Pagamento dell'accisa sull'energia elettrica con canone annuo di abbonamento (energia elettrica ottenuta da impianti di produzione combinata di energia elettrica e calore, con potenza disponibile non superiore a 100 kW non forniti di misuratori)"
58,"Esenzione dall'imposta di consumo per gli oli lubrificanti impiegati nella produzione e nella lavorazione della gomma naturale e sintetica per la fabbricazione dei relativi manufatti, nella produzione delle materie plastiche e delle resine artificiali o sintetiche, comprese le colle adesive, nella produzione degli antiparassitari per le piante da frutta"
59,Riduzione dell'accisa sul gas naturale impiegato per usi industriali da soggetti che registrano consumi superiori a 1.200.000 mc annui
60,L'imposta di registro si applica nella misura ridotta del 4% per gli atti di conferimento societari di immobili strumentali
61,"Applicazione dell'imposta sulle assicurazioni in luogo dell'imposta di registro sui contratti di assicurazione e riassicurazione, ricevute e quietanze"
62,Applicazione delle imposte ipotecaria e catastale in misura fissa per gli atti di fusione o discissione di società di qualunque tipo e per gli atti di conferimento di aziende o di complessi aziendli relativi a singoli rami di impresa.
63,Applicazione delle imposte ipotecaria e catastale in misura fissa per gli atti di regolarizzazione di società di fatto derivanti da comunione ereditaria di azienda registrati entro un anno dall'apertura della successione
64,"Le imposte di registro, ipotecaria e catastale si applicano in misura fissa agli atti di liquidazione del patrimonio immobilare di pertinenza dei fondi immobiliari chiusi"
65,"Esenzione dalle imposte di registro, bollo, ipotecaria e catastale per i trasferimenti di beni mobili e immobili riguardanti le reti effettuati dai Comuni, dalle Province e da consorzi a favore di aziende speciali o di società a capitale interamente pubblico"
66,"Le cessioni a favore della società Infrastrutture Spa, e tutti i provvedimenti, atti, contratti, trasferimenti, prestazioni e formalita' inerenti alle cessioni sono esenti dalle imposte di registro, bollo, ipotecarie e catastali"
67,"Per l'insieme degli apporti immobiliari nei fondi immobiliari chiusi e delle eventuali successive retrocessioni si applica un'imposta sostitutiva fissa in luogo delle imposte di registro, ipotecaria e catastale"
68,"Imposte di registro, ipotecaria e catastale in misura fissa per gli apporti ai fondi immobiliari chiusi"
69,"Il soggetto beneficiario di una operazione straordinaria può ottenere il riconoscimento fiscale, in tutto o in parte, dei maggiori valori attribuiti in bilancio all’avviamento, ai marchi di impresa e alle altre attività immateriali, mediante assoggettamento ad imposta sostitutiva di cui al comma 2-ter dell’art. 176, con l’aliquota del 16%. E', inoltre, possibile riallineare i minori valori fiscali ai maggiori valori contabili relativi ad attività diverse dalle immobilizzazioni materiali e immateriali (attivo circolante e immobilizzazioni finanziarie), assoggettando i maggiori valori a tassazione con aliquota ordinaria, separatamente dall’imponibile complessivo. I maggiori valori assoggettati ad imposta sostitutiva si considerano riconosciuti fiscalmente a partire dall’inizio del periodo d’imposta nel corso del quale è versata l’imposta sostitutiva. L'agevolazione è applicabile anche ai maggiori valori delle partecipazioni di controllo, iscritti in bilancio a seguito dell'operazione a titolo di avviamento, marchi d'impresa e altre attivita' immateriali."
70,"Esenzione dei redditi di capitale da partecipazione ai fondi di venture capital (FVC), ossia i fondi comuni d'investimento che investono almeno l'85 per cento dei capitali raccolti in società non quotate nella fase di sperimentazione, di costituzione, di avvio dell'attività o di sviluppo del prodotto."
71,"Estensione del regime dei titoli di Stato alle obbligazioni e altri titoli di debito emessi dalle società di cui all'articolo 185 del D.Lgs. 18 aprile 2016, n. 50, recante codice dei contratti pubblici (c.d. project bond)."
72,Non concorre a formare il reddito imponibile delle società cooperative e dei loro consorzi la quota del 90 per cento degli utili netti annuali destinata a riserva minima obbligatoria. Non concorre a formare il reddito imponibile delle società cooperative e dei loro consorzi la quota del 90 per cento degli utili netti annuali destinata a riserva minima obbligatoria.
73,"Le somme di cui all'articolo 3, comma 2, lettera b), della legge 142/2001 e all'articolo 12 del decreto del Presidente della Repubblica 601/1973 destinate ad aumento del capitale delle società cooperative non concorrono a formare il reddito imponibile"
74,"Applicazione di una ritenuta a titolo d'imposta, con aliquota pari al 26 per cento, sugli interessi corrisposti ai soci persone fisiche delle cooperative e di loro consorzi, che non soddisfano i requisiti di piccole e micro imprese di cui alla raccomandazione 2003/361/CE del 6 maggio 2003 (c.d. interessi su prestito sociale)."
75,"Imposta sostitutiva sui maggiori valori attribuiti in bilancio agli elementi dell’attivo costituenti immobilizzazioni materiali e immateriali. Per le operazioni straordinarie (fusioni, scissioni, conferimenti di aziende) di cui agli articoli 172, 173 e 176 del TUIR, l’art. 176, comma 2-ter, del TUIR, prevede che, in alternativa al regime di neutralità fiscale, sia possibile optare per l’applicazione, in tutto o in parte, sui maggiori valori attribuiti in bilancio agli elementi dell’attivo costituenti immobilizzazioni materiali e immateriali, incluso l’avviamento, di un’imposta sostitutiva. Misura dell'imposta sostitutiva: 12% fino a 5 milioni di euro; 14% da 5 milioni di euro e fino a 10 milioni di euro; 16% sulla parte che eccede i 10 milioni di euro."
76,Per le società cooperative e loro consorzi sono ammesse in deduzione dal reddito le somme ripartite tra i soci sotto forma di restituzione di una parte del prezzo dei beni e servizi acquistati o di maggiore compenso per i conferimenti effettuati.
77,"Non concorrono al reddito imponibile delle cooperative le somme destinate alle riserve indivisibili, a condizione che sia esclusa la possibilità di distribuirle tra i soci, sia durante la vita dell'ente che all'atto del suo scioglimento. Tale norma non si applica alle cooperative a mutualità prevalente: a) per la quota del 20% degli utili netti delle cooperative agricole; b) per la quota del 40% degli utili netti delle altre cooperative; c) per la quota del 65% degli utili netti delle società cooperative di consumo. La limitazione non si applica alle cooperative sociali. Per le cooperative NON a mutualità prevalente la detassazione è limitata al 30% degli utili netti annuali (23% per coop di consumo, dal 2015), a condizione che tale quota sia destinata ad una riserva indivisibile prevista dallo statuto."
78,"Sono esenti da IRES i redditi conseguiti da società cooperative agricole e loro consorzi mediante l'allevamento di animali con mangimi ottenibili per almeno un quarto dai terreni dei soci nonché mediante la manipolazione, conservazione, valorizzazione, trasformazione e alienazione di prodotti agricolie zootecnicie di animali conferiti prevalentemente dai soci. I redditi conseguiti dalle cooperative della piccola pesca e dai loro consorzi sono esenti da IRES. Tali esenzioni non operano limitatamente al 20% degli utili netti annuali."
79,"I redditi conseguiti dalle società cooperative di produzione e lavoro, limitatamente al reddito imponibile derivante dall'indeducibilità dell'imposta regionale sulle attività produttive, sono esenti da IRES se l'ammontare delle retribuzioni effettivamente corrisposte ai soci non è inferiore al cinquanta per cento dell'ammontare complessivo di tutti gli altri costi; se l'ammontare delle retribuzioni è inferiore al cinquanta per cento ma non al venticinque per cento dell'ammontare complessivo degli altri costi l'imposta sul reddito delle persone giuridiche e l'imposta locale sui redditi sono ridotte alla metà"
80,"Applicazione di una ritenuta a titolo d'imposta del 12,5 per cento sulle somme destinate ad aumento di capitale a favore dei soci persone fisiche della cooperative (c.d. ristorni)."
81,"Esenzione applicazione della ritenuta a titolo d'imposta sugli utili percepiti da OICR di diritto estero conformi alla direttiva 2009/65/CE del Parlamento europeo e del Consiglio, del 13 luglio 2009, e a OICR, non conformi alla citata direttiva 2009/65/CE, il cui gestore sia soggetto a forme di vigilanza nel Paese estero nel quale è istituito ai sensi della direttiva 2011/61/UE del Parlamento europeo e del Consiglio, dell'8 giugno 2011, istituiti negli Stati membri dell'Unione europea e negli Stati aderenti all'Accordo sullo spazio economico europeo che consentono un adeguato scambio di informazioni ."
82,"Conferimenti immobili in SIIQ; SIINQ e Fondi immobiliari Imposta sostitutiva con aliquota del 20% per le plusvalenze realizzate all’atto del conferimento di immobili e di diritti reali su immobili: - in SIIQ; - in SIINQ; - in fondi comuni di investimento immobiliare istituiti ai sensi dell’articolo 37 del testo unico di cui al decreto legislativo 24 febbraio 1998, n. 58 (comma 140, art. 1 L. 296/2006)."
83,"Imposta d’ingresso nel regime SIIQ e SIINQ relativa agli immobili posseduti dalla società alla data di chiusura dell’ultimo esercizio in regime ordinario. L’ingresso nel regime speciale SIIQ e SIINQ comporta il realizzo a valore normale degli immobili, nonché dei diritti reali su immobili destinati alla locazione, posseduti dalla società alla data di chiusura dell’ultimo esercizio in regime ordinario. L’importo complessivo delle plusvalenze così realizzate, al netto di eventuali minusvalenze, è assoggettato a imposta sostitutiva con l’aliquota del 20 %. Imposta d’ingresso nel regime SIIQ e SIINQ relativa agli immobili posseduti dalla società alla data di chiusura dell’ultimo esercizio in regime ordinario. L’ingresso nel regime speciale SIIQ e SIINQ comporta il realizzo a valore normale degli immobili, nonché dei diritti reali su immobili destinati alla locazione, posseduti dalla società alla data di chiusura dell’ultimo esercizio in regime ordinario. L’importo complessivo delle plusvalenze così realizzate, al netto di eventuali minusvalenze, è assoggettato a imposta sostitutiva con l’aliquota del 20 %."
84,"Tassazione sugli utili corrisposti da SIIQ o SIINQ agli azionisti mediante ritenuta con aliquota ridotta pari al 15 per cento in relazione alla parte dell’utile di esercizio riferibile a contratti di locazione di immobili ad uso abitativo stipulati ai sensi dell'articolo 2, comma 3, della legge 9 dicembre 1998, n. 431. La ritenuta è applicata a titolo d’acconto, nei confronti di: a) imprenditori individuali, se le partecipazioni sono relative all'impresa commerciale; b) società in nome collettivo, in accomandita semplice ed equiparate, società ed enti indicati nelle lettere a) e b) del comma 1 dell'articolo 73 del Tuir, e stabili organizzazioni nel territorio dello Stato delle società e degli enti di cui alla lettera d) del predetto articolo 73, comma 1. La ritenuta è applicata a titolo d'imposta in tutti gli altri casi."
85,Deduzione forfetaria dal reddito di impresa a favore degli esercenti impianti di distribuzione carburante
86,"Tonnage tax: regime di determinazione del reddito dei soggetti di cui all'art. 73, comma 1, lettera a), del TUIR, derivante dall'utilizzo delle navi indicate nell'art. 8-bis, comma 1, lett. a), del D.P.R. n. 633/1972, iscritte nel registro internazionale di cui al D.L. n. 457/1997, convertito, con modificazioni, dalla L. n. 30/1998. Il regime è opzionale e comporta la determinazione del reddito in via forfetaria secondo i criteri previsti dall'art. 156 del TUIR (notifica ai sensi dell'art. 108 del TFUE)"
87,"I versamenti effettuati ai Fondi mutualistici per la promozione e lo sviluppo della cooperazione di cui all'art. 11, comma 1, della L. n. 59/1992, effettuati dai soggetti di cui all'art. 73, comma 1, lett. a) del TUIR sono esenti da imposte e sono deducibili, nei limiti del 3%, dalla base imponibile del soggetto che effettua l'erogazione."
88,Il reddito derivante dall'utilizzo di navi iscritte nel registro internazionale concorre in misura pari al 20% a formare il reddito complessivo ai fini IRES e IRPEF; (notifica ai sensi dell'art. 108 del TFUE)
89,"Non concorrono a formare il reddito imponibile ai fini delle imposte dirette le quote di utili destinate ad aumento gratuito del capitale sociale, anche in deroga ai limiti massimi di partecipazione, purché nei limiti della variazione dell'indice dei prezzi al consumo accertata dall'Istat. (de minimis per coop di consumo)"
90,"Previsione di un’imposta sostitutiva, con l'aliquota del 19%, delle imposte sui redditi sulle plusvalenze derivanti da conferimenti o cessioni di beni o aziende a favore dei Centri di assistenza fiscale (CAF)."
91,"Imposta sostitutiva dei fondi immobiliari chiusi - Le società di gestione del risparmio, relativamente ai fondi comuni d’investimento immobiliare già istituiti nel settembre 2001, possono assoggettare ad imposta sostitutiva IRES del 25% il reddito relativo alla gestione di ciascun fondo."
92,"I proventi dei fondi di garanzia di cui alle leggi n. 454/1961 e n. 1068/1964, e al decreto-legge n. 976/1966, convertito nella L. n. 1142/1966, derivanti da contributi a fondo perduto, periodici o una volta tanto, dello Stato o di altri enti, nonché quelli derivanti dalle somme che le aziende e istituti di credito trattengono sui finanziamenti assistiti da garanzie e versati successivamente ai fondi, non concorrono a formare il reddito dei fondi stessi, ai fini IRES, a condizione che il loro ammontare venga integralmente destinato a costituire o incrementare un fondo di garanzia."
93,"Procedura accelerata di ammortamento dei beni mobili registrati con costo ammortizzabile ai fini fiscali non inferiore a 10 anni ed equipaggio di almeno 6 persone qualora siano concessi in locazione finanziaria con obbligo di acquisto, da un Gruppo europeo di interesse economico (GEIE) o da una società per azioni o a responsabilità limitata per le quali sia stata esercitata l'opzione prevista dall'articolo 115, comma 4, del Tuir (trasparenza fiscale), ad un'impresa che li destini all'esercizio della propria attività abituale. Esclusione dall’applicazione delle disposizioni di cui all'articolo 102, commi 1, 2, 3 e 7, del Tuir."
94,"Deduzione forfetaria per spese non documentate (per un importo pari a determinate percentuali dell’ammontare dei ricavi) a favore degli intermediari, dei rappresentanti di commercio e degli esercenti attività di somministrazione di pasti e bevande e di prestazioni alberghiere (di cui al co. 1 dell’art. 1 del DM 13 ottobre 1979). Deduzione forfetaria per spese non documentate (per un importo pari a determinate percentuali dell’ammontare dei ricavi) a favore degli intermediari, dei rappresentanti di commercio e degli esercenti attività di somministrazione di pasti e bevande e di prestazioni alberghiere (di cui al co. 1 dell’art. 1 del DM 13 ottobre 1979)."
95,Deduzione forfetaria per spese non documentate in base ai viaggi effettuati dagli esercenti autotrasporto c/terzi di minori dimensioni. Previsto un importo unico di deduzione forfetaria per i trasporti effettuati personalmente dall’imprenditore oltre i confini del Comune in cui ha sede l’impresa. Per i trasporti personalmente effettuati dall’imprenditore nell’ambito del Comune ove ha sede l’impresa viene prevista una deduzione pari al 35 per cento dell’importo spettante in caso di trasporto fuori Comune
96,Esenzione dall'Ires del reddito d'impresa derivante dall'attività di locazione immobiliare. Esenzione dall’Irap della quota del valore della produzione proporzionalmente corrispondente al rapporto tra i componenti positivi imputabili alla gestione esente rilevanti ai fini Irap e l’ammontare complessivo dei componenti positivi rilevanti agli stessi effetti.
97,"Incentivi all'investimento in start-up innovative. (notifica ai sensi dell'art. 108 del TFUE). Dall'imposta lorda sul reddito delle persone fisiche si detrae un importo pari al 30% della somma investita dal contribuente nel capitale sociale di una o più start-up innovative direttamente ovvero per il tramite di organismi di investimento collettivo del risparmio che investano prevalentemente in start-up innovative. L'investimento massimo detraibile non può eccedere, in ciascun periodo d'imposta, l'importo di euro 1.000.000 e deve essere mantenuto per almeno tre anni. Non concorre alla formazione del reddito dei soggetti passivi dell'imposta sul reddito delle società, diversi da imprese start-up innovative, il 30% della somma investita nel capitale sociale di una o più start-up innovative direttamente ovvero per il tramite di organismi di investimento collettivo del risparmio o altre società che investano prevalentemente in start-up innovative. L'investimento massimo deducibile non può eccedere, in ciascun periodo d'imposta, l'importo di euro 1.800.000 e deve essere mantenuto per almeno tre anni."
98,"Incentivi in «de minimis» all'investimento in start-up innovative. In alternativa a quanto previsto dall'art. 29 del D.L. n. 179 del 2012, dall'imposta lorda sul reddito delle persone fisiche si detrae un importo pari al 50 per cento della somma investita dal contribuente nel capitale sociale di una o piu' start-up innovative direttamente ovvero per il tramite di organismi di investimento collettivo del risparmio che investano prevalentemente in start-up innovative. L'investimento massimo detraibile non puo' eccedere, in ciascun periodo d'imposta, l'importo di euro 100.000 e deve essere mantenuto per almeno tre anni."
99,"Incentivi all'investimento in PMI innovative. (notifica ai sensi dell'art. 108 del TFUE) L'articolo 29 del D.L. n. 179/2012 si applica alle PMI innovative nel rispetto delle condizioni e dei limiti previsti dagli Orientamenti sugli aiuti di Stato destinati a promuovere gli investimenti per il finanziamento del rischio, di cui alla comunicazione 2014/C 19/04 della Commissione, del 22 gennaio 2014."
100,"Incentivi in «de minimis» all'investimento in PMI innovative . Dall'imposta lorda sul reddito delle persone fisiche si detrae un importo pari al cinquanta per cento della somma investita dal contribuente nel capitale sociale di una o piu' PMI innovative direttamente ovvero per il tramite di organismi di investimento collettivo del risparmio che investano prevalentemente in PMI innovative; la detrazione si applica alle sole PMI innovative iscritte alla sezione speciale del Registro delle imprese al momento dell'investimento. L'investimento massimo detraibile non puo' eccedere, in ciascun periodo d'imposta, l'importo di euro 300.000 e deve essere mantenuto per almeno tre anni. La detrazione in esame spetta prioritariamente rispetto alla detrazione di cui all’ articolo 29 del decreto- legge 18 ottobre 2012, n. 179, convertito, con modificazioni, dalla legge 17 dicembre 2012, n. 221, e fino all’ ammontare di investimento di cui al periodo precedente. Sulla parte di investimento che eccede tale limite è fruibile esclusivamente la detrazione di cui al citato articolo 29 del decreto-legge n. 179 del 2012 nei limiti del regolamento (UE) n. 1407/2013 della Commissione, del 18 dicembre 2013."
101,"Esenzione tassazione capital gain realizzati dalla cessione a titolo oneroso di partecipazioni in imprese start up innovative, acquisite mediante sottoscrizione di capitale sociale."
102,"Esenzione tassazione capital gain realizzati dalla cessione a titolo oneroso di partecipazioni in PMI innovative, acquisite mediante sottoscrizione di capitale sociale."
103,Esenzione tassazione capital gain realizzati dalla cessione a titolo oneroso di partecipazioni qualora il ricavato venga investito in start up innovative o PMI innovative mediante sottoscrizione di capitale sociale.
104,"Rientrano tra i soggetti per i quali l’Ires è ridotta alla metà di cui all’art. 6 del D.P.R. n. 601/1973, gli enti aventi le stesse finalità sociali degli Iacp, istituiti nella forma di società (con personalità giuridica) che rispondono ai requisiti della legislazione UE in materia di “in house providing” e che siano costituiti e operanti alla data del 31/12/13. Per tali soggetti è stato inoltre stabilito che non si considerano contributi o liberalità, e pertanto non sono sopravvenienze attive ai sensi dell’art. 88 del Tuir, i finanziamenti erogati dallo Stato, dalle Regioni e dalle Province autonome per la costruzione, ristrutturazione e manutenzione straordinaria e ordinaria di immobili di edilizia residenziale pubblica."
105,"Sono deducibili le somme corrisposte, anche su base volontaria, a consorzi cui le imprese aderiscono ottemperando a obblighi di legge, indipendentemente dal trattamento contabile e purché utilizzate agli scopi dei consorzi. Le medesime somme sono deducibili dall’IRAP. Tali disposizioni si applicano dall’esercizio in corso al 31/12/15. Sono deducibili le somme corrisposte, anche su base volontaria, a consorzi cui le imprese aderiscono ottemperando a obblighi di legge, indipendentemente dal trattamento contabile e purché utilizzate agli scopi dei consorzi. Le medesime somme sono deducibili dall’IRAP. Tali disposizioni si applicano dall’esercizio in corso al 31/12/15."
106,"I maggiori o minori valori derivanti dalla riduzione o conversione di azioni disposta dalla Banca d'Italia per il risanamento o risoluzione di enti creditizi e delle imprese di investimento, disciplinata dal D.lgs. n. 180/2015 non concorrono a formare il reddito imponibile ai fini delle imposte dirette, né a formare la base imponibile Irap del soggetto che ha emesso gli strumenti stessi. I maggiori o minori valori derivanti dal cd. bail in, (ossia dalla misura di risoluzione delle banche che prevede la riduzione o la conversione in capitale dei diritti degli azionisti e dei creditori), nonché i conferimenti del Fondo di risoluzione e le somme corrisposte dal sistema di garanzia dei depositanti nel corso della procedura di risoluzione, non concorrono alla formazione del reddito imponibile ai fini Ires, per la parte che eccede le perdite pregresse e di periodo, né alla base imponibile Irap dell’ente sottoposto a risoluzione. In tale ipotesi non si applicano gli ordinari limiti di riportabilità delle perdite; rilevano anche le perdite trasferite al consolidato nazionale, non ancora utilizzate."
107,"Nel caso in cui siano adottate azioni di risoluzione bancaria la trasformazione in credito d'imposta delle attività per imposte anticipate relative ai componenti negativi di cui al co. 55 dell'art. 2 del D.L. n. 225/2010, iscritte nella situazione contabile di riferimento dell'ente sottoposto a risoluzione decorre dalla data di avvio della risoluzione e opera sulla base dei dati della medesima situazione contabile. Con decorrenza dal periodo d'imposta in corso alla data di avvio della risoluzione non sono deducibili i componenti negativi corrispondenti alle attività per imposte anticipate trasformate in credito d'imposta ."
108,Escluse dalle sopravvenienze attive i versamenti effettuati dal fondo di risoluzione agli enti ponte.
109,"La cessione di diritti, attività e passività di una banca sottoposta a risoluzione a un ente ponte non costituisce realizzo di plusvalenze o minusvalenze ai fini Ires e Irap. I beni ricevuti dall'ente ponte sono valutati fiscalmente in base agli ultimi valori fiscali riconosciuti in capo all'ente cedente. Dalla data in cui ha effetto la cessione l'ente ponte subentra nella posizione dell'ente sottoposto a risoluzione in ordine ai diritti, attività o passività oggetto di cessione, incluse la deduzione o la tassazione dei componenti di reddito dell'ente sottoposto a risoluzione già imputati a conto economico e non ancora dedotti o tassati dallo stesso alla data della cessione, e nelle deduzioni derivanti da opzioni di riallineamento dell'avviamento e di altre attività immateriali esercitate dall'ente sottoposto a risoluzione. Le perdite dell'ente sottoposto a risoluzione sono portate in diminuzione del reddito dell'ente ponte."
110,"Irrilevanza fiscale dei contributi volontari percepiti da soggetti sottoposti a procedure di crisi o che sono stati sottoposti a procedure di crisi nei 24 mesi antecedenti alla data in cui hanno ricevuto il contributo. Inserimento comma 3 bis all'art. 88 del Tuir. Non costituiscono sopravvenienze attive, in quanto escluse, i contributi percepiti a titolo di liberalità dai soggetti sottoposti ad alcune procedure concorsuali, alle procedure di crisi di cui all'art. 20 del D.lgs. n. 180/2015 (dissesto o rischio di dissesto bancario), alla procedura di amministrazione straordinaria di cui all'art. 70 e ss. del D.lgs. n. 385/1993."
111,"Credito d'imposta a favore delle imprese armatoriali. (notifica ai sensi dell'art. 108 del TFUE) in misura corrispondente all'imposta sul reddito delle persone fisiche dovuta sui redditi di lavoro dipendente e di lavoro autonomo corrisposti al personale di bordo imbarcato sulle navi iscritte nel Registro internazionale, da valere ai fini del versamento delle ritenute alla fonte relative a tali redditi."
112,"Estensione dei benefici di cui all'art. 4, commi 1 e 2, D.L. n. 457/1997, nel limite dell'80%, alle imprese che esercitano la pesca costiera, nonché alle imprese che esercitano la pesca nelle acque interne e lagunari corrispondenti all'imposta sul reddito delle persone fisiche dovuta sui redditi di lavoro dipendente e di lavoro autonomo corrisposti al personale di bordo imbarcato sulle navi iscritte nel Registro internazionale, da valere ai fini del versamento delle ritenute alla fonte relative a tali redditi. Il reddito derivante dall'utilizzazione di navi iscritte nel Registro internazionale concorre in misura pari al 20% a formare il reddito complessivo assoggettabile all'imposta sul reddito delle persone fisiche e all'imposta sul reddito delle persone giuridiche. L'art. 2, comma 2, L n. 203/2008 stabilizza a regime detto beneficio a decorrere dal periodo d'imposta 2009."
113,"Estensione dei benefici di cui all'art. 4, commi 1 e 2, del D.L. n. 457/1997, alle imprese che esercitano la pesca oltre gli stretti e, nel limite del 70%, a quelle che esercitano la pesca mediterranea."
114,"Credito d’imposta assunzione di lavoratori detenuti. In particolare, sono previsti i seguenti due crediti d'imposta: 1) un credito d'imposta mensile a favore delle imprese che assumono per un periodo di tempo non inferiore a 30 giorni lavoratori detenuti o internati ovvero ammessi al lavoro all'esterno, o che svolgono attività formative nei loro confronti, nella misura massima di 700 euro per ogni lavoratore assunto; 2) un credito d'imposta mensile a favore delle imprese che assumono, per un periodo di tempo non inferiore a 30 giorni, detenuti semiliberi provenienti dalla detenzione, o che svolgono effettivamente attività formative nei loro confronti, nella misura massima di 350 euro per ogni lavoratore assunto. Credito d’imposta assunzione di lavoratori detenuti. In particolare, sono previsti i seguenti due crediti d'imposta: 1) un credito d'imposta mensile a favore delle imprese che assumono per un periodo di tempo non inferiore a 30 giorni lavoratori detenuti o internati ovvero ammessi al lavoro all'esterno, o che svolgono attività formative nei loro confronti, nella misura massima di 700 euro per ogni lavoratore assunto; 2) un credito d'imposta mensile a favore delle imprese che assumono, per un periodo di tempo non inferiore a 30 giorni, detenuti semiliberi provenienti dalla detenzione, o che svolgono effettivamente attività formative nei loro confronti, nella misura massima di 350 euro per ogni lavoratore assunto."
115,Credito d’imposta a favore delle farmacie pubbliche e private per acquisto di software certificato da utilizzare per la trasmissione dei dati delle ricette mediche in misura pari a 250 euro.
116,"Credito d'imposta per la realizzazione di nuove opere infrastrutturali, la cui progettazione definitiva sia approvata entro il 31 dicembre 2016, di importo superiore a 50 milioni di euro mediante l'utilizzazione di contratti di partenariato pubblico-privato."
117,"Misure di compensazione fiscale previste per il finanziamento di opere infrastrutturali, da realizzare o in corso di affidamento, con contratti di partenariato pubblico privato. La delibera del CIPE n. 1/2013 ha definito le linee guida per l’applicazione delle misure agevolative. Le predette misure fiscali sono alternative al credito d’imposta di cui all’art. 33, DL n. 179/2012."
118,"Credito d'imposta commisurato all'indennità corrisposta ai soggetti abilitati a svolgere la mediazione con un massimo di 500 euro. In caso di insuccesso della mediazione, il credito d'imposta è ridotto della metà."
119,"Riduzione nella misura del 50 per cento dei redditi di lavoro dipendente e di lavoro autonomo prodotti in Italia. L'agevolazione spetta a decorrere dal periodo d'imposta del trasferimento della residenza in Italia e per i quattro periodi d’imposta successivi. Dal periodo d'imposta 2019 ai soggetti che a decorrere dal 30 aprile 2019 trasferiscono la residenza fiscale in Italia e risultano beneficiari del regime per i lavoratori impatriati di cui all'art. 16 del D.Lgs n. 147 del 2015 l'agevolazione, estesa anche alle persone fisiche titolari di reddito d'impresa, consiste nella riduzione dell'imponibile nella misura del 70 per cento. Sono previste, inoltre, a determinate condizioni, ulteriori agevolazioni per il quinquennio successivo al primo. I soggetti che siano stati iscritti all'Anagrafe degli italiani residenti all'estero o che siano cittadini di Stati membri dell'Unione europea, che hanno già trasferito la residenza prima dell'anno 2020 e che alla data del 31 dicembre 2019 risultano beneficiari del regime previsto dall'articolo 16 del D.Lgs n. 147/2015 possono optare per l'applicazione delle agevolazioni relative al quinquiennio successivo al primo previo pagamento di di un importo pari al 10% o al 5% - a seconda dei requisiti posseduti - dei redditi agevolati relativi all’annualità precedente a quella di esercizio dell’opzione."
120,Gli atti di trasferimento della proprietà o di concessione del diritto di superficie relativi alle aree da destinare a insediamenti produttivi sono soggetti all'imposta fissa di registro e sono esenti da imposta ipotecaria.
121,"Proroga super ammortamento (maggiorazione del costo acquisto del 40% - 30% dal 2018 - ai fini della determinazione delle quote di ammortamento) con esclusione delle autovetture. Per gli investimenti effettuati dal 1° aprile 2019 fino al 31 dicembre 2019 la maggiorazione del costo di acquisto è pari al 30%. È stato differito dal 30/6/20 al 31/12/20 il termine per la consegna del bene strumentale, il cui ordine era stato comunque accettato entro il 31/12/19 ed era stato pagato un acconto pari al 20%, al fine di ottenere il riconoscimento la maggiorazione del costo ai fini del calcolo delle quote di ammortamento cd. “Superammortamento” di cui all’art. 1 del D.L. n. 34/2019."
122,"Proroga e ampliamento dell'iperammortamento (maggiorazione del 150% anzichè del 40%) per taluni investimenti altamente tecnologici in chiave industria 4,0 effettuati tra il 1º gennaio e il 31 dicembre 2019, ovvero entro il 31 dicembre 2020 a condizione che entro la data del 31 dicembre 2019 il relativo ordine risulti accettato dal venditore e sia avvenuto il pagamento di acconti in misura almeno pari al 20% del costo di acquisizione del costo di acquisizione e introduzione del super ammortamento (maggiorazione del 40%) per i relativi software applicativi interconnessi. Per gli investimenti effettuati nel 2019 la maggiorazione si applica nella misura del 170% - 100% e 50% a seconda dell'importo dell'investimento effettuato; per i relativi software applicativi interconnessi. è confermata la maggiorazione del 40%."
123,"Agevolazione fiscale a favore delle casse previdenziali titolari di investimenti qualificati di cui all'articolo 1, comma 89, della legge 11 dicembre 2016, n. 232. Esenzione per i redditi di natura finanziaria prodotti dagli investimenti qualificati"
124,"Agevolazione fiscale a favore delle forme di previdenza complementare titolari di investimenti qualificati di cui all'articolo 1, comma 89, della legge 11 dicembre 2016, n. 232. Esenzione per i redditi di natura finanziaria prodotti dagli investimenti qualificati"
125,Agevolazione fiscale a favore dei fondi pensione esteri istituiti negli Stati membri dell’Unione europea e negli Stati aderenti all’Accordo sullo spazio economico europeo inclusi nella white list. Esenzione per i redditi di natura finanziaria prodotti dagli investimenti qualificati
126,Agevolazione in materia di piani individuali di risparmio a lungo termine. Esenzione per i redditi di natura finanziaria prodotti dagli investimenti qualificati conferiti nei PIR Agevolazione in materia di piani individuali di risparmio a lungo termine. Esenzione per i redditi di natura finanziaria prodotti dagli investimenti qualificati conferiti nei PIR
127,Agevolazione in materia di piani individuali di risparmio a lungo termine dedicati alle piccole e medie imprese. Esenzione per i redditi di natura finanziaria prodotti dagli investimenti qualificati conferiti nei PIR-PMI.
128,Credito d'imposta in favore dei titolari dei PIR-PMI che realizzo minusvalenze derivanti dagli strumenti finanziari detenuti nel piano di risparmio.
129,"Detrazione del 30 per cento della somma investita dal contribuente nel capitale sociale di una o più società, incluse le società cooperative, che abbiano acquisito la qualifica di impresa sociale da non più di 5 anni. L'investimento massimo detraibile non può eccedere, in ciascun periodo d'imposta, l'importo di euro 1.000.000 e deve essere mantenuto per almeno cinque anni."
130,"Agevolazione fiscale a favore delle casse previdenziali che investono nei piani individuali di risparmio di cui all'articolo 1, comma 102, della legge 11 dicembre 2016, n. 232."
131,Agevolazione fiscale a favore delle casse previdenziali che investono nei piani di risparmio a lungo termine dedicati alle piccole e medie imprese. Esenzione per i redditi di natura finanziaria prodotti dagli investimenti qualificati conferiti nei PIR-PMI.
132,"Agevolazione fiscale a favore delle forme di previdenza complementare che investono nei piani individuali di risparmio di cui all'articolo 1, comma 102, della legge 11 dicembre 2016, n. 232."
133,Agevolazione a favore delle forme di previdenza complementare che investono nei piani individuali di risparmio a lungo termine dedicati alle piccole e medie imprese. Esenzione per i redditi di natura finanziaria prodotti dagli investimenti qualificati conferiti nei PIR-PMI.
134,"La disposizione consente alle cooperative agricole e loro consorzi la possibilità di rivalutare i beni mobili e immobili, ai sensi dell'art. 1, comma 697 della legge n. 160 del 2019, senza assolvere le imposte sostitutive fino a concorrenza delle perdite fiscali pregresse riportate a nuovo nel limite del 70% del loro ammontare. Tali perdite non potranno più essere utilizzate in diminuzione del reddito ai sensi dell'articolo 84 del TUIR. L’efficacia della misura è subordinata all’autorizzazione della Commissione europea. Il maggior valore attribuito ai beni in sede di rivalutazione si considera riconosciuto ai fini delle imposte sui redditi e dell'Irap a decorrere dal terzo esercizio (2022) successivo a quello con riferimento al quale la rivalutazione è stata eseguita."
135,"La disposizione prevede la possibilità per le imprese di rivalutare, con valenza solo contabile, i beni materiali e immateriali, con esclusione di quelli alla cui produzione e al cui scambio è diretta l’attività d’impresa, nonché le partecipazioni in società controllate e collegate ai sensi dell’art. 2359 del codice civile costituenti immobilizzazioni, risultanti dal bilancio dell'esercizio in corso al 31 dicembre 2019. Il maggior valore attribuito ai beni in contabilità per effetto della rivalutazione può, tuttavia, essere riconosciuto anche ai fini fiscali a decorrere dall’esercizio successivo a quello con riferimento al quale la rivalutazione è stata eseguita mediante il versamento di un'imposta sostitutiva delle imposte sui redditi e dell'imposta regionale sulle attività produttive e di eventuali addizionali nella misura del 3 per cento per i beni ammortizzabili e non ammortizzabili."
136,"La disposizione consente di riallineare, ai sensi dell’art. 14 della legge n. 342/2000, le divergenze tra valori contabili e fiscali dell’avviamento e delle altre attività immateriali già risultanti dal bilancio dell’esercizio in corso al 31/12/19. Il maggior valore attribuito ai beni può essere riconosciuto, ai fini IRES e IRAP, a decorrere dall’esercizio successivo a quello con riferimento al quale il riallineamento è stato eseguito, mediante il versamento di un’imposta sostitutiva del 3% per i beni ammortizzabili e non ammortizzabili. Il saldo attivo del riallineamento deve essere accantonato in apposita riserva che può̀ essere affrancata, in tutto o in parte, con l’applicazione in capo alla società̀ di un’imposta sostitutiva dell’IRES e dell’IRAP e di eventuali addizionali nella misura del 10%."
137,"Credito d'imposta a favore di imprese, lavoratori autonomi ed enti non commerciali che effettuano investimenti pubblicitari incrementali sulla stampa quotidiana e periodica e sulle emittenti televisive e radiofoniche locali (nel rispetto del de minimis), utilizzabile esclusivamente in compensazione. Per gli anni 2020, 2021 e 2022 il predetto credito d'imposta spetta sul valore degli investimenti effettuati in misura pari al 50% (e non più sui soli investimenti incrementali)."
138,"Trattamento tributario delle operazioni poste in essere nell’ambito della liquidazione coatta amministrativa di Banca Popolare di Vicenza S.p.A. e di Veneto Banca S.p.A. La disposizione consente l'utilizzo da parte del cessionario, dei crediti d’imposta generati dalla trasformazione delle imposte differite attive (DTA), ai sensi dell’articolo 2, commi 55-56-ter, del DL n. 225/2010. Inoltre, viene assicurato al cedente e al cessionario la neutralità fiscale dell’operazione prevedendo, altresì, la continuità fiscale per quei componenti negativi o positivi di reddito la cui deducibilità/tassazione è sospesa in virtù dell’applicazione di norme fiscali nonché il trasferimento al cessionario dei diritti relativi all’utilizzo delle perdite. Viene prevista, infine, l’irrilevanza fiscale dei finanziamenti dello Stato. Trattamento tributario delle operazioni poste in essere nell’ambito della liquidazione coatta amministrativa di Banca Popolare di Vicenza S.p.A. e di Veneto Banca S.p.A. La disposizione consente l'utilizzo da parte del cessionario, dei crediti d’imposta generati dalla trasformazione delle imposte differite attive (DTA), ai sensi dell’articolo 2, commi 55-56-ter, del DL n. 225/2010. Inoltre, viene assicurato al cedente e al cessionario la neutralità fiscale dell’operazione prevedendo, altresì, la continuità fiscale per quei componenti negativi o positivi di reddito la cui deducibilità/tassazione è sospesa in virtù dell’applicazione di norme fiscali nonché il trasferimento al cessionario dei diritti relativi all’utilizzo delle perdite. Viene prevista, infine, l’irrilevanza fiscale dei finanziamenti dello Stato."
139,"Credito d'imposta per le spese di formazione nel settore delle tecnologie 4.0, riconosciuto, nel rispetto del Reg. UE 651/2014 (art. 31) utilizzabile esclusivamente in compensazione, attuato con decreto del MISE di concerto MEF e MLPS. In particolare, il credito d'imposta è riconosciuto: - per le piccole imprese, in misura pari al 50% delle spese ammissibili e nel limite massimo annuale di 300.000 euro; - per le medie imprese, in misura pari al 40% delle spese ammissibili e nel limite massimo annuale di 250.000 euro. - per le grandi imprese, in misura pari al 30% delle spese ammissibili e nel limite massimo annuale di 250.000 euro. La misura del credito d'imposta è comunque aumentata per tutte le imprese, fermi restando i limiti massimi annuali, al 60% nel caso in cui i destinatari delle attività di formazione ammissibili rientrino nelle categorie dei lavoratori dipendenti svantaggiati o molto svantaggiati, come definite dal decreto del Ministro del lavoro e delle politiche sociali 17 ottobre 2017."
140,"Credito d'imposta per le spese di consulenza sostenute fino al 31 dicembre 2021 per la quotazione delle PMI, riconosciuto nella misura del 50% e concesso nel rispetto del Reg. UE 651/2014 (art. 18) utilizzabile esclusivamente in compensazione, attuato con decreto del MISE di concerto MEF"
141,"Ai fini delle imposte dirette, all’attività enoturistica si applicano le medesime disposizioni dell’agriturismo di cui all’art. 5, comma 1, della legge n. 413/1991 sull’agriturismo. Quindi, per quanto concerne le imposte dirette, i soggetti - diversi da società di capitali ed enti commerciali (art. 73 co. 1, lett. a) e b) del Tuir) - determinano il reddito imponibile applicando all'ammontare dei ricavi conseguiti con l'esercizio di tale attività, al netto dell’Iva, il coefficiente di redditività del 25%."
142,"Riduzione di accisa sul gasolio impiegato come carburante per l'autotrasporto merci ed altre categorie di trasporto passeggeri. (L'agevolazione deve intendersi come prosecuzione dell'art. 6, c. 2, D. Lgs 26/2007). Con la modifica apportata all'articolo 24-ter dalla predetta Legge di Bilancio 2020 sono esclusi dal predetto beneficio, con decorrenza 1° ottobre 2020, anche i veicoli appartententi alla categoria euro 3 e, a decorrere dal 1° gennaio 2021, anche i veicoli di categoria euro 4."
143,"Riduzione del 40 per cento dell’aliquota di accisa sulla birra prodotta nei birrifici di cui all’articolo 2, comma 4- bis, della legge 16 agosto 1962, n. 1354, aventi una produzione annua non superiore a 10'000 ettolitri."
144,"Riduzione al 30% dell'aliquota di accisa sui prodotti energetici diversi dal gas naturale impiegati per la produzione di forza motrice con motori fissi, utilizzati all'interno di delimitati stabilimenti industriali, agricolo-industriali, laboratori, cantieri di ricerche di idrocarburi e di forze endogene e cantieri di costruzione e azionamento di macchine impiegate nei porti, non ammesse alla circolazione su strada, destinate alla movimentazione di merci per operazioni di trasbordo"
145,I maggiori o i minori valori derivanti dall'attuazione di specifiche previsioni contrattuali che determinano svalutazioni del valore nominale di strumenti finanziari con determinate caratteristiche ovvero la loro conversione in azioni non concorrono alla formazione del reddito dei soggetti emittenti (AT1)
146,"Le operazioni di aggregazione tra imprese sono agevolate: in particolare per fusioni e scissioni è previsto il riconoscimento fiscale gratuito del disavanzo da concambio, per i conferimenti di azienda è previsto il riconoscimento fiscale gratuito del maggior valore iscritto dalla conferitaria."
147,"Riduzione di aliquota dal 22% al 5%, per i prodotti per la protezione dell'igiene femminile compostabili secondo la norma UNIEN 13432:2002 o lavabili; coppette mestruali (tabella A, parte II-bis, n. 1-quater, allegata al DPR n. 633 del 1972, introdotto dall'art. 32-bis del dl n. 124 del 2020)"
148,"Applicazione dell'aliquota ridotta del 4% agli autoveicoliconmotore ibrido o conmotore elettrico adattatiper la locomozione degli invalidi. L'agevolaizone si applica ai veicoli con motore ibrido a benzina di cilindrata fino a 2.000 centimetri cubici, ai veicoli conmotore ibrido diesel dicilindarata fino a 2.800 centimetri cubici, ai veicoli elettrici di potenza non superiore a 150 kW. La medesima aliquota era già prevista, dalla tabella A, parte II, n. 31), allegata al D.P.R. n. 633 del 1972, per gli autoveicoli adattati per la locomozione degli invalidi di cilindrata fino a 2.000 centimetri cubici se con motore a benzina e fino a 2.800 centimetri cubici se con motore diesel."
149,Credito d'imposta per investimenti in beni strumentali nuovi. Il credito d’imposta previsto in relazione agli investimenti in beni diversi da quelli elencati negli allegati A (beni materiali funzionali alla trasformazione tecnologica e digitale delle imprese secondo il modello “Industria 4.0”) e B (beni immateriali connessi a investimenti in beni materiali “Industria 4.0”) alla legge n. 232 del 2016 spetta anche agli esercenti arti e professioni. Credito d'imposta per investimenti in beni strumentali nuovi. Il credito d’imposta previsto in relazione agli investimenti in beni diversi da quelli elencati negli allegati A (beni materiali funzionali alla trasformazione tecnologica e digitale delle imprese secondo il modello “Industria 4.0”) e B (beni immateriali connessi a investimenti in beni materiali “Industria 4.0”) alla legge n. 232 del 2016 spetta anche agli esercenti arti e professioni.
150,"Credito d'imposta del 30% in favore delle imprese editrici di quotidiani e di periodici con almeno un dipendente a tempo indeterminato, che acquisiscono servizi di server, hosting e banda larga per le testate edite in formato digitale e per information technology di gestione della connettività (de minimis). Per l'anno 2020, il credito d'imposta è riconosciuto entro il limite di 8 milioni di euro sulle spese sostenute nel 2019. Per gli anni 2021 e 2022, il credito d'imposta è riconosciuto entro il limite massimo di 10 milioni di euro per ciascuno degli anni 2021 e 2022."
151,Modifica della disciplina delle note di variazione in diminuzione ai fini Iva per crediti non riscossi in caso di assoggettamento del debitore a procedure concorsuali. La modifica consente di emettere le note di variazioni al momento della apertura della procedure senza attendere la definitiva infruttuosità della stessa.
152,"La disposizione prevede anche per l’anno 2021, che la percentuale di forfetizzazione della resa dei giornali, prevista ai fini del regime speciale IVA di cui all'articolo 74, lettera c), del D.P.R. n. 633 del 1972 nella misura dell'80 per cento, sia innalzata al 95%."
153,"Nell'ambito della cartolarizzazione di crediti deteriorati da parte di banche e intermediari finanziari, si applicano le imposte di registro, ipotecaria e catastale in misura fissa sugli atti e le operazioni inerenti il trasferimento dei beni mobili e immobili in favore delle società veicolo."
154,"Nell'ambito della cartolarizzazione di crediti deteriorati da parte di banche e intermediari finanziari, le trascrizioni nei pubblici registri e le volture catastali effettuate in relazione ai beni acquisiti dalle società veicolo le imposte di registro, ipotecaria e catastale sono dovute in misura fissa ."
155,"Nell'ambito della cartolarizzazione di crediti deteriorati da parte di banche e intermediari finanziari, gli atti e i provvedimenti riguardanti il successivo trasferimento, a favore di soggetti che svolgono attività d'impresa, della proprietà o di diritti reali sui beni immobili acquistati dalle società veicolo in relazione all'operazione di cartolarizzazione, le imposte di registro, ipotecaria e catastale sono dovute in misura fissa, a condizione che l'acquirente intenda trasferirli entro cinque anni dalla data di acquisto."
156,"Nell'ambito della cartolarizzazione di crediti deteriorati da parte di banche e intermediari finanziari, gli atti e i provvedimenti riguardanti il successivo trasferimento, emessi a favore di privati per i quali ricorrano le condizioni per l'agevolazione prima casa, sono assoggettati alle imposte di registro, ipotecaria e catastale nella misura fissa ."
157,"La disposizione consente alle imprese: a) la rivalutazione dei beni d’impresa e delle partecipazioni, b) il riallineamento dei valori fiscali dei beni a quelli di bilancio. La rivalutazione va effettuata nel bilancio 2019 e deve riguardare tutti i beni risultanti dal bilancio al 31 dicembre 2018 appartenenti alla stessa categoria omogenea. Il maggior valore dei beni è riconosciuto ai fini fiscali a partire dal 3° esercizio successivo a quello della rivalutazione (in generale, dal 2022) tramite il versamento di un’imposta sostitutiva determinata nelle seguenti misure: - 12% per i beni ammortizzabili; - 10% per i beni non ammortizzabili. Limitatamente agli immobili, il maggior valore è riconosciuto ai fini fiscali dal periodo d’imposta in corso all’1 dicembre 2021. È possibile l’affrancamento, anche parziale, della riserva di rivalutazione mediante il pagamento di un’imposta sostitutiva ai fini IRES/IRAP in misura pari al 10%. L'articolo 12-ter del DL 23 del 2020 ha previsto che la rivalutazione dei beni d'impresa può essere effettuata nel bilancio dell'esercizio successivo a quello in corso al 31/12/19, al 31/12/20 o al 31/12/21. I maggiori valori iscritti in bilancio per i beni immobili si considerano riconosciuti, rispettivamente, con effetto dal periodo di imposta in corso alla data del 1/12/22 del 1/12/23 o del 1/12/24."
158,"Le imprese che operano nei settori alberghiero e termale possono rivalutare i beni di impresa e le partecipazioni, ad esclusione degli immobili alla cui produzione o al cui scambio è diretta l'attività di impresa, risultanti dal bilancio dell'esercizio in corso al 31/12/19, sul modello della rivalutazione disciplinata dall’art. 1, commi da 696 a 704, della legge n. 160 del 2019 (legge di bilancio 2020). La rivalutazione consentita dalla disposizione si applica anche agli immobili a destinazione alberghiera concessi in locazione o affitto di azienda a soggetti operanti nei settori alberghiero e termale ovvero per gli immobili in corso di costruzione, rinnovo o completamento. La rivalutazione deve essere eseguita in uno o entrambi i bilanci o rendiconti relativi ai 2 esercizi successivi a quello in corso al 31/12/19 (2020 e 2021). Sui maggiori valori dei beni e delle partecipazioni iscritti in bilancio non è dovuta alcuna imposta sostitutiva o altra imposta. Il maggior valore attribuito ai beni e alle partecipazioni si considera riconosciuto, ai fini Ires e Irap, a decorrere dall'esercizio nel cui bilancio la rivalutazione è eseguita."
159,"Estromissione agevolata immobili strumentali dell'imprenditore individuale: entro il 31 maggio 2020 gli imprenditori individuali potranno estromettere in regime agevolato tutti gli immobili strumentali posseduti al 31 ottobre 2019, pagando un'imposta sostitutiva dell’Irpef e dell’Irap dell'8%. Estromissione agevolata immobili strumentali dell'imprenditore individuale: entro il 31 maggio 2020 gli imprenditori individuali potranno estromettere in regime agevolato tutti gli immobili strumentali posseduti al 31 ottobre 2019, pagando un'imposta sostitutiva dell’Irpef e dell’Irap dell'8%."
160,"È introdotto un regime di determinazione forfetario del reddito d’impresa degli imprenditori florovivaistici derivante dall’attività di commercializzazione di piante vive e prodotti della floricoltura acquistate da altri imprenditori agricoli florovivaistici, nei limiti del 10% del loro volume di affari. Il reddito si determina applicando all’ammontare dei corrispettivi il coefficiente di redditività del 5 per cento"
161,"Credito d’imposta, pari al 30% del valore delle rimanenze finali di magazzino che eccede la media del medesimo valore registrato nei tre periodi d’imposta precedenti a quello di spettanza del beneficio, riconosciuto ai soggetti esercenti attività d’impresa che operano nell'industria del tessile e della moda, del calzaturiero e della pelletteria (TMA), nel rispetto dei limiti e delle condizioni previsti dal quadro normativo dell’Unione Europea sugli aiuti di Stato."
162,"I contributi e le indennita' di qualsiasi natura erogati in via eccezionale a seguito dell'emergenza epidemiologica da COVID-19 e diversi da quelli esistenti prima della medesima emergenza, da chiunque erogati e indipendentemente dalle modalita' di fruizione e contabilizzazione, spettanti ai soggetti esercenti impresa, arte o professione, nonche' ai lavoratori autonomi, non concorrono alla formazione del reddito imponibile ai fini delle imposte sui redditi e del valore della produzione ai fini dell'imposta regionale sulle attivita' produttive (IRAP) e non rilevano ai fini del rapporto di cui agli articoli 61 e 109, comma 5, del TUIR."
163,"Credito d'imposta, a favore delle farmacie che operano nei comuni o centri abitati con meno di 3.000 abitanti commisurato al 50% delle spese per l'acquisto e il noleggio, nell'anno 2021, di apparecchiature necessarie per l'effettuazione di prestazioni di telemedicina di cui all'articolo 3 del decreto del Ministro della salute 16 dicembre 2010. Il contributo è riconosciuto (nel rispetto del de minimis) fino a un importo massimo di 3.000 euro per ciascun soggetto beneficiario e comunque nel limite di spesa pari a 10,715 milioni di euro per l'anno 2021."
164,"Credito d'imposta parametrato agli importi delle donazioni effettuate, nell'anno 2021 o nell'anno 2022, per finanziare iniziative formative finalizzate allo sviluppo e all'acquisizione di competenze manageriali, promosse da università pubbliche e private, da istituti di formazione avanzata o da scuole di formazione manageriale pubbliche e private, nella misura del 100% per le piccole e micro imprese, del 90% per le medie imprese e dell'80% per le grandi imprese, fino all'importo massimo di 100.000 euro. Il predetto credito d'imposta è riconosciuto nel limite di una spesa annua pari a 0,5 milioni di euro per gli anni 2022 e 2023."
165,"Credito d’imposta per investimenti in beni strumentali nuovi. L'agevolazione varia, sia in termini di aliquote applicabili che di costo massimo ammissibile, in relazione alla tipologia di beni acquistati e al periodo in cui gli investimenti sono effettuati. Per gli investimenti in beni strumentali materiali, diversi da quelli indicati nell'allegato A annesso alla legge n. 232 del 2016, effettuati: - dal 16 novembre 2020 al 31 dicembre 2021, il credito d'imposta spetta nella misura del 10% nel limite massimo di costi ammissibili pari a 2 milioni di euro; - dal 1 gennaio 2022 al 31 dicembre 2022, il credito d'imposta spetta nella misura del 6% nel limite massimo di costi ammissibili pari a 2 milioni di euro. Per gli investimenti in beni strumentali immateriali, diversi da quelli indicati nell'allegato B annesso alla medesima legge n. 232 del 2016, effettuati: - dal 16 novembre 2020 al 31 dicembre 2021, il credito d'imposta spetta nella misura del 10% nel limite massimo di costi ammissibili pari a 1 milione di euro; - dal 1 gennaio 2022 al 31 dicembre 2022, il credito d'imposta spetta nella misura del 6% nel limite massimo di costi ammissibili pari a 1 milione di euro. Per gli investimenti in strumenti e dispositivi tecnologici destinati dall'impresa alla realizzazione di modalità di lavoro agile, effettuati dal 16 novembre 2020 al 31 dicembre 2021, la misura del credito d'imposta è elevata al 15%, fermi restando i limiti di costi ammissibili. Per gli investimenti in beni strumentali nuovi indicati nell'allegato A annesso alla legge n. 232 del (Transizione 4.0), 2016 effettuati: - dal 16 novembre 2020 al 31 dicembre 2021, il credito d'imposta spetta nella misura del 50% per la quota di investimenti fino a 2,5 milioni di euro, nella misura del 30% per la quota di investimenti superiori a 2,5 milioni e fino a 10 milioni di euro, nella misura del 10% per la quota di investimenti superiori a 10 milioni e fino a 20 milioni di euro; - dal 1 gennaio 2022 al 31 dicembre 2022, il credito d'imposta spetta nella misura del 40% per la quota di investimenti fino a 2,5 milioni di euro, nella misura del 20% per la quota di investimenti superiori a 2,5 milioni e fino a 10 milioni di euro, nella misura del 10% per la quota di investimenti superiori a 10 milioni e fino a 20 milioni di euro. Per gli investimenti aventi ad oggetto beni (Transizione 4.0), compresi nell'allegato B annesso alla legge 11 dicembre 2016, n. 232 effettuati dal 16 novembre 2020 al 31 dicembre 2022, il credito d'imposta spetta nella misura del 20% nel limite massimo di costi ammissibili pari a 1 milione di euro."
166,Carburanti per i trasporti ferroviari di passeggeri e merci - applicazione di un'aliquota pari al 30% di quella normale
167,Riduzione dell'accisa sui carburanti per le prove sperimentali e collaudo di motori di aviazione e marina
168,Riduzione dell'accisa sui carburanti per i Taxi Riduzione dell'accisa sui carburanti per i Taxi
169,Regime speciale monofase per i documenti di viaggio relativi ai trasporti pubblici urbani di persone e per i documenti di sosta relativi ai parcheggi di veicoli
170,Trasporti internazionali di persone. Non imponibilità con diritto alla detrazione a monte
171,Esenzione delle prestazioni di trasporto urbano di persone effettuate mediante taxi. Esenzione con pro rata di detraibilità a monte
172,"L'imposta sulle assicurazioni è ridotta dal 7,5% allo 0,05% per le navi immatricolate in Italia"
173,"Deduzione forfetaria del 25% per i redditi derivanti dalla utilizzazione economica, da parte dell'autore o inventore, di opere dell'ingegno, di brevetti industriali e di processi, formule o informazioni relativi ad esperienze acquisite in campo industriale, commerciale o scientifico, se non sono conseguiti nell'esercizio di imprese commerciali. La deduzione è elevata al 40% se il percettore non ha superato i 35 anni di età"
174,"Integrale deducibilità dei fondi trasferiti per il finanziamento della ricerca, a titolo di contributo o liberalità"
175,"Patent Box. Tassazione agevolata per i redditi derivanti dall’utilizzo di: software protetto da copyright; brevetti industriali; disegni e modelli; processi, formule e informazioni relativi ad esperienze acquisite nel campo industriale, commerciale o scientifico giuridicamente tutelabili. Il regime è valevole per 5 esercizi sociali in base a opzione irrevocabile. Esclusione dal reddito del 50% (a regime) dei redditi derivanti dall'utilizzo di alcuni beni immateriali. DL 50/2017 Esclusione dei marchi d’impresa dal gruppo dai beni agevolabili con la cd. Patent box. Sono, invece, agevolabili anche i redditi derivanti dall’utilizzo congiunto di beni immateriali, legati da vincoli di complementarietà, ai fini della realizzazione di un prodotto o di una famiglia di prodotti o di un processo o di un gruppo di processi. Le nuove disposizioni si applicano a partire dal 3° periodo d’imposta successivo a quello in corso al 31/12/14 (in linea generale dal 2017). Conserva i benefici patent box secondo la disciplina originaria (dunque anche per i marchi) - per tutto il quinquennio di validità delle stesse e, comunque, non oltre il 30/6/21 - chi ha esercitato l’opzione per i primi 2 periodi d'imposta di applicazione dell’agevolazione (2015 e 2016). A decorrere dal 2019 è prevista la possibilità di optare per l'autodeterminazione del reddito agevolabile da ripartire in tre quote annuali di pari importo."
176,"Credito d'imposta per investimenti in ricerca e sviluppo, innovazione tecnologica e altre attività innovative per la competitività delle imprese. In particolare, la misura prevede: - un credito d'imposta per attività di ricerca e sviluppo nella misura del 20% e importo massimo di 4 milioni di euro; - un credito d’imposta per attività di innovazione tecnologica nella misura del 10% e importo massio di 2 milioni di euro; - un credito d'imposta per attività di design e ideazione estetica nella misura del 10% e importo massio di 2 milioni di euro; - un credito d'imposta per attività di innovazione tecnologica finalizzate alla realizzazione di prodotti o processi di produzione nuovi o sostanzialmente migliorati per il raggiungimento di un obiettivo di transizione ecologica o di innovazione digitale 4.0 nella misura del 15% e importo massio di 2 milioni di euro."
177,"Credito d'imposta riconosciuto ai policlinici universitari non costituiti in azienda, nell'ambito delle attività istituzionali esercitate non in regime d'impresa, per gli anni dal 2020 al 2023, finalizzato a promuovere le attività di ricerca scientifica e a favorire la stabilizzazione di figure professionali nell'ambito clinico e della ricerca, attraverso l'instaurazione di rapporti di lavoro a tempo indeterminato presso le strutture sanitarie che svolgono attività di ricerca e didattiche. Il contributo, sotto forma di credito d'imposta, è attribuito nel limite massimo di spesa di 5 milioni di euro per il 2020 e di 10 milioni di euro per ciascuno degli anni dal 2021 al 2023 ed è subordinato alla condizione che tali enti si avvalgano di personale assunto a tempo indeterminato in misura non inferiore all'85% del personale in servizio. Per gli anni 2020 e 2021, il credito d'imposta di cui al primo periodo è attribuito (previa autorizzazione della Commissione europea) alle medesime condizioni ivi previste, anche nell'ambito delle attività istituzionali esercitate in regime d'impresa, fermo restando il limite massimo di spesa di 5 milioni di euro per l'anno 2020 e di 10 milioni di euro per l'anno 2021."
178,"Le cessioni gratuite di beni relativi ad attivita' produttive dismesse, effettuate gratuitamente nei confronti degli enti territoriali, ASI, societa' di promozione a prevalente partecipazione pubblica, sono esenti dall'imposta sulle successioni e donazioni e sono soggette alla misura fissa delle imposte ipotecaria e catastale Le cessioni gratuite di beni relativi ad attivita' produttive dismesse, effettuate gratuitamente nei confronti degli enti territoriali, ASI, societa' di promozione a prevalente partecipazione pubblica, sono esenti dall'imposta sulle successioni e donazioni e sono soggette alla misura fissa delle imposte ipotecaria e catastale"
179,"Esenzione da imposte di registro, ipotecaria e catastale per i provvedimenti comunali di accorpamento al demanio stradale delle porzioni di terreno utilizzate ad uso pubblico da oltre venti anni"
180,"Esenzione dalle imposte di registro, ipotecaria e catastale e bollo su atti e provvedimenti in esecuzione dei piani di ricomposizione fondiaria promossi da regioni, province, comuni e comunità montane"
181,Deducibilità delle erogazioni liberali in denaro a favore di organismi di gestione di parchi e riserve naturali e zone di speciale tutela paesistico-ambientale
182,Esenzione dall'imposta di bollo per le certificazioni riguardanti i beni immobili richieste alle conservatorie dei registri immobiliari da parte dei Consorzi di bonifica e irrigazione
183,"Detraibilità delle spese sostenute per l'acquisto di abbonamenti ai servizi di trasporto pubblico locale, regionale e interregionale per un importo non superiore a 250 euro, anche se sostenute per i familiari a carico."
184,"Credito d'imposta, nella misura del 65%, per erogazioni liberali in denaro effettuate per interventi su edifici e terreni pubblici ai fini della bonifica ambientale, prevenzione e risanamento del dissesto idrogeologico, sistemazione di parchi e aree verdi e recupero di aree dismesse di proprietà pubblica"
185,Credito d'imposta incentivi rottamazione acquisto veicoli a due ruote non inquinanti
186,"Esclusione dal pagamento dell’imposta di consumo sui manufatti con singolo impiego (MACSI) istituita dall'articolo 1, comma 634, della Legge 27 dicembre 2019 , n. 160 (Legge di Bilancio 2020). L'efficacia delle disposizioni recanti la disciplina dell'imposta in argomento entrano in vigore il 1° gennaio 2022"
187,"All'energia elettrica erogata, da impianti di terra, alle navi ormeggiate in porto dotate di impianti elettrici con potenza installata nominale superiore a 35 kW, è applicata un'aliquota di accisa ridotta. La disposizione agevolativa avrà efficacia solo successivamente all'adozione di una decisione (ad oggi non ancora adottata) del Consiglio dell'Unione europea che autorizzi, ai sensi dell'articolo 19 della direttiva 2003/96/CE del Consiglio, del 27 ottobre 2003, lo Stato ad applicare un'aliquota di accisa ridotta all'energia elettrica fornita per l'impiego in questione."
188,"Credito d'imposta vuoto a rendere nelle ZEA. Al fine di promuovere il sistema del vuoto a rendere degli imballaggi nelle zone economiche ambientali di cui all'articolo 4-ter del decreto-legge 14 ottobre 2019, n. 111, gli utilizzatori (i commercianti, i distributori, gli addetti al riempimento, gli utenti di imballaggi e gli importatori di imballaggi pieni) riconoscono agli acquirenti, negli anni 2021 e 2022, un abbuono, all'atto della resa dell'imballaggio, pari al 25% del prezzo dell'imballaggio stesso, contenente la merce ed esposto nella fattura o ricevuta fiscale o scontrino fiscale. Agli utilizzatori che hanno concesso l’abbuono è riconosciuto un credito d’imposta di importo pari al doppio dell’importo degli abbuoni riconosciuti agli acquirenti. Il predetto credito d’imposta è riconosciuto fino a un importo massimo di 10.000 euro annui per ciascun utilizzatore, nel limite massimo complessivo di 5 milioni di euro annui per gli anni 2021 e 2022 (de minimis)."
189,"Credito d’imposta per l’acquisto di sistemi di filtraggio acqua potabile riconosciuto, al fine di razionalizzare l'uso dell'acqua e di ridurre il consumo di contenitori di plastica per acque destinate ad uso potabile, alle persone fisiche nonché ai soggetti esercenti attività d'impresa, arti e professioni e agli enti noncommerciali, compresi gli enti del Terzo settore e gli enti religiosi civilmente riconosciuti, dal 1° gennaio 2021 al 31 dicembre 2022, nella misura del 50% delle spese sostenute per l'acquisto e l'installazione di sistemi di filtraggio, mineralizzazione, raffreddamento e addizione di anidride carbonica alimentare E 290, per il miglioramento qualitativo delle acque destinate al consumo umano erogate da acquedotti, fino a un ammontare complessivo delle stesse non superiore, per le persone fisiche non esercenti attività economica, a 1.000 euro per ciascuna unità immobiliare e, per gli altri soggetti, a 5.000 euro per ciascun immobile adibito all'attività commerciale o istituzionale"
190,"Le operazioni relative ai finanziamenti a medio e lungo termine sono soggette ad un'imposta sostitutiva delle imposte di registro, di bollo, ipotecaria e catastale e tassa sulle concessioni governative Le operazioni relative ai finanziamenti a medio e lungo termine sono soggette ad un'imposta sostitutiva delle imposte di registro, di bollo, ipotecaria e catastale e tassa sulle concessioni governative"
191,"Le imposte di registro, ipotecaria e catastale sono dovute in misura fissa per le cessioni effettuate dalle banche e dagli intermediari finanziari in occasione dell'esercizio, da parte dell'utilizzatore, dell'opzione di acquisto dell'immobile concesso in locazione finanziaria, ovvero nel caso di retrocessione dell'immobile riveniente da contratti di locazione finanziaria risolti per inadempienza dell'utilizzatore."
192,"Gli atti relativi alla portabilità del mutuo sono esenti dall'imposta sostitutiva di cui all'art. 17 del D.P.R. n. 601 del 1973 e dalle imposte di registro, bollo, ipotecaria e catastale"
193,"Gli atti costitutivi e modificativi delle società cooperative edilizie di abitazione e loro consorzi sono esenti dall'imposta di bollo e dall'imposta di registro. Gli atti di ammissione e recesso dei soci e gli atti, documenti e registri relativi alle operazioni previste dai rispettivi statuti sono esenti da bollo e assoggettati alla misura fissa dell'imposta di registro."
194,Deduzione della rendita catastale dell'unità immobiliare adibita ad abitazione principale e delle relative pertinenze rapportata al periodo dell'anno durante il quale sussiste tale destinazione ed in proporzione alla quota di possesso
195,"Detrazione, nella misura del 36%, delle spese per interventi di recupero del patrimonio edilizio e di riqualificazione energetica degli edifici fino ad un ammontare complessivo delle stesse non superiore a 48.000 euro per unità immobiliare"
196,"La detrazione di cui al comma 1, art. 16-bis del TUIR spetta, nella misura del 50%, anche per interventi di sostituzione del gruppo elettrogeno di emergenza esistente con generatori di emergenza a gas di ultima generazione"
197,"Determinazione del reddito delle unità immobiliari locate: riduzione forfetaria del canone di locazione qualora il canone risultante dal contratto, ridotto forfettariamente del 5 per cento, sia superiore al reddito medio ordinario determinato ai sensi del comma 1, dell'art. 37, del TUIR"
198,"Non concorrenza alla formazione del reddito dei redditi derivanti da contratti di locazione di immobili ad uso abitativo, se non percepiti, purchè la mancata percezione sia comprovata dall'intimazione di sfratto per morosità o dall'ingiunzione di pagamento. La disposizione ha effetto per i canoni derivanti dai contratti di locazione di immobili non percepiti a decorrere dal 1° gennaio 2020."
199,"Detrazione, nella misura del 19%, degli interessi passivi e relativi oneri accessori, per un importo non superiore a 4.000 euro, sostenuti in dipendenza di mutui ipotecari per l'acquisto o la costruzione dell'abitazione principale"
200,Detrazione per interessi passivi e oneri accessori relativi a mutui ipotecari per l'acquisto di immobili adibiti ad abitazione principale spettante per mutui contratti entro il 31/12/1992
201,Detrazione per interessi passivi relativi a mutui contratti nel 1997 per interventi di recupero del patrimonio edilizio
202,"Detrazione, nella misura del 19%, su dei compensi pagati agli intermediari per l'acquisto dell'abitazione principale per un importo non superiore a euro 1.000 per ciascuna annualità"
203,Detrazione per canoni di locazione di unità immobiliari adibite ad abitazione principale
204,"Ulteriore riduzione del 30% del reddito imponibile che deriva al proprietario dai contratti stipulati o rinnovati ai sensi del comma 3 dell'art. 2 (contratti a canone concordato), ai sensi del comma 2 dell'articolo 5 (contratti di natura transitoria a studenti universitari) nonchè del comma 3 dell'art. 1 (contratti di locazione stipulati dagli enti locali in qualità di conduttori per soddisfare esigenze abitative di carattere transitorio)."
205,"Detrazione per spese di manutenzione, protezione e restauro delle cose vincolate ai sensi della legge n. 1089 del 1939 e del D.P.R. n. 1409 del 1963"
206,"Deduzione di canoni, livelli, censi, ed altri oneri gravanti sui redditi degli immobili che concorrono a formare il reddito complessivo, compresi i contributi ai consorzi obbligatori per legge o in dipendenza di provvedimenti della pubblica amministrazione"
207,"Applicazione di un'imposta sostitutiva delle imposte sui redditi, nella misura del 26%, sulle plusvalenze realizzate a seguito di cessioni a titolo oneroso di beni immobili acquistati o costruiti da non più di cinque anni"
208,"Non sono produttive di redditi di fabbricati le costruzioni o porzioni di costruzioni rurali, e relative pertinenze, appartenenti al possessore o all'affittuario dei terreni e destinate a specifici utilizzi Non sono produttive di redditi di fabbricati le costruzioni o porzioni di costruzioni rurali, e relative pertinenze, appartenenti al possessore o all'affittuario dei terreni e destinate a specifici utilizzi"
209,"Detrazione, nella misura del 50%, per gli interventi di recupero del patrimonio edilizio esistente (manutenzione ordinaria su parti comuni di edifici residenziali, manutenzione strordinaria, restauro, risanamento conservativo ristrutturazione edilizia ed altri interventi previsti dall'art. 1 della L. n. 449 del 1997 o per l'acquisto di fabbricati a uso abitativo ristrutturati). Per l'installazione di impianti solari fotovoltaici nonché per l'installazione contestuale o successiva di sistemi di accumulo integrati negli impianti solari fotovoltaici agevolati spetta, per le spese sostenute dal 1° luglio 2020 al 31 dicembre 2021 e nei limiti indicati ai commi 5 e 6 dell'art. 119 del D.L. n. 34 del 2020, una detrazione nella misura del 110 per cento qualora tali interventi vengano effettuati congiuntamente a uno degli interventi previsti dai commi 1 e 4 dell'art. 119 del D.L. n. 34 del 2020. Ai sensi di quanto previsto dall'art. 121 del D.L. n. 34 del 2020, per gli anni dal 2020 al 2022 i soggetti che sostengono le spese per tali ultimi interventi, nonché per quelli indicati all'art. 16-bis, lettere a) e b) del TUIR, possono optare, in luogo della detrazione, alternativamente per uno sconto sul corrispettivo dovuto oppure per la trasformazione della detrazione in credito d'imposta cedibile."
210,"Nei comuni dei territori colpiti da eventi sismici, l'incentivo di cui al comma 1, art. 119, D.L. n.34/2020 spetta per l'importo eccedente il contributo previsto per la ricostruzione."
211,"I limiti delle spese ammesse alla fruizione degli incentivi fiscali eco bonus e sisma bonus di cui ai commi da 1 a 4- bis, art. 119, del D.L. n. 34/2020, sostenute entro il 30 giugno 2022, sono aumentati del 50 per cento per gli interventi di ricostruzione riguardanti i fabbricati danneggiati dal sisma nei comuni di cui agli elenchi allegati al D.L n. 189/2016 e di cui al D.L. n. 39/2009, nonché nei comuni interessati da tutti gli eventi sismici verificatisi dopo l'anno 2008 dove sia stato dichiarato lo stato di emergenza"
212,"All’installazione degli impianti fino a 200 kW appartenenti a comunità energetiche rinnovabili costituite in forma di enti non commerciali o da parte di condomìni che aderiscono alle configurazioni di cui all’articolo 42-bis del decreto-legge 30 dicembre 2019, n. 162 si applicano le disposizioni di cui al comma 5 dell'articolo 119 del D.L. n. 34 del 2020. L’aliquota di cui al medesimo comma 5 si applica alla quota di spesa corrispondente alla potenza massima di 20 kW e per la quota di spesa corrispondente alla potenza eccedente 20 kW spetta la detrazione stabilita dall’articolo 16-bis, comma 1, lettera h), del TUIR nel limite massimo di spesa complessivo di euro 96.000 riferito all’intero impianto."
213,"Detrazione del 50% per interventi di cui all'articolo 16-bis, comma 1, lettera i), del TUIR realizzati su edifici ricadenti nelle zone sismiche 1, 2 e 3 di cui all'ordinanza del Presidente del Consiglio dei Ministri n. 3274 del 20 marzo 2003, riferiti a costruzioni adibite ad abitazione o ad attività produttive. La detrazione spetta in maggior misura in relazione a specifici interventi nonché in relazione agli interventi realizzati su parti comuni di edifici condominiali. La detrazione spetta anche con riferimento alle spese effettuate per la classificazione e la verifica sismica degli immobili. Nel caso di interventi che realizzano una riduzione del rischio sismico l'agevolazione di cui al comma 1-septies dell'articolo 16 si applica anche ai fabbricati ricadenti nelle zone a rischio sismico 2 e 3. Per le spese sostenute dal 1° luglio 2020 al 30 giugno 2022 l'aliquota delle detrazioni spettanti e' elevata al 110 per cento. Ai sensi di quanto previsto dall'art. 121 del D.L. n. 34 del 2020, per gli anni dal 2020 al 2022 i soggetti che sostengono le spese per tali interventi possono optare, in luogo della detrazione, alternativamente per uno sconto sul corrispettivo dovuto oppure per la trasformazione della detrazione in credito d'imposta cedibile."
214,"Per la realizzazione di sistemi di monitoraggio strutturale continuo a fini antisismici spetta la medesima detrazione di cui al comma 4, art. 119 del D.L. n. 34 del 2020, a condizione che i lavori siano eseguiti congiuntamente a uno degli interventi di cui ai commi da 1-bis a 1-septies dell’articolo 16 del decreto-legge 4 giugno 2013, n. 63, convertito, con modificazioni, dalla legge 3 agosto 2013, n. 90, nel rispetto dei limiti di spesa previsti dalla legislazione vigente per i medesimi interventi."
215,"Detrazione, nella misura del 50 %, per l'acquisto di mobili e grandi elettrodomestici di classe non inferiore alla A+, nonché A per i forni, per le apparecchiature per le quali sia prevista l'etichetta energetica finalizzati all'arredo dell'immobile oggetto di ristrutturazione di cui al comma 1 dell'articolo 16 del D.L. 63/2013. Dall'anno 2020 la detrazione è calcolata su un ammontare complessivo delle spese non superiore a euro 16.000."
216,"Detrazione, nella misura del 50% delle spese sostenute e su un ammontare complessivo non superiore a 3.000 euro, per l'acquisto e la posa in opera di infrastrutture di ricarica dei veicoli alimentati ad energia elettrica, inclusi i costi iniziali per la richiesta di potenza addizionale fino ad un massimo di 7 kW. La detrazione spetta nella misura del 110 per cento, da ripartire tra gli aventi diritto in cinque quote annuali di pari importo, sempre che' l'installazione sia eseguita congiuntamente ad uno degli interventi di cui al comma 1 dell'articolo 119 del D.L. n. 34 del 2020. Ai sensi di quanto previsto dall'art. 121 del D.L. n. 34 del 2020, per gli anni dal 2020 al 2022 i soggetti che sostengono le spese per tali interventi possono optare, in luogo della detrazione, alternativamente per uno sconto sul corrispettivo dovuto oppure per la trasformazione della detrazione in credito d'imposta cedibile. Detrazione, nella misura del 50% delle spese sostenute e su un ammontare complessivo non superiore a 3.000 euro, per l'acquisto e la posa in opera di infrastrutture di ricarica dei veicoli alimentati ad energia elettrica, inclusi i costi iniziali per la richiesta di potenza addizionale fino ad un massimo di 7 kW. La detrazione spetta nella misura del 110 per cento, da ripartire tra gli aventi diritto in cinque quote annuali di pari importo, sempre che' l'installazione sia eseguita congiuntamente ad uno degli interventi di cui al comma 1 dell'articolo 119 del D.L. n. 34 del 2020. Ai sensi di quanto previsto dall'art. 121 del D.L. n. 34 del 2020, per gli anni dal 2020 al 2022 i soggetti che sostengono le spese per tali interventi possono optare, in luogo della detrazione, alternativamente per uno sconto sul corrispettivo dovuto oppure per la trasformazione della detrazione in credito d'imposta cedibile."
217,"Credito d'imposta, nel limite massimo complessivo di 1,5 milioni di euro per ciascuno degli anni 2020 e 2021, per le spese documentate relative all’acquisizione e predisposizione dei sistemi di monitoraggio strutturale continuo."
218,"Detrazione, nella misura del 90%, delle spese documentate relative agli interventi, ivi inclusi quelli di sola pulitura o tinteggiatura esterna, finalizzati al recupero o restauro della facciata esterna degli edifici esistenti ubicati in zona A e B. Sono agevolabili esclusivamente gli interventi sulle strutture opache della facciata, su balconi o su ornamenti e fregi (bonus facciate). Ai sensi di quanto previsto dall'art. 121 del D.L. n. 34 del 2020, per gli anni 2020 e 2021 i soggetti che sostengono le spese per tali interventi possono optare, in luogo della detrazione, alternativamente per uno sconto sul corrispettivo dovuto oppure per la trasformazione della detrazione in credito d'imposta cedibile."
219,"Detrazione, nella misura del 55% e 65%, delle spese sostenute dal 6 giugno 2013 per vari interventi di riqualificazione energetica degli edifici esistenti di qualsiasi categoria catastale, anche rurale, posseduti o detenuti. La medesima detrazione si applica anche alle spese per l'acquisto, l'installazione e la messa in opera di dispositivi multimediali per il controllo a distanza degli impianti di riscaldamento, produzione di acqua calda o di climatizzazione delle unità abitative (""ecobonus""). Per le spese sostenute dal 1° luglio 2020 e fino al 30 giugno 2022 per specifici interventi indicati ai commi 1 e 2 dell'art. 119, D.L. n. 34 del 2020 la detrazione di cui all'articolo 14 del D.L., n. 63 del 2013 si applica nella misura del 110 per cento. Ai sensi di quanto previsto dall'art. 121 del D.L. n. 34 del 2020, per gli anni dal 2020 al 2022 i soggetti che sostengono le spese per tali interventi possono optare, in luogo della detrazione, alternativamente per uno sconto sul corrispettivo dovuto oppure per la trasformazione della detrazione in credito d'imposta cedibile."
220,"Detrazione per interventi di riqualificazione energetica sulle parti comuni condominiali. Per le spese sostenute dal 1° luglio 2020 e fino al 30 giugno 2022 per specifici interventi indicati ai commi 1 e 2 dell'art. 119, D.L. n. 34 del 2020 la detrazione di cui all'articolo 14 del D.L., n. 63 del 2013 si applica nella misura del 110 per cento. Ai sensi di quanto previsto dall'art. 121 del D.L. n. 34 del 2020, per gli anni dal 2020 al 2022 i soggetti che sostengono le spese per tali interventi possono optare, in luogo della detrazione, alternativamente per uno sconto sul corrispettivo dovuto oppure per la trasformazione della detrazione in credito d'imposta cedibile."
221,"Detrazione per interventi finalizzati congiuntamente alla riduzione del rischio sismico e alla riqualificazione energetica. Per le spese sostenute dal 1° luglio 2020 e fino al 30 giugno 2022 per specifici interventi indicati ai commi 1 e 2 dell'art. 119, D.L. n. 34 del 2020 la detrazione di cui all'articolo 14 del D.L., n. 63 del 2013 si applica nella misura del 110 per cento. Ai sensi di quanto previsto dall'art. 121 del D.L. n. 34 del 2020, per gli anni dal 2020 al 2022 i soggetti che sostengono le spese per tali interventi possono optare, in luogo della detrazione, alternativamente per uno sconto sul corrispettivo dovuto oppure per la trasformazione della detrazione in credito d'imposta cedibile."
222,"Cedolare secca. Applicazione di un'imposta sostitutiva dell'IRPEF e delle addizionali all'IRPEF nonché dell'imposta di registro e di bollo, con aliquota del 21% sui canoni derivanti dalla locazione di immobili a uso abitativo. L'aliquota è ridotta al 10% nell'ipotesi di locazione a canone concordato"
223,"L'aliquota della cedolare secca ridotta al 10% si applica ai contratti stipulati nei comuni per i quali sia stato deliberato, nei cinque anni precedenti la data di entrata in vigore della L. n.8 del 2020, lo stato di emergenza a seguito del verificarsi degli eventi calamitosi di cui all'art. 2, comma 1, lett. c), della L. n. 225 del 1992. Per l'anno 2020 l'agevolazione si applica esclusivamente ai contratti di locazione stipulati nei predetti comuni con popolazione fino a 10.000 abitanti."
224,"L'aliquota della cedolare secca ridotta al 10% si applica ai contratti stipulati nei comuni di cui all'art. 1, comma 1, del D.L. n. 189 del 2016 (comuni colpiti dagli eventi sismici del centro Italia) in cui sia stata individuata con ordinanza sindacale una ""zona rossa"""
225,"Applicazione, per i redditi derivanti dai contratti di locazione breve, dell'aliquota del 21 % in caso di opzione per l'imposta sostitutiva nella forma della cedolare secca. Dall'anno 2021 il regime fiscale delle locazioni brevi di cui all'articolo 4, commi 2 e 3, del D.L. n. 50/2017 è riconosciuto solo in caso di destinazione alla locazione breve di non più di quattro appartamenti per ciascun periodo d'imposta. Negli altri casi l'attività di locazione, da chiunque esercitata, si presume svolta in forma imprenditoriale ai sensi dell'articolo 2082 del codice civile."
226,"Esenzione dal pagamento dell’imposta sul valore degli immobili situati all'estero (IVIE) per l'abitazione principale se di categoria catastale diversa dalle categorie A/1, A/8 e A/9"
227,"Aliquota ridotta dell’imposta sul valore degli immobili situati all'estero (IVIE) per l'abitazione principale se di categoria catastale A/1, A/8 o A/9 Aliquota ridotta dell’imposta sul valore degli immobili situati all'estero (IVIE) per l'abitazione principale se di categoria catastale A/1, A/8 o A/9"
228,Gli atti di trasferimento a titolo oneroso aventi a oggetto la prima casa di abitazione sono soggetti all'imposta di registro all'aliquota ridotta del 2%
229,Sui premi relativi ai contratti di assicurazione sulla vita umana a garanzia della casa l'imposta sulle assicurazioni si applica in misura ridotta a un quarto.
230,Sui premi relativi ai contratti di assicurazione danni relativi alle cooperative edilizie sovvenzionate dallo Stato l'imposta sulle assicurazioni si applica in misura ridotta a un quinto
231,"Le imposte di registro, ipotecaria e catastale si applicano in misura fissa in relazione a trasferimenti o permute di immobili compresi in piani di recupero"
232,Sono esenti dalle imposte ipotecarie e catastali e l'imposta di registro si applica in misura fissa per gli atti di trasferimento della proprietà delle aree comprese nei piani di edilizia residenziale pubblica o nei piani da destinare a insediamenti produttivi
233,Sugli atti di trasferimento della prima casa di abitazione l'imposta ipotecaria si applica in misura fissa
234,Sugli atti di trasferimento della prima casa di abitazione l'imposta catastale si applica in misura fissa
235,Sui contratti di locazione di immobili a canone concordato adibiti ad uso abitativo nei comuni ad alta densità abitativa l'imposta di registro si applica su una base imponibile ridotta al 70%
236,"Applicabilità delle disposizioni di cui agli artt. 15, 17 e 18 del D.P.R. n. 601 del 1973 per i mutui concessi da istituti ed enti previdenziali per l'acquisto di abitazioni"
237,"Detrazione, nella misura del 36 per cento, delle spese documentate, fino ad un ammontare complessivo delle stesse non superiore a 5.000 euro per unità immobiliare ad uso abitativo, sostenute per sistemazione a verde e per la realizzaizone di coperture a verde e di giardini pensili. La detrazione spetta anche per interventi effettuati sulle parti comuni esterne degli edifici condominiali."
238,"Detrazione, nella misura del 19%, dei premi per assicurazioni aventi per oggetto il rischio di eventi calamitosi stipulate relativamente a unità immobiliari ad uso abitativo. Ai sensi dell'art. 119, comma 4, D.L. n. 34/2020, la detrazione in oggetto spetta nella misura del 90 per cento nel caso di polizza che copre il rischio di eventi calamitosi stipulata contestualmente alla cessione del credito ad un'impresa di assicurazione, in conseguenza della realizzazione degli interventi di cui ai commi da 1-bis a 1-septies dell'art. 16 del D.L. n. 63/2013."
239,"Esenzione dall’imposta di registro e dalle imposte ipotecaria e castale a favore degli under 36 che acquistano la prima casa non di lusso e che hanno un indicatore ISEE non superiore a 40.000 euro annui. A favore dei suddetti soggetti che acquistano la prima casa con atto soggetto all’IVA, è previsto un credito d’imposta pari all’IVA pagata."
240,"Per gli atti traslativi a titolo oneroso della proprieta' di ""prime case"" di abitazione, relativi a cessioni soggette all'imposta sul valore aggiunto, e' attribuito agli acquirenti che non hanno ancora compiuto trentasei anni di eta' nell'anno in cui l'atto e' stipulato un credito d'imposta di ammontare pari all'imposta sul valore aggiunto corrisposta in relazione all'acquisto. Il credito d' imposta puo' essere portato in diminuzione dalle imposte di registro, ipotecaria, catastale, sulle successioni e donazioni dovute sugli atti e sulle denunce presentati dopo la data di acquisizione del credito, ovvero puo' essere utilizzato in diminuzione delle imposte sui redditi delle persone fisiche dovute in base alla dichiarazione da presentare successivamente alla data dell'acquisto; puo' altresi' essere utilizzato in compensazione ai sensi del decreto legislativo 9 luglio 1997, n. 241. Il credito d'imposta in ogni caso non da' luogo a rimborsi."
241,"L’esenzione dal pagamento dell’imposta sostitutiva sui finanziamenti, che ordinariamente sarebbe dovuta in ragione dello 0,25 % ai sensi dell’articolo 18 del decreto del Presidente della Repubblica 29 settembre 1973, n. 601, per i finanziamenti concessi per l'acquisto della prima casa non di lusso da parte di soggetti che non hanno ancora compiuto trentasei anni di età nell’anno in cui l’atto è rogitato e che hanno un valore dell'indicatore della situazione economica equivalente, stabilito ai sensi del regolamento di cui al decreto del Presidente del Consiglio dei ministri 5 dicembre 2013, n. 159, non superiore a 40.000 euro annui."
242,"Detrazione, nella misura del 19%, per la parte che eccede euro 129,11, delle spese sanitarie, spese mediche e di assistenza specifica diverse da quelle di cui all'art. 10, comma 1, lett. b), del Tuir, spese per prestazioni mediche specialistiche. La detrazione spetta anche se gli oneri sono sostenuti nell'interesse dei familiari fiscalmente a carico. Detrazione, nella misura del 19%, per la parte che eccede euro 129,11, delle spese sanitarie, spese mediche e di assistenza specifica diverse da quelle di cui all'art. 10, comma 1, lett. b), del Tuir, spese per prestazioni mediche specialistiche. La detrazione spetta anche se gli oneri sono sostenuti nell'interesse dei familiari fiscalmente a carico."
243,Deducibilità delle erogazioni liberali in denaro effettuate per la realizzazione di programmi di ricerca scientifica nel settore della sanità
244,"Detrazione dall'imposta sul reddito per un importo non superiore al 30% dell'imposta lorda dovuta per le donazioni effettuate da enti o privati all'ente ospedaliero ""Ospedale Galliera"" di Genova"
245,Riduzione dell'accisa sui carburanti per le autoambulanze -
246,"Aliquota IVA ridotta del 5% per le prestazioni socio-sanitarie, assistenziali ed educative rese dalle cooperative sociali e loro consorzi dal 1° gennaio 2016"
247,Esenzione delle prestazioni sanitarie con pro rata di detraibilità a monte
248,Esenzione delle prestazioni di ricovero e cura rese da enti ospedalieri o da cliniche e case di cura convenzionate con pro rata di detraibilità a monte
249,"Esenzione delle cessioni di organi, sangue e latte umani e di plasma sanguigno"
250,"La misura esenta dall'IVA, fino al 31 dicembre 2022, con riconoscimento del diritto alla detrazione di quella assolta a monte, le cessioni della strumentazione per diagnostica per COVID-19 e le prestazioni di servizi strettamente connesse a detta strumentazione. Si segnala che l’articolo 3-ter della legge 26 febbraio 2021, n. 21 di conversione in legge, con modificazioni, del decreto-legge 31 dicembre 2020, n. 183, recante “Disposizioni in materia di esenzione dall'imposta sul valore aggiunto per le cessioni di beni necessari per il contenimento e la gestione dell'emergenza epidemiologica da COVID-19”, è intervenuto al fine di prevedere che il richiamo del Regolamento (UE) 2017/745 del Parlamento europeo e del Consiglio, del 5 aprile 2017, deve intendersi riferito al Regolamento (UE) 2017/746 del Parlamento europeo e del Consiglio, del 5 aprile 2017, in conformità alla direttiva (UE) 2020/2020 del Consiglio, del 7 dicembre 2020. Il suddetto Regolamento (UE) 2017/746 stabilisce le norme relative all'immissione sul mercato, la messa a disposizione sul mercato o la messa in servizio dei dispositivi medico-diagnostici in vitro per uso umano e degli accessori per tali dispositivi nell'Unione. Il Regolamento si applica inoltre agli studi delle prestazioni riguardanti tali dispositivi medico-diagnostici in vitro e relativi accessori condotti nell'Unione."
251,"La norma stabilisce, in deroga al numero 114) della tabella A, parte III, allegata al citato D.P.R. n. 633/1973, che le cessioni di vaccini contro il Covid-19 e le prestazioni di servizi strettamente connesse a tali vaccini sono esenti dall’IVA, con diritto alla detrazione dell’imposta, dal 20 dicembre 2020 al 31 dicembre 2022"
252,"Esenzione, con pro rata di detraibilità a monte, delle prestazioni socio-sanitarie, di assistenza domiciliare o ambulatoriale, in comunita' e simili, in favore di persone disagiate rese da organismi di diritto pubblico organismi di diritto pubblico, da istituzioni sanitarie riconosciute che erogano assistenza pubblica, previste dall'articolo 41 della legge 23 dicembre 1978, n. 833, o da enti aventi finalita' di assistenza sociale e da enti del Terzo settore di natura non commerciale."
253,Deduzione delle spese mediche e di quelle di assistenza specifica necessarie nei casi di grave e permanente invalidità o menomazione. Tali spese sono deducibili anche se sono state sostenute per le persone indicate nell'articolo 433 del codice civile.
254,"Deduzione dei contributi versati, fino ad un massimo di euro 3.615,20, ai fondi integrativi del servizio sanitario nazionale istituiti o adeguati ai sensi del d.lgs 502 del 1992"
255,"Esenzione da imposta di donazione, ipotecarie e catastali per le donazioni a favore degli istituti di ricovero e cura a carattere scientifico di immobili con specifica destinazione a finalità sanitarie"
256,"Esenzione dal pagamento dell’imposta di consumo sulle bevande edulcorate istituita dall'articolo 1, comma 661, della Legge 27 dicembre 2019 , n. 160 (Legge di Bilancio 2020). L'efficacia delle disposizioni recanti la disciplina dell'imposta in argomento entrano in vigore il 1° gennaio 2022"
257,Detrazione dell'IVA pagata per gli acquisti dei beni ceduti a titolo di erogazione liberale in natura a sostegno delle misure di contrasto all'emergenza epidemiologica da COVID-19. Detrazione dell'IVA pagata per gli acquisti dei beni ceduti a titolo di erogazione liberale in natura a sostegno delle misure di contrasto all'emergenza epidemiologica da COVID-19.
258,"Cessione gratuita di farmaci ad uso compassionevole individuati ai sensi del decreto del Ministero della salute 7 settembre 2017, per contrastare l’emergenza epidemiologica da COVID‐19. E' previsto che: -il valore normale dei farmaci ceduti non concorra alla formazione dei ricavi del soggetto cedente ai fini delle imposte dirette; - non operi la presunzione di cessione di cui all’art. 1 del DPR n. 441/1997 e pertanto le cessioni sono escluse da IVA con diritto a detrazione dell'imposta pagata a monte"
259,"Applicazione aliquota IVA del 5% alle cessioni di beni funzionali a contrastare la pandemia di Covid 19 - Ventilatori polmonari per terapia intensiva e subintensiva; monitor multiparametrico anche da trasporto; pompe infusionali per farmacie pompe peristaltiche per nutrizione enterale; tubi endotracheali; caschi per ventilazione a pressione positiva continua; maschere per la ventilazione non invasiva; sistemi di aspirazione; umidificatori; laringoscopi; strumentazione per accesso vascolare; aspiratore elettrico; centrale di monitoraggio per terapia intensiva; ecotomografo portatile; elettrocardiografo; tomografo computerizzato; mascherine chirurgiche; mascherine Ffp2 e Ffp3; articoli di abbigliamento protettivo per finalità sanitarie quali guanti in lattice, in vinile e in nitrile, visiere e occhiali protettivi, tute di protezione, calzari e soprascarpe, cuffie copricapo, camici impermeabili, camici chirurgici; termometri; detergenti disinfettanti per mani; dispenser a muro per disinfettanti; soluzione idroalcolica in litri; perossido al 3 per cento in litri; carrelli per emergenza; estrattori RNA; strumentazione per diagnostica per COVID-19; tamponi per analisi cliniche; provette sterili; attrezzature per la realizzazione di ospedali da campo."
260,"Credito d'imposta alle imprese che effettuano attività di ricerca e sviluppo per farmaci innovativi, inclusi i vaccini, nella misura del 20 per cento dei costi sostenuti dal 1° giugno 2021 al 31 dicembre 2030 nel rispetto dei limiti e delle condizioni previsti dal regolamento (UE) n. 651/2014 della Commissione."
261,"L’aliquota dell’imposta sul valore aggiunto applicata ai reagenti e alle apparecchiature diagnostiche destinati a essere utilizzati per progetti di ricerca scientifica nel campo delle biotecnologie e della biomedicina integralmente finanziati dall’Unione europea e acquistati dalle università, dagli enti pubblici di ricerca, dagli istituti di ricovero e cura a carattere scientifico e dagli enti di ricerca privati senza fini di lucro è ridotta al 5 per cento."
262,"Credito d'imposta riconosciuto, al fine di favorire l'adozione di misure dirette a contenere e contrastare la diffusione del COVID-19, ai soggetti esercenti attività d'impresa, arti e professioni, agli enti non commerciali, compresi gli enti del Terzo settore e gli enti religiosi civilmente riconosciuti, nonché alle strutture ricettive extra- alberghiere a carattere non imprenditoriale, in misura pari al 30% delle spese sostenute nei mesi di giugno, luglio ed agosto 2021 per la sanificazione degli ambienti e degli strumenti utilizzati e per l'acquisto di dispositivi di protezione individuale e di altri dispositivi atti a garantire la salute dei lavoratori e degli utenti, comprese le spese per la somministrazione di tamponi per COVID-19. Il credito d'imposta spetta fino ad un massimo di 60.000 euro per ciascun beneficiario, nel limite complessivo di 200 milioni di euro per l'anno 2021."
263,"Detrazione, nella misura del 19%, per erogazioni liberali in denaro e in natura a favore dello Stato, delle regioni, degli enti locali territoriali, di enti o istituzioni pubbliche, di comitati organizzatori, di fondazioni e associazioni legalmente riconosciute che, senza scopo di lucro, svolgono attività di studio, ricerca e documentazione di rilevante valore culturale e artistico, nonché per le erogazioni effettuate per l’organizzazione di mostre ed esposizioni di rilevante interesse scientifico-culturale."
264,"Credito di imposta, nella misura del 65 per cento, a favore delle persone fisiche, enti non commerciali e soggetti titolari di reddito d'impresa, per le erogazioni liberali in denaro per interventi a favore della cultura e dello spettacolo ART-BONUS"
265,"Detrazione, nella misura del 19%, per le erogazioni liberali in denaro, per importo non superiore al 2% del reddito complessivo dichiarato, in favore di enti o istituzioni pubbliche, fondazioni e associazioni legalmente riconosciute che, senza scopo di lucro, svolgono esclusivamente attività nello spettacolo"
266,"Deduzione dal reddito d'impresa con limiti determinati per le singole fattispecie - tra cui: a) opere o servizi destinati ai dipendenti per finalità di educazione, istruzione, ricreazione, assistenza sociale e sanitaria o culto; b) erogazioni liberali in favore di persone giuridiche che perseguono le finalità di cui alla lettera a), ovvero di ricerca scientifica, nonché contributi, donazioni e obliazioni in favore delle O.N.G; c) erogazioni liberali in favore di persone giuridiche aventi sede nel mezzogiorno aventi esclusiva finalità di ricerca scientifica; d) erogazioni liberali a favore di concessionari privati per la radiodiffusione sonora a carattere comunitario; e) spese sostenute dai soggetti obbligati alla manutenzione, protezione e restauro delle cose vincolate."
267,"Deducibilità delle erogazioni liberali in denaro favore di enti o istituzioni pubbliche, associazioni e fondazioni riconosciute con finalità di studio, ricerca e documentazione di rilevante valore culturale e artistico, nonché per le erogazioni effettuate per l’organizzazione di mostre ed esposizioni di rilevante interesse scientifico-culturale. Deducibilità delle erogazioni liberali in denaro favore di enti o istituzioni pubbliche, associazioni e fondazioni riconosciute con finalità di studio, ricerca e documentazione di rilevante valore culturale e artistico, nonché per le erogazioni effettuate per l’organizzazione di mostre ed esposizioni di rilevante interesse scientifico-culturale."
268,"Deducibilità per un importo non superiore al 2% del reddito d'impresa delle erogazioni liberali in denaro a favore di enti o istituzioni pubbliche, associazioni e fondazioni che, senza scopo di lucro, svolgono attività nello spettacolo"
269,Deducibilità delle erogazioni liberali in denaro per la realizzazione di programmi culturali nei settori dei beni culturali e dello spettacolo
270,"Non concorrenza alla formazione del reddito complessivo dei redditi catastali degli immobili destinati ad usi culturali (totalmente adibiti a sedi aperte al pubblico di musei , biblioteche, archivi, cineteche )"
271,"Detrazione, nella misura del 19%, e deducibilità delle erogazioni liberali in denaro effettuate in favore della Fonadazione ""La Biennale di Venezia"". Il limite massimo su cui calcolare la detrazione è pari al 30% del reddito complessivo."
272,I proventi percepiti dalla Fondazione La Biennale di Venezia nell’esercizio di attività commerciali svolte in conformità agli scopi istituzionali sono esclusi dalle imposte sui redditi
273,"Detrazione e deducibilità dal reddito d'impresa per le erogazioni liberali a favore degli enti operanti nel settore della musica, del teatro e della danza nonché innalzamento al 30% del limite del reddito complessivo ai fini della detraibilità e della deducibilità delle somme versate al patrimonio delle fondazioni musicali al momento della partecipazione."
274,Le quote versate dai soci e gli incassi derivanti dall’emissione dei titoli di accesso ai soci non concorrono a formare reddito imponibile
275,"Equiparazione ai soggetti esenti dall’Ires indicati dall’articolo 74, comma 1 del Tuir per le associazioni operanti nelle manifestazioni in ambito locale ma di particolare interesse storico, artistico e culturale"
276,Non assoggettamento ad IVA delle operazioni di divulgazione pubblicitaria svolte a beneficio delle attivita' istituzionali di enti del Terzo settore di natura non commerciale.
277,Non assoggettamento ad IVA delle cessioni di diritti d'autore effettuate dagli autori o dai loro eredi
278,Tasse sulle concessioni governative ridotte al 25% ai concessionari privati per la radiodiffusione sonora a carattere comunitario
279,I beni culturali di cui al d.lgs. n. 42/2004 (Codice dei beni culturali e del paesaggio) e alla legge n. 1089/1939 (Tutela delle cose di interesse artistico e storico) sono esclusi dall'attivo ereditario
280,I contratti di assicurazione dei beni di interesse storico e artistico sono esenti dall'imposta sulle assicurazioni
281,"Credito d'imposta riconosciuto in favore delle imprese di produzione cinematografica e audiovisiva in relazione al costo complessivo di produzione di opere cinematografiche e audiovisive (nel rispetto della normativa UE). Per favorire l'attrazione di investimenti nel settore cinematografico e audiovisivo, nonché al fine di supportare la realizzazione dei piani di sviluppo dell'Istituto Luce Cinecittà, l'efficacia delle disposizioni attuative dell'articolo 183, comma 7, del decreto-legge 19 maggio 2020, n. 34, convertito, con modificazioni, dalla legge 17 luglio 2020, n. 77, di cui al decreto del Ministro per i beni e le attività culturali e per il turismo di concerto con il Ministro dell'economia e delle finanze 8 luglio 2020, recante ""Misure straordinarie per l'anno 2020 in materia di credito di imposta per le imprese di produzione cinematografica ed audiovisiva di cui all'articolo 15 della legge 14 novembre 2016, n. 220, a séguito dell'emergenza sanitaria da COVID-19"", è prorogata sino al 31 gennaio 2021."
282,Credito d'imposta riconosciuto in favore delle imprese di distribuzione cinematografica e audiovisiva per le spese complessivamente sostenute per la distribuzione nazionale e internazionale di opere cinematografiche e audiovisive (nel rispetto della normativa UE)
283,"Credito d'imposta riconosciuto in favore delle imprese di esercizio cinematografico in relazione alle spese complessivamente sostenute per la realizzazione di nuove sale o il ripristino di sale inattive, per la ristrutturazione e l'adeguamento strutturale e tecnologico delle sale cinematografiche, per l'installazione, la ristrutturazione, il rinnovo di impianti, apparecchiature, arredi e servizi accessori delle sale (nel rispetto della normativa UE)"
284,"Credito d'imposta riconosciuto in favore delle industrie tecniche e di post-produzione, ivi inclusi i laboratori di restauro, in relazione alle spese sostenute per l'adeguamento tecnologico e strutturale del settore (nel rispetto della normativa UE) Credito d'imposta riconosciuto in favore delle industrie tecniche e di post-produzione, ivi inclusi i laboratori di restauro, in relazione alle spese sostenute per l'adeguamento tecnologico e strutturale del settore (nel rispetto della normativa UE)"
285,Credito d'imposta riconosciuto in favore delle imprese italiane di produzione esecutiva e di post-produzione in relazione ad opere cinematografiche ed audiovisive o a parti di esse realizzate sul territorio nazionale e con manodopera italiana su commissione di prooduzioni estere e commisurato alla spesa sostenuta nel territorio nazionale (nel rispetto della normativa UE)
286,"Credito d'imposta riconosciuto in favore dei soggetti di cui all'art. 73 del TUIR ed ai titolari di reddito d'impresa ai fini IRPEF non appartenenenti al settore cinematografico ed audiovisivo, associati in partecipazione, commisurato all'apporto in denaro effettiato per la produzione e distribuzione di opere (nel rispetto della normativa UE) cinematografiche e audiovisive."
287,"L’applicazione dell'aliquota ridotta, nella misura del 10%, è estesa alle prestazioni di servizi relative ad attività spettacolistiche, anche se rese per il tramite di intermediari."
288,Credito d'imposta riconosciuto in favore degli esercenti sale cinematografiche per il potenziamento dell'offerta cinematografica e commisurato agli introiti derivanti dalla programmazione di opere audiovisive effettuate nelle rispettive sale (nel rispetto della normativa UE)
289,"Credito d’imposta per la promozione della musica nonché degli eventi di spettacolo dal vivo di portata minore (previa autorizzazione della Commissione europea ai sensi dell'articolo 108, paragrafo 3, TFUE)."
290,"Credito d'imposta per gli esercenti attività commerciale che operano nel settore della vendita dei libri al dettaglio parametrato agli importi pagati a titolo di IMU, TASI e TARI (nel rispetto del de minimis) utilizzabile esclusivamente in compensazione, attuato con decreto MIBACT di concerto MEF"
291,"Esenzione fiscale in favore dell’Accademia dei Lincei ex articolo 3 del decreto luogotenenziale n. 359 del 1944, per tutti i tributi erariali, regionali e locali vigenti, nonché per ogni altro tributo di nuova istituzione, fatta salva espressa deroga legislativa, nell’ambito delle attività istituzionali e strumentali svolte dalla medesima Accademia non in regime di impresa."
292,"Credito d'imposta edicole parametrato agli importi pagati a titolo di IMU, TASI, Cosap e TARI (nel de minimis) è riconosciuto anche nei casi in cui l’attività commerciale non esclusiva non rappresenti l’unico punto vendita al dettaglio di giornali, riviste e periodici nel comune di riferimento. Per l'anno 2020, il credito d'imposta è esteso alle imprese di distribuzione della stampa che riforniscono giornali quotidiani e/o periodici a rivendite situate nei comuni con una popolazione inferiore a 5.000 abitanti e nei comuni con un solo punto vendita e può essere, altresì, parametrato agli importi spesi per i servizi di fornitura di energia elettrica, i servizi telefonici e di collegamento a Internet, nonché per i servizi di consegna a domicilio delle copie di giornali. Per gli anni 2021 e 2022, agli esercenti attività commerciali che operano esclusivamente nel settore della vendita al dettaglio di giornali, riviste e periodici e alle imprese di distribuzione della stampa che riforniscono di giornali quotidiani o periodici rivendite situate nei comuni con popolazione inferiore a 5.000 abitanti e nei comuni con un solo punto vendita è riconosciuto il credito d'imposta di cui all'articolo 1, commi da 806 a 809, della legge 30 dicembre 2018, n. 145, alle condizioni e con le modalità ivi previste, nel limite massimo di spesa di 15 milioni di euro per ciascuno degli anni 2021 e 2022. Per gli anni 2021 e 2022 il credito d’imposta può essere altresì parametrato agli importi spesi per l’acquisto o il noleggio di registratori di cassa o registratori telematici e di dispositivi POS. Credito d'imposta edicole parametrato agli importi pagati a titolo di IMU, TASI, Cosap e TARI (nel de minimis) è riconosciuto anche nei casi in cui l’attività commerciale non esclusiva non rappresenti l’unico punto vendita al dettaglio di giornali, riviste e periodici nel comune di riferimento. Per l'anno 2020, il credito d'imposta è esteso alle imprese di distribuzione della stampa che riforniscono giornali quotidiani e/o periodici a rivendite situate nei comuni con una popolazione inferiore a 5.000 abitanti e nei comuni con un solo punto vendita e può essere, altresì, parametrato agli importi spesi per i servizi di fornitura di energia elettrica, i servizi telefonici e di collegamento a Internet, nonché per i servizi di consegna a domicilio delle copie di giornali. Per gli anni 2021 e 2022, agli esercenti attività commerciali che operano esclusivamente nel settore della vendita al dettaglio di giornali, riviste e periodici e alle imprese di distribuzione della stampa che riforniscono di giornali quotidiani o periodici rivendite situate nei comuni con popolazione inferiore a 5.000 abitanti e nei comuni con un solo punto vendita è riconosciuto il credito d'imposta di cui all'articolo 1, commi da 806 a 809, della legge 30 dicembre 2018, n. 145, alle condizioni e con le modalità ivi previste, nel limite massimo di spesa di 15 milioni di euro per ciascuno degli anni 2021 e 2022. Per gli anni 2021 e 2022 il credito d’imposta può essere altresì parametrato agli importi spesi per l’acquisto o il noleggio di registratori di cassa o registratori telematici e di dispositivi POS."
293,"Detrazione, nella misura del 19%, delle spese per la frequenza di corsi di istruzione universitaria, di scuole dell'infanzia del primo ciclo di istruzione e della scuola secondaria di secondo grado. La detrazione spetta anche se le spese sono state sostenute nell'interesse delle persone fiscalmente a carico."
294,"Detrazione, dall'anno 2021, delle spese per l'iscrizione annuale e l'abbonamento di ragazzi di età compresa tra 5 e 18 anni a conservatori di musica, a istituzioni di alta formazione artistica, musicale e coreutica legalmente riconosciute, a scuole di musica iscritte nei registri regionali nonchè a cori, bande e scuole di musica riconosciuti da una pubblica amministrazione per lo studio e la pratica della musica. Sono detraibili le spese, per un importo non superiore a 1.000 euro, sostenute dai contribuenti con reddito complessivo non superiore a 36.000 euro."
295,Detrazione di un importo equivalente a quello della borsa di studio erogata dalle Regioni e dalle Province autonome di Trento e Bolzano
296,Esclusione dalla base imponibile delle somme corrisposte a titolo di borsa di studio dal Governo italiano a cittadini stranieri in forza di accordi e intese internazionali Esclusione dalla base imponibile delle somme corrisposte a titolo di borsa di studio dal Governo italiano a cittadini stranieri in forza di accordi e intese internazionali
297,"Esenzione dall'IRPEF delle borse di studio corrisposte nell'ambito del programma Socrates di cui alla Decisione 819/95/CE del Parlamento Europeo e del Consiglio del 14 marzo 1995 nonché le somme aggiuntive corrisposte dalle Università a condizione che l'importo complessivo annuo non superi euro 7746,85"
298,"Esenzione dall'IRPEF delle borse di studio corrisposte da Università e istituti di istruzione universitaria per la frequenza dei corsi di perfezionamento e scuole di specializzazione, corsi di dottorato di ricerca, attività di ricerca post dottorato e corsi di perfezionalento all'estero."
299,"Detrazione, nella misura del 19%, per canoni di locazione (contratti ex lege n. 431 del 1998) stipulati da studenti universitari. La detrazione spetta anche se le spese sono state sostenute nell'interesse delle persone fiscalmente a carico."
300,Esenzione dall'IRPEF delle borse di studio corrisposte agli studenti universitari
301,"Esenzione dall'IRPEF delle borse di studio erogate nell'ambito del programma ""Erasmus +"""
302,Esenzione dall'IRPEF delle borse di studio corrisposte alle vittime del terrorismo e della criminalità organizzata nonché agli orfani ed ai figli di questi ultimi.
303,"Esenzione dall'IRPEF delle borse di studio per la frequenza dei corsi di perfezionamento, specializzazione ecc. erogate dalla Provincia autonoma di Bolzano."
304,"Deduzione delle erogazioni liberali in denaro effettuate a favore di università, fondazioni universitarie, istituzioni universitarie pubbliche, enti di ricerca pubblici e vigilati dal Ministero dell'Istruzione, nonché degli enti parco regionali e nazionali"
305,"Detrazione, nella misura del 19%, per erogazioni liberali, a favore degli istituti scolastici di ogni ordine e grado statali e paritari senza scopo di lucro, nonché a favore degli istituti tecnici superiori di cui al decreto del Presidente del Consiglio dei ministri 25 gennaio 2008, pubblicato nella Gazzetta Ufficiale n. 86 dell' 11 aprile 2008, delle istituzioni dell'alta formazione artistica, musicale e coreutica e delle università, finalizzate a innovazione tecnologica, edilizia scolastica e ampliamento offerta formativa"
306,"Deducibilità delle erogazioni liberali, nel limite del 2% del reddito d'impresa dichiarato e comunque nella misura massima di 70.000 € annui, a favore degli istituti scolastici di ogni ordine e grado e degli istituti tecnici superiori, finalizzate all'innovazione tecnologica all'edilizia scolastica e all'ampliamento dell'offerta formativa"
307,"Non costituiscono attività commerciali le prestazioni aventi per oggetto lo svolgimento di attività didattiche e culturali a carattere nazionale o internazionale svolte da collegi universitari legalmente riconosciuti e posti sotto la vigilanza del Ministero dell’università e della ricerca, comprese le prestazioni relative all’alloggio, al vitto e alla fornitura di libri e materiale didattico."
308,"Detassazione ai fini Irpef sugli emolumenti percepiti da docenti e ricercatori che rientrano in Italia per svolgere la loro attività lavorativa. La misura spetta per il periodo d'imposta in cui si acquisisce la residenza fiscale e per i tre periodi di imposta successivi. Le disposizioni si applicano nel rispetto delle condizioni e dei limiti dei regolamenti comunitari sugli Aiuti di Stato. Per coloro che acquiscono la residenza fiscale in Italia a partire dal 2020 l'agevolazione si applica nel periodo d'imposta in cui si acquisisce la residenza e nei successivi 5. Sono, inoltre, previste ulteriori agevolazioni per i periodi d'imposta successivi al verificarsi di prestabilite condizioni."
309,Esenzione IVA dei servizi di vitto e di alloggio resi in favore degli studenti universitari dagli istituti o enti per il diritto allo studio universitario istituiti dalle regioni - Interpretazione autentica
310,"Esclusione dalla base imponibile degli assegni periodici destinati al mantenimento dei figli spettanti al coniuge in conseguenza di separazione legale ed effettiva o di annullamento, scioglimento o cessazione degli effetti civili del matrimonio, nella misura in cui risultano da provvedimenti del giudice"
311,Esclusione dalla base imponibile degli assegni familiari e dell'assegno per il nucleo familiare
312,"Detrazione, nella misura del 19%, per spese relative a premi assicurativi per morte, invalidità permanente, non autosufficienza Detrazione, nella misura del 19%, per spese relative a premi assicurativi per morte, invalidità permanente, non autosufficienza"
313,"Detraibilità, nella misura del 19%, delle spese sostenute per le polizze assicurative finalizzate alla tutela delle persone con disabilità grave (cd. DOPO DI NOI)"
314,"Deduzione degli assegni periodici corrisposti al coniuge, ad esclusione di quelli destinati al mantenimento dei figli, in conseguenza di separazione legale ed effettiva, di scioglimento o annullamento del matrimonio, o di cessazione dei suoi effetti civili del matrimonio"
315,"Detrazione, nella misura del 19%, per spese relative a mezzi necessari all'accompagnamento e a facilitare l'autosufficienza dei soggetti disabili; detrazione per spese relative a cani guida per non vedenti; detrazione per servizi di interpretariato sostenute dai soggetti riconosciuti sordomuti"
316,Detrazione del 19% per le spese di frequenza degli asili nido
317,"Detrazione, nella misura del 19%, delle spese, per un importo non superiore a 2.100 euro, sostenute per addetti all'assistenza personale nei casi di non autosufficienza nel compimento degli atti della vita quotidiana, se il reddito complessivo non supera 40.000 euro. La detrazione spetta anche se le spese sono state sostenute nell'interesse delle persone fiscalmente a carico."
318,"Deduzione degli assegni periodici, corrisposti in forza di testamento o donazione modale e, se risultanti da provvedimenti di autorità giudiziaria, gli assegni alimentari corrisposti alle persone indicate nell'art. 433 del codice civile"
319,"Deduzione, nella misura del 50%, delle spese sostenute dai genitori adottivi per l'espletamento della procedura di adozione"
320,"Detrazione, nella misura forfetaria di euro 1.000, delle spese sostenute dai non vedenti per il mantenimento di cani guida"
321,"Detrazione, nella misura del 19%, delle spese funebri per importo non superiore a euro 1.550 per ciascuna persona"
322,Deduzione dell'indennità per perdita di avviamento corrisposte per disposizioni di legge al conduttore in caso di cessazione di locazione di immobili urbani adibiti ad usi diversi da quello di abitazione
323,Deduzione delle erogazioni liberali in denaro per il pagamento degli oneri difensivi dei soggetti ammessi al patrocinio a spese dello Stato
324,Esenzione dall'IRPEF in presenza solo di redditi fondiari di importo non superiore a 500 euro
325,"Esenzione dall'IRPEF se alla formazione del reddito complessivo concorrono soltanto redditi di terreni fino a euro 185,92, redditi di pensione fino a 7.500 euro e il reddito dell'unità immobiliare adibita ad abitazione principale e delle relative pertinenze"
326,Deducibilità delle erogazioni liberali in denaro per un importo non superiore a 30.000 o al 2% del reddito d'impresa a favore delle ONLUS e di altre persone giuridiche individuate con apposito decreto che svolgono attività umanitarie
327,"Deducibilità delle spese relative all'impiego di lavoratori dipendenti, nel limite del 5‰ dell'ammontare complessivo delle spese per prestazioni di lavoro dipendente, utilizzati per prestazioni di servizi erogate a favore di ONLUS"
328,"Deducibilità delle erogazioni liberali in denaro per un importo non superiore a 1.549,37 o al 2% del reddito di impresa a favore delle associazioni di promozione sociale iscritte negli appositi registri"
329,"Deducibilità delle erogazioni liberali in denaro per un importo non superiore a 1.549,37 o al 2% del reddito di impresa a favore delle associazioni di promozione sociale iscritte negli appositi registri"
330,"L'IRES è ridotta alla metà nei confronti di: a) enti e istituti di assistenza sociale, società di mutuo soccorso, enti ospedalieri, enti di assistenza e beneficenza; b) istituti di istruzione e istituti di studio e sperimentazione di interesse generale che non hanno fine di lucro, corpi scientifici, accademie, fondazioni e associazioni storiche, letterarie, scientifiche, di esperienze e ricerche aventi scopi esclusivamente culturali; c) enti il cui fine è equiparato per legge ai fini di beneficenza o di istruzione; d) istituti autonomi per le case popolari, comunque denominati, e loro consorzi nonché enti aventi le stesse finalità sociali dei predetti Istituti, istituiti nella forma di società che rispondono ai requisiti della legislazione dell'Unione europea in materia di ""inhouse providing"" e che siano costituiti e operanti alla data del 31 dicembre 2013 L'IRES è ridotta alla metà nei confronti di: a) enti e istituti di assistenza sociale, società di mutuo soccorso, enti ospedalieri, enti di assistenza e beneficenza; b) istituti di istruzione e istituti di studio e sperimentazione di interesse generale che non hanno fine di lucro, corpi scientifici, accademie, fondazioni e associazioni storiche, letterarie, scientifiche, di esperienze e ricerche aventi scopi esclusivamente culturali; c) enti il cui fine è equiparato per legge ai fini di beneficenza o di istruzione; d) istituti autonomi per le case popolari, comunque denominati, e loro consorzi nonché enti aventi le stesse finalità sociali dei predetti Istituti, istituiti nella forma di società che rispondono ai requisiti della legislazione dell'Unione europea in materia di ""inhouse providing"" e che siano costituiti e operanti alla data del 31 dicembre 2013"
331,I titoli di solidarietà sono esclusi dalla base imponibile dell'imposta sulle successioni e donazioni
332,I titoli di solidarietà sono esclusi dalla base imponibile dell'imposta di bollo sulle comunicazioni relative ai dossier titoli.
333,"Non si considerato destinati a finalità estranee all’esercizio dell’impresa le cessioni gratuite agli enti pubblici, alle ONLUS e agli enti privati costituiti per il perseguimento senza scopo di lucro di finalità civiche e solidaristiche che promuovono e realizzano attività di interesse generale di derrate alimentari e prodotti farmaceutici alla cui produzioni o al cui scambio è diretta l’attività dell’impresa (c.2). Non si considerano destinati a finalità estranee all’esercizio di impresa i beni non di lusso diversi da quelli indicati al c. 2 alla cui produzione o scambio è diretta all’attività dell’impresa ceduti gratuitamente alle ONLUS (c.3)"
334,"Non si considerano destinati a finalità estranee all’esercizio d’impresa e sono considerati distrutti ai fini IVA (esenzione con diritto alla detrazione dell'IVA a monte), i prodotti editoriali e le dotazioni informatiche ceduti gratuitamente a enti locali, agli istituti di prevenzione e pena, alle istituzioni scolastiche, agli orfanotrofi ed enti religiosi"
335,Esenzione dal pagamento dell’imposta sugli intrattenimenti per lo svolgimento occasionale delle attività svolte dai centri sociali per anziani
336,Esenzione dal pagamento del canone per le radioaudizioni a favore dei centri sociali per anziani
337,"Credito d'imposta riconociuto a favore delle fondazioni bancarie per i versamenti effettuati nel ""Fondo per il contrasto della povertà educativa minorile"" di cui al comma 392 dell'articolo 1 della legge n. 208 del 2015. Il credito d'imposta è riconosciuto in misura pari al 75% dei versamenti effettuati al predetto Fondo negli anni 2016, 2017 e 2018 e pari al 65% negli anni 2019, 2020, 2021 e 2022, fino ad esaurimento delle risorse disponibili, pari a 100 milioni di euro annui per ciascuno degli anni 2016, 2017 e 2018, a 55 milioni di euro per ciascuno degli anni 2019, 2020, a 100 milioni di euro per l'anno 2021 e a 55 milioni di euro per l'anno 2022"
338,"Determinazione del reddito di lavoro autonomo di volontari e cooperanti, sulla base di retribuzioni convenzionali stabilite da MAE di concerto Min Lavoro"
339,"Deduzione delle erogazioni liberali in denaro e in natura a favore degli enti del cd. terzo settore (Onlus, Ong, organismi di volontariato etc etc) nel limte del 10 per cento del reddito complessivo e comunque nella misura massima di 70.000 euro annui"
340,"Applicazione delle agevolazioni di cui all'articolo 83, commi 1 e 2, del D.Lgs. 117/2017 alle erogazioni liberali, alle donazioni e agli altri atti a titolo gratuito effettuati dai privati nei confronti dei trust ovvero dei fondi speciali per il sostegno delle persone con disabilità grave (cd. ""DOPO DI NOI"")"
341,"Detrazione, nella misura del 26%, per erogazioni liberali in denaro, per importo non superiore a 30.000 euro annui, a favore delle ONLUS e di altre persone giuridiche individuate con apposito decreto che svolgono attività umanitarie."
342,Deduzione delle erogazioni liberali in denaro a favore dell'Istituto centrale per il sostentamento del clero della Chiesa Cattolica italiana
343,"Deduzione delle erogazioni liberali iin denaro a favore dell'Unione delle Chiese Avventiste del 7° giorno, delle Assemblee di Dio in Italia e della Tavola Valdese"
344,Deduzione erogazioni liberali in denaro in favore dell'Unione Cristiana Evangelica Battista d'Italia
345,Deduzione erogazioni liberali in denaro in favore della Chiesa Evangelica Luterana in Italia
346,Deduzione dei contributi annuali versati alle Unioni Comunità Ebraiche Italiane
347,"Detrazione, nella misura del 26%, per erogazioni liberali in denaro, per importi compresi tra 30 euro e 30.000 euro annui, a favore di partiti politici iscritti nella prima sezione del registro nazionale dei partiti politici"
348,"Detrazione del 26% delle erogazioni liberali in denaro ai partiti politici per importi compresi tra 30 euro e 30.000 euro annui. Sono esclusi gli enti nei quali vi sia una partecipazione pubblica o i cui titoli siano negoziati in mercati regolamentati nonché le società ed enti che controllano tali soggetti, nonché le società concessionarie dello Stato o di enti pubblici, per la durata del rapporto di concessione."
349,"Deduzione delle oblazioni, donazioni e contributi in favore delle organizzazioni non governative Deduzione delle oblazioni, donazioni e contributi in favore delle organizzazioni non governative"
350,Detrazione per erogazioni liberali in denaro a favore delle associazioni di promozione sociale iscritte negli appositi registri
351,"Detrazione spese veterinarie fino all’importo di euro 550, limitatamente alla parte che eccede euro 129,11"
352,"Non imponibilità ai fini delle imposte sui redditi dei proventi derivanti da attività commerciali e produttive marginali come individuate con DM 25 maggio 1995, qualora sia documentato il loro totale impiego per i fini istituzionali dell’organizzazione di volontariato."
353,"Non è considerata commerciale, così come per gli associati, la cessione di beni e la prestazione di servizi resa da associazioni di promozione sociale nei confronti dei familiari conviventi degli associati."
354,Esenzione da qualsiasi imposta indiretta per le operazioni di risarcimento del Fondo di garanzia vittime della strada e correlati rapporti tra il Fondo e le imprese assicuratrici
355,Esenzione dalle tasse sulle concessioni governative gli atti e i provvedimenti concernenti le ONLUS e le società e associazioni sportive dilettantistiche
356,Esenzione dalle tasse sulle concessioni governative per gli atti e i provvedimenti concernenti le ONLUS e le società e associazioni sportive dilettantistiche
357,"Esenzione dalle tasse sulle concessioni governative per gli atti costitutivi, statuti ed ogni altro atto necessario per l’adempimento di obblighi dei movimenti o partiti politici"
358,"Esenzione da tasse sulle concessioni governative per le licenze per l'impiego di apparecchiature terminali per il servizio radiomobile pubblico terrestre di comunicazione a favore di invalidi, non vedenti e sordi"
359,Esenzione dall'imposta di registro e da ogni altra imposta per gli atti giudiziari per i quali siano stati parti in causa le vittime di atti di terrorismo e delle stragi
360,"Esclusione dall'imposta sulle successioni dei trasferimenti a favore dello Stato, regioni , province, comuni, enti di ricerca e fondazioni, ONLUS, movimenti e partiti politici"
361,"Esenzione dall'imposta nei casi di donazione e liberalità effettuate per assistenza, matrimonio o comunque per meriti del donatario, nonché di modico valore (artt. 742 e 783 c.c.)"
362,"Esenzione dalle imposte ipotecaria e catastale sugli atti relativi a trasferimenti effettuati a favore dello Stato, regioni , province , comuni, enti di ricerca e fondazioni, ONLUS, movimenti e partiti politici"
363,"Esenzione imposta sulle successioni e donazioni, ipotecaria e catastale, sui trasferimenti a titolo gratuito a favore degli enti del terzo settore."
364,"Le imposte di registro, ipotecaria e catastale sono dovute in misura fissa sugli atti costitutivi e le modifiche statutarie, comprese le operazioni di fusione, scissione o trasformazione, poste in essere da enti del Terzo settore. Le modifiche statutarie sono esenti dall'imposta di registro se hanno lo scopo di adeguare gli atti a modifiche normative. Gli atti costitutivi e quelli connessi allo svolgimento delle attivita' delle organizzazioni di volontariato sono esenti dall'imposta di registro."
365,"Le imposte di registro, ipotecaria e catastale si applicano in misura fissa per gli atti traslativi a titolo oneroso di beni immobili a favore degli enti del Terzo settore"
366,"Gli atti, i documenti, le istanze e i contratti e ogni altro documento posto in essere o richiesto dagli enti del Terzo settore sono esenti dall'imposta di bollo."
367,"Esenzione imposta sulle successioni e donazioni, ipotecaria e catastale, sui conferimenti in trust, ovvero sulle costituzioni di vincoli di destinazione di cui all'art. 2645-ter c.c. ovvero sulle destinazione a fondi speciali, in favore delle persone con disabilita' grave Esenzione imposta sulle successioni e donazioni, ipotecaria e catastale, sui conferimenti in trust, ovvero sulle costituzioni di vincoli di destinazione di cui all'art. 2645-ter c.c. ovvero sulle destinazione a fondi speciali, in favore delle persone con disabilita' grave"
368,"Esenzione dall'imposta suille successioni e donazioni in caso di premorienza del beneficiario rispetto ai soggetti che hanno istituito il trust, ovvero stipulato i fondi speciali o costituito il vincolo di destinazione di cui all'art. 2645-ter del codice civile, suii trasferimenti di beni a favore dei suddetti soggetti"
369,"Applicazione delle imposte di registro, ipotacaria e catastale in misura fissa sugli atti traslativi a titolo oneroso a favore di trust, vincoli di destinazione e fondi speciali istituiti in favore delle persone con disabilita' grave"
370,"Gli atti, i documenti, le istanze e i contratti e ogni altro documento posto in essere o richiesto dal trustee ovvero dal fiduciario del fondo speciale ovvero dal gestore del vincolo di destinazione istituiti in favore delle persone con disabilita' grave sono esenti dall'imposta di bollo."
371,Deducibilità delle erogazioni liberali in denaro a favore dello Stato e dei comuni per contributi volontari versati in seguito ad eventi sismici o calamitosi che hanno colpito l'ente in favore del quale si effettua il versamento
372,"Credito d'imposta riconosciuto ai datori di lavoro pubblici e privati in relazione agli emolumenti versati al lavoratore legittimamente impegnato come volontario di protezione civile, in misura pari agli importi effettivamente spettanti (cedibile) è utilizzabile esclusivamente in compensazione"
373,"Regime fiscale agevolato per gli operatori bancari di finanza etica e sostenibile (nel de minimis) Non concorre a formare il reddito imponibile ai sensi dell'articolo 81 del testo unico delle imposte sui redditi, di cui al decreto del Presidente della Repubblica 22 dicembre 1986, n. 917, degli operatori bancari di finanza etica e sostenibile una quota pari al 75 per cento delle somme destinate a incremento del capitale proprio."
374,Detrazione per l'acquisto di strumenti compensativi e di sussidi tecnici e informatici necessari all'apprendimento per studenti affetti da disturbo specifico dell'apprendimento (DSA).
375,"Le pensioni a favore dei superstiti di assicurato o pensionato percepite dagli orfani, concorrono alla formazione del reddito complessivo per l'importo eccedente 1.000 Euro."
376,Esenzione dal canone di abbonamento radiotelevisivo in favore dei soggetti di età pari o superiore a 75 anni con reddito inferiore a 8.000 euro
377,"Deducibilità ai fini dell'imposta sui redditi della quota non superiore al 3 per cento degli utili netti annuali, dedotte eventuali perdite maturate negli esercizi precedenti, erogata dalle imprese sociali a fondi istituiti dagli enti rappresentativi delle imprese sociali e dalle associazioni nazionali di rappresentanza, assistenza, tutela e revisione del movimento cooperativo, nonché dalla Fondazione Italia Sociale, specificamente ed esclusivamente destinati alla promozione e allo sviluppo delle imprese sociali attraverso azioni ed iniziative di varia natura, quali il finanziamento di progetti di studio e di ricerca in tema di impresa sociale o di attività di formazione dei lavoratori dell'impresa sociale, la promozione della costituzione di imprese sociali o di loro enti associativi, o il finanziamento di specifici programmi di sviluppo di imprese sociali o di loro enti associativi"
378,Non concorrenza alla formazione reddito imponibile imprese sociali degli utili e degli avanzi di gestione destinati ad apposita riserva
379,Non concorrenza alla formazione reddito imponibile degli utili e degli avanzi di gestione destinati ad aumento gratuito del capitale sociale
380,Incentivi fiscali all’investimento nelle imprese sociali
381,"Credito d'imposta in favore delle fondazioni bancarie, per versamenti al FUN (Fondo Unico Nazionale) per il finanziamento dei CVS (Centri di Servizio per il Volontariato) nella misura del 100% (cedibile) utilizzabile esclusivamente in compensazione"
382,"Assoggettamento alla ritenuta agevolata di cui all’articolo 31 del D.P.R. n. 601/1973, degli interessi, dei premi e di ogni altro provento prodotti dai titoli di solidarietà."
383,Credito d'imposta pari al 50% delle erogazioni liberali in danaro effettuate in favore degli enti del terzo settore dagli istituti di credito emittenti i titoli di solidarietà e commisurate all'ammontare nominale collocato di detti titoli di solidarietà utilizzabile esclusivamente in compensazione Credito d'imposta pari al 50% delle erogazioni liberali in danaro effettuate in favore degli enti del terzo settore dagli istituti di credito emittenti i titoli di solidarietà e commisurate all'ammontare nominale collocato di detti titoli di solidarietà utilizzabile esclusivamente in compensazione
384,"Assoggettamento a ritenuta alla fonte a titolo di imposta, con l'aliquota agevolata prevista dall'articolo 31 del D.P.R. n. 601 del 1973 degli importi percepiti a titolo di remunerazione dai soggetti che prestano fondi attraverso portali on line che svolgono attività di social lending, finalizzato al finanziamento e al sostegno delle attività di interesse generale svolte dagli enti del terzo settore."
385,"Noncommercialità delle attività di cui all'art. 79, c. 1 qualora i ricavi non superino di oltre il 5 per cento i relativi costi per ciascun periodo d'imposta e per non oltre due periodi d'imposta consecutivi."
386,"Noncommercialità delle attività delle ex Ipab di cui alle lettere a), b), e c) dell'articolo 5 del d.lgs. 117/2017 (nel de minimis)"
387,Regime forfetario di determinazione del reddito d'impresa da parte di enti del terzo settore che svolgono in via principale o prevalente attività non commerciali
388,"""Social Bonus"" - Credito d'imposta pari al 65 per cento delle erogazioni liberali in denaro effettuate da persone fisiche in favore di enti del Terzo settore."
389,"Credito d'imposta (""Social bonus"") pari al 50% delle erogazioni liberali in denaro se effettuate da enti o società in favore degli enti del terzo settore, che hanno presentato al Ministero del lavoro e delle politiche sociali un progetto per sostenere il recupero degli immobili pubblici inutilizzati e dei beni mobili e immobili confiscati alla criminalità organizzata assegnati ai suddetti enti del terzo settore e da questi utilizzati esclusivamente per lo svolgimento di attività di interesse generale con modalità non commerciali, utilizzabile in compensazione."
390,Detrazioni e deduzioni per erogazioni liberali in denaro e in natura in favore degli enti del terzo settore
391,"Detrazioni per contributi associativi versati alle società di mutuo soccorso. Dall'imposta lorda si detrae un importo pari al 19 per cento dei contributi associativi per un importo non superiore a 1.300 euro versati dai soci alle società di mutuo soccorso che operano esclusivamente nei settori di cui all'articolo 1 della legge 15 aprile 1886, n. 3818, al fine di assicurare ai soci un sussidio nei casi di malattia, di impotenza al lavoro o di vecchiaia, ovvero, in caso di decesso, un aiuto alle loro famiglie"
392,Non concorrenza dei redditi degli immobili destinati in via esclusiva o principale allo svolgimento di attività non commerciale
393,Decommercializzazione di determinate attività effettuate dalle associazioni di promozione sociale (in de minimis)
394,Non concorrenza dei redditi degli immobili destinati in via esclusiva o principale allo svolgimento di attività non commerciale
395,Regime forfetario di determinazione del reddito per attività commerciali svolte dalle organizzazioni di volontariato e dalle associazioni di promozione sociale
396,"Credito d'imposta pari al 65% in favore delle fondazioni bancarie, esclusivamente in compensazione, nell'ambito dell'atttività non commerciale"
397,"Imposta sostitutiva sui compensi da lezioni private e ripetizioni A decorrere dal 1° gennaio 2019, ai compensi derivanti dall'attività di lezioni private e ripetizioni, svolta dai docenti titolari di cattedre nelle scuole di ogni ordine e grado, si applica un'imposta sostitutiva dell'imposta sul reddito delle persone fisiche e delle addizionali regionali e comunali con l'aliquota del 15 per cento, salva opzione per l'applicazione dell'imposta sul reddito nei modi ordinari."
398,I premi attribuiti dalla lotteria nazionale degli scontrini non concorrono a formare il reddito del percipiente per l'intero ammontare corrisposto nel periodo d'imposta e non sono assoggettati ad alcun prelievo erariale.
399,"Inserimento dei commi 3-bis, 3-ter e 3-quater all'art. 15 del TUIR. Rimodulazione detrazioni Irpef in base al reddito complessivo."
400,"le somme di cui alla lettera d-bis), comma 1, art. 10 del TUIR se assoggettate a ritenuta, sono restituite al netto della ritenuta subita e non costituiscono oneri deducibili le somme di cui alla lettera d-bis), comma 1, art. 10 del TUIR se assoggettate a ritenuta, sono restituite al netto della ritenuta subita e non costituiscono oneri deducibili"
401,Proroga per l'anno 2021 dell'assegno (bonus bebè) di importo pari a 960 euro annui per ogni figlio nato o adottato. L'assegno non concorre alla formazione del reddito ed è erogato mensilmente a decorrere dal mese di nascita o adozione.
402,Deduzione dal reddito imponibile dei contributi versati alle forme di previdenza complementari italiane ed estere localizzate nei Paesi dell'UE e del SEE.
403,Esenzione dall'IRPEF delle pensioni e delle indennità corrisposte alle vittime del terrorismo e delle stragi di tale matrice
404,"Sui lavori socialmente utili svolti da soggetti che hanno raggiunto l'età per la pensione di vecchiaia e che hanno un reddito complessivo non superiore a € 9296,22 al netto del reddito derivante dall'abitazione principale, si applica, sulla parte dei lavori socialmente utili che eccede € 3098,74, l'aliquota del 23%, maggiorata delle addizionali vigenti"
405,"Le rendite corrisposte in Italia da parte della assicurazione invalidità, vecchiaia e superstiti Svizzera (AVS), maturata sulla base anche di contributi previdenziali tassati alla fonte in Svizzera, sono assoggettate a ritenuta unica del 5 per cento da parte degli istituti italiani, quali sostituti d'imposta, per il cui tramite l'AVS Svizzera le eroga ai beneficiari in Italia"
406,"Applicazione della ritenuta del 5 per cento, a cura degli intermediari finanziari italiani che intervengono nel pagamento, sulle somme corrisposte in Italia da parte della gestione della previdenza professionale per la vecchiaia, i superstiti e l'invalidita' svizzera (LPP), ivi comprese le prestazioni erogate dagli enti o istituti svizzeri di prepensionamento, maturate sulla base anche di contributi previdenziali tassati alla fonte in Svizzera e in qualunque forma erogate"
407,Sui premi relativi ai contratti di assicurazione integrativa degli impiegati civili e militari dello Stato l'imposta sulle assicurazioni si applica in misura ridotta a un quarto
408,Deduzione delle spese mediche e di assistenza specifica necessarie nei casi di grave e permanente invalidita' o menomazione e deduzione dei contributi previdenziali versati per gli addetti ai servizi domestici e all'assistenza personale e familiare
409,Esenzione IRPEF per le pensioni di reversibilità percepite dai familiari delle vittime dell'attentato terroristico a Dacca
410,Applicazione ai dipendenti pubblici delle disposizioni concernenti la deducibilità dei premi e contributi versati e il regime di tassazione delle prestazioni previste per la previdenza complementare nel settore privato.
411,Deduzione a favore dell'interessato ovvero detrazione a favore dei soggetti di cui l'interessato risulta essere a carico dei contributi versati per il riscatto del periodo di corso di laurea
412,"Riconoscimento di una somma a titolo di trattamento integrativo ai titolari di reddito di lavoro dipendente e di taluni redditi assimilati. La somma è d'importo pari a euro 600 per l'anno 2020 e ad euro 1.200 a decorrre dall'anno 2021, se il reddito complessivo non è superiore a euro 28.000."
413,"Riconoscimento di una ulteriore detrazione fiscale ai titolari di reddito di lavoro dipendente e di taluni redditi assimilati se il reddito complessivo è superiore a euro 28.000 ma non ad euro 40.000. Per le prestazioni rese dal 1° gennaio 2021 l'ulteriore detrazione spetta nei seguenti importi: a) 960 euro, aumentata del prodotto tra 240 euro e l'importo corrispondente al rapporto tra 35.000 euro, diminuito del reddito complessivo, e 7.000 euro, se l'ammontare del reddito complessivo e' superiore a 28.000 euro ma non a 35.000 euro; b) 960 euro, se il reddito complessivo e' superiore a 35.000 euro ma non a 40.000 euro; la detrazione spetta per la parte corrispondente al rapporto tra l'importo di 40.000 euro, diminuito del reddito complessivo, e l'importo di 5.000 euro."
414,"Esenzione dall'IRPEF dell'indennità di fine rapporto erogata al lavoratore ""ricollocato"" entro il limite massimo di nove mensilità della retribuzione di rifeirmento per il calcolo del TFR. Esenzione dall'IRPEF dell'indennità di fine rapporto erogata al lavoratore ""ricollocato"" entro il limite massimo di nove mensilità della retribuzione di rifeirmento per il calcolo del TFR."
415,"Detassazione premi di produttività. Applicazione di una imposta sostitutiva del 10 per cento sulle somme, fino ad un massimo di 3000 euro, corrisposte ai lavoratori dipendenti del settore privato con limite reddituale di accesso al beneficio di 80.000 euro."
416,"Rendita integrativa temporanea anticipata (RITA) erogata ai lavoratori pubblici e privati aderenti alla previdenza complementare che, in tutto o in parte, la richiedano, a seguito della cessazione del rapporto di lavoro. La rendita integrativa anticipata è assoggettata a ritenuta a titolo d'imposta con aliquota pari, nel massimo, al 15 per cento e, nel minimo, al 9 per cento, con un decalage dello 0,3 per cento annuo per ciascun anno di adesione al fondo pensione superiore al quindicesimo."
417,"Esenzione dall'IRPEF: (comma 1) delle pensioni di guerra di ogni tipo, delle relative indennità accessorie, degli assegni connessi alle pensioni privilegiate ordinarie, delle pensioni connesse alle decorazioni dell'ordine militare d'Italia, nonché delle pensioni privilegiate ordinarie corrisposte ai militari di leva e delle pensioni tabellari spettanti per menomazioni subite durante il servizio di leva obbligatorio; (comma 2) della pensione reversibile, della tredicesima mensilità e delle indennità di accompagnamento, percepite dai ciechi civili ai sensi della legge 27 maggio 1970, n. 382; (comma 3) dei sussidi corrisposti dallo Stato e da altri enti pubblici a titolo assistenziale."
418,"Esclusione dalla tassazione dei redditi di importo fino a 7,500 euro - frontalieri"
419,La remunerazione che un lavoratore frontaliero (residente entro 20 KM dal confine svizzero) riceve in corrispettivo di una attività dipendente è imponibile soltanto nello Stato in cui tale attività è svolta
420,"Esenzione dall'IRPEF delle retribuzioni di qualsiasi natura, le pensioni e le indennità di fine rapporto corrisposte dalla Santa Sede e dagli enti dalla stessa gestiti ai propri dipendenti"
421,"Tassazione agevolata delle indennità di trasferta, dei rimborsi forfetari di spesa, dei premi e dei compensi erogati ai direttori artistici e ai collaboratori tecnici per prestazioni di natura non professionale da parte di cori, bande e filodrammatiche che perseguono finalità dilettantistiche, e quelli erogati nell'esercizio diretto di attività sportive dilettantistiche dal CONI, dalla societa' Sport e salute Spa, dalle federazioni sportive nazionali, dall'UNIRE, dagli enti di promozione sportiva e da qualunque organismo comunque denominato che persegua finalità sportive dilettantistiche. La disposizione si applica anche ai rapporti di collaborazione coordinata e continuativa di carattere amministrativo-gestionale di natura non professionale resi in favore di società e associazioni sportive dilettantistiche"
422,"Deduzione delle somme corrisposte ai dipendenti, chiamati ad adempiere funzioni presso gli uffici elettorali"
423,"Non concorrono a formare il reddito le somministrazioni di vitto da parte del datore di lavoro, quelle in mense organizzate direttamente dal datore di lavoro o gestite da terzi, le prestazioni sostitutive delle somministrazioni di vitto nel limite di € 4,00 aumentato a 8,00 € nel caso in cui le stesse siano rese in forma elettronica, nonché le indennita' sostitutive delle somministrazioni di vitto corrisposte agli addetti ai cantieri edili, ad altre strutture lavorative a carattere temporaneo o ad unità produttive ubicate in zone dove manchino strutture o servizi di ristorazione fino all'importo complessivo giornaliero di euro 5,29"
424,Non concorrono a formare il reddito le prestazioni di servizi di trasporto collettivo rese alla generalità o a categorie di dipendenti; anche se affidate a terzi ivi compresi gli esercenti servizi pubblici.
425,"Non concorrono a formare il reddito le somme erogate o rimborsate alla generalità o a categorie di dipendenti dal datore di lavoro o le spese da quest'ultimo direttamente sostenute, volontariamente o in conformità a disposizioni di contratto, di accordo o di regolamento aziendale, per l'acquisto degli abbonamenti per il trasporto pubblico locale, regionale e interregionale del dipendente e dei familiari fiscalmente a carico."
426,"Non concorrono a formare il reddito i compensi reversibili delle indennità e dei compensi percepiti a carico di terzi dai prestatori di lavoro dipendente per incarichi svolti in relazione a tale qualità, nonché delle indennità, dei gettoni di presenza e degli altri compensi corrisposti dallo Stato, dalle regioni, dalle province e dai comuni per l'esercizio di pubbliche funzioni. Non concorrono a formare il reddito i compensi reversibili delle indennità e dei compensi percepiti a carico di terzi dai prestatori di lavoro dipendente per incarichi svolti in relazione a tale qualità, nonché delle indennità, dei gettoni di presenza e degli altri compensi corrisposti dallo Stato, dalle regioni, dalle province e dai comuni per l'esercizio di pubbliche funzioni."
427,"Non concorrono a formare il reddito l'utilizzazione delle opere e dei servizi riconosciuti dal datore di lavoro volontariamente o in conformità di disposizioni di contratto, accordo o regolamento aziendale, offerti alla generalità dei dipendenti, categorie di dipendenti o familiari di cui all'art. 12 del TUIR per le finalità di cui al comma 1 dell'art. 100 del citato TUIR."
428,"Non concorrono a formare il reddito le somme, i servizi e le prestazioni erogati dal datore di lavoro alla generalità dei dipendenti o a categorie di dipendenti per la fruizione, da parte dei familiari indicati nell'articolo 12, dei servizi di educazione e istruzione anche in età prescolare, compresi i servizi integrativi e di mensa ad essi connessi, nonché per la frequenza di ludoteche e di centri estivi e invernali e per borse di studio a favore dei medesimi familiari"
429,Non concorrono a formare il reddito le somme e le prestazioni erogate dal datore di lavoro alla generalità dei dipendenti o a categorie di dipendenti per la fruizione dei servizi di assistenza ai familiari anziani o non autosufficienti indicati nell'articolo 12
430,"Non concorrono a formare il reddito i contributi e i premi versati dal datore di lavoro a favore della generalità dei dipendenti o di categorie di dipendenti per prestazioni, anche in forma assicurativa, aventi per oggetto il rischio di non autosufficienza nel compimento degli atti della vita quotidiana o il rischio di gravi patologie."
431,"Non concorrono a formare il reddito il valore delle azioni offerte alla generalità dei dipendenti per un importo annuo non superiore a € 2065,83"
432,"Non concorrono a formare il reddito le somme trattenute al dipendente per oneri di cui all'art. 10 alle condizioni ivi previste, nonché le erogazioni effettuate dal datore di lavoro in conformità a contratti collettivi o ad accordi e regolamenti aziendali"
433,Non concorrono a formare il reddito le mance percepite dai croupiers nella misura del 25% dell'ammontare percepito nell'anno
434,"Non concorrono a formare il reddito il valore dei beni ceduti e dei servizi prestati se complessivamente di importo non superiore nell'anno a € 258,23"
435,"Limitatamente ai periodi d'imposta 2020 e 2021, l'importo del valore dei beni ceduti e dei servizi prestati dall'azienda ai lavoratori dipendenti che non concorre alla formazione del reddito ai sensi dell'articolo 51, comma 3, del TUIR, è elevato ad euro 516,46."
436,"Ai fini della determinazione del fringe benefit per gli autoveicoli, i motocicli e i ciclomotori concessi in uso promiscuo con contratti stipulati a partire dal 1° luglio 2020 si applica una percentuale variabile sul calcolo dei fringe benefit oggetto di tassazione. Fermo restando la modalità di calcolo basata sulla percorrenza convenzionale di 15.000 chilometri calcolata sulla base del costo chilometrico ACI, al netto delle somme eventualmente trattenute al dipendente, la percentuale da applicare a tale valore numerico ai fini della tassazione varia in funzione del grado di inquinamento del veicolo. Resta ferma l'applicazione della disciplina nel testo dell'articolo 51, comma 4, lettera a), del TUIR vigente al 31 dicembre 2019 per i veicoli concessi in uso promiscuo con contratti stipulati entro il 30 giugno 2020."
437,"Ai fini della determinazione del fringe benefit, in caso di concessione di prestiti, si assume il 50% della differenza tra l'importo degli interessi calcolato al tasso ufficiale di sconto vigente al termine di ciascun anno e l'importo degli interessi calcolato al tasso applicato sugli stesssi"
438,"Ai fini della determinazione del fringe benefit, per i fabbricati concessi in locazione, in uso o in comodato, si assume la differrenza tra la rendita catastale del fabbricato aumentata di tutte le spese inerenti e quanto corrisposto per il godimento del fabbricato stesso"
439,"Ai fini della determinazione del fringe benefit, per i servizi di trasporto ferroviario di persone prestati gratuitamente, si assume, al netto degli importi trattenuti, l'ammontare corrispondente all'introito medio per passeggero/chilometro, per una percorrenza media convenzionale di 2.600 km"
440,"Le indennità percepite per le trasferte o le missioni fuori del territorio comunale concorrono a formare il reddito per la parte che eccede € 46,48 al giorno, elevati a € 77,47 per le trasferte all'estero"
441,Le indennità e le maggiorazioni di retribuzione spettanti ai trasfertisti concorrono a formare il reddito nella misura del 50%
442,"Le indennità di trasferimento, quelle di prima sistemazione e quelle equipollenti non concorrono a formare il reddito nella misura del 50% per un importo complessivo annuo non superiore a € 1549,37 per i trasferimenti all'interno del territorio nazionale ed € 4648,11 per quelli fuori del territorio nazionale o in destinazione a quest'ultimo Le indennità di trasferimento, quelle di prima sistemazione e quelle equipollenti non concorrono a formare il reddito nella misura del 50% per un importo complessivo annuo non superiore a € 1549,37 per i trasferimenti all'interno del territorio nazionale ed € 4648,11 per quelli fuori del territorio nazionale o in destinazione a quest'ultimo"
443,Gli assegni di sede e le altre indennità percepite per servizi prestati all'estero costituiscono reddito nella misura del 50%
444,"Il reddito di lavoro dipendente, prestato all'estero in via continuativa e come oggetto esclusivo del rapporto da dipendenti che nell'arco di dodici mesi soggiornano nello Stato estero per un periodo superiore a 183 giorni, è determinato sulla base di retribuzioni convenzionali. La disposizione non è applicabile al reddito derivante dall'attività prestata per un periodo superiore a 183 giorni nell'arco di dodici mesi sulle navi battenti bandiera estera. Tale reddito continua a essere escluso dalla base imponibile fiscale."
445,I compensi percepiti per attività libero professionale intramuraria costituiscono reddito nella misura del 75%
446,"Non concorrono a formare il reddito le somme erogate a titolo di rimborso dispese ai titolari di cariche elettive, nonché a coloro che esercitano le funzioni di cui agli artt. 114 e 135 della Costituzione . Gli assegni vitalizi sono assoggettati a tassazione per la quota parte che non deriva da fonti riferibili a trattenute effettuate al percettore già assoggettate a ritenute fiscali. Detta quota parte è determinata per ciascun periodo d'imposta."
447,Esenzione dall'IRPEF dei redditi derivanti dall'esercizio della funzione di ambasciatori e agenti diplomatici degli Stati esteri accreditati in Italia.
448,Gli onorari corrisposti ai membri dei seggi elettorali costituiscono rimborso spese fisso forfetario non assoggettabile a ritenute o imposte e non concorrono alla formazione della base imponibile ai fini fiscali
449,Esenzione dei redditi derivanti da prestazioni di lavoro occasionali per tali intendendosi quelle di importo non supeiore complessivamente nell'anno a 5000 euro
450,Riconoscimento di tutte le agevolazioni fiscali previste per i residenti in Italia ai soggetti non residenti che producono in Italia almeno il 75% del loro reddito complessivo e che non godono di analoghe agevolazioni nel Paese di residenza. Procedura di infrazione n. 2013/2027
451,"Non assoggettamento ad IVA delle somministrazioni nelle mense aziendali, delle prestazioni di trasporto, didattiche, educative e ricreative, di assistenza sociale e sanitaria, a favore del personale dipendente."
452,Detrazione sulle indennità di fine rapporto di importo minimo
453,"Clausola di salvaguardia per le indennità di fine rapporto di cui all'art. 17, comma 1, lett. a), del TUIR con blocco delle aliquota a quelle del 31 dicembre 2006"
454,Applicazione dell'imposta sostitutiva del 17% sulle rivalutazioni del TFR maturate dal 2001
455,"Le prestazioni di lavoro occasionale per attivita' di cui al decreto del Ministro dell'interno 8 agosto 2007, sono esenti da IRPEF qualora i compensi non siano di importo complessivo superiore a 5.000 euro per ciascun utilizzatore."
456,"Ai consiglieri di Stato spetta il rimborso delle spese, ai sensi della legge 18 dicembre 1973, n. 836, o, a scelta dell'interessato, l'indennita' di trasferta, ai sensi dell'articolo 3, comma 79, della legge 24 dicembre 2003, n. 350, e successive modificazioni, a titolo risarcitorio indennitario, in relazione al mantenimento della residenza nel territorio della provincia di Bolzano, nel limite di spesa pari a 50.000 euro annui a decorrere dal 2018."
457,Esclusione dall' IRPEF dei proventi dell'apicoltura condotta da apicoltori con meno di 20 alveari e ricadenti nei comuni classificati montani.
458,"In materia di cassa integrazione in deroga, le domande presentate ai sensi dell’art. 22, comma 4, Decreto-Legge n. 18/2020, sono esenti dall'imposta di bollo."
459,Riduzione dell'IRPEF e relative addizionali sul trattamento economico accessorio del personale delle Forze di polizia e Forze armate con reddito non superiore a 28.000 euro.
460,"Non imponiblità ai fini IRPEF della liquidazione anticipata, in un’unica soluzione, della NASpI destinata alla sottoscrizione di capitale sociale da parte del socio lavoratore di cooperativa. Non imponiblità ai fini IRPEF della liquidazione anticipata, in un’unica soluzione, della NASpI destinata alla sottoscrizione di capitale sociale da parte del socio lavoratore di cooperativa."
461,"Viene introdotto un credito d'imposta a favore dei soggetti esercenti l'attività di cuoco professionista presso alberghi e ristoranti, sia come lavoratore dipendente sia come lavoratore autonomo in possesso di partita IVA, fino al 40 per cento del costo per le spese per l'acquisto di beni strumentali durevoli ovvero per la partecipazione a corsi di aggiornamento professionale, strettamente funzionali all'esercizio dell'attività, sostenute tra il 1° gennaio 2021 e il 30 giugno 2021. Il predetto credito d'imposta, utilizzabile esclusivamente in compensazione, ai sensi dell'articolo 17 del decreto legislativo 9 luglio 1997, n. 241, non concorre alla formazione del reddito ai fini delle imposte sui redditi e del valore della produzione ai fini dell'imposta regionale sulle attivita' produttive e non rileva ai fini del rapporto di cui agli articoli 61 e 109, comma 5, del TUIR. Spetta fino a un massimo di 6.000 euro, nel limite massimo di spesa complessivo di 1 milione di euro per ciascuno degli anni 2021, 2022 e 2023."
462,"Esenzione IRPEF per importi del TFR dei lavoratori destinati alla sottoscrizione di capitale sociale delle cooperative costituite ai sensi dell’art. 23, co. 3-quater, del D.L. n. 83 del 2012."
463,"Le operazioni di cessione a titolo gratuito di aziende da parte dei titolari ai lavoratori provenienti dalle aziende medesime sono esenti dall'imposta sulle successioni e donazioni ex art. 3, comma 4-ter, del d.lgs. 31 ottobre 1990, n. 346."
464,"I rimborsi relativi agli acquisti effettuati, mediante strumenti di pagamento elettronici, dalle persone fisiche maggiorenni residenti nel territorio dello Stato, al di fuori dell'esercizio di attività d'impresa, arte o professione non concorrono a formare il reddito del percipiente."
465,"Riconoscimento, in via sperimentale per il triennio 2021-2023, di una indennità straordinaria di continuità reddituale e operativa (ISCRO) a favore dei soggetti iscritti alla Gestione separata di cui all'articolo 2, comma 26, della legge 8 agosto 1995, n. 335, che esercitano per professione abituale attività di lavoro autonomo di cui al comma 1, dell'articolo 53 del TUIR e che siano in possesso di determinati requisiti oggettivi e soggettivi. L'indennità non concorre alla formazione del reddito ai fini Irpef."
466,"Esenzione da imposta sulle successioni, ipotecaria e catastale, di bollo e dalle altre tasse e diritti per le successioni a favore del coniuge e dei parenti di primo grado delle persone decedute a causa del sisma del 6 aprile 2009 nella regione Abruzzo"
467,Esenzione da imposte e tributi per gli atti e provvedimenti relativi alla ricostruzione e sviluppo delle zone colpite dal terremoto del novembre 1980 e del febbraio 1981
468,Esenzione da imposte e tributi per gli atti relativi alla ricostruzione delle zone colpite dal terremoto dell'agosto del 1962
469,Tassazione dei titoli per il finanziamento di iniziative economiche nel Mezzogiorno emessi da banche con scadenza non inferiore a 18 mesi riduzione a metà della ritenuta
470,"Gasolio e GPL impiegati per riscaldamento in aree geograficamente o climaticamente svantaggiate (zone montane, Sardegna, isole minori) - Riduzione di prezzo"
471,ZFU per il sisma L’Aquila. Agevolazione concessa nel de minimis.
472,"ZFU Obiettivo Convergenza, Sulcis e Pelagie, nonché nuove ZFU non ricomprese nell'Obiettivo Convergenza (ZFU di Pescara, Matera, Velletri, Sora, Ventimiglia, Campobasso, Cagliari, Iglesias, Quartu Sant'Elena, Massa- Carrara) individuate dalla delibera CIPE n. 14 dell'8 maggio 2009 ZFU Obiettivo Convergenza, Sulcis e Pelagie, nonché nuove ZFU non ricomprese nell'Obiettivo Convergenza (ZFU di Pescara, Matera, Velletri, Sora, Ventimiglia, Campobasso, Cagliari, Iglesias, Quartu Sant'Elena, Massa- Carrara) individuate dalla delibera CIPE n. 14 dell'8 maggio 2009"
473,"Detassazione di contributi, indennizie risarcimenti connessi agli eventi sismici del Centro Italia (nel rispetto della normativa europea in materia di aiuti di Stato - misura comunicata in esenzione alla Commissione europea)"
474,"ZFU SISMA CENTRO ITALIA: contributo sotto forma di credito d'imposta in favore delle imprese con sede princpale o unità locale situata nei Comuni delle Regioni Lazio, Umbria, Marche e Abruzzo colpiti dal sisma del 2016 e 2017 in de minimis"
475,Credito d'imposta per nuovi investimenti Mezzogiorno (concesso ai sensi del Reg. UE 651/2014) utilizzabile esclusivamente in compensazione nella misura massima consentita dalla Carta degli aiuti a finalità regionale.
476,"CREDITO D'IMPOSTA PER INVESTIMENTI ZES: estensione del credito d'imposta di cui all'art. 1, c. 98 e ss., della legge n. 208/2015 per investimenti in beni strumentali nuovi destinati a strutture produttive ubicate nelle ZES del Mezzorgiorno nel rispetto del Reg. UE 651/2014. Il predetto credito d'imposta, per effetto dell'art. 57, comma 1, lett. b), n. 4), D.L. 31 maggio 2021, n. 77, si applica nel limite massimo, per ciascun progetto di investimento, di 100 milioni di euro (anzichè di 50 milioni di euro) ed è esteso all'acquisto di immobili strumentali agli investimenti."
477,"Esenzione dall'imposta di bollo e di registro per le istanze, i contratti e i documenti presentati alla P.A. fino al 31 dicembre 2022 in esecuzione delle ordinanze commissariali per la ricostruzione."
478,"Esenzione dall'imposta di successione, dalle imposte e tasse ipotecarie e catastali, dall'imposta di registro e di bollo per gli immobili demoliti o dichiarati inagibili a seguito degli eventi sismici verificatisi nei territori delle regioni Abruzzo, Lazio, Marche ed Umbria a far data dal 24 agosto 2016"
479,"I contributi, gli indennizzi e i risarcimenti connessi al crollo, di qualsiasi natura e indipendentemente dalle modalità di fruizione e contabilizzazione, non concorrono alla formazione del reddito imponibile ai fini delle imposte sui redditi e dell'imposta regionale sulle attività produttive per le persone fisiche e giuridiche."
480,Determinazione agevolata del reddito e del valore della produzione netta per le persone fisiche e le imprese residenti a Campione d'Italia
481,"Estensione dell'imposta sostitutiva sui redditi delle persone fisiche titolari di redditi da pensione di fonte estera che trasferiscono la propria residenza fiscale nel Mezzogiorno ai sensi dell'articolo 24-ter del TUIR anche a coloro che trasferiscano la residenza in uno dei comuni interessati da eventi sismici con popolazione non superiore a 3.000 abitanti indicati negli allegati 1, 2 e 2-bis al decreto-legge 17 ottobre 2016, n. 189, convertito, con modificazioni, dalla legge 15 dicembre 2016, n. 229."
482,"Credito d'Imposta per investimenti ZLS: estensione del credito d'imposta di cui all'art. 1, c. 98 e ss., della legge n. 208/2015 per investimenti in beni strumentali nuovi destinati a strutture produttive ubicate nelle ZLS nel rispetto del Reg. UE 651/2014"
483,"Riduzione al 50% delle imposte sui redditi di impresa e dell'imposta regionale sulle attività produttive per le imprese localizzate nel Comune di Campione d'Italia (in regime ""de minimis""). Per il 2020 la maggiorazione si applica previo parere favorevole della Commissione europea, ai sensi dell’articolo 108, comma 3 TFUE, nel quadro del Temporary Framework degli aiuti di Stato nel quadro dell’emergenza. In deroga al comma 576, per il periodo d'imposta in corso al 31 dicembre 2020 e fino a quello in corso al 31 dicembre 2021, le agevolazioni si applicano nel limite dell'importo di 1.800.000 euro per ogni impresa. Tale limite è di 270.000 euro per ogni impresa attiva nel settore della pesca e dell'acquacoltura e di 225.000 euro per ogni impresa attiva nel settore della produzione primaria di prodotti agricoli. Riduzione al 50% delle imposte sui redditi di impresa e dell'imposta regionale sulle attività produttive per le imprese localizzate nel Comune di Campione d'Italia (in regime ""de minimis""). Per il 2020 la maggiorazione si applica previo parere favorevole della Commissione europea, ai sensi dell’articolo 108, comma 3 TFUE, nel quadro del Temporary Framework degli aiuti di Stato nel quadro dell’emergenza. In deroga al comma 576, per il periodo d'imposta in corso al 31 dicembre 2020 e fino a quello in corso al 31 dicembre 2021, le agevolazioni si applicano nel limite dell'importo di 1.800.000 euro per ogni impresa. Tale limite è di 270.000 euro per ogni impresa attiva nel settore della pesca e dell'acquacoltura e di 225.000 euro per ogni impresa attiva nel settore della produzione primaria di prodotti agricoli."
484,"Credito d'imposta per investimenti nel Comune di Campione d'Italia (da notificare ai sensi dell'articolo 108, paragrafo 3, del TFUE all'autorizzazione della Commissione europea). Per il 2020 la maggiorazione si applica previo parere favorevole della Commissione europea, ai sensi dell’articolo 108, comma 3 TFUE, nel quadro del Temporary Framework degli aiuti di Stato nel quadro dell’emergenza. Ai sensi del comma 577-bis, per il periodo d'imposta in corso al 31 dicembre 2020 e fino a quello in corso al 31 dicembre 2021, alle imprese che effettuano gli investimenti di cui al comma 577 il credito d'imposta è riconosciuto, in deroga alle disposizioni del medesimo comma 577, in misura pari ai costi sostenuti nel limite dell'importo di 1.800.000 euro per ogni impresa. Tale limite è di 270.000 euro per ogni impresa attiva nel settore della pesca e dell'acquacoltura e di 225.000 euro per ogni impresa attiva nel settore della produzione primaria di prodotti agricoli."
485,"Credito d’imposta per gli investimenti in attività di ricerca e sviluppo (di cui all’articolo 1, comma 200, della legge n. 160 del 2019), inclusi i progetti di ricerca e sviluppo in materia di Covid-19, per le imprese operanti nel Mezzogiorno, potenziato al 25% per le grandi imprese, al 35% per le medie imprese e al 45% per le piccole imprese. La misura si applica nel rispetto dei limiti e delle condizioni di cui al regolamento (UE) n. 651/2014, e in particolare dell’articolo 25."
486,"Riduzione del 50%, per sette annualità, dell’imposta sul reddito realizzato dalle imprese che intraprendono una nuova attività nelle Zone economiche speciali istituite nel Mezzogiorno d'Italia, a condizione che, per almeno dieci anni, sia mantenuta l’attività e siano conservati i relativi posti di lavoro (nel rispetto del de minimis)."
487,"Noncommercialità delle attività svolte dagli enti associativi - con varie limitazioni sia soggettive che oggettive - in favore degli associati o partecipanti, in conformità alle finalità istituzionali."
488,Per le ONLUS non costituisce esercizio di attività commerciali lo svolgimento delle attività istituzionali nel perseguimento di esclusive finalità di solidarietà sociale. I proventi derivanti dall'esercizio delle attività direttamente connesse non concorrono alla formazione del reddito imponibile.
489,"Facoltà concessa alle persone fisiche che trasferiscono la propria residenza in Italia e che non sono state residenti fiscalmente in Italia per un tempo almeno pari a nove periodi d’imposta nel corso dei dieci precedenti l’esercizio dell’opzione per l’imposta sostitutiva, di optare, per un periodo non superiore a 15 anni, per l’applicazione sui redditi prodotti all’estero, a prescindere dall’importo degli stessi, di un’imposta sostitutiva dell’imposta sui redditi delle persone fisiche forfetaria pari a 100.000 euro per ciascun periodo d’imposta."
490,Opzione per l'imposta sostitutiva per i titolari di redditi da pensione di fonte straniera che trasferiscono la residenza nel Mezzogiorno
491,"Rinvio all'art 15, c. 1, lett. a), lett. g), lett. h), lett. h-bis, lett. i), lett. i-bis, lett. i-quater e lett. i-octies del Tuir. Dall'imposta lorda si detrae un importo pari al 19 per cento degli oneri di cui alle lettere citate sostenuti dal contribuente, se non deducibili nella determinazione dei singoli redditi che concorrono a formare il reddito complessivo."
492,"La norma prevede, per gli enti non commerciali ammessi al regime di contabilità semplificata, la possibilità di optare per la determinazione forfetaria del reddito d'impresa, applicando all'ammontare dei ricavi conseguiti un coefficiente di redditività corrispondente ad una classe determinata in base all'ammontare dei ricavi stessi, ed incrementando l'importo così determinato dei componenti di reddito di cui agli artt. 86, 88, 89 e 90 del TUIR."
493,"Deduzione dal reddito complessivo degli enti non commerciali dei canoni, livelli, censi, ed altri oneri gravanti sui redditi degli immobili che concorrono a formare il reddito complessivo, delle somme corrisposte ai chiamati ad adempiere funzioni presso uffici elettorali e dei contributi, donazioni e oblazioni a favore di organizzazioni non governative fino al 2% del reddito complessivo dichiarato."
494,Il reddito derivante dall'esercizio di attività commerciali svolte in occasione di manifestazioni propagandistiche da partiti politici rappresentati nelle assemblee nazionali o regionali è esente da IRES.
495,"Esclusioni dalla base imponibile degli enti noncommerciali dei seguenti proventi: a) fondi pervenuti a seguito di raccolte pubbliche effettuate occasionalmente, in concomitanza di celebrazioni, ricorrenze, campagne di sensibilizzazione; b) contributi corrisposti da amministrazioni pubbliche per lo svolgimento di attività in regime di convenzione o accreditamento, aventi finalità sociali esercitate in conformità alle finalità istituzionali. Esclusioni dalla base imponibile degli enti noncommerciali dei seguenti proventi: a) fondi pervenuti a seguito di raccolte pubbliche effettuate occasionalmente, in concomitanza di celebrazioni, ricorrenze, campagne di sensibilizzazione; b) contributi corrisposti da amministrazioni pubbliche per lo svolgimento di attività in regime di convenzione o accreditamento, aventi finalità sociali esercitate in conformità alle finalità istituzionali."
496,Concorso alla formazione della base imponibile nella misura del 50 per cento per gli utili percepiti da enti non commerciali residenti e stabili organizzazioni di enti non commerciali non residenti.
497,"Esenzione per i fabbricati di proprietà della Santa Sede indicati negli artt. 13, 14, 15 e 16 del Trattato lateranense"
498,"Credito d’imposta per i procedimenti di negoziazione assistita e arbitrato (cd. incentivo fiscale alla ""degiurisdizionalizzazione"") utilizzabile in compensazione, commisurato al compenso fino a concorrenza di 250 euro."
499,Regime speciale monofase per i tabacchi lavorati
500,Regime speciale monofase per i fiammiferi
501,Regime speciale monofase per il settore editoriale
502,Regime speciale monofase per le schede telefoniche
503,Regime speciale per le agenzie di viaggio con detraibilità base da base
504,Regime speciale per le attività spettacolistiche semplificazione degli obblighi formali e sostanziali dell'IVA
505,Regime speciale per le vendite all'asta applicazione dell'imposta sul margine
506,"Regime del margine per i beni usati, oggetti d'arte, d'antiquario e da collezione applicazione dell'imposta sul margine"
507,Regime del margine per le auto usate applicazione dell'imposta sul margine
508,"Cessioni gratutire di beni a titolo di omaggio: non assoggettamento ad Iva con detraibilità dell'Iva a monte, delle cessioni gratuite di beni di valore inferiore ad euro 50,00 che non rientrano nell'attività propria di produzione o commercio dell'impresa"
509,"Non assoggettamento ad IVA delle cessioni gratuite di beni di valore inferiore ad euro 50,00"
510,Non assoggettamento ad IVA dei contributi a fondo perduto
511,Non assoggettamento ad IVA delle cessioni di beni relativi alle operazioni e concorsi a premi
512,"Non assoggettamento ad IVA delle prestazioni gratuite di servizi di valore inferiore ad euro 50,00"
513,"Non assoggettamento ad IVA delle operazioni di diffusione di messaggi, rappresentazioni, immagini o comunicazioni di pubblico interesse richieste o patrocinate dallo Stato o da enti pubblici"
514,Non assoggettamento ad IVA delle prestazioni relative agli spettacoli rese ai possessori di titoli per l'accesso gratuito rilasciati dagli organizzatori nel limite massimo del 5 per cento di capienza del locale o da determinati enti nel limite stabilito con provvedimento del Direttore dell'Agenzia delle entrate
515,"Non assoggettamento ad IVA delle cessioni di beni e prestazioni di servizi ai soci, associati o partecipanti effettuate in conformita' alle finalita' istituzionali da associazioni politiche, sindacali e di categoria, religiose, assistenziali, culturali sportive dilettantistiche, di promozione sociale e di formazione extra-scolastica della persona in presenza di determinate condizioni"
516,Non assoggettamento ad IVA delle mense e spacci militari
517,"Nonassoggettamento ad IVA dei servizi di controllo qualitativo dei prodotti, compresa l'applicazione di marchi di qualità Nonassoggettamento ad IVA dei servizi di controllo qualitativo dei prodotti, compresa l'applicazione di marchi di qualità"
518,Non assoggettamento ad IVA delle cessioni di beni e prestazioni di servizi effettuate in occasione di manifestazioni propagandistiche dai partiti politici
519,"Non assoggettamento ad IVA delle cessioni di beni e prestazioni di servizi poste in essere dalla Presidenza della Repubblica, dal Senato della Repubblica, dalla Camera dei deputati e dalla Corte Costituzionale, nel perseguimento delle proprie finalita' istituzionali"
520,Non assoggettamento ad IVA delle prestazioni sanitarie soggette al pagamento di quote di partecipazione alla spesa sanitaria erogate dalle unita' sanitarie locali e dalle aziende ospedaliere del Servizio sanitario nazionale
521,"Non assoggettamento ad IVA della somministrazione di alimenti e bevande effettuata, presso le sedi delle associazioni di promozione sociale, da bar ed esercizi similari"
522,Non assoggettamento ad IVA delle prestazioni di servizi derivanti dall'attivita' di levata dei protesti esercitata dai segretari comunali
523,Non assoggettamento ad IVA delle prestazioni di vigilanza e custodia rese da guardie giurate
524,Non imponibilità delle cessioni di beni effettuate nei confronti di esportatori abituali nei limiti del plafond maturato
525,"Non imponibilità delle cessioni di navi adibite alla navigazione in alto mare e destinate all'esercizio di attività commerciali o della pesca nonché delle cessioni di navi adibite alla pesca costiera o a operazioni di salvataggio o di assistenza in mare, ovvero alla demolizione, escluse le unità da diporto"
526,Non imponibilità delle cessioni di navi e di aeromobili ad organi dello Stato
527,"Non imponibilità dei servizi prestati nei porti, aeroporti e simili nonché quelli resi dagli agenti marittimi raccomandatari"
528,Non imponibilità delle manipolazioni usuali eseguite nei depositi doganali
529,Esenzione per le operazioni relative alla riscossione dei tributi con pro rata di detraibilità a monte
530,"Esenzione per le cessioni gratuite di beni fatte ad enti pubblici, associazioni riconosciute o fondazioni aventi esclusivamente finalita' di assistenza, beneficenza, educazione, istruzione, studio o ricerca scientifica e alle ONLUS con pro rata di detraibilità a monte"
531,Esenzione per le cessioni gratuite di beni fatte a favore delle popolazioni colpite da calamità naturali con pro rata di detraibilità a monte
532,Esenzione delle prestazioni dei servizi di pompe funebri con pro rata di detraibilità a monte
533,Esenzione delle prestazioni delle compagnie barracellari con pro rata di detraibilità a monte
534,"Versamenti trimestrali senza pagamento di interessi per alcune categorie di contribuenti autorizzati con D.M. (somministrazione di gas, acqua ed energia elettrica)"
535,Versamenti trimestrali senza pagamento di interessi per gli esercenti impianti distribuzione carburante per uso autotrazione
536,Versamenti trimestrali senza pagamento di interessi per gli autotrasportatori cose conto terzi
537,Versamenti differiti di un trimestre per gli autotrasportatori cose conto terzi
538,Versamenti trimestrali senza pagamento di interessi per i subfornitori
539,"Regime speciale per gli intrattenimenti, i giochi e le altre attività di cui alla tariffa allegata al d.P.R. n. 640/72 Detrazione forfettizzata dell'imposta nella misura del 50%"
540,"Regime speciale per gli intrattenimenti, esteso alle società sportive dilettantistiche che optano per il regime di favore di cui alla legge n. 398/1991. Detrazione forfettizzata dell'imposta nella misura del 50% Regime speciale per gli intrattenimenti, esteso alle società sportive dilettantistiche che optano per il regime di favore di cui alla legge n. 398/1991. Detrazione forfettizzata dell'imposta nella misura del 50%"
541,"Regime fiscale di vantaggio (nuovi minimi). Per i soggetti rispondenti ai requisiti previsti dalla norma, è prevista l'applicazione di un'imposta sostitutiva dell'imposta sui redditi e delle addizionali regionali e comunali pari al 5%. I contribuenti sono esenti da Irap, non addebitano l'IVA sulle vendite e non hanno diritto alla detrazione per l'IVA sugli acquisti. E' possibile optare per l'applicazione dell' IVA e dell' IRPEF nei modi ordinari. Si applica, per il periodo d'imposta in cui l'attività è iniziata e per i quattro successivi. Il regime è applicabile anche oltre il quarto periodo di imposta successivo, fino al compimento del trentacinquesimo anno di età."
542,"""Nuovo"" regime forfettario agli effetti dell’Iva, dell’Irpef e dell’Irap di determinazione del reddito da assoggettare ad un’unica imposta sostituiva di quelle dovute, con l’aliquota del 15% per le persone fisiche con un limite di ricavi annui diversificati per settore. Estensione del regime ai soggetti con ricavi o compensi fino a 65.000 euro. Con l'articolo 1 della legge n. 160/2019 sono state reintrodotte alcune condizioni di accesso e cause di eclusione che rendono più stringente il regime."
543,"Gli enti non commerciali che esercitano attività di agriturismo di cui alla legge 5 dicembre 1985, n. 730, determinano il reddito imponibile applicando all'ammontare dei ricavi conseguiti con l'esercizio di tale attività, al netto della imposta sul valore aggiunto, il coefficiente di redditività del 25 per cento"
544,"Regime dell'IVA di cassa in base al quale il versamento dell'IVA è differito al momento della riscossione dei corrispettivi, ma comunque non oltre un anno"
545,Esclusione da IVA (assimilaz. a conferimento di ramo d'azienda) degli apporti a fondi immobiliari chiusi di pluralità di immobili prevalentemente locati
546,Esclusione da IVA (assimilaz. a conferimento di ramo d'azienda) degli apporti a SIIQ e SIINQ di pluralità di immobili prevalentemente locati
547,Esenzione dalle tasse sulle concessioni governative per le licenze di porto di pistola rilasciate a talune categorie di dipendenti civili dello Stato
548,L'imposta di registro si applica in misura fissa per la registrazione volontaria di atti non assoggettati all'obbligo della registrazione indicati nella Tabella allegata al D.P.R. n. 131/1986
549,"Riduzione di imposta per: successioni apertesi entro 5 anni da altre successioni; beni immobili culturali non sottoposti a vincolo anteriormente all'apertura della successione; fondi rustici devoluti al coniuge e parenti prossimi di valore non superiore a lire 200 milioni; immobili o parti di immobili adibiti all'esercizio dell'impresa e devoluti al coniuge e/o parenti prossimi; aziende, quote di società di persone o beni strumentali ubicate in comuni montani e trasferiti al coniuge e/o parenti prossimi."
550,"Esenzione dall’imposta di bollo per i seguenti atti normalmente assoggettati al nuovo contributo unificato: 1. Gli atti e provvedimenti del processo penale; 2. Gli atti e provvedimenti del processo civile, e tributario, compresa la procedura concorsuale e di volontaria giurisdizione, e del processo amministrativo, nonché delle pubblico impiego; 3. Le copie autentiche, comprese quelle esecutive, degli atti e dei provvedimenti, purchè richieste dalle parti processuali."
551,Esenzione da imposta di Bollo e ogni altra spesa tassa o diritto per documenti e provvedimenti relativi al procedimento di mediazione
552,"Esenzione dall'imposta di registro per il verbale del procedimento di mediazione entro il limite di valore di 50.000 euro, l'imposta è dovuta per la parte eccedente"
553,"Estratti conto comunicazione relativi al deposito titoli, comunicazioni da banca a cliente sui cc postali e bancari"
554,"Esenzione dall'imposta di bollo in modo assoluto di atti, documenti e registri elencati nella Tabella Allegato B del d.P.R. n.642/1972 Esenzione dall'imposta di bollo in modo assoluto di atti, documenti e registri elencati nella Tabella Allegato B del d.P.R. n.642/1972"
555,"Esenzione dall'imposta di bollo per le dichiarazioni sostitutive comprovanti stati, qualità personali e fatti"
556,Esenzione da imposta di bollo per autenticazione delle fotografie per documenti personali
557,"Esenzione da imposta di registro, bollo, ipotecaria, catastale, tasse sulle concessioni governative, canone RAI TV, sui trasferimenti del personale diplomatico e consolare"
558,"Gratuità delle trascrizioni, iscrizioni, cancellazione dei pignoramenti mobiliari ed immobiliari richieste dal concessionario della riscossione"
559,"Ai traferimenti di beni mobili non registrati la cui vendita è curata dai concessionari , l'imposta di rgistro si applica nella misura fissa ridotta pari a dieci euro"
560,"Le procedure intraprese per il recupero dei crediti professionali vantati dai difensori d'ufficio nei confronti degli indagati, imputati e condannati inadempienti sono esenti da imposte di registro e bollo"
561,"Esenzione da tasse di bollo, di registro e altre imposte per i provvedimenti di restituzione delle terre a comuni o associazioni agrarie"
562,"Le operazioni di cartolarizzazione dei proventi derivanti dalla dismissione del patrimonio immobiliare pubblico e tutti i provvedimenti, atti, contratti, trasferimenti, prestazioni e formalita' inerenti a tali operazioni sono esenti dalle imposte di registro, bollo, ipotecarie e catastali"
563,"Le operazioni di raccolta e impiego effettuate dalla gestione separata della Cassa Depositi e Prestiti e tutti gli atti, contratti, trasferimenti, prestazioni e formalita' inerenti a tali operazioni sono esenti dalle imposte di registro, bollo, ipotecarie e catastali"
564,Esenzione da imposte e da tributi per i trasferimenti di immobili dei Comuni a fondazioni o società di cartolarizzazione o ad associazioni per la valorizzazione del patrimonio immobiliare
565,Esenzione dall'imposta di bollo sugli atti e documenti relativi alle procedure di espropriazione per pubblica utilità
566,"Esenzione dall'imposta di bolle sulle copie, sui certificati, sugli estratti catastali a favore di enti pubblici richiedenti"
567,Esenzione dalle tasse ipotecarie per le operazioni nell'interesse dello Stato
568,Esenzione dall'imposta di bollo per gli atti e documenti richiesti dagli uffici pubblici ai fini dell'accertamento e liquidazione dell'ICI
569,Esenzione dall'imposta di bollo per le certificazioni riguardanti i beni dei debitori iscritti a ruolo e coobbligati emesse a favore dei concessionari per la riscossione
570,Imposta di registro in misura fissa ed esenzione dalle imposte ipotecaria e catastale per gli atti di trasferimento della proprietà delle aree da parte degli enti locali
571,Rideterminazione dei valori dei terreni e delle partecipazioni non quotate posseduti alla data del 1º gennaio 2021. Rideterminazione dei valori dei terreni e delle partecipazioni non quotate posseduti alla data del 1º gennaio 2021.
572,"Credito d'imposta esercenti impianti carburante (riconosciuto nel rispetto delle condizioni e dei limiti del de minimis) per le transazioni effettuate, a partire dal 1° luglio 2018, tramite sistemi di pagamento elettronico mediante carte di credito, debito o prepagate."
573,"Credito d'imposta pari al 30% su pagamenti elettronici riconosciuto (nel rispetto del de minimis) in relazione alle cessioni di beni e alle prestazioni di servizi effettuate a decorrere dal 1° luglio 2020 ed utilizzabile in compensazione. Il comma 1-ter dell'articolo 22 del D.L. 124/2019 prevede che per le commissioni maturate nel periodo dal 1° luglio 2021 al 30 giugno 2022, il credito d’imposta è incrementato al 100% delle commissioni, nel caso in cui gli esercenti attività di impresa, arte o professioni, che effettuano cessioni di beni o prestazioni di servizio nei confronti di consumatori finali, adottino strumenti di pagamento elettronico collegati agli strumenti di cui all’articolo 2, comma 3, del decreto legislativo 5 agosto 2015, n. 127 ovvero strumenti di pagamento evoluto di cui al comma 5 -bis del predetto articolo."
574,"Crediti d'imposta a favore dei soggetti esercenti attività d'impresa, arte o professioni sugli strumenti di pagamento elettronico. In particolare, sono previsti due crediti d'imposta: 1) un credito d'imposta, per il periodo tra il 1° luglio 2021 e il 30 giugno 2022, parametrato al costo di acquisto, di noleggio, di utilizzo degli strumenti di pagamento, nonché alle spese di convenzionamento ovvero alle spese sostenute per il collegamento tecnico tra i predetti strumenti, nel limite massimo di spesa per soggetto di 160 euro, nelle seguenti misure: a) 70% per soggetti con ricavi e compensi di ammontare non superiore a 200.000 euro; b) 40% per soggetti con ricavi e compensi di ammontare superiore a 200.000 euro e fino a 1 milione di euro; c) 10% soggetti con ricavi e compensi di ammontare superiore a 1 milione di euro e fino a 5 milioni di euro. 2) un credito d'imposta, per l'anno 2022, ai soggetti che acquistano, noleggiano o utilizzano strumenti evoluti di pagamento elettronico che consentono anche la memorizzazione elettronica e trasmissione telematica, nel limite massimo di spesa per soggetto di 320 euro, nelle seguenti misure: a) 100 per cento per i soggetti i cui ricavi e compensi siano di ammontare non superiore a 200.000 euro; b) 70 per cento per i soggetti i cui ricavi e compensi siano di ammontare superiore a 200.000 euro e fino a 1 milione di euro; c) 40 per cento per i soggetti i cui ricavi e compensi siano di ammontare superiore a 1 milione di euro e fino a 5 milioni di euro."
575,"I contribuenti, persone fisiche maggiorenni residenti nel territorio dello Stato, che effettuano, esclusivamente attraverso strumenti che consentano il pagamento elettronico, acquisti di beni o servizi, fuori dall'esercizio di attivita' di impresa, arte o professione, presso esercenti che trasmettono telematicamente i corrispettivi, ai sensi dell'articolo 2, comma 1, del decreto legislativo 5 agosto 2015, n. 127, possono partecipare all'estrazione a sorte di premi attribuiti nel quadro di una lotteria nazionale. I premi attribuiti non concorrono a formare il reddito del percipiente per l'intero ammontare corrisposto nel periodo d'imposta e non sono assoggettati ad alcun prelievo erariale."
576,"Si prevede l'annullamento automatico dei debiti di importo residuo, alla data di entrata in vigore del decreto, fino a 5.000 euro, comprensivo di capitale, interessi per ritardata iscrizione a ruolo e sanzioni, risultanti dai singoli carichi affidati agli agenti della riscossione dal 1° gennaio 2000 al 31 dicembre 2010 - ancorche' ricompresi nelle precedenti definizioni agevolate - delle persone fisiche e giuridiche che hanno conseguito, rispettivamente nel periodo d'imposta 2019 e nel periodo d'imposta in corso alla data del 31 dicembre 2019, un reddito imponibile ai fini delle imposte sui redditi fino a 30.000 euro."
577,"Detrazione, nella misura del 19 %, dei canoni e degli oneri accessori relativi a contratti di locazione finanziaria di unità immobiliari da adibire ad abitazione principale, per un importo non superiore a 8.000 euro annui; detrazione, nella misura del 19%, del costo di riscatto a fronte dell’esercizio dell’opzione finale, per un importo non superiore a 20.000 euro. Tali detrazioni spettano a giovani di età non superiore a 35 anni con reddito complessivo non superiore a 55,000 €. Gli importi sui quali sono calcolate le detrazioni sono dimezzati con riferimento ai giovani di età superiore a 35 anni."
578,Detrazione per l'iscrizione annuale/abbonamento per i ragazzi di età compresa tra i 5 e i 18 anni ad associazioni sportive palestre piscine etc individuate con apposito decreto
579,Detrazione per erogazioni liberali in denaro a favore delle società ed associazioni sportive dilettantistiche
580,Possibilità di optare per un regime fiscale agevolato per le associazioni sportive non aventi scopo di lucro Possibilità di optare per un regime fiscale agevolato per le associazioni sportive non aventi scopo di lucro
581,Estensione delle disposizioni tributarie riguardanti le associazioni sportive dilettantistiche anche alle società sportive dilettantistiche costituite in società di capitali senza fine di lucro
582,La norma estende alle associazioni senza scopo di lucro ed alle pro-loco le disposizioni a favore delle associazioni sportive dilettantistiche di cui alla L. n. 398/1991.
583,"Non concorrono a formare il reddito imponibile, per un numero di eventi complessivamente non superiore a 2 per anno e per un importo non superiore al limite annuo fissato con DM: a) i proventi realizzati nello svolgimento di attività commerciali connesse agli scopi istituzionali; b) i proventi realizzati tramite raccolta pubblica di fondi, in conformità all’art. 143, c.3, lett. a)"
584,"La pubblicità realizzata negli impianti utilizzati per manifestazioni sportive dilettantistiche con capienza inferiore ai 3.000 posti si considera occasionale, ai fini dell’imposta sugli spettacoli, sugli intrattenimenti (art. 7-octies, D.L. 7/2005) e dell’imposta sulla pubblicità (art. 1, c. 128, L. 266/2005)"
585,"Estensione delle disposizioni tributarie riguardanti le associazioni sportive dilettantistiche (legge 16 dicembre 1991, n. 398) alle associazioni bandistiche e cori amatoriali, filodrammatiche, di musica e danza popolare"
586,"Credito d'imposta per l'ammodernamento impianti di calcio in favore delle società appartenenti alla Lega di serie B, alla Lega Pro e alla Lega nazionale dilettanti che hanno beneficiato della mutualità (riconosciuto nel rispetto del de minimis), nella misura del 12%"
587,Credito d'imposta Sport-Bonus pari al 65% per le erogazioni liberali destinate a interventi di manutenzione e restauro di impianti sportivi pubblici e per la realizzazione di nuove strutture sportive pubbliche.
588,"Non concorrenza alla fomazione del reddito imponibile ai fini Irpef degli emolumenti percepiti dagli atleti e dagli altri membri della famiglia olimpica, non fiscalmente residenti in Italia, in relazione alle prestazioni rese in occasione dei Giochi Olimpici"
589,I redditi di lavoro dipendente e assimilati derivanti dagli emolumenti corrisposti dal Comitato Organizzatore concorrono alla formazione del reddito complessivo limitatamente al 60% del loro ammontare negli anni dal 2021 al 2023; limitatamente al 30% del loro ammontare negli anni dal 2024 al 2026
590,"Marina resort: le strutture organizzate per la sosta e il pernottamento di turisti all'interno delle proprie unità da diporto ormeggiate nello specchio acqueo appositamente attrezzato, secondo i requisiti stabiliti dal MIT, sentito il MIBACT, rientrano nelle strutture ricettive all'aria aperta con applicazione dell'aliquota IVA del 10% dal 1° gennaio 2016"
591,"Per i periodi d'imposta 2020 e 2021, è riconosciuto un credito a favore dei nuclei familiari con un ISEE non superiore a 40.000 euro per il pagamento dei servizi offerti in ambito nazionale dalle imprese turistico ricettive. Il beneficio è diversificato a seconda della composizione del nucleo familiare. Il credito è fruibile per il 20 per cento sotto forma di detrazione d'imposta in sede di dichiarazione dei redditi e per l'80 per cento come sconto sul corrispettivo dovuto, anticipato dal fornitore presso il quale i servizi sono fruiti e da quest'ultimo recuperato sotto forma di credito d'imposta. Il pagamento del servizio può essere corrisposto con l'ausilio, l'intervento o l'intermediazione di soggetti che gestiscono piattaforme o portali telematici, nonché di agenzie di viaggio e tour operator."
592,"Credito d’imposta per la riqualificazione delle strutture ricettive turistico alberghiere istituito dall'art. 10 del D.L. n. 83 del 2014 riconosciuto per i tre periodi di imposta 2020, 2021 e 2022. L’agevolazione è prevista nella misura del 65% ed è estesa anche alle strutture che svolgono attività agrituristica, agli stabilimenti termali, nonché alle strutture ricettive all’aria aperta. Credito d’imposta per la riqualificazione delle strutture ricettive turistico alberghiere istituito dall'art. 10 del D.L. n. 83 del 2014 riconosciuto per i tre periodi di imposta 2020, 2021 e 2022. L’agevolazione è prevista nella misura del 65% ed è estesa anche alle strutture che svolgono attività agrituristica, agli stabilimenti termali, nonché alle strutture ricettive all’aria aperta."
