n,descrizione_clean
1,Detrazione su interessi passivi e oneri accessori relativi a prestiti e mutui agrari
2,Reddito dominicale pari a zero in caso di perdita del prodotto almeno per il 30% in conseguenza di eventi naturali
3,Reddito agrario pari a zero nelle ipotesi di cui all'art. 31 TUIR
4,"Impiego dei prodotti energetici nei lavori agricoli e assimilati (orticoltura, allevamento, silvicoltura, apicoltura, piscicoltura e florovivaistica) - Applicazione di un'aliquota pari al 22 % di quella normale per il gasolio e al 49 % di quella normale per la benzina (uso carburanti). Esenzione per gli oli vegetali non modificati chimicamente"
5,Esenzione dall'accisa sui carburanti per il prosciugamento e la sistemazione dei terreni allagati nelle zone colpite da alluvione
6,Esenzione dall'accisa sui carburanti per il sollevamento delle acque allo scopo di agevolare la coltivazione dei fondi rustici sui terreni bonificati
7,Regime speciale IVA per i produttori agricoli - detrazione forfetizzatra
8,"Misure in tema di imposte di registro, ipotecarie e catastali sui trasferimenti immobiliari in agricoltura (piccola proprietà contadina)."
9,"Attività agricole connesse Detrazione forfettizzata dell'imposta nella misura del 50% Imprenditori agricoli che effettuano forniture di servizi ai sensi dell'art. 2135, terzo comma c.c."
10,Non assoggettamento ad IVA delle cessioni di terreni non edificabili
11,Innalzamento delle percentuali di compensazione di detrazione dell'IVA applicabili a taluni prodotti dei settori lattiero-caseario ed agli animali vivi bovini e suini
12,"Allo svolgimento dell'attività enoturistica si applicano le disposizioni fiscali di cui all'articolo 5 della legge 30 dicembre 1991, n. 413. Il regime forfettario dell'imposta sul valore aggiunto di cui all'articolo 5, comma 2, della legge n. 413 del 1991 si applica solo per i produttori articoli 295 e seguenti della direttiva comunitaria 2006/112/CE, del 28 novembre 2006. Allo svolgimento dell'attività enoturistica si applicano le disposizioni fiscali di cui all'articolo 5 della legge 30 dicembre 1991, n. 413. Il regime forfettario dell'imposta sul valore aggiunto di cui all'articolo 5, comma 2, della legge n. 413 del 1991 si applica solo per i produttori articoli 295 e seguenti della direttiva comunitaria 2006/112/CE, del 28 novembre 2006."
13,"Prevede che con decreto del Ministro dell'economia e delle finanze, di concerto con il Ministro delle politiche agricole alimentari e forestali, da adottare entro il 31 gennaio di ciascuna delle annualità 2018, 2019 e 2020, ai sensi dell'articolo 34, comma 1, del decreto del Presidente della Repubblica 26 ottobre 1972, n. 633, le percentuali di compensazione applicabili agli animali vivi delle specie bovina e suina sono innalzate, per ciascuna delle annualità 2018, 2019 e 2020, rispettivamente in misura non superiore al 7,7 per cento e all'8 per cento."
14,Determinazione forfetaria del reddito imponibile e dell'Iva per le associazioni sindacali e di categoria operanti nel settore agricolo relativamente alle attività di assistenza rese agli associati
15,"Possibilità per le società di persone e le società a responsabilità limitata, costituite da imprenditori agricoli, che esercitano esclusivamente le attività dirette alla manipolazione, conservazione, trasformazione, commercializzazione e valorizzazione di prodotti agricoli ceduti dai soci, di determinare il reddito applicando all'ammontare dei ricavi il coefficiente di redditività del 25 per cento."
16,"Possibilità per le società di persone, le società a responsabilità limitata e le società cooperative che rivestono la qualifica di società agricola ai sensi dell'articolo 2 del decreto legislativo 29 marzo 2004, n. 93 di optare per la determinazione catastale del reddito, ex aticolo 32 del Tuir."
17,"Modifiche in favore del settore agricolo: - modifica dei criteri per l'individuazione delle attività agricole ""connesse"" comunque produttive di reddito agrario di cui all'art. 32, comma 1 2, lettera c) del Tuir. Rinvio alle attività di cui al terzo comma dell'art. 2135 del c.c. e previsione di un decreto del Ministro dell'economia e delle finanze per l'individuazione dei beni che possono essere oggetto delle attività agricole ""connesse""; - nuovo articolo 56-bis del Tuir modalità, opzionale, di determinazione del reddito delle ""altre attività agricole""; - articolo 71, comma 2-bis) del Tuir applicazione dei coefficienti di redditività di cui all'articolo 56-bis del Tuir per la determinazione dei redditi derivanti dalle attività commerciali non esercitate abitualmente poste in essere dai soggetti che svolgono le attività di cui all'articolo 32 del Tuir eccedenti i limiti di cui al comma 2, lettera c)."
18,"Regime speciale IVA per i produttori agricoli in regime di esonero con volume d'affari inferiore a 7.000 euro, che effettuano cessioni di prodotti agricoli"
19,Assoggettamento ad IVA dei conferimenti alle cooperative dei prodotti agricoli dei soci differito al momento del pagamento del prezzo
20,"Locazione di fondi rustici (aliquota dello 0,5%) Locazione di fondi rustici (aliquota dello 0,5%)"
21,"Per favorire la continuità della impresa agricola gli atti relativi ai beni costituenti l'azienda, ivi compresi i fabbricati, le pertinenze, le scorte vive e morte oggetto di successione o di donazione tra ascendenti o discendenti entro il terzo grado sono esenti dall'imposta sulle successioni e donazioni, dalle imposte catastali, di bollo ( e dall'INVIM) e soggetti alle sole imposte ipotecarie in misura fissa . Quanto precede a condizione che i soggetti interessati siano coltivatori diretti che non hanno compiuto i quaranta anni e che acquisiscano la qualifica di coltivatore diretto o di imprenditore agricolo."
22,Misure in materia di annotazioni ipotecarie relative ad operazioni di credito fondiario
23,Imposta di registro ed ipotecaria in misura fissa sui trasferimento a titolo oneroso di terreni agricoli
24,"Contratti di assicurazione a favore di soci di consorzi, associazioni e cooperative agricole di cui alla legge 364 sel 1970. ( nota. La legge è stata abrogata dall'articolo 16 del Dlgs 29 marzo 2004, n. 102 , salvo quanto previsto dall'articolo 21 , comma 6 della stesa legge)"
25,Non concorrenza alla formazione della base imponibile ai fini dell'imposta sul reddito delle persone fisiche dei coltivatori diretti e degli imprenditori agricoli professionali dei redditi dominicali e agrari
26,"Riduzione dell'accisa sul gas naturale impiegato negli usi di cantiere, nei motori fissi e nelle operazioni di campo per la coltivazione di idrocarburi"
27,Riduzione dell'accisa sui prodotti energetici impiegati per la produzione di energia elettrica con impianti obbligati alla denuncia (per gli oli vegetali non modificati chimicamente è prevista l'esenzione da accisa)
28,Esenzione dall'accisa sull'energia elettrica prodotta da impianti di gasificazione
29,Esenzione dall'accisa sui prodotti energetici impiegati per la produzione di magnesio da acqua di mare Esenzione dall'accisa sui prodotti energetici impiegati per la produzione di magnesio da acqua di mare
30,Riduzione dell'accisa sul GPL utilizzato negli impianti centralizzati per usi industriali
31,Riduzione dell'accisa sul GPL impiegato come carburante per gli autobus urbani ed extraurbani adibiti al servizio pubblico
32,Riduzione dell'accisa su combustibili (gasolio e gas naturale) e carburanti (benzina e gasolio) impiegati dalle Forze armate nazionali
33,Esenzione dell'accisa su combustibili ( GPL) e carburanti (GPL e gas naturale) impiegati dalle Forze armate nazionali
34,"Esenzione dall'accisa sui tabacchi denaturati e usati a fini industriali od orticoli, distrutti sotto sorveglianza amministrativa, destinati esclusivamente a prove scientifiche ed a prove relative alla qualità dei prodotti, riutilizzati dal produttore."
35,Riduzione dell'accisa sulle emulsioni di gasolio o olio combustibile in acqua impiegate come carburanti o combustibili
36,Non sottoposizione ad accisa delle miscele gassose di origine biologica destinate agli usi propri del soggetto che le produce
37,"Esenzione dall'accisa per l'alcool e le bevande alcoliche impiegati come campioni per analisi, per prove di produzione necessarie o a fini scientifici"
38,Esenzione dall'accisa per l'alcool e le bevande alcoliche utilizzati nella fabbricazione di un componente non soggetto ad accisa
39,Determinazione forfettaria dell’accisa sull’alcool etilico prodotto da piccoli alambicchi
40,"Non sottoposizione ad accisa per l'energia elettrica impiegata negli aeromobili, nelle navi, negli autoveicoli, purchè prodotta a bordo con mezzi propri, esclusi gli accumulatori, nonché quella prodotta da gruppi elettrogeni mobili in dotazione alle forze armate dello Stato ed ai corpi ad esse assimilati Non sottoposizione ad accisa per l'energia elettrica impiegata negli aeromobili, nelle navi, negli autoveicoli, purchè prodotta a bordo con mezzi propri, esclusi gli accumulatori, nonché quella prodotta da gruppi elettrogeni mobili in dotazione alle forze armate dello Stato ed ai corpi ad esse assimilati"
41,Non sottoposizione ad accisa per l'energia elettrica prodotta con gruppi elettrogeni azionati da gas metano biologico
42,"Non sottoposizione ad accisa per l'energia elettrica prodotta da piccoli impianti generatori comunque azionati, purchè la loro potenza disponibile non sia superiore a 1 kW, nonché prodotta da officine elettriche costituite da gruppi elettrogeni di soccorso aventi potenza disponibile complessiva non superiore a 200 kW"
43,Esenzione dall'accisa sull'energia elettrica prodotta con fonti rinnovabili in impianti con potenza superiore a 20 kW per autoconsumo
44,"Esclusione, dal campo di applicazione dell’accisa, dell’energia elettrica prodotta con impianti azionati da fonti rinnovabili, aventi potenza non superiore a 20 kW"
45,Credito d’imposta sulle reti di teleriscaldamento alimentato con biomassa ed energia geotermica
46,Esenzione dall'accisa sull'energia elettrica impiegata nelle ferrovie
47,Energia elettrica impiegata nell'esercizio delle linee di trasporto urbano ed interurbano - Esenzione dall'accisa
48,Esenzione dall'accisa sull'energia elettrica impiegata nelle abitazioni di residenza con potenza fino a 3 kW fino a 150 kwh di consumo mensile
49,"Pagamento dell'accisa con un canone forfetario per le forniture di energia elettrica ""a cottimo"" (piccole forniture)"
50,Pagamento dell'accisa sull'energia elettrica con canone annuo di abbonamento (per l’energia elettrica ottenuta da officine non fornite di misuratori)
51,"Pagamento dell'accisa sull'energia elettrica con canone annuo di abbonamento (energia elettrica ottenuta da impianti di produzione combinata di energia elettrica e calore, con potenza disponibile non superiore a 100 kW non forniti di misuratori) Pagamento dell'accisa sull'energia elettrica con canone annuo di abbonamento (energia elettrica ottenuta da impianti di produzione combinata di energia elettrica e calore, con potenza disponibile non superiore a 100 kW non forniti di misuratori)"
52,"Esenzione dall'imposta di consumo per gli oli lubrificanti impiegati nella produzione e nella lavorazione della gomma naturale e sintetica per la fabbricazione dei relativi manufatti, nella produzione delle materie plastiche e delle resine artificiali o sintetiche, comprese le colle adesive, nella produzione degli antiparassitari per le piante da frutta"
53,Riduzione dell'accisa sul gas naturale impiegato per usi industriali da soggetti che registrano consumi superiori a 1.200.000 mc annui -
54,Riduzione dell'accisa sui prodotti energetici impiegati in macchinari per il trasbordo merci in porti logistici
55,"Il soggetto beneficiario di una operazione straordinaria può assoggettare, in tutto o in parte, i maggiori valori attribuiti in bilancio all’avviamento, ai marchi di impresa e alle altre attività immateriali, a imposta sostitutiva di cui al comma 2-ter dell’art. 176, con l’aliquota del 16%. E', inoltre, possibile riallineare i valori relativi ad attività diverse dalle immobilizzazioni materiali e immateriali (attivo circolante e immobilizzazioni finanziarie), assoggettando i maggiori valori a tassazione con aliquota ordinaria, separatamente dall’imponibile complessivo. I maggiori valori assoggettati ad imposta sostitutiva si considerano riconosciuti fiscalmente a partire dall’inizio del periodo d’imposta nel corso del quale è versata l’imposta sostitutiva. L'agevolazione è applicabile anche ai maggiori valori delle partecipazioni di controllo, iscritti in bilancio a seguito dell'operazione a titolo di avviamento, marchi d'impresa e altre attivita' immateriali."
56,"Esenzione dei redditi di capitale da partecipazione ai fondi di venture capital (FVC), ossia i fondi comuni d'investimento che investono almeno il 75 per cento dei capitali raccolti in società non quotate nella fase di sperimentazione, di costituzione, di avvio dell'attività o di sviluppo economico."
57,"Estensione alle partecipazioni di controllo, anche quelle acquisite nell’ambito di operazioni di cessione di azienda, della disciplina di riallineamento dei maggior valori iscritti in bilancio a seguito di aggregazioni aziendali, recata dall’art. 15, commi 10-12, del DL 185/2008. Il riallineamento può essere effettuato anche relativamente alle attività immateriali di pertinenza delle società controllate estere, indipendentemente dalla circostanza che dette società abbiano una stabile organizzazione in Italia."
58,Non concorre a formare il reddito imponibile delle società cooperative e dei loro consorzi la quota del 90 per cento degli utili netti annuali destinata a riserva minima obbligatoria. Non concorre a formare il reddito imponibile delle società cooperative e dei loro consorzi la quota del 90 per cento degli utili netti annuali destinata a riserva minima obbligatoria.
59,"Le somme di cui all'articolo 3, comma 2, lettera b), della legge 142/2001 e all'articolo 12 del decreto del Presidente della Repubblica 601/1973 destinate ad aumento del capitale delle società cooperative non concorrono a formare il reddito imponibile"
60,Ritenute su interessi corrisposti ai soci persone fisiche delle cooperative
61,"Per le operazioni straordinarie (fusioni, scissioni, conferimenti di aziende) di cui agli articoli 172, 173 e 176 del TUIR, l’art. 176, comma 2-ter, del TUIR, prevede che, in alternativa al regime di neutralità fiscale, sia possibile optare per l’applicazione, in tutto o in parte, sui maggiori valori attribuiti in bilancio agli elementi dell’attivo costituenti immobilizzazioni materiali e immateriali, incluso l’avviamento, di un’imposta sostitutiva. Misura dell'imposta sostitutiva: 1 2% fino a 5 milioni di euro; 14% da 5 milioni di euro e fino a 10 milioni di euro; 16% sulla parte che eccede i 10 milioni di euro."
62,Per le società cooperative e loro consorzi sono ammesse in deduzione dal reddito le somme ripartite tra i soci sotto forma di restituzione di una parte del prezzo dei beni e servizi acquistati o di maggiore compenso per i conferimenti effettuati.
63,"Non concorrono al reddito imponibile delle cooperative le somme destinate alle riserve indivisibili, a condizione che sia esclusa la possibilità di distribuirle tra i soci, sia durante la vita dell'ente che all'atto del suo scioglimento. Tale norma non si applica alle cooperative a mutualità prevalente: a) per la quota del 20% degli utili netti delle cooperative agricole; b) per la quota del 40% degli utili netti delle altre cooperative; c) per la quota del 65% degli utili netti delle società cooperative di consumo. La limitazione non si applica alle cooperative sociali. Per le cooperative NON a mutualità prevalente la detassazione è limitata al 30% degli utili netti annuali (23% per coop di consumo, dal 2015), a condizione che tale quota sia destinata ad una riserva indivisibile prevista dallo statuto."
64,"Sono esenti da IRES i redditi conseguiti da società cooperative agricole e loro consorzi mediante l'allevamento di animali con mangimi ottenibili per almeno un quarto dai terreni dei soci nonché mediante la manipolazione, conservazione, valorizzazione, trasformazione e alienazione di prodotti agricoli e zootecnici e di animali conferiti prevalentemente dai soci. I redditi conseguiti dalle cooperative della piccola pesca e dai loro consorzi sono esenti da IRES. Tali esenzioni non operano limitatamente al 20% degli utili netti annuali."
65,"I redditi conseguiti dalle società cooperative di produzione e lavoro, limitatamente al reddito imponibile derivante dall'indeducibilità dell'imposta regionale sulle attività produttive, sono esenti da IRES se l'ammontare delle retribuzioni effettivamente corrisposte ai soci non è inferiore al cinquanta per cento dell'ammontare complessivo di tutti gli altri costi; se l'ammontare delle retribuzioni è inferiore al cinquanta per cento ma non al venticinque per cento dell'ammontare complessivo degli altri costi l'imposta sul reddito delle persone giuridiche e l'imposta locale sui redditi sono ridotte alla metà I redditi conseguiti dalle società cooperative di produzione e lavoro, limitatamente al reddito imponibile derivante dall'indeducibilità dell'imposta regionale sulle attività produttive, sono esenti da IRES se l'ammontare delle retribuzioni effettivamente corrisposte ai soci non è inferiore al cinquanta per cento dell'ammontare complessivo di tutti gli altri costi; se l'ammontare delle retribuzioni è inferiore al cinquanta per cento ma non al venticinque per cento dell'ammontare complessivo degli altri costi l'imposta sul reddito delle persone giuridiche e l'imposta locale sui redditi sono ridotte alla metà"
66,"Imposta sostitutiva con aliquota del 20% per le plusvalenze realizzate all’atto del conferimento di immobili e di diritti reali su immobili: - in SIIQ; - in SIINQ; - in fondi comuni di investimento immobiliare istituiti ai sensi dell’articolo 37 del testo unico di cui al decreto legislativo 24 febbraio 1998, n. 58 (comma 140, art. 1 L296/2006)."
67,"L’ingresso nel regime speciale SIIQ e SIINQ comporta il realizzo a valore normale degli immobili, nonché dei diritti reali su immobili destinati alla locazione, posseduti dalla società alla data di chiusura dell’ultimo esercizio in regime ordinario. L’importo complessivo delle plusvalenze così realizzate, al netto di eventuali minusvalenze, è assoggettato a imposta sostitutiva con l’aliquota del 20 %."
68,"Tassazione degli azionisti sugli utili corrisposti da SIIQ o SIINQ. Ritenuta del 20 per cento sugli utili derivanti dall'attività di locazione immobiliare. La misura è ridotta al 15 per cento in relazione alla parte dell’utile di esercizio riferibile a contratti di locazione di immobili ad uso abitativo stipulati ai sensi dell'articolo 2, comma 3, della legge 9 dicembre 1998, n. 431. La ritenuta è applicata a titolo d’acconto, nei confronti di: a) imprenditori individuali, se le partecipazioni sono relative all'impresa commerciale; b) società in nome collettivo, in accomandita semplice ed equiparate, società ed enti indicati nelle lettere a) e b) del comma 1 dell'articolo 73 del Tuir, e stabili organizzazioni nel territorio dello Stato delle società e degli enti di cui alla lettera d) del predetto articolo 73, comma 1. La ritenuta è applicata a titolo d'imposta in tutti gli altri casi."
69,Deduzione forfetaria dal reddito di impresa a favore degli esercenti impianti di distribuzione carburante
70,"Tonnage tax: regime di determinazione del reddito dei soggetti di cui all'art. 73, comma 1, lettera a), del TUIR, derivante dall'utilizzo delle navi indicate nell'art. 8-bis, comma 1, lett. a), del D.P.R. n. 633/1972, iscritte nel registro internazionale di cui al D.L. n. 457/1997, convertito, con modificazioni, dalla L. n. 30/1998. Il regime è opzionale e comporta la determinazione del reddito in via forfetaria secondo i criteri previsti dall'art. 156 del TUIR (notifica ai sensi dell'art. 108 del TFUE)"
71,"I versamenti effettuati ai Fondi mutualistici per la promozione e lo sviluppo della cooperazione di cui all'art. 11, comma 1, della L. n. 59/1992, effettuati dai soggetti di cui all'art. 73, comma 1, lett. a) del TUIR sono esenti da imposte e sono deducibili, nei limiti del 3%, dalla base imponibile del soggetto che effettua l'erogazione. I versamenti effettuati ai Fondi mutualistici per la promozione e lo sviluppo della cooperazione di cui all'art. 11, comma 1, della L. n. 59/1992, effettuati dai soggetti di cui all'art. 73, comma 1, lett. a) del TUIR sono esenti da imposte e sono deducibili, nei limiti del 3%, dalla base imponibile del soggetto che effettua l'erogazione."
72,Il reddito derivante dall'utilizzo di navi iscritte nel registro internazionale concorre in misura pari al 20% a formare il reddito complessivo ai fini IRES e IRPEF; (notifica ai sensi dell'art. 108 del TFUE)
73,"Non concorrono a formare il reddito imponibile ai fini delle imposte dirette le quote di utili destinate ad aumento gratuito del capitale sociale, anche in deroga ai limiti massimi di partecipazione, purché nei limiti della variazione dell'indice dei prezzi al consumo accertata dall'Istat. (de minimis per coop di consumo)"
74,"Previsione di un’imposta sostitutiva, con l'aliquota del 19%, delle imposte sui redditi sulle plusvalenze derivanti da conferimenti o cessioni di beni o aziende a favore dei Centri di assistenza fiscale (CAF)."
75,"Le società di gestione del risparmio, relativamente ai fondi comuni d’investimento immobiliare già istituiti nel settembre 2001, possono assoggettare ad imposta sostitutiva IRES del 25% il reddito relativo alla gestione di ciascun fondo."
76,"I proventi dei fondi di garanzia di cui alle leggi n. 454/1961 e n. 1068/1964, e al decreto-legge n. 976/1966, convertito nella L. n. 1142/1966, derivanti da contributi a fondo perduto, periodici o una volta tanto, dello Stato o di altri enti, nonché quelli derivanti dalle somme che le aziende e istituti di credito trattengono sui finanziamenti assistiti da garanzie e versati successivamente ai fondi, non concorrono a formare il reddito dei fondi stessi, ai fini IRES, a condizione che il loro ammontare venga integralmente destinato a costituire o incrementare un fondo di garanzia."
77,"Procedura accelerata di ammortamento dei beni mobili registrati con costo ammortizzabile ai fini fiscali non inferiore a 10 anni ed equipaggio di almeno 6 persone qualora siano concessi in locazione finanziaria con obbligo di acquisto, da un Gruppo europeo di interesse economico (GEIE) o da una società per azioni o a responsabilità limitata per le quali sia stata esercitata l'opzione prevista dall'articolo 115, comma 4, del Tuir (trasparenza fiscale), ad un'impresa che li destini all'esercizio della propria attività abituale. Esclusione dall’applicazione delle disposizioni di cui all'articolo 102, commi 1, 2, 3 e 7, del Tuir."
78,"Deduzione forfetaria per spese non documentate (per un importo pari a determinate percentuali dell’ammontare dei ricavi) a favore degli intermediari, dei rappresentanti di commercio e degli esercenti attività di somministrazione di pasti e bevande e di prestazioni alberghiere (di cui al co. 1 dell’art. 1 del DM 13 ottobre 1979)."
79,Deduzione forfetaria per spese non documentate in base ai viaggi effettuati dagli esercenti autotrasporto c/terzi di minori dimensioni. Previsto un importo unico di deduzione forfetaria per i trasporti effettuati personalmente dall’imprenditore oltre i confini del Comune in cui ha sede l’impresa. Per i trasporti personalmente effettuati dall’imprenditore nell’ambito del Comune ove ha sede l’impresa viene prevista una deduzione pari al 35 per cento dell’importo spettante in caso di trasporto fuori Comune Deduzione forfetaria per spese non documentate in base ai viaggi effettuati dagli esercenti autotrasporto c/terzi di minori dimensioni. Previsto un importo unico di deduzione forfetaria per i trasporti effettuati personalmente dall’imprenditore oltre i confini del Comune in cui ha sede l’impresa. Per i trasporti personalmente effettuati dall’imprenditore nell’ambito del Comune ove ha sede l’impresa viene prevista una deduzione pari al 35 per cento dell’importo spettante in caso di trasporto fuori Comune
80,Esenzione dall'Ires del reddito d'impresa derivante dall'attività di locazione immobiliare. Esenzione dall’Irap della quota del valore della produzione proporzionalmente corrispondente al rapporto tra i componenti positivi imputabili alla gestione esente rilevanti ai fini Irap e l’ammontare complessivo dei componenti positivi rilevanti agli stessi effetti.
81,Incentivi all'investimento in start-up innovative. (notifica ai sensi dell'art. 108 del TFUE)
82,Incentivi all'investimento in PMI innovative. (notifica ai sensi dell'art. 108 del TFUE)
83,"Rientrano tra i soggetti per i quali l’Ires è ridotta alla metà di cui all’art. 6 del D.P.R. n. 601/1973, gli enti aventi le stesse finalità sociali degli Iacp, istituiti nella forma di società (con personalità giuridica) che rispondono ai requisiti della legislazione UE in materia di “in house providing” e che siano costituiti e operanti alla data del 31/12/13. Per tali soggetti è stato inoltre stabilito che non si considerano contributi o liberalità, e pertanto non sono sopravvenienze attive ai sensi dell’art. 88 del Tuir, i finanziamenti erogati dallo Stato, dalle Regioni e dalle Province autonome per la costruzione, ristrutturazione e manutenzione straordinaria e ordinaria di immobili di edilizia residenziale pubblica."
84,"Sono deducibili le somme corrisposte, anche su base volontaria, a consorzi cui le imprese aderiscono ottemperando a obblighi di legge, indipendentemente dal trattamento contabile e purché utilizzate agli scopi dei consorzi. Le medesime somme sono deducibili dall’IRAP. Tali disposizioni si applicano dall’esercizio in corso al 31/12/15."
85,"I maggiori o minori valori derivanti dalla riduzione o conversione di azioni disposta dalla Banca d'Italia per il risanamento o risoluzione di enti creditizi e delle imprese di investimento, disciplinata dal D.lgs. n. 180/2015 non concorrono a formare il reddito imponibile ai fini delle imposte dirette, né a formare la base imponibile Irap del soggetto che ha emesso gli strumenti stessi. I maggiori o minori valori derivanti dal cd. bail in, (ossia dalla misura di risoluzione delle banche che prevede la riduzione o la conversione in capitale dei diritti degli azionisti e dei creditori), nonché i conferimenti del Fondo di risoluzione e le somme corrisposte dal sistema di garanzia dei depositanti nel corso della procedura di risoluzione, non concorrono alla formazione del reddito imponibile ai fini Ires, per la parte che eccede le perdite pregresse e di periodo, né alla base imponibile Irap dell’ente sottoposto a risoluzione. In tale ipotesi non si applicano gli ordinari limiti di riportabilità delle perdite; rilevano anche le perdite trasferite al consolidato nazionale, non ancora utilizzate."
86,"Nel caso in cui siano adottate azioni di risoluzione bancaria la trasformazione in credito d'imposta delle attività per imposte anticipate relative ai componenti negativi di cui al co. 55 dell'art. 2 del D.L. n. 225/2010, iscritte nella situazione contabile di riferimento dell'ente sottoposto a risoluzione decorre dalla data di avvio della risoluzione e opera sulla base dei dati della medesima situazione contabile. Con decorrenza dal periodo d'imposta in corso alla data di avvio della risoluzione non sono deducibili i componenti negativi corrispondenti alle attività per imposte anticipate trasformate in credito d'imposta . Nel caso in cui siano adottate azioni di risoluzione bancaria la trasformazione in credito d'imposta delle attività per imposte anticipate relative ai componenti negativi di cui al co. 55 dell'art. 2 del D.L. n. 225/2010, iscritte nella situazione contabile di riferimento dell'ente sottoposto a risoluzione decorre dalla data di avvio della risoluzione e opera sulla base dei dati della medesima situazione contabile. Con decorrenza dal periodo d'imposta in corso alla data di avvio della risoluzione non sono deducibili i componenti negativi corrispondenti alle attività per imposte anticipate trasformate in credito d'imposta ."
87,Escluse dalle sopravvenienze attive i versamenti effettuati dal fondo di risoluzione agli enti ponte.
88,"La cessione di diritti, attività e passività di una banca sottoposta a risoluzione a un ente ponte non costituisce realizzo di plusvalenze o minusvalenze ai fini Ires e Irap. I beni ricevuti dall'ente ponte sono valutati fiscalmente in base agli ultimi valori fiscali riconosciuti in capo all'ente cedente. Dalla data in cui ha effetto la cessione l'ente ponte subentra nella posizione dell'ente sottoposto a risoluzione in ordine ai diritti, attività o passività oggetto di cessione, incluse la deduzione o la tassazione dei componenti di reddito dell'ente sottoposto a risoluzione già imputati a conto economico e non ancora dedotti o tassati dallo stesso alla data della cessione, e nelle deduzioni derivanti da opzioni di riallineamento dell'avviamento e di altre attività immateriali esercitate dall'ente sottoposto a risoluzione. Le perdite dell'ente sottoposto a risoluzione sono portate in diminuzione del reddito dell'ente ponte."
89,"Irrilevanza fiscale dei contributi volontari percepiti da soggetti sottoposti a procedure di crisi o che sono stati sottoposti a procedure di crisi nei 24 mesi antecedenti alla data in cui hanno ricevuto il contributo. Inserimento comma 3 bis all'art. 88 del Tuir. Non costituiscono sopravvenienze attive, in quanto escluse, i contributi percepiti a titolo di liberalità dai soggetti sottoposti ad alcune procedure concorsuali, alle procedure di crisi di cui all'art. 20 del D.lgs. n. 180/2015 (dissesto o rischio di dissesto bancario), alla procedura di amministrazione straordinaria di cui all'art. 70 e ss. del D.lgs. n. 385/1993."
90,"Credito d'imposta a favore delle imprese armatoriali. (notifica ai sensi dell'art. 108 del TFUE) in misura corrispondente all'imposta sul reddito delle persone fisiche dovuta sui redditi di lavoro dipendente e di lavoro autonomo corrisposti al personale di bordo imbarcato sulle navi iscritte nel Registro internazionale, da valere ai fini del versamento delle ritenute alla fonte relative a tali redditi."
91,"Estensione dei benefici di cui all'art. 4, commi 1 e 2, del D.L. n. 457/1997, nel limite dell'80%, alle imprese che esercitano la pesca costiera, nonché alle imprese che esercitano la pesca nelle acque interne e lagunari corrispondenti all'imposta sul reddito delle persone fisiche dovuta sui redditi di lavoro dipendente e di lavoro autonomo corrisposti al personale di bordo imbarcato sulle navi iscritte nel Registro internazionale, da valere ai fini del versamento delle ritenute alla fonte relative a tali redditi. Il reddito derivante dall'utilizzazione di navi iscritte nel Registro internazionale concorre in misura pari al 20 per cento a formare il reddito complessivo assoggettabile all'imposta sul reddito delle persone fisiche e all'imposta sul reddito delle persone giuridiche L'art. 2, comma 2, della L. 203/2008 stabilizza a regime detto beneficio a decorrere dal periodo d'imposta 2009."
92,"Estensione dei benefici di cui all'art. 4, commi 1 e 2, del D.L. n. 457/1997, alle imprese che esercitano la pesca oltre gli stretti e, nel limite del 70%, a quelle che esercitano la pesca mediterranea."
93,Credito d’imposta assunzione lavoratori detenuti Credito d’imposta assunzione lavoratori detenuti
94,Credito d’imposta a favore delle farmacie pubbliche e private per acquisto di software
95,Credito d'imposta per la realizzazione di nuove infrastrutture
96,Finanziamento di infrastrutture mediante defiscalizzazione
97,"Credito d'imposta commisurato all'indennità corrisposta ai soggetti abilitati a svolgere la mediazione con un massimo di 500 euro. In caso di insuccesso della mediazione, il credito d'imposta è ridotto della metà."
98,Credito d’imposta per il recupero del contributo versato al S.S.N. dagli autotrasportatori
99,Riduzione nella misura del 50 per cento dei redditi di lavoro dipendente e di lavoro autonomo prodotti in Italia. L'agevolazione spetta a decorrere dal periodo d'imposta del trasferimento della residenza in Italia e per i quattro periodi d’imposta successivi
100,Imposta minima di registro e esenzione da imposta ipotecaria per i trasferimenti di proprietà o concessione del diritto di superficie relativi ad aree da destinare ad insediamenti produttivi
101,Determinazione forfettaria dell’accisa sulla birra per piccole fabbriche Determinazione forfettaria dell’accisa sulla birra per piccole fabbriche
102,Proroga super ammortamento (maggiorazione del costo acquisto del 40% - 30% dal 2018 - ai fini della determinazione delle quote di ammortamento) con esclusione delle autovetture.
103,"Proroga e ampliamento dell'iperammortamento (maggiorazione del 150% anzichè del 40%) per taluni investimenti altamente tecnologici in chiave industria 4,0 e introduzione del super ammortamento (maggiorazione del 40%) per i relativi software applicativi interconnessi."
104,"Agevolazione fiscale a favore delle casse previdenziali titolari di investimenti qualificati di cui all'articolo 1, comma 89, della legge 11 dicembre 2016, n. 232. Esenzione per i redditi di natura finanziaria prodotti dagli investimenti qualificati"
105,"Agevolazione fiscale a favore delle forme di previdenza complementare titolari di investimenti qualificati di cui all'articolo 1, comma 89, della legge 11 dicembre 2016, n. 232. Esenzione per i redditi di natura finanziaria prodotti dagli investimenti qualificati"
106,Agevolazione fiscale a favore dei fondi pensione esteri istituiti negli Stati membri dell’Unione europea e negli Stati aderenti all’Accordo sullo spazio economico europeo inclusi nella white list. Esenzione per i redditi di natura finanziaria prodotti dagli investimenti qualificati
107,Agevolazione in materia di piani individuali di risparmio a lungo termine. Esenzione per i redditi di natura finanziaria prodotti dagli investimenti qualificati conferiti nei PIR
108,"Detrazione del 30 per cento della somma investita dal contribuente nel capitale sociale di una o più società, incluse le società cooperative, che abbiano acquisito la qualifica di impresa sociale, per un importo massimo detraibile di 1.000.000 euro."
109,"Agevolazione fiscale a favore delle casse previdenziali titolari di investimenti qualificati di cui all'articolo 1, comma 102, della legge 11 dicembre 2016, n. 232. Agevolazione fiscale a favore delle casse previdenziali titolari di investimenti qualificati di cui all'articolo 1, comma 102, della legge 11 dicembre 2016, n. 232."
110,"Agevolazione fiscale a favore delle forme di previdenza complementare titolari di investimenti qualificati di cui all'articolo 1, comma 102, della legge 11 dicembre 2016, n. 232."
111,Credito d'imposta investimenti pubblicitari incrementali sulla stampa quotidiana e periodica e sulle emittenti televisive e radiofoniche locali (nel rispetto della normativa europea) utilizzabile esclusivamente in compensazione
112,"Trattamento tributario delle operazioni poste in essere nell’ambito della liquidazione coatta amministrativa di Banca Popolare di Vicenza S.p.A. e di Veneto Banca S.p.A. La disposizione consente l'tilizzo da parte del cessionario, dei crediti d’imposta generati dalla trasformazione delle imposte differite attive (DTA), ai sensi dell’articolo 2, commi 55-56-ter, del DL n. 225/2010. Inoltre, viene assicurato al cedente e al cessionario la neutralità fiscale dell’operazione prevedendo, altresì, la continuità fiscale per quei componenti negativi o positivi di reddito la cui deducibilità/tassazione è sospesa in virtù dell’applicazione di norme fiscali nonché il trasferimento al cessionario dei diritti relativi all’utilizzo delle perdite. Viene prevista, infine, l’irrilevanza fiscale dei finanziamenti dello Stato."
113,"Credito d'imposta per le spese di formazione nel settore delle tecnologie 4.0, riconosciuto nel rispetto del Reg. UE 651/2014 (art. 31) utilizzabile esclusivamente in compensazione, attuato con decreto del MISE di concerto MEF e MLPS"
114,"Credito d'imposta per le spese di consulenza relative alla quotazione delle PMI, concesso nel rispetto del Reg. UE 651/2014 (art. 18) utilizzabile esclusivamente in compensazione, attuato con decreto del MISE di concerto MEF"
115,"Ai fini delle imposte dirette, all’attività enoturistica si applicano le medesime disposizioni dell’agriturismo di cui all’art. 5, comma 1, della legge n. 413/1991 sull’agriturismo. Quindi, per quanto concerne le imposte dirette, i soggetti - diversi da società di capitali ed enti commerciali (art. 73 co. 1, lett. a) e b) del Tuir) - determinano il reddito imponibile applicando all'ammontare dei ricavi conseguiti con l'esercizio di tale attività, al netto dell’Iva, il coefficiente di redditività del 25%."
116,"Riduzione di accisa sul gasolio impiegato come carburante per l'autotrasporto merci ed altre categorie di trasporto passeggeri. (L'agevolazione deve intendersi come prosecuzione dell'art. 6, c. 2, D. Lgs 26/2007) Riduzione di accisa sul gasolio impiegato come carburante per l'autotrasporto merci ed altre categorie di trasporto passeggeri. (L'agevolazione deve intendersi come prosecuzione dell'art. 6, c. 2, D. Lgs 26/2007)"
117,Carburanti per i trasporti ferroviari di passeggeri e merci - applicazione di un'aliquota pari al 30% di quella normale
118,Riduzione dell'accisa sui carburanti per le prove sperimentali e collaudo di motori di aviazione e marina
119,Riduzione dell'accisa sui carburanti per i Taxi
120,Regime speciale monofase per i documenti di viaggio per il trasporto pubblico urbano
121,Trasporti internazionali di persone. Non imponibilità con diritto alla detrazione a monte
122,Esenzione delle prestazioni di trasporto urbano di persone effettuate mediante taxi. Esenzione con pro rata di detraibilità a monte
123,"Deduzione forfetaria del 25% per i redditi derivanti dalla utilizzazione economica, da parte dell'autore o inventore, di opere dell'ingegno, di brevetti industriali e di processi, formule o informazioni relativi ad esperienze acquisite in campo industriale, commerciale o scientifico, se non sono conseguiti nell'esercizio di imprese commerciali. La deduzione è elevata al 40% se il percettore non ha superato i 35 anni di età"
124,Credito d'imposta per investimenti in attività di ricerca e siluppo
125,"Integrale deducibilità dei fondi trasferiti per il finanziamento della ricerca, a titolo di contributo o liberalità Integrale deducibilità dei fondi trasferiti per il finanziamento della ricerca, a titolo di contributo o liberalità"
126,"Patent Box. Tassazione agevolata per i redditi derivanti dall’utilizzo di: software protetto da copyright; brevetti industriali; disegni e modelli; processi, formule e informazioni relativi ad esperienze acquisite nel campo industriale, commerciale o scientifico giuridicamente tutelabili. Il regime è valevole per 5 esercizi sociali in base a opzione irrevocabile. Esclusione dal reddito del 50% (a regime) dei redditi derivanti dall'utilizzo di alcuni beni immateriali. DL 50/2017 Esclusione dei marchi d’impresa dal gruppo dai beni agevolabili con la cd. Patent box. Sono, invece, agevolabili anche i redditi derivanti dall’utilizzo congiunto di beni immateriali, legati da vincoli di complementarietà, ai fini della realizzazione di un prodotto o di una famiglia di prodotti o di un processo o di un gruppo di processi. Le nuove disposizioni si applicano a partire dal 3° periodo d’imposta successivo a quello in corso al 31/12/14 (in linea generale dal 2017). Conserva i benefici patent box secondo la disciplina originaria (dunque anche per i marchi) - per tutto il quinquennio di validità delle stesse e, comunque, non oltre il 30/6/21 - chi ha esercitato l’opzione per i primi 2 periodi d'imposta di applicazione dell’agevolazione (2015 e 2016)."
127,Deducibilità delle erogazioni liberali in denaro a favore di organismi di gestione di parchi e riserve naturali e zone di speciale tutela paesistico-ambientale
128,Imposta di registro e ipotecaria in misura fissa ed esenzione da imposta catastale per atti di trasferimento di terreni in zone montane
129,Accesso gratuito alle conservatorie dei registri immobiliari da parte dei Consorzi di bonifica e irrigazione e rilascio gratuito dei relativi certificati
130,"Detraibilità delle spese sostenute per l'acquisto di abbonamenti ai servizi di trasporto pubblico locale, regionale e interregionale per un importo non superiore a 250 euro, anche se sostenute per i familiari a carico."
131,"Credito d'imposta per l'acquisto di prodotti di plastiche differenziate, utilizzabile esclusivamente in compensazione, attuato con decreto MEF di concerto MISE e MATTM"
132,Deduzione della rendita catastale dell'unità immobiliare adibita ad abitazione principale e delle relative pertinenze rapportata al periodo dell'anno durante il quale sussiste tale destinazione ed in proporzione alla quota di possesso
133,"Detrazione, nella misura del 36%, delle spese per interventi di recupero del patrimonio edilizio e di riqualificazione energetica degli edifici"
134,Determinazione del reddito delle unità immobiliari locate: riduzione forfetaria del canone di locazione Determinazione del reddito delle unità immobiliari locate: riduzione forfetaria del canone di locazione
135,Detrazione per interessi passivi e oneri accessori relativi a mutui ipotecari per l'acquisto o la costruzione dell'abitazione principale
136,Detrazione per interessi passivi e oneri accessori relativi a mutui ipotecari per l'acquisto di immobili da adibire ad abitazione diversa da quella principale spettante per mutui contratti entro il 31/12/1992
137,Detrazione per interessi passivi relativi a mutui contratti nel 1997 per interventi di recupero del patrimonio edilizio
138,Detrazione su compensi pagati agli intermediari per l'acquisto dell'abitazione principale per un importo non superiore ad euro 1.000 per ciascuna annualità
139,Detrazione per canoni di locazione di unità immobiliari adibite ad dell'abitazione principale
140,"Ulteriore riduzione del 30% del reddito imponibile che deriva al proprietario dai contratti stipulati o rinnovati ai sensi del comma 3 dell'art. 2 (contratti a canone concordato), ai sensi del comma 2 dell'articolo 5 (contratti di natura transitoria a studenti universitari) nonchè del comma 3 dell'art. 1 (contratti di locazione stipulati dagli enti locali in qualità di conduttori per soddisfare esigenze abitative di carattere transitorio)."
141,"Detrazione per spese di manutenzione, protezione e restauro delle caose vincolate sai sensi della legge n. 1089 del 1939 e del D.P.R. n. 1409 del 1963"
142,"Deduzione di canoni, livelli, censi, ed altri oneri gravanti sui redditi degli immobili che concorrono a formare il reddito complessivo, compresi i contributi ai consorzi obbligatori per legge o in dipendenza di provvedimenti della pubblica amministrazione"
143,"Applicazione di un'imposta sostitutiva delle imposte sui redditi, nella misura del 20%, sulle plusvalenze realizzate a seguito di cessioni a titolo oneroso di beni immobili acquistati o costruiti da non più di cinque anni"
144,"Non sono produttive di redditi di fabbricati le costruzioni o porzioni di costruzioni rurali, e relative pertinenze, appartenenti al possessore o all'affittuario dei terreni e destinate a specifici utilizzi Non sono produttive di redditi di fabbricati le costruzioni o porzioni di costruzioni rurali, e relative pertinenze, appartenenti al possessore o all'affittuario dei terreni e destinate a specifici utilizzi"
145,"Detrazione, nella misura del 50%, per gli interventi di recupero del patrimonio edilizio esistente (manutenzione ordinaria su parti comuni di edifici residenziali, manutenzione strordinaria, restauro, risanamento conservativo ristrutturazione edilizia ed altri interventi previsti dall'art. 1 della L. n. 449 del 1997) o per l'acquisto di fabbricati a uso abitativo ristrutturati"
146,"Detrazione del 50% per interventi di cui all'articolo 16-bis, comma 1, lettera i), del TUIR realizzati su edifici ricadenti nelle zone sismiche 1, 2 e 3 di cui all'ordinanza del Presidente del Consiglio dei Ministri n. 3274 del 20 marzo 2003, riferiti a costruzioni adibite ad abitazione o ad attività produttive. La detrazione spetta in maggior misura in relazione a specifici interventi nonché in relazione agli interventi realizzati su parti comuni di edifici condominiali. La detrazione spetta anche con riferimento alle spese effettuate per la classificazione e la verifica sismica degli immobili."
147,"Detrazione, nella misura del 50 %, per l'acquisto di mobili e grandi elettrodomestici di classe non inferiore alla A+, nonché A per i forni, per le apparecchiature per le quali sia prevista l'etichetta energetica finalizzati all'arredo dell'immobile oggetto di ristrutturazione ex di cui al comma 1 dell'articolo 16 del D.L. 63/2013"
148,"Detrazione, nella misura del 55% e 65%, delle spese sostenute dal 6 giugno 2013 per vari interventi di riqualificazione energetica degli edifici esistenti di qualsiasi categoria catastale, anche rurale, posseduti o detenuti. La medesima detrazione si applica anche alle spese per l'acquisto, l'installazione e la messa in opera di dispositivi multimediali per il controllo a distanza degli impianti di riscaldamento, produzione di acqua calda o di climatizzazione delle unità abitative (""ecobonus"")."
149,Detrazione per interventi di riqualificazione energetica sulle parti comuni condominiali
150,Detrazione per interventi finalizzati congiuntamente alla riduzione del rischio sismico e alla riqualificazione energetica
151,"Cedolare secca. Applicazione di un'imposta sostitutiva dell'IRPEF e delle addizionali all'IRPEF nonché dell'imposta di registro e di bollo, con aliquota del 21% sui canoni derivanti dalla locazione di immobili a uso abitativo. L'aliquota è ridotta al 15% nell'ipotesi di locazione a canone concordato Cedolare secca. Applicazione di un'imposta sostitutiva dell'IRPEF e delle addizionali all'IRPEF nonché dell'imposta di registro e di bollo, con aliquota del 21% sui canoni derivanti dalla locazione di immobili a uso abitativo. L'aliquota è ridotta al 15% nell'ipotesi di locazione a canone concordato"
152,L'aliquota della cedolare secca nelle ipotesi di locazione a canone concordato è ridotta al 10 per cento
153,"Applicazione, per i redditi derivanti dai contratti di locazione breve, dell'aliquota del 21 % in caso di opzione per l'imposta sostitutiva nella forma della cedolare secca."
154,Esenzione dal pagamento dell’imposta sul valore degli immobili situati all'estero (IVIE) con riferimento al possesso dell'abitazione principale o della casa coniugale assegnata al coniuge.
155,"Aliquota ridotta dell’imposta sul valore degli immobili situati all'estero (IVIE) con riferimento al possesso dell'abitazione principale o della casa coniugale assegnata al coniuge, appartenente alla categoria degli immobili di lusso."
156,Misura per l'acquisto della prima casa: riduzione dell'aliquota dell'imposta di registro
157,Case popolari ed economiche. Contratti di assicurazione sulla vita umana a garanzia della casa
158,"Cooperative edilizie sovvenzionate dallo Stato. Assicurazioni contro i danni previsti dall'articolo 7, lettera a) della Tariffa allegato A"
159,"Applicazione delle imposte ipotecaria, catastale e imposta di registro in misura fissa in relazione a a) permute di immobili compresi in piani di recupero b) trasferimenti di immobili compresi in piani di recupero"
160,"Esenzione dall’ applicazione delle imposte ipotecarie e catastali, imposta di registro in misura fissa per atti di trasferimento della proprietà: a) delle aree comprese nei piani di edilizia residenziale pubblica b) delle aree comprese nei piani da destinare a insediamenti produttivi"
161,Applicazione imposta ipotecaria in misura fissa per gli acquisti della prima casa Applicazione imposta ipotecaria in misura fissa per gli acquisti della prima casa
162,Applicazione imposta catastale in misura fissa per gli acquisti della prima casa
163,Riduzione della base imponibile al 70 per cento del corrispettivo annuo per l'applicazione dell'imposta di registro sui contratti di locazione di immobili adibiti ad uso abitativo
164,"Applicabilità delle disposizioni di cui agli artt. 15, 17 e 18 del D.P.R. n. 601 del 1973 per i mutui concessi da istituti ed enti previdenziali per l'acquisto di abitazioni"
165,"Esclusione dall' IRPEF dei redditi dei fabbricati distrutti od oggetto di ordinanze sindacali di sgombero, ubicati nei comuni di Casamicciola Terme, Forio e Lacco Ameno"
166,"Detrazione per un importo pari al 36 per cento delle spese, fino ad un ammontare complessivo non superiore a 5.000 euro per unità immobiliare ad uso abitativo, per sistemazione a verde e per la realizzaizone di coperture a verde e di giardini pensili. La detrazione spetta anche per interventi effettuati sulle parti comuni esterne degli edifici condominiali."
167,Detrazione per premi per assicurazioni aventi per oggetto il rischio di eventi calamitosi stipulate relativamente a unità immobiliari ad uso abitativo.
168,"Imposta di registro in misura ridotta su cessioni di immobili a banche e società di leasing per locazioni finanziarie a favore di utilizzatori aventi i requisiti ""prima casa"""
169,"Detrazione per spese sanitarie, spese mediche e di assistenza specifica diverse da quelle di cui all'art. 10, comma 1, lett. b), del Tuir, spese per prestazioni mediche specialistiche"
170,Detrazione per contributi associativi versati dai soci delle società di mutuo soccorso che operano esclusivamente nei settori di cui all'art. 1 della L. n. 3818 del 1886
171,Deducibilità delle erogazioni liberali in denaro effettuate per la realizzazione di programmi di ricerca scientifica nel settore della sanità
172,"Detrazione per le donazioni effettuate da enti o privati all'ente ospedaliero ""Ospedale Galliera"" di Genova"
173,Riduzione dell'accisa sui carburanti per le autoambulanze - Riduzione dell'accisa sui carburanti per le autoambulanze -
174,"Aliquota IVA ridotta del 5% per le prestazioni socio-sanitarie, assistenziali ed educative rese dalle cooperative sociali e loro consorzi dal 1° gennaio"
175,Esenzione delle prestazioni sanitarie con pro rata di detraibilità a monte
176,Esenzione delle prestazioni di ricovero e cura rese da enti ospedalieri o da cliniche e case di cura convenzionate con pro rata di detraibilità a monte
177,"Esenzione delle cessioni di organi, sangue e latte umani e di plasma sanguigno"
178,"Esenzione delle prestazioni socio-sanitarie, di assistenza domiciliare o ambulatoriale, in comunita' e simili, in favore di persone disagiate rese da organismi di diritto pubblico e da ONLUS con pro rata di detraibilità a monte"
179,Deduzione delle spese mediche e di quelle di assistenza specifica necessarie nei casi di grave e permanente invalidità o menomazione
180,Deduzione dei contributi versati ai fondi integrativi del servizio sanitario nazionale istituiti o adeguati ai sensi del d.lgs 502 del 1992
181,"Esenzione da imposta di donazione, ipotecarie e catastali per le donazioni a favore degli istituti di ricovero e cura a carattere scientifico di immobili con specifica destinazione a finalità sanitarie"
182,"Detrazione per erogazioni liberali in denaro e in natura a favore dello Stato, delle regioni, degli enti locali territoriali, di enti o istituzioni pubbliche, di comitati organizzatori, di fondazioni e associazioni legalmente riconosciute che, senza scopo di lucro, svolgono attività di studio, ricerca e documentazione di rilevante valore culturale e artistico, nonché per le erogazioni effettuate per l’organizzazione di mostre ed esposizioni di rilevante interesse scientifico-culturale."
183,Credito di imposta nella misura del 65 per cento delle erogazioni liberali in denaro per interventi a favore della cultura e dello spettacolo ART-BONUS Credito di imposta nella misura del 65 per cento delle erogazioni liberali in denaro per interventi a favore della cultura e dello spettacolo ART-BONUS
184,"Detrazione per erogazioni liberali in denaro in favore di enti o istituzioni pubbliche, fondazioni e associazioni legalmente riconosciute che, senza scopo di lucro, svolgono esclusivamente attività nello spettacolo"
185,"Deduzione dal reddito d'impresa con limiti determinati per le singole fattispecie - tra cui: a) opere o servizi destinati ai dipendenti per finalità di educazione, istruzione, ricreazione, assistenza sociale e sanitaria o culto; b) erogazioni liberali in favore di persone giuridiche che perseguono le finalità di cui alla lettera a), ovvero di ricerca scientifica, nonché contributi, donazioni e obliazioni in favore delle O.N.G; c) erogazioni liberali in favore di persone giuridiche aventi sede nel mezzogiorno aventi esclusiva finalità di ricerca scientifica; d) erogazioni liberali a favore di concessionari privati per la radiodiffusione sonora a carattere comunitario; e) spese sostenute dai soggetti obbligati alla manutenzione, protezione e restauro delle cose vincolate."
186,"Deducibilità delle erogazioni liberali in denaro favore di enti o istituzioni pubbliche, associazioni e fondazioni riconosciute con finalità di studio, ricerca e documentazione di rilevante valore culturale e artistico, nonché per le erogazioni effettuate per l’organizzazione di mostre ed esposizioni di rilevante interesse scientifico-culturale."
187,"Deducibilità per un importo non superiore al 2% del reddito d'impresa delle erogazioni liberali in denaro a favore di enti o istituzioni pubbliche, associazioni e fondazioni che, senza scopo di lucro, svolgono attività nello spettacolo"
188,Deducibilità delle erogazioni liberali in denaro per la realizzazione di programmi culturali nei settori dei beni culturali e dello spettacolo
189,"Non concorrenza alla formazione del reddito complessivo dei redditi catastali degli immobili destinati ad usi culturali (totalmente adibiti a sedi aperte al pubblico di musei , biblioteche, archivi, cineteche )"
190,Detrazione e deducibilità delle erogazioni liberali in denaro in favore della Fonadazione La Biennale di Venezia
191,I proventi percepiti nell’esercizio di attività commerciali svolte in conformità agli scopi istituzionali sono esclusi dalle imposte sui redditi
192,Detrazione e deducibilità dal reddito d'impresa per le erogazioni liberali a favore degli enti operanti nel settore musicale nonché innalzamento al 30 per cento del limite del reddito complessivo ai fini della detraibilità e della deducibilità delle somme versate al patrimonio delle fondazioni musicali al momento della partecipazione.
193,Le quote versate dai soci e gli incassi derivanti dall’emissione dei titoli di accesso ai soci non concorrono a formare reddito imponibile
194,"Equiparazione ai soggetti esenti dall’Ires indicati dall’articolo 74, comma 1 del Tuir per le associazioni operanti nelle manifestazioni in ambito locale ma di particolare interesse storico, artistico e culturale"
195,"Non assoggettamento ad IVA delle operazioni di divulgazione pubblicitaria svolte a beneficio di enti e associazioni che perseguono finalita' educative, culturali, sportive, religiose e di assistenza e solidarieta' sociale, nonche' delle ONLUS Non assoggettamento ad IVA delle operazioni di divulgazione pubblicitaria svolte a beneficio di enti e associazioni che perseguono finalita' educative, culturali, sportive, religiose e di assistenza e solidarieta' sociale, nonche' delle ONLUS"
196,Non assoggettamento ad IVA delle cessioni di diritti d'autore effettuate dagli autori o dai loro eredi
197,Esclusione dall'attivo ereditario di beni culturali
198,Tasse sulle concessioni governative ridotte al 25% ai concessionari privati per la radiodiffusione sonora a carattere comunitario
199,"Per gli atti relativi a beni culturali di cui alle norme citate, imposta di registro con aliquota ridotta al 3 per cento e base imponibile minima ."
200,"Per i beni culturali di cui alla norma citata, esclusione dall'asse ereditario a talune condizioni ai fini dell'imposta di successione"
201,Imposta di registro ed ipotecaria in misura fissa sui trasferimento a titolo oneroso di terreni agricoli
202,Assicurazioni dei Beni di interesse storico e artistico
203,Credito d'imposta riconosciuto in favore delle imprese di produzione cinematografica e audiovisiva in relazione al costo complessivo di produzione di opere cinematografiche e audiovisive (nel rispetto della normativa UE)
204,Credito d'imposta riconosciuto in favore delle imprese di distribuzione cinematografica e audiovisiva per le spese complessivamente sostenute per la distribuzione nazionale e internazionale di opere cinematografiche e audiovisive (nel rispetto della normativa UE)
205,"Credito d'imposta riconosciuto in favore delle imprese di esercizio cinematografico in relazione alle spese complessivamente sostenute per la realizzazione di nuove sale o il ripristino di sale inattive, per la ristrutturazione e l'adeguamento strutturale e tecnologico delle sale cinematografiche, per l'installazione, la ristrutturazione, il rinnovo di impianti, apparecchiature, arredi e servizi accessori delle sale (nel rispetto della normativa UE)"
206,"Credito d'imposta riconosciuto in favore delle industrie tecniche e di post-produzione, ivi inclusi i laboratori di restauro, in relazione alle spese sostenute per l'adeguamento tecnologico e strutturale del settore (nel rispetto della normativa UE) Credito d'imposta riconosciuto in favore delle industrie tecniche e di post-produzione, ivi inclusi i laboratori di restauro, in relazione alle spese sostenute per l'adeguamento tecnologico e strutturale del settore (nel rispetto della normativa UE)"
207,Credito d'imposta riconosciuto in favore delle imprese italiane di produzione esecutiva e di post- produzione in relazione ad opere cinematografiche ed audiovisive o a parti di esse realizzate sul territorio nazionale e con manodopera italiana su commissione di prooduzioni estere e commisurato alla spesa sostenuta nel territorio nazionale (nel rispetto della normativa UE)
208,"Credito d'imposta riconosciuto in favore dei soggetti di cui all'art. 73 del TUIR ed ai titolari di reddito d'impresa ai fini IRPEF non appartenenenti al settore cinematografico ed audiovisivo, associati in partecipazione, commisurato all'apporto in denaro effettiato per la produzione e distribuzione di opere (nel rispetto della normativa UE) cinematografiche e audiovisive."
209,"L’applicazione dell'aliquota ridotta, nella misura del 10%, è estesa alle prestazioni di servizi relative ad attività spettacolistiche, anche se rese per il tramite di intermediari."
210,Credito d'imposta riconosciuto in favore degli esercenti sale cinematografiche per il potenziamento dell'offerta cinematografica e commisurato agli introiti derivanti dalla programmazione di opere audiovisive effettuate nelle rispettive sale (nel rispetto della normativa UE)
211,Credito d’imposta per la promozione della musica di nuovi talenti (de minimis) utilizzabile in compensazione con decreto del MIBACT di concerto MEF sentito MISE
212,"Credito d'imposta per le imprese culturali e creative (previsto nel rispetto del de minimis) utilizzabile esclusivamente in compensazione, attuato con decreto del MIBACT, di concerto MISE"
213,"Credito d'imposta per gli esercenti attività commerciale che operano nel settore della vendita dei libri al dettaglio (nel rispetto del de minimis) utilizzabile esclusivamente in compensazione, attuato con decreto MIBACT di concerto MEF"
214,"Esenzione fiscale in favore dell’Accademia dei Lincei ex articolo 3 del decreto luogotenenziale n. 359 del 1944, per tutti i tributi erariali, regionali e locali vigenti, nonché per ogni altro tributo di nuova istituzione, fatta salva espressa deroga legislativa, nell’ambito delle attività istituzionali svolte dalla medesima Accademia non in regime di impresa. Esenzione fiscale in favore dell’Accademia dei Lincei ex articolo 3 del decreto luogotenenziale n. 359 del 1944, per tutti i tributi erariali, regionali e locali vigenti, nonché per ogni altro tributo di nuova istituzione, fatta salva espressa deroga legislativa, nell’ambito delle attività istituzionali svolte dalla medesima Accademia non in regime di impresa. Esenzione fiscale in favore dell’Accademia dei Lincei ex articolo 3 del decreto luogotenenziale n. 359 del 1944, per tutti i tributi erariali, regionali e locali vigenti, nonché per ogni altro tributo di nuova istituzione, fatta salva espressa deroga legislativa, nell’ambito delle attività istituzionali svolte dalla medesima Accademia non in regime di impresa."
215,Detrazione per spese di istruzione
216,Detrazione di un importo equivalente a quello della borsa di studio erogata dalle Regioni e dalle Province autonome di Trento e Bolzano
217,Esclusione dalla base imponibile delle somme corrisposte a titolo di borsa di studio dal Governo italiano a cittadini stranieri in forza di accordi e intese internazionali
218,"Esenzione dall'IRPEF delle borse di studio corrisposte nell'ambito del programma Socrates di cui alla Decisione 819/95/CE del Parlamento Europeo e del Consiglio del 14 marzo 1995 nonché le somme aggiuntive corrisposte dalle Università a condizione che l'importo complessivo annuo non superi euro 7746,85"
219,"Esenzione dall'IRPEF delle borse di studio corrisposte da Università e istituti di istruzione universitaria per la frequenza dei corsi di perfezionamento e scuole di specializzazione, corsi di dottorato di ricerca, attività di ricerca post dottorato e corsi di perfezionalento all'estero."
220,Detrazione per canoni di locazione (contratti ex lege n. 431 del 1998) stipulati da studenti universitari
221,"Detrazione per canoni di locazione (contratti ex lege n. 431 del 1998) stipulati da studenti universitari residenti in zone montane o disagiate iscritti ad un corso di laurea presso una università ubicata in un comune diverso da quello di residenza, distante da quest'ultimo almeno 50 chilometri anche se all'interno della stessa provincia"
222,Esenzione dall'IRPEF delle borse di studio corrisposte agli studenti universitari
223,"Esenzione dall'IRPEF delle borse di studio erogate nell'ambito del programma ""Erasmus +"" Esenzione dall'IRPEF delle borse di studio erogate nell'ambito del programma ""Erasmus +"""
224,Esenzione dall'IRPEF delle borse di studio corrisposte alle vittime del terrorismo e della criminalità organizzata nonché agli orfani ed ai figli di questi ultimi.
225,"Esenzione dall'IRPEF delle borse di studio per la frequenza dei corsi di perfezionamento, specializzazione ecc. erogate dalla Provincia autonoma di Bolzano."
226,"Deduzione delle erogazioni liberali in denaro effettuate a favore di università, fondazioni universitarie, istituzioni universitarie pubbliche, enti di ricerca pubblici e vigilati dal Ministero dell'Istruzione, nonché degli enti parco regionali e nazionali"
227,"Detrazione per erogazioni liberali, a favore degli istituti scolastici di ogni ordine e grado statali e paritari senza scopo di lucro, nonché a favore degli istituti tecnici superiori di cui al decreto del Presidente del Consiglio dei ministri 25 gennaio 2008, pubblicato nella Gazzetta Ufficiale n. 86 dell'11 aprile 2008, delle istituzioni dell'alta formazione artistica, musicale e coreutica e delle università, finalizzate a innovazione tecnologica, edilizia scolastica e ampliamento offerta formativa"
228,"Deducibilità delle erogazioni liberali, nel limite del 2% del reddito d'impresa dichiarato e comunque nella misura massima di 70.000 € annui, a favore degli istituti scolastici di ogni ordine e grado e degli istituti tecnici superiori, finalizzate all'innovazione tecnologica all'edilizia scolastica e all'ampliamento dell'offerta formativa"
229,"Non costituiscono attività commerciali le prestazioni aventi per oggetto lo svolgimento di attività didattiche e culturali a carattere nazionale o internazionale svolte da collegi universitari legalmente riconosciuti e posti sotto la vigilanza del Ministero dell’università e della ricerca, comprese le prestazioni relative all’alloggio, al vitto e alla fornitura di libri e materiale didattico."
230,"Credito d'imposta per le erogazioni liberali destinate agli istituti del Sistema nazionale d'istruzione (""School Bonus"")"
231,Detassazione ai fini Irpef sugli emolumenti percepiti da docenti e ricercatori che rientrano in Italia per svolgere la loro attività lavorativa. La misura spetta per il periodo d'imposta in cui si acquisisce la residenza fiscale e per i tre periodi di imposta successivi. Le disposizioni si applicano nel rispetto delle condizioni e dei limiti dei regolamenti comunitari sugli Aiuti di Stato.
232,Trattamento IVA dei servizi di vitto e di alloggio in favore degli studenti universitari – interpretazione autentica. Trattamento IVA dei servizi di vitto e di alloggio in favore degli studenti universitari – interpretazione autentica.
233,"Esclusione dalla base imponibile degli assegni periodici destinati al mantenimento dei figli spettanti al coniuge in conseguenza di separazione legale ed effettiva o di annullamento, scioglimento o cessazione degli effetti civili del matrimonio, nella misura in cui risultano da provvedimenti del giudice"
234,Esclusione dalla base imponibile degli assegni familiari e dell'assegno per il nucleo familiare
235,"Detrazione per spese relative a premi assicurativi per morte, invalidità permanente, non autosufficienza"
236,Detraibilità delle spese sostenute per le polizze assicurative finalizzate alla tutela delle persone con disabilità grave (cd. DOPO DI NOI)
237,"Deduzione degli assegni periodici corrisposti al coniuge, ad esclusione di quelli destinati al mantenimento dei figli, in conseguenza di separazione legale ed effettiva, di scioglimento o annullamento del matrimonio, o di cessazione dei suoi effetti civili del matrimonio"
238,Detrazione per spese relative a mezzi necessari all'accompagnamento e a facilitare l'autosufficienza dei soggetti disabili; detrazione per spese relative a cani guida per non vedenti; detrazione per servizi di interpretariato
239,Detraibilità per le spese sostenute per l'acquisto di alimenti a fini medici speciali.
240,Detrazione del 19% per le spese di frequenza degli asili nido
241,Detrazione per addetti all'assistenza personale nei casi di non autosufficienza nel compimento degli atti della vita quotidiana
242,"Deduzione degli assegni periodici, corrisposti in forza di testamento o donazione modale e, se risultanti da provvedimenti di autorità giudiziaria, gli assegni alimentari corrisposti alle persone indicate nell'art. 433 del codice civile"
243,Deduzione delle spese sostenute dai genitori adottivi per l'espletamento della procedura di adozione
244,Detrazione spese mantenimento cani guida
245,Detrazione spese funebri Detrazione spese funebri
246,Deduzione dell'indennità per perdita di avviamento corrisposte per disposizioni di legge al conduttore in caso di cessazione di locazione di immobili urbani adibiti ad usi diversi da quello di abitazione
247,Deduzione delle erogazioni liberali in denaro per il pagamento degli oneri difensivi dei soggetti ammessi al patrocinio a spese dello Stato
248,Esenzione dall'IRPEF in presenza solo di redditi fondiari di importo non superiore a 500 euro
249,"Esenzione dalla tassazione dei redditi di terreni fino a euro 185,92 per soggetti titolari di redditi di pensione fino a 7.500 euro"
250,Deducibilità delle erogazioni liberali in denaro per un importo non superiore a 30.000 o al 2% del reddito d'impresa a favore delle ONLUS e di altre persone giuridiche individuate con apposito decreto che svolgono attività umanitarie
251,"Deducibilità delle spese relative all'impiego di lavoratori dipendenti, nel limite del 5‰ dell'ammontare complessivo delle spese per prestazioni di lavoro dipendente, utilizzati per prestazioni di servizi erogate a favore di ONLUS"
252,"Deducibilità delle erogazioni liberali in denaro per un importo non superiore a 1.549,37 o al 2% del reddito di impresa a favore delle associazioni di promozione sociale iscritte negli appositi registri"
253,"L'IRES è ridotta alla metà nei confronti di: a) enti e istituti di assistenza sociale, società di mutuo soccorso, enti ospedalieri, enti di assistenza e beneficenza; b) istituti di istruzione e istituti di studio e sperimentazione di interesse generale che non hanno fine di lucro, corpi scientifici, accademie, fondazioni e associazioni storiche, letterarie, scientifiche, di esperienze e ricerche aventi scopi esclusivamente culturali; c) enti il cui fine è equiparato per legge ai fini di beneficenza o di istruzione; d) istituti autonomi per le case popolari, comunque denominati, e loro consorzi nonché enti aventi le stesse finalità sociali dei predetti Istituti, istituiti nella forma di società che rispondono ai requisiti della legislazione dell'Unione europea in materia di ""in house providing"" e che siano costituiti e operanti alla data del 31 dicembre 2013"
254,"Esclusione dalla base imponibile dell'imposta di successione di cui al D.Lgs. 31 ottobre 1990, n. 346, dei titoli di solidarietà. Esclusione dalla base imponibile dell'imposta di successione di cui al D.Lgs. 31 ottobre 1990, n. 346, dei titoli di solidarietà."
255,Esclusione dei titoli di solidarietà dalla base imponibile dell'imposta di bollo sulle comunicazioni relative ai dossier titoli.
256,"Non si considerato destinati a finalità estranee all’esercizio dell’impresa le cessioni gratuite agli enti pubblici, alle ONLUS e agli enti privati costituiti per il perseguimento senza scopo di lucro di finalità civiche e solidaristiche che promuovono e realizzano attività di interesse generale di derrate alimentari e prodotti farmaceutici alla cui produzioni o al cui scambio è diretta l’attività dell’impresa (c.2). Non si considerano destinati a finalità estranee all’esercizio di impresa i beni non di lusso diversi da quelli indicati al c. 2 alla cui produzione o scambio è diretta all’attività dell’impresa ceduti gratuitamente alle ONLUS (c.3)"
257,"Non si considerano destinati a finalità estranee all’esercizio d’impresa e sono considerati distrutti ai fini IVA (esenzione con diritto alla detrazione dell'IVA a monte), i prodotti editoriali e le dotazioni informatiche ceduti gratuitamente a enti locali, agli istituti di prevenzione e pena, alle istituzioni scolastiche, agli orfanotrofi ed enti religiosi"
258,Esenzione dal pagamento dell’imposta sugli intrattenimenti per lo svolgimento occasionale delle attività indicate nella tariffa allegata al DPR n.640 del 1972 a favore dei centri sociali per anziani
259,Credito d'imposta per il contrasto alla povertà minorile (cedibile) che può essere utilizzato esclusivamente in compensazione
260,"Determinazione del reddito di lavoro autonomo di volontari e cooperanti, sulla base di retribuzioni convenzionali stabilite da MAE di concerto Min Lavoro"
261,"Deduzione delle erogazioni liberali in denaro e in natura a favore degli enti del cd. terzo settore (Onlus, Ong, organismi di volontariato etc etc) nel limte del 10 per cento del reddito complessivo e comunque nella misura massima di 70.000 euro annui"
262,"Applicazione delle agevolazioni di cui all'articolo 83, commi 1 e 2, del D.Lgs. 117/2017 alle erogazioni liberali, alle donazioni e agli altri atti a titolo gratuito effettuati dai privati nei confronti dei trust ovvero dei fondi speciali per il sostegno delle persone con disabilità grave (cd. ""DOPO DI NOI"")"
263,Detrazione per erogazioni liberali in denaro a favore delle ONLUS e di altre persone giuridiche individuate con apposito decreto che svolgono attività umanitarie.
264,Deduzione delle erogazioni liberali in denaro a favore dell'Istituto centrale per il sostentamento del clero della Chiesa Cattolica italiana Deduzione delle erogazioni liberali in denaro a favore dell'Istituto centrale per il sostentamento del clero della Chiesa Cattolica italiana
265,"Deduzione delle erogazioni liberali iin denaro a favore dell'Unione delle Chiese Avventiste del 7° giorno, delle Assemblee di Dio in Italia e della Tavola Valdese"
266,Deduzione erogazioni liberali in denaro in favore dell'Unione Cristiana Evangelica Battista d'Italia
267,Deduzione erogazioni liberali in denaro in favore della Chiesa Evangelica Luterana in Italia
268,Deduzione dei contributi annuali versati alle Unioni Comunità Ebraiche Italiane
269,Detrazione per erogazioni liberali in denaro a favore di partiti politici iscritti nella prima sezione del registro nazionale dei partiti politici
270,"Detrazione del 26% delle erogazioni liberali in denaro ai partiti politici per importi compresi tra 30 euro e 30.000 euro annui. Sono esclusi gli enti nei quali vi sia una partecipazione pubblica o i cui titoli siano negoziati in mercati regolamentati nonché le società ed enti che controllano tali soggetti, nonché le società concessionarie dello Stato o di enti pubblici, per la durata del rapporto di concessione."
271,"Deduzione delle oblazioni, donazioni e contributi in favore delle organizzazioni non governative"
272,Detrazione per erogazioni liberali in denaro a favore delle associazioni di promozione sociale iscritte negli appositi registri
273,Detrazione spese veterinarie
274,"Non imponibilità ai fini delle imposte sui redditi dei proventi derivanti da attività commerciali e produttive marginali come individuate con DM 25 maggio 1995, qualora sia documentato il loro totale impiego per i fini istituzionali dell’organizzazione di volontariato."
275,"Non è considerata commerciale, così come per gli associati, la cessione di beni e la prestazione di servizi resa da associazioni di promozione sociale nei confronti dei familiari conviventi degli associati. Non è considerata commerciale, così come per gli associati, la cessione di beni e la prestazione di servizi resa da associazioni di promozione sociale nei confronti dei familiari conviventi degli associati."
276,Esclusione dalla base imponibile ai fini dell' imposta sugli intrattenimenti delle quote e dei contributi corrisposti alle associazioni di promozione sociale
277,"Esenzione da qualsiasi tassa e imposta indiretta e formalità di registrazione operazioni ed atti , pagamento risarcimento vittime della strada e rapporti tra CONSAP ed imprese assicuratrici per responsabilità civile veicoli e natanti"
278,Esenzione dalle tasse sulle concessioni governative gli atti e i provvedimenti concernenti le ONLUS e le società e associazioni sportive dilettantistiche
279,"Esenzione dalle tasse sulle concessioni governative gli atti costitutivi, gli statuti ed ogni altro atto necessario per l’adempimento di obblighi dei movimenti o partiti politici, derivanti da disposizioni legislative o regolamentari"
280,Esenzione da tasse sulle concessioni governative e licenze o i documenti sostitutivi intestati ad invalidi a seguito di perdita anatomica o funzionale di entrambi gli arti inferiori nonchè a non vedenti e a sordi
281,Le vittime di atti di terrorismo e delle stragi di tale matrice e i loro superstiti che siano stati parti in causa in un procedimento giurisdizionale comunque dipendente da atti di terrorismo o strage di tale matrice sono esenti dall'obbligo di pagamento dell'imposta di registro e da ogni altra imposta.
282,"Esenzione da imposta sulle sucessioni, ipotecaria e catastale, di bollo e dalle altre tasse e diritti per i parenti di primo grado delle persone decedute a causa del sisma del 6 aprile 2009 nella regione Abruzzo"
283,"Esenzione, senza limiti di valore, da imposta di bollo, di registro e ogni spesa, tassa o diritto di qualsiasi specie e natura per atti, documenti e provvedimenti relativi alle cause per le controversie individuali di lavoro o concernenti rapporti di pubblico impiego. Per quanto riguarda l'imposta di bollo, esenzione superata poiché l'articolo 37 del D.L: 6 luglio 2011 n. 98 conveertito dalla L. 15 luglio 2011 n. 111 ha previsto che in questi casi si applichi il contributo unificato per spese giudiziarie."
284,"Esenzione da imposte di bollo, di registro e ogni altra spesa, tassa o diritto per gli atti, documenti e provvedimenti relativi a procedure di affidamento e adozione di minori Esenzione da imposte di bollo, di registro e ogni altra spesa, tassa o diritto per gli atti, documenti e provvedimenti relativi a procedure di affidamento e adozione di minori"
285,"Esenzione da imposta di bollo, di registro e ogni altra tassa per i procedimenti di scioglimento di matrimonio e procedimenti anche esecutivi e cautelari diretti ad ottenere la corresponsione o la revisione degli assegni"
286,Esenzione da imposte e tasse per i trasferimenti di beni mobili e immobili posti in essere dall'Associazione nazionale fra mutilati ed invalidi di guerra a favore della Fondazione dell'associazione nazionale fra mutilati e invalidi di guerra
287,"Esenzione da bollo e ogni altra imposta e tassa nonchè dall'obbligo della richiesta di registrazione per gli atti, documenti e provvedimenti relativi all'azione civile contro la violenza nelle relazioni familiari, nonché i procedimenti anche esecutivi e cautelari diretti a ottenere la corresponsione dell'assegno di mantenimento previsto dal comma 3 dell'articolo 282-bis del codice di procedura penale e dal secondo comma dell'articolo 342-ter del codice civile. Per quanto riguarda l'imposta di bollo, ora confluita nella esenzione dal contributo unificato"
288,"Esenzione da imposte e tributi per le domande, gli atti, i provvedimenti, i contratti, comunque relativi all'attuazione delle leggi per la ricostruzione e lo sviluppo delle zone colpite dal terremoto del novembre 1980 e del febbraio 1981 e qualsiasi documentazione diretta a conseguirne i benefici"
289,Esenzione da imposte e tributi per gli atti relativi a ricostruzione e rinascita delle zone colpite dal terremoto dell'agosto del 1962
290,Esenzione da imposte di bollo e di registro per gli atti costitutivi e connessi allo svolgimento delle attività di volontariato nonché per le donazioni disposte in loro favore
291,"Esenzione dall'imposta suille successioni e donazioni e dall'imposta di bollo, imposte di registro, ipotacaria e catastale in misura fissa sugli atti costituenti trust, vincoli di destinazione e fondi speciali riservati alle persone disabili"
292,Deducibilità delle erogazioni liberali in denaro a favore dello Stato e dei comuni per contributi volontari versati in seguito ad eventi sismici o calamitosi che hanno colpito l'ente in favore del quale si effettua il versamento
293,"Credito d'imposta riconosciuto ai datori di lavoro pubblici e privati in relazione agli emolumenti versati al lavoratore legittimamente impegnato come volontario di protezione civile, in misura pari agli importi effettivamente spettanti (cedibile) è utilizzabile esclusivamente in compensazione"
294,Regime fiscale agevolato per gli operatori bancari di finanza etica e sostenibile (nel de minimis) Regime fiscale agevolato per gli operatori bancari di finanza etica e sostenibile (nel de minimis)
295,"Credito d'imposta ricnosciuto in relazione all'acquisto, anche in locazione finanziaria, di beni mobili strumentali utilizzati direttamente ed esclusivamente per la distribuzione gratuita di prodotti alimentari, di prodotti farmaceutici e di altri prodotti agli indigenti da parte di enti pubblici ed enti privati costituiti per il perseguimento, senza scopo di lucro, di finalità civiche e solidaristiche e che effettuano, a fini di beneficenza, distribuzione gratuita di prodotti alimentari, di prodotti farmaceutici e di altri prodotti agli indigenti. Le imprese costruttrici o importatrici dei beni mobili rimborsano al venditore l'importo del contributo e recuperano tale importo quale credito d'imposta per il versamento delle ritenute dell'imposta sul reddito delle persone fisiche operate in qualità di sostituto d'imposta sui redditi da lavoro dipendente, dell'imposta sul reddito delle persone fisiche, dell'imposta sul reddito delle società e dell'imposta sul valore aggiunto dovute, anche in acconto, per l'esercizio in cui è effettuato l'acquisto."
296,Detrazione per l'acquisto di strumenti compensativi e di sussidi tecnici e informatici necessari all'apprendimento per studenti affetti da disturbo specifico dell'apprendimento (DSA).
297,"Le pensioni a favore dei superstiti di assicurato o pensionato percepite dagli orfani, concorrono alla formazione del reddito complessivo per l'importo eccedente 1.000 Euro."
298,"Ampliamento ad euro 8.000 della soglia reddituale prevista dall'art. 1, co. 132, legge n. 244/2007, ai fini dell'esenzione dal pagamento del canone di abbonamento televisivo in favore dei soggetti di età pari o superiore a 75 anni."
299,"Deducibilità ai fini dell'imposta sui redditi della quota non superiore al 3 per cento degli utili netti annuali, dedotte eventuali perdite maturate negli esercizi precedenti, erogata dalle imprese sociali a fondi istituiti dagli enti rappresentativi delle imprese sociali e dalle associazioni nazionali di rappresentanza, assistenza, tutela e revisione del movimento cooperativo, nonché dalla Fondazione Italia Sociale, specificamente ed esclusivamente destinati alla promozione e allo sviluppo delle imprese sociali attraverso azioni ed iniziative di varia natura, quali il finanziamento di progetti di studio e di ricerca in tema di impresa sociale o di attività di formazione dei lavoratori dell'impresa sociale, la promozione della costituzione di imprese sociali o di loro enti associativi, o il finanziamento di specifici programmi di sviluppo di imprese sociali o di loro enti associativi"
300,Non concorrenza alla formazione reddito imponibile imprese sociali degli utili e degli avanzi di gestione destinati ad apposita riserva
301,Non concorrenza alla formazione reddito imponibile degli utili e degli avanzi di gestione destinati ad aumento gratuito del capitale sociale Non concorrenza alla formazione reddito imponibile degli utili e degli avanzi di gestione destinati ad aumento gratuito del capitale sociale
302,Incentivi fiscali all’investimento nelle imprese sociali
303,Credito d'imposta in favore delle fondazioni di cui al D.Lgs n. 153 del 1999 per versamenti al FUN (cedibile) utilizzabile esclusivamente in compensazione
304,"Contributo sotto forma di sconto sul prezzo di vendita per l'acquisto di autoambulanze, nonché di mezzi antincendio utilizzati dai vigili del fuoco volontari. Il contributo è anticipato dal venditore ed è a quest’ultimo rimborsato sotto forma di credito di imposta. Il venditore recupera le somme corrispondenti alla riduzione praticata mediante compensazione"
305,"Assoggettamento alla ritenuta agevolata di cui all’articolo 31 del DPR n. 601/1973, degli interessi, dei premi e di ogni altro provento prodotti da tali titoli"
306,Credito d'imposta pari al 50 per cento delle erogazioni liberali in danaro effettuate in favore degli enti del terzo settore dagli istituti di credito emittenti i titoli di solidarietà e commisurate all'ammontare nominale collocato di detti titoli di solidarietà utilizzabile esclusivamente in compensazione
307,"Assoggettamento a ritenuta alla fonte a titolo di imposta, secondo le previsioni dell'articolo 26, comma 4 del DPR n. 600 del 1973, con l'aliquota agevolata prevista dall'articolo 31 del DPR n. 601 del 1973 degli importi percepiti a titolo di remunerazione dai soggetti che prestano fondi attraverso portali on line che svolgono attività di social lending, finalizzato al finanziamento e al sostegno delle attività di interesse generale svolte dagli enti del terzo settore."
308,Regime forfetario di determinazione del reddito d'impresa da parte di enti del terzo settore che svolgono in via principale o prevalente attività non commerciali
309,"""Social Bonus"" - Credito d'imposta pari al 65 per cento delle erogazioni liberali in denaro effettuate da persone fisiche in favore di enti del Terzo settore. ""Social Bonus"" - Credito d'imposta pari al 65 per cento delle erogazioni liberali in denaro effettuate da persone fisiche in favore di enti del Terzo settore."
310,"""Social bonus"" - Credito d'imposta pari al 50 per cento se effettuate da enti o società in favore degli enti del terzo settore, che hanno presentato al Ministero del lavoro e delle politiche sociali un progetto per sostenere il recupero degli immobili pubblici inutilizzati e dei beni mobili e immobili confiscati alla criminalità organizzata assegnati ai suddetti enti del terzo settore e da questi utilizzati esclusivamente per lo svolgimento di attività di interesse generale con modalità non commerciali, utilizzabile in compensazione."
311,Detrazioni e deduzioni per erogazioni liberali in denaro e in natura in favore degli enti del terzo settore
312,Detrazioni per contributi associativi versati alle società di mutuo soccorso
313,Non concorrenza dei redditi degli immobili destinati in via esclusiva o principale allo svolgimento di attività non commerciale
314,Decommercializzazione di determinate attività effettuate dalle associazioni di promozione sociale (in de minimis)
315,Non concorrenza dei redditi degli immobili destinati in via esclusiva o principale allo svolgimento di attività non commerciale
316,Regime forfetario di determinazione del reddito per attività commerciali svolte dalle organizzazioni di volontariato e dalle associazioni di promozione sociale
317,"Credito d'imposta in favore delle fondazioni bancarie utilizzabile, esclusivamente in compensazione, nell'ambito dell'atttività non commerciale, da attuarsi con decreto MLPS di concerto MEF Credito d'imposta in favore delle fondazioni bancarie utilizzabile, esclusivamente in compensazione, nell'ambito dell'atttività non commerciale, da attuarsi con decreto MLPS di concerto MEF"
318,Deduzione dal reddito imponibile dei contributi versati alle forme di previdenza complementari italiane ed estere localizzate nei Paesi dell'UE e del SEE.
319,Esenzione dall'IRPEF delle pensioni e delle indennità corrisposte alle vittime del terrorismo e delle stragi di tale matrice
320,"Sui lavori socialmente utili svolti da soggetti che hanno raggiunto l'età per la pensione di vecchiaia e che hanno un reddito complessivo non superiore a € 9296,22 al netto del reddito derivante dall'abitazione principale, si applica, sulla parte dei lavori socialmente utili che eccede € 3098,74, l'aliquota del 23%, maggiorata delle addizionali vigenti"
321,"Le rendite corrisposte in Italia da parte della assicurazione invalidità, vecchiaia e superstiti Svizzera (AVS), maturata sulla base anche di contributi previdenziali tassati alla fonte in Svizzera, sono assoggettate a ritenuta unica del 5 per cento da parte degli istituti italiani, quali sostituti d'imposta, per il cui tramite l'AVS Svizzera le eroga ai beneficiari in Italia"
322,"Applicazione della ritenuta del 5 per cento, a cura degli intermediari finanziari italiani che intervengono nel pagamento, sulle somme corrisposte in Italia da parte della gestione della previdenza professionale per la vecchiaia, i superstiti e l'invalidita' svizzera (LPP), ivi comprese le prestazioni erogate dagli enti o istituti svizzeri di prepensionamento, maturate sulla base anche di contributi previdenziali tassati alla fonte in Svizzera e in qualunque forma erogate"
323,"Impiegati dello Stato. Contratti relativi alle assicurazioni integrative degli impiegati civili e militari dello Stato di cui alla legge 7 aprile 1930, n. 456"
324,Deduzione dei contributi previdenziali versati per gli addetti ai servizi domestici e all'assistenza personale e familiare
325,Esenzione IRPEF per le pensioni di reversibilità percepite dai familiari delle vittime dell'attentato terroristico a Dacca
326,Applicazione ai dipendenti pubblici delle dispozioni concernenti la deducibilità dei premi e contributi versati e il regime di tassazione delle prestazioni previste per la previdenza complementare nel settore privato.
327,Deduzione a favore dell'interessato ovvero detrazione a favore dei soggetti di cui l'interessato risulta essere a carico dei contributi versati per il riscatto del periodo di corso di laurea Deduzione a favore dell'interessato ovvero detrazione a favore dei soggetti di cui l'interessato risulta essere a carico dei contributi versati per il riscatto del periodo di corso di laurea
328,Erogazione di un credito ai titolari di redditi di lavoro dipendente e di taluni assimilati di importo non superiore a 26.600 euro (Bonus 80 euro).
329,"Esenzione dall'IRPEF dell'indennità di fine rapporto erogata al lavoratore ""ricollocato"" entro il limite massimo di nove mensilità della retribuzione di rifeirmento per il calcolo del TFR."
330,"Detassazione premi di produttività. Applicazione di una imposta sostitutiva del 10 per cento sulle somme, fino ad un massimo di 3000 euro, corrisposte ai lavoratori dipendenti del settore privato con limite reddituale di accesso al beneficio di 80.000 euro."
331,"Rendita integrativa temporanea anticipata (RITA) erogata ai lavoratori pubblici e privati aderenti alla previdenza complementare che, in tutto o in parte, la richiedano, a seguito della cessazione del rapporto di lavoro. La rendita integrativa anticipata è assoggettata a ritenuta a titolo d'imposta con aliquota pari, nel massimo, al 15 per cento e, nel minimo, al 9 per cento, con un decalage dello 0,3 per cento annuo per ciascun anno di adesione al fondo pensione superiore al quindicesimo."
332,"Esenzione dall'IRPEF: (comma 1) delle pensioni di guerra di ogni tipo, delle relative indennità accessorie, degli assegni connessi alle pensioni privilegiate ordinarie, delle pensioni connesse alle decorazioni dell'ordine militare d'Italia, nonché delle pensioni privilegiate ordinarie corrisposte ai militari di leva e delle pensioni tabellari spettanti per menomazioni subite durante il servizio di leva obbligatorio; (comma 2) della pensione reversibile, della tredicesima mensilità e delle indennità di accompagnamento, percepite dai ciechi civili ai sensi della legge 27 maggio 1970, n. 382; (comma 3) dei sussidi corrisposti dallo Stato e da altri enti pubblici a titolo assistenziale."
333,"Esclusione dalla tassazione dei redditi di importo fino a 7,500 euro - frontalieri Esclusione dalla tassazione dei redditi di importo fino a 7,500 euro - frontalieri"
334,La remunerazione che un lavoratore frontaliero (residente entro 20 KM dal confine svizzero) riceve in corrispettivo di una attività dipendente sono imponibili soltanto nello Stato in cui tale attività è svolta
335,"Esenzione dall'IRPEF delle retribuzioni di qualsiasi natura, le pensioni e le indennità di fine rapporto corrisposte dalla Santa Sede e dagli enti dalla stessa gestiti ai propri dipendenti"
336,"Tassazione agevolata delle indennità di trasferta, dei rimborsi forfetari di spesa, dei premi e dei compensi erogati ai direttori artistici e ai collaboratori tecnici per prestazioni di natura non professionale da parte di cori, bande e filodrammatiche che perseguono finalità dilettantistiche, e quelli erogati nell'esercizio diretto di attività sportive dilettantistiche dal CONI, dalle federazioni sportive nazionali, dall'UNIRE, dagli enti di promozione sportiva e da qualunque organismo comunque denominato che persegua finalità sportive dilettantistiche. La disposizione si applica anche ai rapporti di collaborazione coordinata e continuativa di carattere amministrativo-gestionale di natura non professionale resi in favore di società e associazioni sportive dilettantistiche"
337,"Deduzione delle somme corrisposte ai dipendenti, chiamati ad adempiere funzioni presso gli uffici elettorali"
338,"Non concorrono a formare il reddito le somministrazioni di vitto da parte del datore di lavoro, quelle in mense organizzate direttamente dal datore di lavoro o gestite da terzi nonché le prestazioni e le indennità sostitutive, nelle ipotesi previste dalle norme, nel limite di € 5,29, aumentato a 7 € nel caso in cui le stesse siano rese in forma elettronica"
339,Non concorrono a formare il reddito le prestazioni di servizi di trasporto collettivo rese alla generalità o a categorie di dipendenti; anche se affidate a terzi ivi compresi gli esercenti servizi pubblici.
340,"Non concorrono a formare il reddito le somme erogate o rimborsate alla generalità o a categorie di dipendenti dal datore di lavoro o le spese da quest'ultimo direttamente sostenute, volontariamente o in conformità a disposizioni di contratto, di accordo o di regolamento aziendale, per l'acquisto degli abbonamenti per il trasporto pubblico locale, regionale e interregionale del dipendente e dei familiari fiscalmente a carico."
341,"Non concorrono a formare il reddito i compensi reversibili delle indennità e dei compensi percepiti a carico di terzi dai prestatori di lavoro dipendente per incarichi svolti in relazione a tale qualità, nonché delle indennità, dei gettoni di presenza e degli altri compensi corrisposti dallo Stato, dalle regioni, dalle province e dai comuni per l'esercizio di pubbliche funzioni."
342,"Non concorrono a formare il reddito l'utilizzazione delle opere e dei servizi riconosciuti dal datore di lavoro volontariamente o in conformità di disposizioni di contratto, accordo o regolamento aziendale, offerti alla generalità dei dipendenti, categorie di dipendenti o familiari di cui all'art. 12 del TUIR per le finalità di cui al comma 1 dell'art. 100 del citato TUIR. Non concorrono a formare il reddito l'utilizzazione delle opere e dei servizi riconosciuti dal datore di lavoro volontariamente o in conformità di disposizioni di contratto, accordo o regolamento aziendale, offerti alla generalità dei dipendenti, categorie di dipendenti o familiari di cui all'art. 12 del TUIR per le finalità di cui al comma 1 dell'art. 100 del citato TUIR."
343,"Non concorrono a formare il reddito le somme, i servizi e le prestazioni erogati dal datore di lavoro alla generalità dei dipendenti o a categorie di dipendenti per la fruizione, da parte dei familiari indicati nell'articolo 12, dei servizi di educazione e istruzione anche in età prescolare, compresi i servizi integrativi e di mensa ad essi connessi, nonché per la frequenza di ludoteche e di centri estivi e invernali e per borse di studio a favore dei medesimi familiari"
344,Non concorrono a formare il reddito le somme e le prestazioni erogate dal datore di lavoro alla generalità dei dipendenti o a categorie di dipendenti per la fruizione dei servizi di assistenza ai familiari anziani o non autosufficienti indicati nell'articolo 12
345,"Non concorrono a formare il reddito i contributi e i premi versati dal datore di lavoro a favore della generalità dei dipendenti o di categorie di dipendenti per prestazioni, anche in forma assicurativa, aventi per oggetto il rischio di non autosufficienza nel compimento degli atti della vita quotidiana o il rischio di gravi patologie."
346,"Non concorrono a formare il reddito il valore delle azioni offerte alla generalità dei dipendenti per un importo annuo non superiore a € 2065,83"
347,"Non concorrono a formare il reddito le somme trattenute al dipendente per oneri di cui all'art. 10 alle condizioni ivi previste, nonché le erogazioni effettuate dal datore di lavoro in conformità a contratti collettivi o ad accordi e regolamenti aziendali"
348,Non concorrono a formare il reddito le mance percepite dai croupiers nella misura del 25% dell'ammontare percepito nell'anno
349,"Non concorrono a formare il reddito il valore dei beni ceduti e dei servizi prestati se complessivamente di importo non superiore nell'anno a € 258,23"
350,"Ai fini della determinazione del fringe benefit per gli autoveicoli, i motocicli e i ciclomotori concessi in uso promiscuo si assume il 30% dell'importo corrispondente a una percorrenza convenzionale di 15.000 km calcolato sulla base del costo chilometrico di esercizio desumibile dalle tabelle ACI elaborate ciascun anno"
351,"Ai fini della determinazione del fringe benefit, in caso di concessione di prestiti, si assume il 50% della differenza tra l'importo degli interessi calcolato al tasso ufficiale di sconto vigente al termine di ciascun anno e l'importo degli interessi calcolato al tasso applicato sugli stesssi"
352,"Ai fini della determinazione del fringe benefit, per i fabbricati concessi in locazione, in uso o in comodato, si assume la differrenza tra la rendita catastale del fabbricato aumentata di tutte le spese inerenti e quanto corrisposto per il godimento del fabbricato stesso"
353,"Ai fini della determinazione del fringe benefit, per i servizi di trasporto ferroviario di persone prestati gratuitamente, si assume, al netto degli importi trattenuti, l'ammontare corrispondente all'introito medio per passeggero/chilometro, per una percorrenza media convenzionale di 2.600 km Ai fini della determinazione del fringe benefit, per i servizi di trasporto ferroviario di persone prestati gratuitamente, si assume, al netto degli importi trattenuti, l'ammontare corrispondente all'introito medio per passeggero/chilometro, per una percorrenza media convenzionale di 2.600 km"
354,"Le indennità percepite per le trasferte o le missioni fuori del territorio comunale concorrono a formare il reddito per la parte che eccede € 46,48 al giorno, elevati a € 77,47 per le trasferte all'estero"
355,Le indennità e le maggiorazioni di retribuzione spettanti ai trasfertisti concorrono a formare il reddito nella misura del 50%
356,"Le indennità di trasferimento, quelle di prima sistemazioni e quelle equipollenti non concorrono a formare il reddito nella misura del 50% per un importo complessivo annuo non superiore a € 1549,37 per i trasferimenti all'interno del territorio nazionale ed € 4648,11 per quelli fuori del territorio nazionale o in destinazione a quest'ultimo"
357,Gli assegni di sede e le altre indennità percepite per servizi prestati all'estero costituiscono reddito nella misura del 50%
358,"Il reddito di lavoro dipendente, prestato all'estero in via continuativa e come oggetto esclusivo del rapporto da dipendenti che nell'arco di dodici mesi soggiornano nello Stato estero per un periodo superiore a 183 giorni, è determinato sulla base di retribuzioni convenzionali. La disposizione non è applicabile al reddito derivante dall'attività prestata per un periodo superiore a 183 giorni nell'arco di dodici mesi sulle navi battenti bandiera estera. Tale reddito continua a essere escluso dalla base imponibile fiscale."
359,I compensi percepiti per attività libero professionale intramuraria costituiscono reddito nella misura del 75%
360,"Non concorrono a formare il reddito le somme erogate a titolo di rimborso di spese ai titolari di cariche elettive, nonché a coloro che esercitano le funzioni di cui agli artt. 114 e 135 della Costituzione. Gli assegni vitalizi sono assoggettati a tassazione per la quota parte che non deriva da fonti riferibili a trattenute effettuate al percettore già assoggettate a ritenute fiscali. Detta quota parte è determinata per ciascun periodo d'imposta."
361,Esenzione dall'IRPEF dei redditi derivanti dall'esercizio della funzione di ambasciatori e agenti diplomatici degli Stati esteri accreditati in Italia.
362,Gli onorari corrisposti ai membri dei seggi elettorali costituiscono rimborso spese fisso forfetario non assoggettabile a ritenute o imposte e non concorrono alla formazione della base imponibile ai fini fiscali Gli onorari corrisposti ai membri dei seggi elettorali costituiscono rimborso spese fisso forfetario non assoggettabile a ritenute o imposte e non concorrono alla formazione della base imponibile ai fini fiscali
363,Esenzione dei redditi derivanti da prestazioni di lavoro occasionali per tali intendendosi quelle di importo non supeiore complessivamente nell'anno a 5000 euro
364,Riconoscimento di tutte le agevolazioni fiscali previste per i residenti in Italia ai soggetti non residenti che producono in Italia almeno il 75% del loro reddito complessivo e che non godono di analoghe agevolazioni nel Paese di residenza. Procedura di infrazione n. 2013/2027
365,"Non assoggettamento ad IVA delle somministrazioni nelle mense aziendali, delle prestazioni di trasporto, didattiche, educative e ricreative, di assistenza sociale e sanitaria, a favore del personale dipendente."
366,Detrazione sulle indennità di fine rapporto di importo minimo
367,"Clausola di salvaguardia per le indennità di fine rapporto di cui all'art. 17, comma 1, lett. a), del TUIR con blocco delle aliquota a quelle del 31 dicembre 2006"
368,Applicazione dell'imposta sostitutiva del 17% sulle rivalutazioni del TFR maturate dal 2001
369,"I compensi derivanti dai contratti di co.co.co. stipulati da associazioni sportive dilettantistiche non lucrative riconosciute dal CONI costituiscono redditi diversi ai sensi dell'art. 67, comma 1, lett. m), con conseguente applicazione del regime di tassazIone agevolata di cui all'art. 69, comma 2 del TUIR. Nel caso in cui l'associazione dilettantistica svolga attività lucrativa, invece, tali redditi vengono classificati come assimilati a quelli di lavoro dipendente."
370,"Le prestazioni di lavoro occasionale per attivita' di cui al decreto del Ministro dell'interno 8 agosto 2007, sono esenti da IRPEF qualora i compensi non siano di importo complessivo superiore a 5.000 euro per ciascun utilizzatore."
371,"Ai consiglieri di Stato spetta il rimborso delle spese, ai sensi della legge 18 dicembre 1973, n. 836, o, a scelta dell'interessato, l'indennita' di trasferta, ai sensi dell'articolo 3, comma 79, della legge 24 dicembre 2003, n. 350, e successive modificazioni, a titolo risarcitorio indennitario, in relazione al mantenimento della residenza nel territorio della provincia di Bolzano, nel limite di spesa pari a 50.000 euro annui a decorrere dal 2018. Ai consiglieri di Stato spetta il rimborso delle spese, ai sensi della legge 18 dicembre 1973, n. 836, o, a scelta dell'interessato, l'indennita' di trasferta, ai sensi dell'articolo 3, comma 79, della legge 24 dicembre 2003, n. 350, e successive modificazioni, a titolo risarcitorio indennitario, in relazione al mantenimento della residenza nel territorio della provincia di Bolzano, nel limite di spesa pari a 50.000 euro annui a decorrere dal 2018."
372,Esclusione dall' IRPEF dei proventi dell'apicoltura condotta da apicoltori con meno di 20 alveari e ricadenti nei comuni classificati montani.
373,Tassazione dei titoli per il finanziamento di iniziative economiche nel Mezzogiorno emessi da banche con scadenza non inferiore a 18 mesi riduzione a metà della ritenuta
374,"Gasolio e GPL impiegati per riscaldamento in aree geograficamente o climaticamente svantaggiate (zone montane, Sardegna, isole minori) - Riduzione di prezzo"
375,ZFU per il sisma L’Aquila. agevolazione concessa nel de minimis.
376,"ZFU Obiettivo Convergenza, Sulcis e Pelagie, nonché nuove ZFU non ricomprese nell'Obiettivo Convergenza (ZFU di Pescara, Matera, Velletri, Sora, Ventimiglia, Campobasso, Cagliari, Iglesias, Quartu Sant'Elena, Massa-Carrara) individuate dalla delibera CIPE n. 14 dell'8 maggio 2009"
377,"Detassazione di contributi, indennizi e risarcimenti connessi agli eventi sismici del Centro Italia (nel rispetto della normativa europea in materia di aiuti di Stato - misura comunicata in esenzione alla Commissione europea)"
378,"I redditi dei fabbricati, ubicati nelle zone colpite dagli eventi sismici di agosto 2016, purché distrutti od oggetto di ordinanze sindacali di sgombero, in quanto inagibili totalmente o parzialmente, non concorrono alla formazione del reddito imponibile ai fini dell'imposta sul reddito delle persone fisiche e dell'imposta sul reddito delle società, fino alla definitiva ricostruzione e agibilità dei fabbricati medesimi"
379,ZFU per l’alluvione e sisma Emilia. agevolazione concessa nel de minimis.
380,ZFU per il sisma Lombardia. agevolazione concessa nel de minimis. ZFU per il sisma Lombardia. agevolazione concessa nel de minimis.
381,"ZFU SISMA CENTRO ITALIA: contributo sotto forma di credito d'imposta in favore delle imprese con sede princpale o unità locale situata nei Comuni delle Regioni Lazio, Umbria, Marche e Abruzzo colpiti dal sisma del 2016 e 2017 in de minimis"
382,Credito d'imposta per nuovi investimenti Mezzogiorno (concesso ai sensi del Reg. UE 651/2014) utilizzabile esclusivamente in compensazione
383,"CREDITO D'IMPOSTA PER INVESTIMENTI SISMA CENTRO ITALIA: estensione del credito d'imposta di cui all'art. 1, c. 98 e ss., della legge n. 208/2015 per investimenti in beni strumentali nuovi destinati a strutture produttive ubicate nelle regioni dell'Italia centrale colpite dagli eventi sismici (Lazio, Umbria, Marche e Abruzzo) nel rispetto dell'art. 108 del TFUE"
384,"CREDITO D'IMPOSTA PER INVESTIMENTI ZES: estensione del credito d'imposta di cui all'art. 1, c. 98 e ss., della legge n. 208/2015 per investimenti in beni strumentali nuovi destinati a strutture produttive ubicate nelle ZES del Mezzorgiorno nel rispetto del Reg. UE 651/2014"
385,"Esenzione dall'imposta di bollo e di registro per le istanze, i contratti e i documenti presentati alla P.A. fino al 31 dicembre 2018 in esecuzione delle ordinanze commissariali per la ricostruzione."
386,"Non commercialità delle attività svolte dagli enti associativi - con varie limitazioni sia soggettive che oggettive - in favore degli associati o partecipanti, in conformità alle finalità istituzionali."
387,Per le ONLUS non costituisce esercizio di attività commerciali lo svolgimento delle attività istituzionali nel perseguimento di esclusive finalità di solidarietà sociale. I proventi derivanti dall'esercizio delle attività direttamente connesse non concorrono alla formazione del reddito imponibile.
388,"Facoltà concessa alle persone fisiche che trasferiscono la propria residenza in Italia e che non sono state residenti fiscalmente in Italia per un tempo almeno pari a nove periodi d’imposta nel corso dei dieci precedenti l’esercizio dell’opzione per l’imposta sostitutiva, di optare, per un periodo non superiore a 15 anni, per l’applicazione sui redditi prodotti all’estero, a prescindere dall’importo degli stessi, di un’imposta sostitutiva dell’imposta sui redditi delle persone fisiche forfetaria pari a 100.000 euro per ciascun periodo d’imposta."
389,"Rinvio all'art 15, c. 1, lett. a), lett. g), lett. h), lett. h-bis, lett. i), lett. i-bis, lett. i-quater e lett. i-octies del Tuir Rinvio all'art 15, c. 1, lett. a), lett. g), lett. h), lett. h-bis, lett. i), lett. i-bis, lett. i-quater e lett. i-octies del Tuir"
390,"La norma prevede, per gli enti non commerciali ammessi al regime di contabilità semplificata, la possibilità di optare per la determinazione forfetaria del reddito d'impresa, applicando all'ammontare dei ricavi conseguiti un coefficiente di redditività corrispondente ad una classe determinata in base all'ammontare dei ricavi stessi, ed incrementando l'importo così determinato dei componenti di reddito di cui agli artt. 86, 88, 89 e 90 del TUIR."
391,"Deduzione dal reddito complessivo degli enti non commerciali dei canoni, livelli, censi, ed altri oneri gravanti sui redditi degli immobili che concorrono a formare il reddito complessivo, delle somme corrisposte ai chiamati ad adempiere funzioni presso uffici elettorali e dei contributi, donazioni e oblazioni a favore di organizzazioni non governative fino al 2% del reddito complessivo dichiarato."
392,Il reddito derivante dall'esercizio di attività commerciali svolte in occasione di manifestazioni propagandistiche da partiti politici rappresentati nelle assemblee nazionali o regionali è esente da IRES.
393,"Esclusioni dalla base imponibile degli enti non commerciali dei seguenti proventi: a) fondi pervenuti a seguito di raccolte pubbliche effettuate occasionalmente, in concomitanza di celebrazioni, ricorrenze, campagne di sensibilizzazione; b) contributi corrisposti da amministrazioni pubbliche per lo svolgimento di attività in regime di convenzione o accreditamento, aventi finalità sociali esercitate in conformità alle finalità istituzionali."
394,"Esenzione per i fabbricati di proprietà della Santa Sede indicati negli artt. 13, 14, 15 e 16 del Trattato lateranense"
395,"Credito d'imposta a favore dei i soggetti che non si avvalgono di lavoratori dipendenti, da utilizzare esclusivamente in compensazione ai sensi dell'articolo 17 del decreto legislativo 9 luglio 1997, n. 241, pari al 10 per cento dell'IRAP lorda determinata secondo le disposizioni del decreto legislativo n. 446 del 1997."
396,"Credito d’imposta per i procedimenti di negoziazione assistita e arbitrato (cd. incentivo fiscale alla ""degiurisdizionalizzazione"") utilizzabile in compensazione"
397,Regime speciale monofase per i tabacchi lavorati
398,Regime speciale monofase per i fiammiferi
399,Regime speciale monofase per il settore editoriale
400,Regime speciale monofase per le schede telefoniche
401,Regime speciale per le agenzie di viaggio con detraibilità base da base Regime speciale per le agenzie di viaggio con detraibilità base da base
402,Regime speciale per le attività spettacolistiche semplificazione degli obblighi formali e sostanziali dell'IVA
403,Regime speciale per le vendite all'asta applicazione dell'imposta sul margine
404,"Regime del margine per i beni usati, oggetti d'arte, d'antiquario e da collezione applicazione dell'imposta sul margine"
405,Regime del margine per le auto usate applicazione dell'imposta sul margine
406,"Non assoggettamento ad IVA delle cessioni gratuite di beni di valore inferiore ad euro 25,82"
407,Non assoggettamento ad IVA dei contributi a fondo perduto
408,Non assoggettamento ad IVA delle cessioni di beni relativi alle operazioni e concorsi a premi
409,"Non assoggettamento ad IVA delle prestazioni gratuite di servizi di valore inferiore ad euro 25,82"
410,"Non assoggettamento ad IVA delle operazioni di diffusione di messaggi, rappresentazioni, immagini o comunicazioni di pubblico interesse richieste o patrocinate dallo Stato o da enti pubblici"
411,Non assoggettamento ad IVA delle prestazioni relative agli spettacoli rese ai possessori di titoli per l'accesso gratuito rilasciati dagli organizzatori nel limite massimo del 5 per cento di capienza del locale o da determinati enti nel limite stabilito con provvedimento del Direttore dell'Agenzia delle entrate
412,"Non assoggettamento ad IVA delle cessioni di beni e prestazioni di servizi ai soci, associati o partecipanti effettuate in conformita' alle finalita' istituzionali da associazioni politiche, sindacali e di categoria, religiose, assistenziali, culturali sportive dilettantistiche, di promozione sociale e di formazione extra-scolastica della persona in presenza di determinate condizioni"
413,Non assoggettamento ad IVA delle mense e spacci militari Non assoggettamento ad IVA delle mense e spacci militari
414,"Non assoggettamento ad IVA dei servizi di controllo qualititativo dei prodotti, compresa l'applicazione di marchi di qualità"
415,Non assoggettamento ad IVA delle cessioni di beni e prestazioni di servizi effettuate in occasione di manifestazioni propagandistiche dai partiti politici
416,"Non assoggettamento ad IVA delle cessioni di beni e prestazioni di servizi poste in essere dalla Presidenza della Repubblica, dal Senato della Repubblica, dalla Camera dei deputati e dalla Corte Costituzionale, nel perseguimento delle proprie finalita' istituzionali"
417,Non assoggettamento ad IVA delle prestazioni sanitarie soggette al pagamento di quote di partecipazione alla spesa sanitaria erogate dalle unita' sanitarie locali e dalle aziende ospedaliere del Servizio sanitario nazionale
418,"Non assoggettamento ad IVA della somministrazione di alimenti e bevande effettuata, presso le sedi delle associazioni di promozione sociale, da bar ed esercizi similari"
419,Non assoggettamento ad IVA delle prestazioni di servizi derivanti dall'attivita' di levata dei protesti esercitata dai segretari comunali
420,Non assoggettamento ad IVA delle prestazioni di vigilanza e custodia rese da guardie giurate
421,Cessioni di beni effettuate nei confronti di esportatori abituali nei limiti del plafond maturato
422,Cessioni di navi destinate alla demolizione
423,Cessioni di navi e di aeromobili ad organi dello Stato
424,"Servizi prestati nei porti, aeroporti e simili nonché quelli resi dagli agenti marittimi raccomandatari"
425,Manipolazioni usuali eseguite nei depositi doganali
426,Esenzione per le operazioni relative alla riscossione dei tributi con pro rata di detraibilità a monte
427,"Esenzione per le cessioni gratuite di beni fatte ad enti pubblici, associazioni riconosciute o fondazioni aventi esclusivamente finalita' di assistenza, beneficenza, educazione, istruzione, studio o ricerca scientifica e alle ONLUS con pro rata di detraibilità a monte Esenzione per le cessioni gratuite di beni fatte ad enti pubblici, associazioni riconosciute o fondazioni aventi esclusivamente finalita' di assistenza, beneficenza, educazione, istruzione, studio o ricerca scientifica e alle ONLUS con pro rata di detraibilità a monte"
428,Esenzione per le cessioni gratuite di beni fatte a favore delle popolazioni colpite da calamità naturali con pro rata di detraibilità a monte
429,Esenzione delle prestazioni dei servizi di pompe funebri con pro rata di detraibilità a monte
430,Esenzione delle prestazioni delle compagnie barracellari con pro rata di detraibilità a monte
431,"Versamenti trimestrali senza pagamento di interessi per alcune categorie di contribuenti autorizzati con D.M. (somministrazione di gas, acqua ed energia elettrica)"
432,Versamenti trimestrali senza pagamento di interessi per gli esercenti impianti distribuzione carburante per uso autotrazione
433,Versamenti trimestrali senza pagamento di interessi per gli autotrasportatori cose conto terzi
434,Versamenti differiti di un trimestre per gli autotrasportatori cose conto terzi
435,Versamenti trimestrali senza pagamento di interessi per i subfornitori
436,"Regime speciale per gli intrattenimenti, i giochi e le altre attività di cui alla tariffa allegata al d.P.R. n. 640/72 Detrazione forfettizzata dell'imposta nella misura del 50%"
437,"Regime speciale per gli intrattenimenti, esteso alle società sportive dilettantistiche che optano per il regime di favore di cui alla legge n. 398/1991 Detrazione forfettizzata dell'imposta nella misura del 50%"
438,"""Vecchio"" regime dei contribuenti minimi. Per i soggetti rispondenti ai requisiti previsti dalla norma, è prevista l'applicazione di un'imposta sostitutiva dell'imposta sui redditi e delle addizionali regionali e comunali pari al 5%. I contribuenti sono esenti da Irap, non addebitano l'IVA sulle vendite e non hanno diritto alla detrazione per l'IVA sugli acquisti. E' possibile optare per l'applicazione dell'IVA e dell'IRPEF nei modi ordinari. Si applica, per il periodo d'imposta in cui l'attività è iniziata e per i quattro successivi. Il regime è applicabile anche oltre il quarto periodo di imposta successivo, fino al compimento del trentacinquesimo anno di età. ""Vecchio"" regime dei contribuenti minimi. Per i soggetti rispondenti ai requisiti previsti dalla norma, è prevista l'applicazione di un'imposta sostitutiva dell'imposta sui redditi e delle addizionali regionali e comunali pari al 5%. I contribuenti sono esenti da Irap, non addebitano l'IVA sulle vendite e non hanno diritto alla detrazione per l'IVA sugli acquisti. E' possibile optare per l'applicazione dell'IVA e dell'IRPEF nei modi ordinari. Si applica, per il periodo d'imposta in cui l'attività è iniziata e per i quattro successivi. Il regime è applicabile anche oltre il quarto periodo di imposta successivo, fino al compimento del trentacinquesimo anno di età."
439,"""Nuovo"" regime forfettario agli effetti dell’Iva, dell’Irpef e dell’Irap di determinazione del reddito da assoggettare ad un’unica imposta sostituiva di quelle dovute, con l’aliquota del 15% per le persone fisiche con un limite di ricavi annui diversificati per settore ."
440,"Gli enti non commerciali che esercitano attività di agriturismo di cui alla legge 5 dicembre 1985, n. 730, determinano il reddito imponibile applicando all'ammontare dei ricavi conseguiti con l'esercizio di tale attività, al netto della imposta sul valore aggiunto, il coefficiente di redditività del 25 per cento"
441,Regime di detrazione forfettizzata per le attività di agriturismo
442,"Regime dell'IVA di cassa in base al quale il versamento dell'IVA è differito al momento della riscossione dei corrispettivi, ma comunque non oltre un anno"
443,Esclusione da IVA (assimilaz. A conferimento di ramo d'azienda) degli apporti a fondi immobiliari chiusi di pluralità di immobili prevalentemente locati
444,Esclusione da IVA (assimilaz. a conferimento di ramo d'azienda) degli apporti a SIIQ e SIINQ di pluralità di immobili prevalentemente locati
445,Le note di variazione in diminuzione ai fini Iva in caso di assoggettamento a procedure concorsuali del debitore possono essere emesse solo in presenza di procedure rimaste infruttuose al fine di alleggerire il peso dell'anticipazione finanziaria dell'IVA
446,"Per le operazioni concernenti il settore del credito è prevista l'applicazione dell'imposta sostitutiva in luogo delle imposte di registro, di bollo, ipotecaria e catastale e tassa sulle concessioni governative"
447,Riduz. imposta di registro all'1% per trasferim. abitazioni esenti da IVA nei confronti di società immobiliari
448,Imposta di registro in misura ridotta del 4% per atti di conferimento di fabbricati a destinazione commerciale e di aree su cui costruire detti fabbricati
449,Imposte di registro e ipocatastali in misura fissa su riscatto dell'immobile concesso in leasing
450,"Esenzione da imposta di registro e formalità di registrazione contratti di assicurazione e riassicurazione, ricevute e quietanze Esenzione da imposta di registro e formalità di registrazione contratti di assicurazione e riassicurazione, ricevute e quietanze"
451,"Trasferimenti a favore dello Stato, regioni , province , comuni, enti pubblici, alcuni associazioni e fondazioni, ONLUS, movimenti e partiti politici nonché a condizione di reciprocità enti pubblici, fondazioni ed associazioni esteri"
452,"Formalità di trascrizione, iscrizione, rinnovazione, annotazione e volture eseguite nell'interesse dello Stato, ovvero relative ai trasferimenti a favore di regioni , province , comuni, enti pubblici, alcuni associazioni e fondazioni, ONLUS, movimenti e partiti politici nonché a condizione di reciprocità enti pubblici, fondazioni ed associazioni esteri"
453,"Esenzione dalle tasse sulle concessioni governative le licenze rilasciate a dipendenti civili dello Stato, a norma dell’articolo 74 del regolamento di pubblica sicurezza nonché alle persone comprese nelle categorie, individuate a norma dell’art. 7, comma"
454,Imposta in misura fissa per la registrazione volontaria atti non assoggettati all'obbligo della registrazione indicati nella Tabella per i quali la predetta registrazione viene volontariamente richiesta
455,Esenzione delle liberalità indirette risultanti da atti di trasferimento soggetti a registrazione
456,"Riduzione di imposta per: successioni apertesi entro 5 anni da altre successioni; beni immobili culturali non sottoposti a vincolo anteriormente all'apertura della successione; fondi rustici devoluti al coniuge e parenti prossimi di valore non superiore a lire 200 milioni; immobili o parti di immobili adibiti all'esercizio dell'impresa e devoluti al coniuge e/o parenti prossimi; aziende, quote di società di persone o beni strumentali ubicate in comuni montani e trasferiti al coniuge e/o parenti prossimi."
457,Applicazione imposte ipotecaria e catastale in misura fissa per gli atti di fusione o di scissione di società di qualunque tipo e di atti di conferimento di aziende o di complessi aziendli relativi a singoli rami di impresa.
458,Applicazione imposte ipotecaria e catastale in misura fissa per gli atti di regolarizzazione di società di fatto derivanti da comunione ereditaria di azienda registrati entro un anno dall'apertura della successione
459,"Esenzione dall’imposta di bollo 1. Gli atti e provvedimenti del processo penale; 2. Gli atti e provvedimenti del processo civile, e tributario, compresa la procedura concorsuale e di volontaria giurisdizione, e del processo amministrativo, nonché delle pubblico impiego soggetti al contributo unificato; 3. Le copie autentiche, comprese quelle esecutive, degli atti e dei provvedimenti, purchè richieste dalle parti processuali."
460,Esenzione da imposta di Bollo e ogni altra spesa tassa o diritto per documenti e provvedimenti relativi al procedimento di mediazione Esenzione da imposta di Bollo e ogni altra spesa tassa o diritto per documenti e provvedimenti relativi al procedimento di mediazione
461,"Esenzione dall'imposta di registro per il verbale del procedimento di mediazione entro il limite di valore di 50.000 euro, l'imposta è dovuta per la parte eccedente"
462,"Estratti conto comunicazione relativi al deposito titoli, comunicazioni da banca a cliente sui cc postali e bancari"
463,La tabella Individua gli atti esenti dall'imposta
464,Esenti dall'imposta di bollo i ceritficati rilasciati da organi dell'autorità giudiziaria relativi alla materia penale
465,"Esenti dall'imposta di bollo le dichiarazioni sostitutive comprovanti stati, qualità personali e fatti"
466,Esente da imposta di bollo l'autenticazione di fotografie per documenti personali
467,"Misura fissa delle imposte di registro , ipotecaria e catastale per gli atti di liquidazione del patrimonio immobilare ( fondi immobiliari)"
468,Misure sui trasferimenti del personale diplomatico e consolare
469,Misure soggette a specifiche condizioni
470,"Gratuità delle trascrizioni, iscrizioni , cancellazione dei pignoramenti mobiliari ed immobiliari richieste dal concessionario della riscossione"
471,"Ai traferimenti di beni mobili non registrati la cui vendita è curata dai concessionari , l'imposta di rgistro si applica nella misura fissa ridotta pari a dieci euro"
472,"Esenzione da bolli, imposte e spese per le procedure di recupero crediti professionali del difensore d'ufficio. Per quanto riguarda l'imposta di bollo, ora confluita nella esenzione dal contributo unificato"
473,"Esenzione da tasse di bollo, di registro e altre imposte per i provvedimenti di restituzione delle terre a comuni, liquidazione di usi civici, legittimazioni, assegnazioni e atti dei procedimenti di cui alla legge 1766 del 1927 Esenzione da tasse di bollo, di registro e altre imposte per i provvedimenti di restituzione delle terre a comuni, liquidazione di usi civici, legittimazioni, assegnazioni e atti dei procedimenti di cui alla legge 1766 del 1927"
474,Esenzione da tributi per il procedimento semplificato di cancellazione dell'ipoteca
475,Esenzione dalle imposta sostitutiva di cui all'art. 17 del D.P.R. n. 601 del 1973 ed esenzione dalle imposte di cui all'art. 15 del medesimo D.P.R. per le operazioni di portabilità del mutuo
476,"Misure concernenti le cessioni di beni relativi ad attività produttive dismesse, effettuate gratuitamente nei confroni di enti locali territoriali, enti pubblici, ASI e altri, nonchè successive cessioni gratuite"
477,Esenzione per la registrazione e la trascrizione dei provvedimenti comunali di accorpamento al demanio stradale delle porzioni di terreno utilizzate ad uso pubblico disposto in sede di revisione catastale
478,"Esenzione dalle imposte e tributi per i trasferimenti effettuati dai Comuni, dalle Province e da consorzi fra tali enti a favore di Aziende speciali o società a capitale interamente pubblico di cui al comma 13 dell'art. 113"
479,"Esenzione da imposte e tributi per le cessioni a favore di Infrastrutture spa, operazioni di finanziamento, provvedimenti, contratti, trasferimenti e formalità, ivi comprese le garanzie prestate, surroghe, sostituzioni, postergazioni, frazionamenti e cancellazioni"
480,"Esenzione da imposte e tributi per le operazioni di cartolarizzazione del patrimonio immobiliare pubblico, tutti gli atti, contratti e trasferimenti posti in essere per il relativo perfezionamento, nonché formalità connesse"
481,"Esenzione da imposte e tributi per gli atti , contratti, trasferimenti, prestazioni, e formalità relative a oerazioni di raccolta e impiego effettuate dalla gestione separata della CDP spa, ivi comprese le garanzie prestate"
482,Esenzione da imposte e da tributi per i trasferimenti di immobili dei Comuni a fondazioni o società di cartolarizzazione o ad associazioni per la valorizzazione del patrimonio immobiliare
483,"Esenzione da diritti e compensi di cui alla legge 17.07.1951, n. 575 per servizi catastali richiesti/erogati nei confronti di Regioni, Province, Comuni, Enti di beneficienza"
484,Esenzione da diritti catastali per atti e documenti relativi alla procedura di espropriazione per causa di pubblica utilità promossa dalle amministrazioni dello Stato e da enti pubblici
485,"Rilascio in carta libera e senza applicazione di tassa o diritti sulle copie, sui certificati, sugli estratti a favore di varie categorie di soggetti Rilascio in carta libera e senza applicazione di tassa o diritti sulle copie, sui certificati, sugli estratti a favore di varie categorie di soggetti"
486,Rilascio gratuito delle visure ipotecarie ai concessionari e loro incaricati
487,Esenzione dalle tasse ipotecarie per le operazioni nell'interesse dello Stato
488,Esenzione da spese e diritti per le richieste dati e notizie ed elementi rilevanti agli uffici pubblici competenti ai fini dell'accertamento e liquidazione dell'ICI
489,"Misure a favore di società cooperative edilizie di abitazione e loro consorzi - Atti costitutivi e modificativi; atti, documenti registi relativi alle operazioni previste dagli statuti."
490,Rilascio gratuito visure ed estrazione copie richieste dagli agenti della riscossione di dati atti riguardanti beni dei debitori iscritti a ruolo e i coobbligati
491,"Imposta di registro in misura fissa in caso di registrazione per gli atti costitutivi dei fondi , il rimborso delle quote ed altre operazioni ."
492,"Imposte di registro, ipotecaria e catastale in misura fissa per gli apporti ai fondi immobiliari chiusi disciplinati dall'artixcolo 37 del Dlgs n. 58 del 1998 e dall'articolo 14 bis della legge n. 86 del 1994."
493,"Esenzione da imposte di bollo , di registro, e dalle concessioni governative per gli atti costitutivi e modificativi e per gli atti di ammissione e recesso soci , di nomina e accettazione delle cariche sociali e per gli atti di variazione del capitale sociale che non abbiano obbligo di registrazione . ART. 7: esenzione dall'imposta per le successioni o donazioni a favore delle cooperative sociali e riduzione ad un quarto delle imposte ipotecarie e catastali dovute a seguito della stipula dei contratti di mutuo, di acquisto o di locazione relativi ad immobili destinati all'esercizio dell'attività sociale (ONLUS) Esenzione da imposte di bollo , di registro, e dalle concessioni governative per gli atti costitutivi e modificativi e per gli atti di ammissione e recesso soci , di nomina e accettazione delle cariche sociali e per gli atti di variazione del capitale sociale che non abbiano obbligo di registrazione . ART. 7: esenzione dall'imposta per le successioni o donazioni a favore delle cooperative sociali e riduzione ad un quarto delle imposte ipotecarie e catastali dovute a seguito della stipula dei contratti di mutuo, di acquisto o di locazione relativi ad immobili destinati all'esercizio dell'attività sociale (ONLUS)"
494,Esenzione da imposta di bollo e dalla tassa sulle concessioni governative ( ONLUS)
495,"esenzione dalle imposte di registro, ipotecaria e catastale e bollo su atti e provvedimenti in esecuzione dei piani di ricomposizione e riordino fondiario promossi da regioni, province, comuni e comunità montane"
496,Imposta di registro in misura fissa ed esenzione dalle imposte ipotecaria e catastale per gli atti di trasferimento della proprietà delle aree da parte degli enti locali
497,"Riduzione aliquota allo 0,05 per cento (dal 7,5 per cento) per le navi immatricolate in Italia"
498,Credito d'imposta per riqualificare e migliorare le strutture ricettive turistico-alberghiere e favorire l'imprenditorialità nel settore turistico (de minimis) utilizzabile esclusivamente in compensazione
499,Rideterminazione dei valori dei terreni e delle partecipazioni non quotate posseduti alla data del 1 gennaio 2018
500,"Credito d'imposta esercenti impianti carburante (riconosciuto nel rispetto delle condizioni e dei limiti del de minimis) per le transazioni effettuate, a partire dal 1° luglio 2018, tramite sistemi di pagamento elettronico mediante carte di credito, debito o prepagate."
501,"Detrazione, nella misura del 19 %, dei canoni e degli oneri accessori relativi a contratti di locazione finanziaria di unità immobiliari da adibire ad abitazione principale, per un importo non superiore a 8.000 euro annui; detrazione, nella misura del 19%, del costo di riscatto a fronte dell’esercizio dell’opzione finale, per un importo non superiore a 20.000 euro. Tali detrazioni spettano a giovani di età non superiore a 35 anni con reddito complessivo non superiore a 55,000 €. Gli importi sui quali sono calcolate le detrazioni sono dimezzati con riferimento ai giovani di età superiore a 35 anni."
502,Detrazione per l'iscrizione annuale/abbonamento per i ragazzi di età compresa tra i 5 e i 18 anni ad associazioni sportive palestre piscine etc individuate con apposito decreto
503,Detrazione per erogazioni liberali in denaro a favore delle società ed associazioni sportive dilettantistiche Detrazione per erogazioni liberali in denaro a favore delle società ed associazioni sportive dilettantistiche
504,Possibilità di optare per un regime fiscale agevolato per le associazioni sportive non aventi scopo di lucro
505,Estensione delle disposizioni tributarie riguardanti le associazioni sportive dilettantistiche anche alle società sportive dilettantistiche costituite in società di capitali senza fine di lucro
506,La norma estende alle associazioni senza scopo di lucro ed alle pro-loco le disposizioni a favore delle associazioni sportive dilettantistiche di cui alla L. n. 398/1991.
507,"Non concorrono a formare il reddito imponibile, per un numero di eventi complessivamente non superiore a 2 per anno e per un importo non superiore al limite annuo fissato con DM: a) i proventi realizzati nello svolgimento di attività commerciali connesse agli scopi istituzionali; b) i proventi realizzati tramite raccolta pubblica di fondi, in conformità all’art. 143, c. 3, lett. a)"
508,"La pubblicità realizzata negli impianti utilizzati per manifestazioni sportive dilettantistiche con capienza inferiore ai 3.000 posti si considera occasionale, ai fini dell’imposta sugli spettacoli, sugli intrattenimenti (art. 7-octies, DL 7/2005) e dell’imposta sulla pubblicità (art.1, c. 128, L. 266/2005)"
509,"Ai dipendenti pubblici possono essere riconosciute esclusivamente le indennità e i rimborsi di cui all’art. 67, c. 1, lett. m) del Tuir"
510,"Estensione delle disposizioni tributarie riguardanti le associazioni sportive dilettantistiche (legge 16 dicembre 1991, n. 398) alle associazioni bandistiche e cori amatoriali, filodrammatiche, di musica e danza popolare"
511,"Credito d'imposta per l'ammodernamento impianti di calcio in favore delle società appartenenti alla Lega di serie B, alla Lega Pro e alla Lega nazionale dilettanti che hanno beneficiato della mutualità (riconosciuto nel rispetto del de minimis) da attuare con DPCM di concerto MEF"
512,"Credito d'imposta impianti sportivi (Sport-Bonus) utilizzabile esclusivamente in compensazione, attuato con DPCM di concerto MEF"
513,"Marina resort: le strutture organizzate per la sosta e il pernottamento di turisti all'interno delle proprie unità da diporto ormeggiate nello specchio acqueo appositamente attrezzato, secondo i requisiti stabiliti dal MIT, sentito il MIBACT, rientrano nelle strutture ricettive all'aria apertacona applicazione dell'aliquota IVA del 10%dal 1° gennaio 2016 Marina resort: le strutture organizzate per la sosta e il pernottamento di turisti all'interno delle proprie unità da diporto ormeggiate nello specchio acqueo appositamente attrezzato, secondo i requisiti stabiliti dal MIT, sentito il MIBACT, rientrano nelle strutture ricettive all'aria apertacona applicazione dell'aliquota IVA del 10%dal 1° gennaio 2016"
