rsf_year,missione,n,norma,descrizione,tributo,termine_vigenza,natura,effetto_2025,effetto_2026,effetto_2027,numero_frequenze,effetto_procapite,beneficiari,vigore_5plus,page
2020,9: AGRICOLTURA POLITICHE AGROALIMENTARI E PESCA,1,"Art. 15, comma 1, lett. a), TUIR",Detrazione su interessi passivi e oneri accessori relativi a prestiti e mutui agrari,IRPEF,A REGIME,DETRAZIONE,"-2,1","-2,1","-2,1",7.453,"-277,5",PERSONE FISICHE,T,27
2020,9: AGRICOLTURA POLITICHE AGROALIMENTARI E PESCA,2,"Art. 31, comma 2, TUIR",Reddito dominicale pari a zero in caso di perdita del prodotto almeno per il 30% in conseguenza di eventi naturali,IRPEF,A REGIME,ESCLUSIONE,"-5,1","-5,1","-5,1",16.853,"-302,6",PERSONE FISICHE,T,27
2020,9: AGRICOLTURA POLITICHE AGROALIMENTARI E PESCA,3,"Art. 35, TUIR",Reddito agrario pari a zero nelle ipotesi di cui all'art. 31 TUIR,IRPEF,A REGIME,ESCLUSIONE,"-2,4","-2,4","-2,4",16.077,"-149,3",PERSONE FISICHE,T,27
2020,9: AGRICOLTURA POLITICHE AGROALIMENTARI E PESCA,4,"Tabella A, punto 5, TUA","Impiego dei prodotti energetici nei lavori agricoli e assimilati (orticoltura, allevamento, silvicoltura, apicoltura, piscicoltura e florovivaistica) - Applicazione di un'aliquota pari al 22 % di quella normale per il gasolio e al 49 % di quella normale per la benzina (uso carburanti). Esenzione per gli oli vegetali non modificati chimicamente",ACCISA,A REGIME,RIDUZIONE DI ALIQUOTA,"-935,4","-935,4","-935,4",,,SOGGETTI E CATEGORIE PARTICOLARI,T,27
2020,9: AGRICOLTURA POLITICHE AGROALIMENTARI E PESCA,5,"Tabella A, punto 6, TUA",Esenzione dall'accisa sui carburanti per il prosciugamento e la sistemazione dei terreni allagati nelle zone colpite da alluvione,ACCISA,A REGIME,ESENZIONE,"-0,5","-0,5","-0,5",,,SOGGETTI E CATEGORIE PARTICOLARI,T,27
2020,9: AGRICOLTURA POLITICHE AGROALIMENTARI E PESCA,6,"Tabella A, punto 7, TUA",Esenzione dall'accisa sui carburanti per il sollevamento delle acque allo scopo di agevolare la coltivazione dei fondi rustici sui terreni bonificati,ACCISA,A REGIME,ESENZIONE,"-0,5","-0,5","-0,5",,,SOGGETTI E CATEGORIE PARTICOLARI,T,27
2020,9: AGRICOLTURA POLITICHE AGROALIMENTARI E PESCA,7,Art. 34 del D.P.R. n. 633/72,Regime speciale IVA per i produttori agricoli - detrazione forfetizzatra,IVA,A REGIME,REGIME SPECIALE,"-431,0","-431,0","-431,0",,,SOGGETTI E CATEGORIE PARTICOLARI,T,27
2020,9: AGRICOLTURA POLITICHE AGROALIMENTARI E PESCA,8,"Legge 604/1954 e normative collegate; prorogata ex art. 2, comma 4-bis, del D.L. n.194/2009 e posta a regime con la legge n. 220/2010 (legge di stabilità); comma 4-bis dell'art. 2 del D.L. n. 194 del 2009, modificato dall'art. 1, comma 41, della legge n. 220 del 2010 e dall'art. 1, comma 907 della legge n. 208 del 2015","Misure in tema di imposte di registro, ipotecarie e catastali sui trasferimenti immobiliari in agricoltura (piccola proprietà contadina).","IMPOSTE DI REGISTRO, DI BOLLO E IPOCASTATALI",A REGIME,REGIME SPECIALE,"-229,5","-229,5","-229,5","33.583,0",,SOGGETTI E CATEGORIE PARTICOLARI,T,27
2020,9: AGRICOLTURA POLITICHE AGROALIMENTARI E PESCA,9,Art. 34-bis del D.P.R. n. 633/72,"Attività agricole connesse: detrazione forfettizzata dell'imposta nella misura del 50% Imprenditori agricoli che effettuano forniture di servizi ai sensi dell'art. 2135, terzo comma c.c.",IVA,A REGIME,REGIME SPECIALE,"-7,4","-7,4","-7,4",12.211,,SOGGETTI E CATEGORIE PARTICOLARI,T,27
2020,9: AGRICOLTURA POLITICHE AGROALIMENTARI E PESCA,10,"Art. 2, terzo comma, lett. c), del D.P.R. 633/72",Non assoggettamento ad IVA delle cessioni di terreni non edificabili,IVA,A REGIME,ESCLUSIONE,"-46,7","-46,7","-46,7",23.406,,PERSONE FISICHE E GIURIDICHE,T,27
2020,9: AGRICOLTURA POLITICHE AGROALIMENTARI E PESCA,11,"art. 1, comma 908 della legge 28/12/2015 n. 208",Innalzamento delle percentuali di compensazione di detrazione dell'IVA applicabili a taluni prodotti dei settori lattiero-caseario ed agli animali vivi bovini e suini,IVA,A REGIME,REGIME SPECIALE,"-35,5","-35,5","-35,5",,,SOGGETTI E CATEGORIE PARTICOLARI,,27
2020,9: AGRICOLTURA POLITICHE AGROALIMENTARI E PESCA,12,"Art. 1, comma 662, Legge 30 dicembre 2018, n. 145",Innalzamento delle percentuali di compensazione di detrazione dell'IVA applicabili alle cessioni di legna da ardere,IVA,A REGIME,REGIME SPECIALE,"-0,9","-0,9","-0,9",,,SOGGETTI E CATEGORIE PARTICOLARI,,27
2020,9: AGRICOLTURA POLITICHE AGROALIMENTARI E PESCA,13,"Art. 1, comma 698, Legge 27 dicembre 2018, n. 145","Applicazione dell’aliquota IVA ridotta del 5 per cento, ai tartufi freschi o refrigerati e l'applicazione dell’aliquota IVA ridotta del 10 per cento ai tartufi congelati, essiccati o preservati immersi in acqua salata, solforata o addizionata di altre sostanze atte ad assicurare temporaneamente la conservazione, ma non preparati per il consumo immediato.",IVA,A REGIME,REGIME SPECIALE,"-0,2","-0,2","-0,2",,,SOGGETTI E CATEGORIE PARTICOLARI,,27
2020,9: AGRICOLTURA POLITICHE AGROALIMENTARI E PESCA,14,"Art. 1, comma 503, Legge 27 dicembre 2017, n. 205","Allo svolgimento dell'attività enoturistica si applicano le disposizioni fiscali di cui all'articolo 5 della legge 30 dicembre 1991, n. 413. Il regime forfettario dell'imposta sul valore aggiunto di cui all'articolo 5, comma 2, della legge n. 413 del 1991 si applica solo per i produttori articoli 295 e seguenti della direttiva comunitaria 2006/112/CE, del 28 novembre 2006.",IVA,A REGIME,REGIME SPECIALE,"-1,1","-1,1","-1,1",,,SOGGETTI E CATEGORIE PARTICOLARI,,27
2020,9: AGRICOLTURA POLITICHE AGROALIMENTARI E PESCA,15,"Art. 1, comma 506, Legge 27 dicembre 2017, n. 205","Prevede che con decreto del Ministro dell'economia e delle finanze, di concerto con il Ministro delle politiche agricole alimentari e forestali, da adottare entro il 31 gennaio di ciascuna delle annualità 2018, 2019 e 2020, ai sensi dell'articolo 34, comma 1, del decreto del Presidente della Repubblica 26 ottobre 1972, n. 633, le percentuali di compensazione applicabili agli animali vivi delle specie bovina e suina sono innalzate, per ciascuna delle annualità 2018, 2019 e 2020, rispettivamente in misura non superiore al 7,7 per cento e all'8 per cento. Per il 2020 il decreto è stato pubblicato sulla Gazzetta Ufficiale della Repubblica italiana n.184 del 23 luglio 2020, confermando le percentuali dello scorso anno.",IVA,2020,REGIME SPECIALE,"-26,5","-26,5","-26,5",,,SOGGETTI E CATEGORIE PARTICOLARI,,27
2020,9: AGRICOLTURA POLITICHE AGROALIMENTARI E PESCA,16,"Art. 78, comma 8, legge, 413/1991",Determinazione forfetaria del reddito imponibile e dell'Iva per le associazioni sindacali e di categoria operanti nel settore agricolo relativamente alle attività di assistenza rese agli associati Determinazione forfetaria del reddito imponibile e dell'Iva per le associazioni sindacali e di categoria operanti nel settore agricolo relativamente alle attività di assistenza rese agli associati,IRES/IVA,A REGIME,REGIME FORFETARIO,"-0,2","-0,2","-0,2",578,"-344,6",SOGGETTI E CATEGORIE PARTICOLARI,T,27
2020,9: AGRICOLTURA POLITICHE AGROALIMENTARI E PESCA,17,"Art. 1, comma 1094, della Legge n. 296/06 come modificato dall'art.1, comma 177, Legge n. 244/07","Possibilità per le società di persone e le società a responsabilità limitata, costituite da imprenditori agricoli, che esercitano esclusivamente le attività dirette alla manipolazione, conservazione, trasformazione, commercializzazione e valorizzazione di prodotti agricoli ceduti dai soci, di determinare il reddito applicando all'ammontare dei ricavi il coefficiente di redditività del 25 per cento.",IRPEF/IRES,A REGIME,REGIME SPECIALE,"-70,9","-70,9","-70,9",2.745,"-25.821,2",SOGGETTI E CATEGORIE PARTICOLARI,T,28
2020,9: AGRICOLTURA POLITICHE AGROALIMENTARI E PESCA,18,"Art.1, commi 1093 Legge n. 296/06","Possibilità per le società di persone, le società a responsabilità limitata e le società cooperative che rivestono la qualifica di società agricola ai sensi dell'articolo 2 del decreto legislativo 29 marzo 2004, n. 93 di optare per la determinazione catastale del reddito, ex aticolo 32 del Tuir.",IRPEF/IRES,A REGIME,REGIME SPECIALE,"-70,9","-70,9","-70,9",2.745,"-25.821,2",SOGGETTI E CATEGORIE PARTICOLARI,T,28
2020,9: AGRICOLTURA POLITICHE AGROALIMENTARI E PESCA,19,"Art.2, comma 6, della Legge n. 350/03","Modifiche in favore del settore agricolo: - modifica dei criteri per l'individuazione delle attività agricole ""connesse"" comunque produttive di reddito agrario di cui all'art. 32, comma 1 2, lettera c) del Tuir. Rinvio alle attività di cui al terzo comma dell'art. 2135 del c.c. e previsione di un decreto del Ministro dell'economia e delle finanze per l'individuazione dei beni che possono essere oggetto delle attività agricole ""connesse""; - nuovo articolo 56-bis del Tuir modalità, opzionale, di determinazione del reddito delle ""altre attività agricole""; - articolo 71, comma 2-bis) del Tuir applicazione dei coefficienti di redditività di cui all'articolo 56-bis del Tuir per la determinazione dei redditi derivanti dalle attività commerciali non esercitate abitualmente poste in essere dai soggetti che svolgono le attività di cui all'articolo 32 del Tuir eccedenti i limiti di cui al comma 2, lettera c).",IRPEF/IRES,A REGIME,REGIME SPECIALE,"-117,8","-117,8","-117,8",24.480,"-4.811,8",SOGGETTI E CATEGORIE PARTICOLARI,T,28
2020,9: AGRICOLTURA POLITICHE AGROALIMENTARI E PESCA,20,"Art. 34, comma 6, del D.P.R.n. 633/72","Regime speciale IVA per i produttori agricoli in regime di esonero con volume d'affari inferiore a 7.000 euro, che effettuano cessioni di prodotti agricoli",IVA,A REGIME,REGIME SPECIALE,"-12,0","-12,0","-12,0",573.624,,SOGGETTI E CATEGORIE PARTICOLARI,T,28
2020,9: AGRICOLTURA POLITICHE AGROALIMENTARI E PESCA,21,"Art. 34, comma 7, del D.P.R.n. 633/72",Assoggettamento ad IVA dei conferimenti alle cooperative dei prodotti agricoli deisoci differito al momento del pagamento del prezzo,IVA,A REGIME,REGIME SPECIALE,Non quantificabile,"-12,0","-12,0",,,SOGGETTI E CATEGORIE PARTICOLARI,T,28
2020,9: AGRICOLTURA POLITICHE AGROALIMENTARI E PESCA,22,"Art. 5 tariffa, parte prima, allegata al DPR n. 131/1986","Locazione di fondi rustici (aliquota dello 0,5%)","IMPOSTE DI REGISTRO, DI BOLLO E IPOCASTATALI",A REGIME,RIDUZIONE DI ALIQUOTA,"-7,0","-7,0","-7,0",,,SOGGETTI E CATEGORIE PARTICOLARI,T,28
2020,9: AGRICOLTURA POLITICHE AGROALIMENTARI E PESCA,23,Art. 14 della Legge n. 441/98,"Per favorire la continuità della impresa agricola gli atti relativi ai beni costituenti l'azienda, ivi compresi i fabbricati, le pertinenze, le scorte vive e morte oggetto di successione o di donazione tra ascendenti o discendenti entro il terzo grado sono esenti dall'imposta sulle successioni e donazioni, dalle imposte catastali, di bollo ( e dall'INVIM) e soggetti alle sole imposte ipotecarie in misura fissa . Quanto precede a condizione che i soggetti interessati siano coltivatori diretti che non hanno compiuto i quaranta anni e che acquisiscano la qualifica di coltivatore diretto o di imprenditore agricolo.",IMPOSTE SU DONAZIONI E SUCCESSIONI,A REGIME,ESENZIONE,Non quantificabile,"-7,0","-7,0",,,PERSONE FISICHE,T,28
2020,9: AGRICOLTURA POLITICHE AGROALIMENTARI E PESCA,24,"Art. 39, comma 7, del D.Lgs 1 settembre 1993, n. 385",Misure in materia di annotazioni ipotecarie relative ad operazioni di credito fondiario,"IMPOSTE DI REGISTRO, DI BOLLO E IPOCASTATALI",A REGIME,ALTRO,Non quantificabile,"-7,0","-7,0",,,BANCHE E ASSICURAZIONI,T,28
2020,9: AGRICOLTURA POLITICHE AGROALIMENTARI E PESCA,25,"Legge 25 maggio 1970 n. 364, articolo 21","Contratti di assicurazione a favore di soci di consorzi, associazioni e cooperative agricole di cui alla legge 364 sel 1970. ( nota. La legge è stata abrogata dall'articolo 16 del Dlgs 29 marzo 2004, n. 102 , salvo quanto previsto dall'articolo 21 , comma 6 della stesa legge)",ALTRO,A REGIME,ESENZIONE,Non quantificabile,"-7,0","-7,0",,,SOGGETTI E CATEGORIE PARTICOLARI,T,28
2020,9: AGRICOLTURA POLITICHE AGROALIMENTARI E PESCA,26,"Art. 1, comma 44, Legge n. 232 del 2016 come, da ultimo, modificato dall'art.1, comma 183, lettere a) e b), della L. n. 160 del 2019",Per gli anni dal 2017 al 2020 i redditi dominicali e agrari dei coltivatori diretti e degli imprenditori agricoli professionali iscritti nella previdenza agricola non concorrono alla formazione della base imponibile Irpef,IRPEF,2020,ESCLUSIONE,"-191,6","78,1","0,0",,,SOGGETTI E CATEGORIE PARTICOLARI,,28
2020,9: AGRICOLTURA POLITICHE AGROALIMENTARI E PESCA,27,"Art. 1, commi 692-695, L. n. 145 del 2018","Applicazione di un'imposta sostitutiva in misura fissa pari a euro 100 ai redditi derivanti dallo svolgimento, in via occasionale, da parte delle persone fisiche, delle attività di raccolta di prodotti selvatici non legnosi . Tale attività si intende svolta in via occasionale se i corrispettivi percepiti dalla vendita del prodotto non superano il limite annuo di euro 7.000",IRPEF,A REGIME,REGIME SOSTITUTIVO,"-3,9","-3,9","-3,9",,,PERSONE FISICHE,,28
2020,9: AGRICOLTURA POLITICHE AGROALIMENTARI E PESCA,28,"Art. 1, comma 705, L. n. 145 del 2018","Estensione della disciplina fiscale propria dei titolari dell'impresa agricola ai familiari coadiuvanti, appartenenti al medesimo nucleo familiare, che risultano iscritti nella gestione assistenziale e previdenziale agricola quali coltivatori diretti",IRPEF,A REGIME,ALTRO,"0,0","0,0","0,0",,,PERSONE FISICHE,,28
2020,10: ENERGIA E DIVERSIFICAZIONE DELLE FONTI ENERGETICHE,29,"Tabella A, punto 10, TUA","Riduzione dell'accisa sul gas naturale impiegato negli usi di cantiere, nei motori fissi e nelle operazioni di campo per la coltivazione di idrocarburi Riduzione dell'accisa sul gas naturale impiegato negli usi di cantiere, nei motori fissi e nelle operazioni di campo per la coltivazione di idrocarburi",ACCISA,A REGIME,RIDUZIONE DI ALIQUOTA,"-0,2","-0,2","-0,2",,,SOGGETTI E CATEGORIE PARTICOLARI,T,28
2020,10: ENERGIA E DIVERSIFICAZIONE DELLE FONTI ENERGETICHE,30,"Tabella A, punto 11-bis, TUA",Esenzione dall'accisa sull'energia elettrica prodotta da impianti di gasificazione,ACCISA,A REGIME,ESENZIONE,"-0,5","-0,5","-0,5",,,SOGGETTI E CATEGORIE PARTICOLARI,T,29
2020,10: ENERGIA E DIVERSIFICAZIONE DELLE FONTI ENERGETICHE,31,"Tabella A, punto 14, TUA",Esenzione dall'accisa sui prodotti energetici impiegati per la produzione di magnesio da acqua di mare,ACCISA,A REGIME,ESENZIONE,"-0,5","-0,5","-0,5",,,SOGGETTI E CATEGORIE PARTICOLARI,T,29
2020,10: ENERGIA E DIVERSIFICAZIONE DELLE FONTI ENERGETICHE,32,"Tabella A, punto 15 TUA",Riduzione dell'accisa sul GPL utilizzato negli impianti centralizzati per usi industriali,ACCISA,A REGIME,RIDUZIONE DI ALIQUOTA,"-11,8","-11,8","-11,8",,,SOGGETTI E CATEGORIE PARTICOLARI,T,29
2020,10: ENERGIA E DIVERSIFICAZIONE DELLE FONTI ENERGETICHE,33,"Tabella A, punto 15 TUA",Riduzione dell'accisa sul GPL impiegato come carburante per gli autobus urbani ed extraurbani adibiti al servizio pubblico,ACCISA,A REGIME,RIDUZIONE DI ALIQUOTA,"-0,3","-0,3","-0,3",,,SOGGETTI E CATEGORIE PARTICOLARI,T,29
2020,10: ENERGIA E DIVERSIFICAZIONE DELLE FONTI ENERGETICHE,34,"Tabella A, punto 16-bis, TUA",Riduzione dell'accisa su combustibili (gasolio e gas naturale) e carburanti (benzina e gasolio) impiegati dalle Forze armate nazionali,ACCISA,A REGIME,RIDUZIONE DI ALIQUOTA,"-12,6","-12,6","-12,6",,,SOGGETTI E CATEGORIE PARTICOLARI,T,29
2020,10: ENERGIA E DIVERSIFICAZIONE DELLE FONTI ENERGETICHE,35,"Tabella A, punto 16-bis, TUA",Esenzione dell'accisa su combustibili ( GPL) e carburanti (GPL e gas naturale) impiegati dalle Forze armate nazionali,ACCISA,A REGIME,ESENZIONE,"-12,6","-12,6","-12,6",,,SOGGETTI E CATEGORIE PARTICOLARI,T,29
2020,10: ENERGIA E DIVERSIFICAZIONE DELLE FONTI ENERGETICHE,36,"Art. 17, comma 4 bis, TUA","Esenzione dall'accisa sui tabacchi denaturati e usati a fini industriali od orticoli, distrutti sotto sorveglianza amministrativa, destinati esclusivamente a prove scientifiche ed a prove relative alla qualità dei prodotti, riutilizzati dal produttore.",ACCISA,A REGIME,ESENZIONE,Non quantificabile,"-12,6","-12,6",,,IMPRESE E SOCIETA',T,29
2020,10: ENERGIA E DIVERSIFICAZIONE DELLE FONTI ENERGETICHE,37,"Art. 26, comma 6, TUA",Non sottoposizione ad accisa delle miscele gassose di origine biologica destinate agli usi propri del soggetto che le produce,ACCISA,A REGIME,ESENZIONE,"-1,0","-1,0","-1,0",,,SOGGETTI E CATEGORIE PARTICOLARI,T,29
2020,10: ENERGIA E DIVERSIFICAZIONE DELLE FONTI ENERGETICHE,38,"Art. 27, comma 3, lett. h), TUA","Esenzione dall'accisa per l'alcool e le bevande alcoliche impiegati come campioni per analisi, per prove di produzione necessarie o a fini scientifici",ACCISA,A REGIME,ESENZIONE,Non quantificabile,"-1,0","-1,0",,,IMPRESE E SOCIETA',T,29
2020,10: ENERGIA E DIVERSIFICAZIONE DELLE FONTI ENERGETICHE,39,"Art. 27, comma 3, lett. i), TUA",Esenzione dall'accisa per l'alcool e le bevande alcoliche utilizzati nella fabbricazione di un componente non soggetto ad accisa,ACCISA,A REGIME,ESENZIONE,Non quantificabile,"-1,0","-1,0",,,SOGGETTI E CATEGORIE PARTICOLARI,T,29
2020,10: ENERGIA E DIVERSIFICAZIONE DELLE FONTI ENERGETICHE,40,"Art. 33, comma 2, TUA",Determinazione forfettaria dell’accisa sull’alcool etilico prodotto da piccoli alambicchi,ACCISA,A REGIME,REGIME FORFETARIO,Non quantificabile,"-1,0","-1,0",,,SOGGETTI E CATEGORIE PARTICOLARI,T,29
2020,10: ENERGIA E DIVERSIFICAZIONE DELLE FONTI ENERGETICHE,41,"Art. 52, comma 2, lettera b), TUA","Non sottoposizione ad accisa per l'energia elettrica impiegata negli aeromobili, nelle navi, negli autoveicoli, purchè prodotta a bordo con mezzi propri, esclusi gli accumulatori, nonché quella prodotta da gruppi elettrogeni mobili in dotazione alle forze armate dello Stato ed ai corpi ad esse assimilati",ACCISA,A REGIME,ESCLUSIONE,Non quantificabile,"-1,0","-1,0",,,SOGGETTI E CATEGORIE PARTICOLARI,T,29
2020,10: ENERGIA E DIVERSIFICAZIONE DELLE FONTI ENERGETICHE,42,"Art. 52, comma 2, lettera c), TUA",Non sottoposizione ad accisa per l'energia elettrica prodotta con gruppi elettrogeni azionati da gas metano biologico,ACCISA,A REGIME,ESCLUSIONE,Non quantificabile,"-1,0","-1,0",,,SOGGETTI E CATEGORIE PARTICOLARI,T,29
2020,10: ENERGIA E DIVERSIFICAZIONE DELLE FONTI ENERGETICHE,43,"Art. 52, comma 2, lettera d), TUA","Non sottoposizione ad accisa per l'energia elettrica prodotta da piccoli impianti generatori comunque azionati, purchè la loro potenza disponibile non sia superiore a 1 kW, nonché prodotta da officine elettriche costituite da gruppi elettrogeni di soccorso aventi potenza disponibile complessiva non superiore a 200 kW",ACCISA,A REGIME,ESCLUSIONE,Non quantificabile,"-1,0","-1,0",,,SOGGETTI E CATEGORIE PARTICOLARI,T,29
2020,10: ENERGIA E DIVERSIFICAZIONE DELLE FONTI ENERGETICHE,44,"Art. 52, comma 3, lett. b) , TUA",Esenzione dall'accisa sull'energia elettrica prodotta con fonti rinnovabili in impianti con potenza superiore a 20 kW per autoconsumo,ACCISA,A REGIME,ESENZIONE,"-59,6","-59,6","-59,6",,,SOGGETTI E CATEGORIE PARTICOLARI,T,29
2020,10: ENERGIA E DIVERSIFICAZIONE DELLE FONTI ENERGETICHE,45,"Art. 52, comma 2, lettera a), TUA","Esclusione, dal campo di applicazione dell’accisa, dell’energia elettrica prodotta con impianti azionati da fonti rinnovabili, aventi potenza non superiore a 20 kW",ACCISA,A REGIME,ESENZIONE,Non quantificabile,"-59,6","-59,6",,,SOGGETTI E CATEGORIE PARTICOLARI,T,29
2020,10: ENERGIA E DIVERSIFICAZIONE DELLE FONTI ENERGETICHE,46,"Art. 8, comma 10, lett. f), della Legge n. 448/98 e successive modifcazioni e integrazioni",Credito d’imposta sulle reti di teleriscaldamento alimentato con biomassa ed energia geotermica,,A REGIME,CREDITO D'IMPOSTA,"-24,2","-24,2","-24,2",,,SOGGETTI E CATEGORIE PARTICOLARI,T,29
2020,10: ENERGIA E DIVERSIFICAZIONE DELLE FONTI ENERGETICHE,47,"Art. 52, comma 3, lett. c), TUA",Esenzione dall'accisa sull'energia elettrica impiegata nelle ferrovie,ACCISA,A REGIME,ESENZIONE,"-2,0","-2,0","-2,0",,,SOGGETTI E CATEGORIE PARTICOLARI,T,29
2020,10: ENERGIA E DIVERSIFICAZIONE DELLE FONTI ENERGETICHE,48,"Art. 52, comma 3, lett. d), TUA",Energia elettrica impiegata nell'esercizio delle linee ditrasporto urbano ed interurbano- Esenzione dall'accisa,ACCISA,A REGIME,ESENZIONE,"-5,7","-5,7","-5,7",,,SOGGETTI E CATEGORIE PARTICOLARI,T,29
2020,10: ENERGIA E DIVERSIFICAZIONE DELLE FONTI ENERGETICHE,49,"Art. 52, comma 3, lett. e), TUA",Esenzione dall'accisa sull'energia elettrica impiegata nelle abitazioni di residenza con potenza fino a 3 kW fino a 150 kwh di consumo mensile,ACCISA,A REGIME,ESENZIONE,"-591,8","-591,8","-591,8",,,PERSONE FISICHE,T,29
2020,10: ENERGIA E DIVERSIFICAZIONE DELLE FONTI ENERGETICHE,50,"Art. 129-bis, cc. 3-5 DL 34/2020","I commi sono volti a concedere, per una durata di sei anni, previa autorizzazione del Consiglio dell’Unione Europea, l’applicazione di aliquote ridotte di accisa per il comune di Campione d’Italia.",ACCISA,2027,RIDUZIONE DI ALIQUOTA,"-0,1","-0,1","-0,1",,,,,29
2020,10: ENERGIA E DIVERSIFICAZIONE DELLE FONTI ENERGETICHE,51,"Art. 55, comma 3, let. f), TUA","Pagamento dell'accisa con un canone forfetario per le forniture di energia elettrica ""a cottimo"" (piccole forniture) Pagamento dell'accisa con un canone forfetario per le forniture di energia elettrica ""a cottimo"" (piccole forniture)",ACCISA,A REGIME,REGIME FORFETARIO,Non quantificabile,"-0,1","-0,1",,,PERSONE FISICHE,T,29
2020,10: ENERGIA E DIVERSIFICAZIONE DELLE FONTI ENERGETICHE,52,"Art. 55, comma 5, TUA",Pagamento dell'accisa sull'energia elettrica con canone annuo di abbonamento (per l’energia elettrica ottenuta da officine non fornite di misuratori),ACCISA,A REGIME,REGIME FORFETARIO,Non quantificabile,2022,2023,,,SOGGETTI E CATEGORIE PARTICOLARI,T,30
2020,10: ENERGIA E DIVERSIFICAZIONE DELLE FONTI ENERGETICHE,53,"Art. 55, comma 5, TUA","Pagamento dell'accisa sull'energia elettrica con canone annuo di abbonamento (energia elettrica ottenuta da impianti di produzione combinata di energia elettrica e calore, con potenza disponibile non superiore a 100 kW non forniti di misuratori)",ACCISA,A REGIME,REGIME FORFETARIO,Non quantificabile,2022,2023,,,SOGGETTI E CATEGORIE PARTICOLARI,T,30
2020,10: ENERGIA E DIVERSIFICAZIONE DELLE FONTI ENERGETICHE,54,"Art. 62, comma 2, TUA","Esenzione dall'imposta di consumo per gli oli lubrificanti impiegati nella produzione e nella lavorazione della gomma naturale e sintetica per la fabbricazione dei relativi manufatti, nella produzione delle materie plastiche e delle resine artificiali o sintetiche, comprese le colle adesive, nella produzione degli antiparassitari per le piante da frutta",ALTRO,A REGIME,ESENZIONE,"-78,8","-78,8","-78,8",,,SOGGETTI E CATEGORIE PARTICOLARI,T,30
2020,10: ENERGIA E DIVERSIFICAZIONE DELLE FONTI ENERGETICHE,55,"Art. 2, comma 11 della legge n. 203/08",Riduzione dell'accisa sul gas naturale impiegato per usi industriali da soggetti che registrano consumi superiori a 1.200.000 mc annui,ACCISA,A REGIME,RIDUZIONE DI ALIQUOTA,"-29,1","-29,1","-29,1",,,SOGGETTI E CATEGORIE PARTICOLARI,T,30
2020,11: COMPETITIVITA’ E SVILUPPO DELLE IMPRESE,56,"Art. 15, commi 10, 11 e 12 del decreto legge n. 185 del 2008. Art. 23, commi 12-15 D.L. n. 98 del 2011 prorogato dall'art. art. 20 del D.L. n. 201/2011; Art. 1, co. 502, 503 e 505, legge n. 228/2012; Art. 1, co. 95 e 96 della legg e n. 208/2015; Art. 23, commi da 12 a 15, D.L. 6 luglio 2011, n. 98, convertito dalla L. 15 luglio 2011, n. 111. Art. 1, commi 81-83 della legge n. 205 del 2017","Il soggetto beneficiario di una operazione straordinaria può assoggettare, in tutto o in parte, i maggiori valori attribuiti in bilancio all’avviamento, ai marchi di impresa e alle altre attività immateriali, a imposta sostitutiva di cui al comma 2-ter dell’art. 176, con l’aliquota del 16%. E', inoltre, possibile riallineare i valori relativi ad attività diverse dalle immobilizzazioni materiali e immateriali (attivo circolante e immobilizzazioni finanziarie), assoggettando i maggiori valori a tassazione con aliquota ordinaria, separatamente dall’imponibile complessivo. I maggiori valori assoggettati ad imposta sostitutiva si considerano riconosciuti fiscalmente a partire dall’inizio del periodo d’imposta nel corso del quale è versata l’imposta sostitutiva. L'agevolazione è applicabile anche ai maggiori valori delle partecipazioni di controllo, iscritti in bilancio a seguito dell'operazione a titolo di avviamento, marchi d'impresa e altre attivita' immateriali. L'agevolazione è estesa anche alle partecipazioni di controllo.",IRES,A REGIME,REGIME SOSTITUTIVO,"218,9","125,9","73,3",290,"754.731,1",PERSONE GIURIDICHE,T,30
2020,11: COMPETITIVITA’ E SVILUPPO DELLE IMPRESE,57,"Art. 31 D.L. 6 luglio 2011, n. 98, come modificato dall’art. 1, comma 219, legge 30 dicembre 2018, n. 145.","Esenzione dei redditi di capitale da partecipazione ai fondi di venture capital (FVC), ossia i fondi comuni d'investimento che investono almeno il 85 per cento dei capitali raccolti in società non quotate nella fase di sperimentazione, di costituzione, di avvio dell'attività o di sviluppo del prodotto.",IMPOSTA SOSTITUTIVA,A REGIME,ESENZIONE,"-1,1","-1,1","-1,1",,,PERSONE FISICHE,T,30
2020,11: COMPETITIVITA’ E SVILUPPO DELLE IMPRESE,58,"Art. 1 D.L. 22 giugno 2012, n. 83.","Estensione del regime dei titoli di Stato alle obbligazioni e altri titoli di debito emessi dalle società di cui all'articolo 185 del D.Lgs. 18 aprile 2016, n. 50, recante codice dei contratti pubblici (c.d. project bond).",IMPOSTA SOSTITUTIVA,A REGIME,RIDUZIONE DI ALIQUOTA,"0,0","0,0","0,0",,,PERSONE FISICHE,T,30
2020,11: COMPETITIVITA’ E SVILUPPO DELLE IMPRESE,59,"Art. 6 del D.L. n. 63/02, comma 1, modificato dall'art. 2 del D.L. n. 138/2011",Non concorre a formare il reddito imponibile delle società cooperative e dei loro consorzi la quota del 90 per cento degli utili netti annuali destinata a riserva minima obbligatoria.,IRES,A REGIME,ESCLUSIONE,"-116,5","-116,5","-116,5",24.970,"-4.663,7",SOGGETTI E CATEGORIE PARTICOLARI,T,30
2020,11: COMPETITIVITA’ E SVILUPPO DELLE IMPRESE,60,"Art. 6 del D.L. n. 63/02, comma 2, modificato dall'art. 2 del D.L. n. 138/2011","Le somme di cui all'articolo 3, comma 2, lettera b), della legge 142/2001 e all'articolo 12 del decreto del Presidente della Repubblica 601/1973 destinate ad aumento del capitale delle società cooperative non concorrono a formare il reddito imponibile",IRES,A REGIME,ESCLUSIONE,"-1,5","-1,5","-1,5",24.970,"-60,1",SOGGETTI E CATEGORIE PARTICOLARI,T,30
2020,11: COMPETITIVITA’ E SVILUPPO DELLE IMPRESE,61,"Art. 6 del D.L. n. 63/02, comma 3, modificato dall'art. 2 del D.L. n. 138/2011",Ritenute su interessi corrisposti ai soci persone fisiche delle cooperative,IMPOSTA SOSTITUTIVA,A REGIME,RIDUZIONE DI ALIQUOTA,"-5,5","-5,5","-5,5",1.193,"-4.578,2",SOGGETTI E CATEGORIE PARTICOLARI,T,30
2020,11: COMPETITIVITA’ E SVILUPPO DELLE IMPRESE,62,"Art. 1, comma 47 legge n. 244 del 2007 e art. 176, comma 2-ter, del TUIR D.M. 25 luglio 2008 Imposta sostitutiva sui maggiori valori attribuiti in bilancio agli elementi dell’attivo costituenti immobilizzazioni materiali e immateriali.","Per le operazioni straordinarie (fusioni, scissioni, conferimenti di aziende) di cui agli articoli 172, 173 e 176 del TUIR, l’art. 176, comma 2-ter, del TUIR, prevede che, in alternativa al regime di neutralità fiscale, sia possibile optare per l’applicazione, in tutto o in parte, sui maggiori valori attribuiti in bilancio agli elementi dell’attivo costituenti immobilizzazioni materiali e immateriali, incluso l’avviamento, di un’imposta sostitutiva. Misura dell'imposta sostitutiva: 1 2% fino a 5 milioni di euro; 14% da 5 milioni di euro e fino a 10 milioni di euro; 16% sulla parte che eccede i 10 milioni di euro.",IMPOSTA SOSTITUTIVA,A REGIME,REGIME SOSTITUTIVO,"-14,5","-50,9","-102,3",380,"-38.260,1",PERSONE FISICHE E GIURIDICHE,T,30
2020,11: COMPETITIVITA’ E SVILUPPO DELLE IMPRESE,63,Art. 12 del D.P.R. n. 601/1973,Per le società cooperative e loro consorzi sono ammesse in deduzione dal reddito le somme ripartite tra i soci sotto forma di restituzione di una parte del prezzo dei beni e servizi acquistati o di maggiore compenso per i conferimenti effettuati. Per le società cooperative e loro consorzi sono ammesse in deduzione dal reddito le somme ripartite tra i soci sotto forma di restituzione di una parte del prezzo dei beni e servizi acquistati o di maggiore compenso per i conferimenti effettuati.,IRES,A REGIME,DEDUZIONE,"-9,6","-9,6","-9,6",171,"-56.235,6",SOGGETTI E CATEGORIE PARTICOLARI,T,30
2020,11: COMPETITIVITA’ E SVILUPPO DELLE IMPRESE,64,"Art. 12 della Legge n. 904/77; art. 1, commi 460 e 464, della Legge n. 311/04; art. 82, comma 28, del D.L. n. 112/08 - D.L. n. 138/2011; D.L. n. 91/2014","Non concorrono al reddito imponibile delle cooperative le somme destinate alle riserve indivisibili, a condizione che sia esclusa la possibilità di distribuirle tra i soci, sia durante la vita dell'ente che all'atto del suo scioglimento. Tale norma non si applica alle cooperative a mutualità prevalente: a) per la quota del 20% degli utili netti delle cooperative agricole; b) per la quota del 40% degli utili netti delle altre cooperative; c) per la quota del 65% degli utili netti delle società cooperative di consumo. La limitazione non si applica alle cooperative sociali. Per le cooperative NON a mutualità prevalente la detassazione è limitata al 30% degli utili netti annuali (23% per coop di consumo, dal 2015), a condizione che tale quota sia destinata ad una riserva indivisibile prevista dallo statuto.",IRES,A REGIME,DEDUZIONE,"-54,5","-54,5","-54,5",25.811,"-2.109,9",SOGGETTI E CATEGORIE PARTICOLARI,T,31
2020,11: COMPETITIVITA’ E SVILUPPO DELLE IMPRESE,65,"Art. 10, del D.P.R. n. 601/1973; art. 2, comma 8, della Legge 350/2003 e art. 1, commi 460 e 461, della Legge n. 311/2004","Sono esenti da IRES i redditi conseguiti da società cooperative agricole e loro consorzi mediante l'allevamento di animali con mangimi ottenibili per almeno un quarto dai terreni dei soci nonché mediante la manipolazione, conservazione, valorizzazione, trasformazione e alienazione di prodotti agricoli e zootecnici e di animali conferiti prevalentemente dai soci. I redditi conseguiti dalle cooperative della piccola pesca e dai loro consorzi sono esenti da IRES. Tali esenzioni non operano limitatamente al 20% degli utili netti annuali.",IRES,A REGIME,ESENZIONE,"-80,5","-80,5","-80,5",8.631,"-9.332,1",SOGGETTI E CATEGORIE PARTICOLARI,T,31
2020,11: COMPETITIVITA’ E SVILUPPO DELLE IMPRESE,66,"Art. 11, D.P.R. n. 601/1973; art. 1, commi 462 e 463, L. n. 311/2004","I redditi conseguiti dalle società cooperative di produzione e lavoro, limitatamente al reddito imponibile derivante dall'indeducibilità dell'imposta regionale sulle attività produttive, sono esenti da IRES se l'ammontare delle retribuzioni effettivamente corrisposte ai soci non è inferiore al cinquanta per cento dell'ammontare complessivo di tutti gli altri costi; se l'ammontare delle retribuzioni è inferiore al cinquanta per cento ma non al venticinque per cento dell'ammontare complessivo degli altri costi l'imposta sul reddito delle persone giuridiche e l'imposta locale sui redditi sono ridotte alla metà",IRES,A REGIME,ESENZIONE,"-80,5","-80,5","-80,5",8.631,"-9.332,1",SOGGETTI E CATEGORIE PARTICOLARI,T,31
2020,11: COMPETITIVITA’ E SVILUPPO DELLE IMPRESE,67,"Comma 137 dell’art. 1 della legge 27 dicembre 2006, n. 296","Conferimenti immobili in SIIQ;SIINQ e Fondi immobiliari Imposta sostitutiva con aliquota del 20% per le plusvalenze realizzate all’atto del conferimento di immobili e di diritti reali su immobili: - in SIIQ; - in SIINQ; - in fondi comuni di investimento immobiliare istituiti ai sensi dell’articolo 37 del testo unico di cui al decreto legislativo 24 febbraio 1998, n. 58 (comma 140, art. 1 L296/2006).",IMPOSTA SOSTITUTIVA,A REGIME,REGIME SOSTITUTIVO,"6,4","3,7","1,0",6,"1.066.462,2",PERSONE FISICHE E GIURIDICHE,T,31
2020,11: COMPETITIVITA’ E SVILUPPO DELLE IMPRESE,68,"Comma 126, art. 1, legge 27 dicembre 2006, n. 296","Imposta d’ingresso nel regime SIIQ e SIINQ relativa agli immobili posseduti dalla società alla data di chiusura dell’ultimo esercizio in regime ordinario. L’ingresso nel regime speciale SIIQ e SIINQ comporta il realizzo a valore normale degli immobili, nonché dei diritti reali su immobili destinati alla locazione, posseduti dalla società alla data di chiusura dell’ultimo esercizio in regime ordinario. L’importo complessivo delle plusvalenze così realizzate, al netto di eventuali minusvalenze, è assoggettato a imposta sostitutiva con l’aliquota del 20 %.",IRES,A REGIME,REGIME SPECIALE,Effetti di trascurabile entità,"3,7","1,0",,,SOGGETTI E CATEGORIE PARTICOLARI,T,31
2020,11: COMPETITIVITA’ E SVILUPPO DELLE IMPRESE,69,"Art. 1, commi da 134 a 136, della legge 27 dicembre 2006, n. 296","Tassazione sugli utili corrisposti da SIIQ o SIINQ agli azionisti mediante ritenuta con aliquota ridotta pari al 15 per cento in relazione alla parte dell’utile di esercizio riferibile a contratti di locazione di immobili ad uso abitativo stipulati ai sensi dell'articolo 2, comma 3, della legge 9 dicembre 1998, n. 431. La ritenuta è applicata a titolo d’acconto, nei confronti di: a) imprenditori individuali, se le partecipazioni sono relative all'impresa commerciale; b) società in nome collettivo, in accomandita semplice ed equiparate, società ed enti indicati nelle lettere a) e b) del comma 1 dell'articolo 73 del Tuir, e stabili organizzazioni nel territorio dello Stato delle società e degli enti di cui alla lettera d) del predetto articolo 73, comma 1. La ritenuta è applicata a titolo d'imposta in tutti gli altri casi.",IMPOSTA SOSTITUTIVA,A REGIME,RIDUZIONE DI ALIQUOTA,"-4,7","-4,7","-4,7",,,SOGGETTI E CATEGORIE PARTICOLARI,T,31
2020,11: COMPETITIVITA’ E SVILUPPO DELLE IMPRESE,70,"Art. 21, comma 1, della Legge n. 448/98; Art. 6, comma 3, della legge 388/00; Art. 1, comma 129, Legge n. 266/05; Art. 1, comma 393, della Legge n. 296/06; Art.1, comma 168, della Legge n. 244/2007; Art.1, comma 8, del D.L. n.194/09; Art. 2, comma 5, del D.L. n. 225/2010; art. 34 co. 1-3 L. 183/2011 come modificato dall’art. 4, comma 7-bis, DL 69/2013.",Deduzione forfetaria dal reddito di impresa a favore degli esercenti impianti di distribuzione carburante,IRES/IRPEF,A REGIME,DEDUZIONE,"-42,5","-42,5","-42,5",11.283,"-3.770,2",SOGGETTI E CATEGORIE PARTICOLARI,T,31
2020,11: COMPETITIVITA’ E SVILUPPO DELLE IMPRESE,71,"Artt. da 155 a 161, TUIR (Art. 7, D.Lgs. 29/10/2016, n. 221) Art. 10, della L n. 167/2017","Tonnage tax: regime di determinazione del reddito dei soggetti di cui all'art. 73, comma 1, lettera a), del TUIR, derivante dall'utilizzo delle navi indicate nell'art. 8-bis, comma 1, lett. a), del D.P.R. n. 633/1972, iscritte nel registro internazionale di cui al D.L. n. 457/1997, convertito, con modificazioni, dalla L. n. 30/1998. Il regime è opzionale e comporta la determinazione del reddito in via forfetaria secondo i criteri previsti dall'art. 156 del TUIR (notifica ai sensi dell'art. 108 del TFUE) Tonnage tax: regime di determinazione del reddito dei soggetti di cui all'art. 73, comma 1, lettera a), del TUIR, derivante dall'utilizzo delle navi indicate nell'art. 8-bis, comma 1, lett. a), del D.P.R. n. 633/1972, iscritte nel registro internazionale di cui al D.L. n. 457/1997, convertito, con modificazioni, dalla L. n. 30/1998. Il regime è opzionale e comporta la determinazione del reddito in via forfetaria secondo i criteri previsti dall'art. 156 del TUIR (notifica ai sensi dell'art. 108 del TFUE)",IRES,A REGIME,REGIME FORFETARIO,"-40,5","-40,5","-40,5",72,"-562.500,0",PERSONE GIURIDICHE,T,31
2020,11: COMPETITIVITA’ E SVILUPPO DELLE IMPRESE,72,Art. 11 della Legge n. 59/92,"I versamenti effettuati ai Fondi mutualistici per la promozione e lo sviluppo della cooperazione di cui all'art. 11, comma 1, della L. n. 59/1992, effettuati dai soggetti di cui all'art. 73, comma 1, lett. a) del TUIR sono esenti da imposte e sono deducibili, nei limiti del 3%, dalla base imponibile del soggetto che effettua l'erogazione.",IRES,A REGIME,DEDUZIONE,"-8,8","-8,8","-8,8",25.811,"-342,8",SOGGETTI E CATEGORIE PARTICOLARI,T,32
2020,11: COMPETITIVITA’ E SVILUPPO DELLE IMPRESE,73,"Art. 4, comma 2, del D.L. n. 457/1997, art. 13, comma 3, della L. 488/1999 e art. 145, comma 66, della L. n. 388/2000; Art. 4, D.Lgs. 29/10/2016, n. 221; Art. 10, della L n. 167/2017",Il reddito derivante dall'utilizzo di navi iscritte nel registro internazionale concorre in misura pari al 20% a formare il reddito complessivo ai fini IRES e IRPEF; (notifica ai sensi dell'art. 108 del TFUE),IRPEF/IRES,A REGIME,ESCLUSIONE,"-218,2","-218,2","-218,2",82,"-2.660.975,6",PERSONE FISICHE E GIURIDICHE,T,32
2020,11: COMPETITIVITA’ E SVILUPPO DELLE IMPRESE,74,"Art. 7, comma 3, della Legge n. 59/92, DL 91/2014, art. 17-bis, comma 1","Non concorrono a formare il reddito imponibile ai fini delle imposte dirette le quote di utili destinate ad aumento gratuito del capitale sociale, anche in deroga ai limiti massimi di partecipazione, purché nei limiti della variazione dell'indice dei prezzi al consumo accertata dall'Istat. (de minimis per coop di consumo)",IRES,A REGIME,ESCLUSIONE,"-1,3","-1,3","-1,3",151,"-8.817,0",SOGGETTI E CATEGORIE PARTICOLARI,T,32
2020,11: COMPETITIVITA’ E SVILUPPO DELLE IMPRESE,75,"Art. 8 della legge 21 novembre 2000, n. 342","Previsione di un’imposta sostitutiva, con l'aliquota del 19%, delle imposte sui redditi sulle plusvalenze derivanti da conferimenti o cessioni di beni o aziende a favore dei Centri di assistenza fiscale (CAF).",IMPOSTA SOSTITUTIVA,A REGIME,REGIME SOSTITUTIVO,Effetti di trascurabile entità,"-1,3","-1,3",,,PERSONE FISICHE E GIURIDICHE,T,32
2020,11: COMPETITIVITA’ E SVILUPPO DELLE IMPRESE,76,"Art. 15 legge 25 gennaio 1994, n. 86","Imposta sostitutiva dei fondi immobiliari chiusi - Le società di gestione del risparmio, relativamente ai fondi comuni d’investimento immobiliare già istituiti nel settembre 2001, possono assoggettare ad imposta sostitutiva IRES del 25% il reddito relativo alla gestione di ciascun fondo.",IMPOSTA SOSTITUTIVA,A REGIME,REGIME SOSTITUTIVO,Non quantificabile,"-1,3","-1,3",,,SOGGETTI E CATEGORIE PARTICOLARI,T,32
2020,11: COMPETITIVITA’ E SVILUPPO DELLE IMPRESE,77,Art. 22 del D.P.R. n. 601/1973,"I proventi dei fondi di garanzia di cui alle leggi n. 454/1961e n. 1068/1964, e al decreto-legge n. 976/1966, convertito nella L. n. 1142/1966, derivanti da contributi a fondo perduto, periodici o una volta tanto, dello Stato o di altri enti, nonché quelli derivanti dalle somme che le aziende e istituti di credito trattengono sui finanziamenti assistiti da garanzie e versati successivamente ai fondi, non concorrono a formare il reddito dei fondi stessi, ai fini IRES, a condizione che il loro ammontare venga integralmente destinato a costituire o incrementare un fondo di garanzia.",IRES,A REGIME,ESCLUSIONE,Non quantificabile,"-1,3","-1,3",,,SOGGETTI E CATEGORIE PARTICOLARI,T,32
2020,11: COMPETITIVITA’ E SVILUPPO DELLE IMPRESE,78,"Art. 2, commi da 218 a 220, della Legge n. 244/2007","Procedura accelerata di ammortamento dei beni mobili registrati con costo ammortizzabile ai fini fiscali non inferiore a 10 anni ed equipaggio di almeno 6 persone qualora siano concessi in locazione finanziaria con obbligo di acquisto, da un Gruppo europeo di interesse economico (GEIE) o da una società per azioni o a responsabilità limitata per le quali sia stata esercitata l'opzione prevista dall'articolo 115, comma 4, del Tuir (trasparenza fiscale), ad un'impresa che li destini all'esercizio della propria attività abituale. Esclusione dall’applicazione delle disposizioni di cui all'articolo 102, commi 1, 2, 3 e 7, del Tuir.",IRPEF/IRES,A REGIME,ALTRO,Non quantificabile,"-1,3","-1,3",,,IMPRESE E SOCIETA',T,32
2020,11: COMPETITIVITA’ E SVILUPPO DELLE IMPRESE,79,"Art. 66, c. 4., TUIR","Deduzione forfetaria per spese non documentate (per un importo pari a determinate percentuali dell’ammontare dei ricavi) a favore degli intermediari, dei rappresentanti di commercio e degli esercenti attività di somministrazione di pasti e bevande e di prestazioni alberghiere (di cui al co. 1 dell’art. 1 del DM 13 ottobre 1979).",IRPEF,A REGIME,ESCLUSIONE,"-24,4","-24,4","-24,4",110.612,"-220,7",PERSONE FISICHE E GIURIDICHE,T,32
2020,11: COMPETITIVITA’ E SVILUPPO DELLE IMPRESE,80,"Art. 66, c.5., TUIR; art. 1, co. 652 legge n. 208/2015",Deduzione forfetaria per spese non documentate in base ai viaggi effettuati dagli esercenti autotrasporto c/terzi di minori dimensioni. Previsto un importo unico di deduzione forfetaria per i trasporti effettuati personalmente dall’imprenditore oltre i confini del Comune in cui ha sede l’impresa. Per i trasporti personalmente effettuati dall’imprenditore nell’ambito del Comune ove ha sede l’impresa viene prevista una deduzione pari al 35 per cento dell’importo spettante in caso di trasporto fuori Comune,IRES,A REGIME,ESCLUSIONE,"-74,3","-74,3","-74,3",22.220,"-3.341,7",SOGGETTI E CATEGORIE PARTICOLARI,,32
2020,11: COMPETITIVITA’ E SVILUPPO DELLE IMPRESE,81,"Art. 1, comma 131, della legge 27 dicembre 2006, n. 296 e art. 10 del DM 174/2007",Esenzione dall'Ires del reddito d'impresa derivante dall'attività di locazione immobiliare. Esenzione dall’Irap della quota del valore della produzione proporzionalmente corrispondente al rapporto tra i componenti positivi imputabili alla gestione esente rilevanti ai fini Irap e l’ammontare complessivo dei componenti positivi rilevanti agli stessi effetti. Esenzione dall'Ires del reddito d'impresa derivante dall'attività di locazione immobiliare. Esenzione dall’Irap della quota del valore della produzione proporzionalmente corrispondente al rapporto tra i componenti positivi imputabili alla gestione esente rilevanti ai fini Irap e l’ammontare complessivo dei componenti positivi rilevanti agli stessi effetti.,IRES,A REGIME,ESENZIONE,"-33,7","-33,7","-33,7",2.025,"-16.639,6",SOGGETTI E CATEGORIE PARTICOLARI,T,32
2020,11: COMPETITIVITA’ E SVILUPPO DELLE IMPRESE,82,"Art. 29, DL n. 179/2012; Art. 9, c. 16-ter, DL n. 76/2013, convertito, con modificazioni, dalla L n. 99/2013; (Art. 1, c. 66-67, della L n. 232/2016);",Incentivi all'investimento in start-up innovative. (notifica ai sensi dell'art. 108 del TFUE),IRPEF/IRES,A REGIME,DETRAZIONE/DEDUZI ONE,"-98,1","-71,7","-71,7",,,PERSONE FISICHE E GIURIDICHE,T,33
2020,11: COMPETITIVITA’ E SVILUPPO DELLE IMPRESE,83,"Art. 29-bis D.L. n. 179 del 2012 introdotto dall'art. 38, comma 7 del D.L. n. 34 del 2020","Incentivi in «de minimis» all'investimento in start-up innovative. In alternativa a quanto previsto dall'art. 29 del D.L. n. 179 del2012, dall'imposta lorda sulreddito delle persone fisiche si detrae unimporto pari al50 per cento della somma investita dal contribuente nel capitale sociale di una o piu' start-up innovative direttamente ovvero per il tramite di organismi di investimento collettivo del risparmio che investano prevalentemente in start-up innovative. L'investimento massimo detraibile non puo' eccedere, in ciascun periodo d'imposta, l'importo di euro 100.000 e deve essere mantenuto per almeno tre anni.",IRPEF,A REGIME,DETRAZIONE,Stima ricompresa nella misura 82,"-71,7","-71,7",,,PERSONE FISICHE,,33
2020,11: COMPETITIVITA’ E SVILUPPO DELLE IMPRESE,84,"Art. 4, 9-bis, DL n. 3/2015 (Art. 1, c. 68, della L n. 232/2016);",Incentivi all'investimento in PMI innovative. (notifica ai sensi dell'art. 108 del TFUE),IRPEF/IRES,A REGIME,DETRAZIONE/DEDUZI ONE,"-16,8","-12,1","-12,1",,,PERSONE FISICHE E GIURIDICHE,,33
2020,11: COMPETITIVITA’ E SVILUPPO DELLE IMPRESE,85,"Art. 38, comma 8 del D.L. n. 34 del 2020; comma 9-ter all'art. 4 del D.L. n. 3 del 2015.","Incentivi in«de minimis»all'investimento inPMI innovative . Dall'imposta lorda sul reddito delle persone fisiche si detrae unimporto pari al cinquanta per cento della somma investita dal contribuente nel capitale sociale di una o piu' PMI innovative direttamente ovvero per il tramite di organismi di investimento collettivo del risparmio che investano prevalentemente inPMIinnovative;la detrazione siapplica alle sole PMI innovative iscritte alla sezione speciale del Registro delle imprese al momento dell'investimento. L'investimento massimo detraibile non puo' eccedere, in ciascun periodo d'imposta, l'importo di euro 300.000 e deve essere mantenuto per almeno tre anni. La detrazione in esame spetta prioritariamente rispetto alla detrazione di cui all’articolo 29 del decreto-legge 18 ottobre 2012, n. 179, convertito, con modificazioni, dalla legge 17 dicembre 2012, n. 221, e fino all’ammontare di investimento di cui al periodo precedente. Sulla parte di investimento che eccede tale limite è fruibile esclusivamente la detrazione di cui al citato articolo 29 del decreto-legge n. 179 del 2012 nei limiti del regolamento (UE) n. 1407/2013 della Commissione, del 18 dicembre 2013.",IRPEF,A REGIME,DETRAZIONE,Stima ricompresa nella numero 84,"-12,1","-12,1",,,PERSONE FISICHE,,33
2020,11: COMPETITIVITA’ E SVILUPPO DELLE IMPRESE,86,"Art. 1, co. 89-90 legge n. 208/2015","Rientrano tra i soggetti per i quali l’Ires è ridotta alla metà di cui all’art. 6 del D.P.R. n. 601/1973, gli enti aventi le stesse finalità sociali degli Iacp, istituiti nella forma di società (con personalità giuridica) che rispondono ai requisiti della legislazione UE in materia di “in house providing” e che siano costituiti e operanti alla data del 31/12/13. Per tali soggetti è stato inoltre stabilito che non si considerano contributi o liberalità, e pertanto non sono sopravvenienze attive ai sensi dell’art. 88 del Tuir, i finanziamenti erogati dallo Stato, dalle Regioni e dalle Province autonome per la costruzione, ristrutturazione e manutenzione straordinaria e ordinaria di immobili di edilizia residenziale pubblica.",IRES,A REGIME,RIDUZIONE DI ALIQUOTA,"-5,8","-5,8","-5,8",,,SOGGETTI E CATEGORIE PARTICOLARI,,33
2020,11: COMPETITIVITA’ E SVILUPPO DELLE IMPRESE,87,"Art. 1, co. 987-989 legge n.208/2015 - art. 100, co. 2, lett. o-ter) del Tuir","Sono deducibili le somme corrisposte, anche su base volontaria, a consorzi cui le imprese aderiscono ottemperando a obblighi di legge, indipendentemente dal trattamento contabile e purché utilizzate agli scopi dei consorzi. Le medesime somme sono deducibili dall’IRAP. Tali disposizioni si applicano dall’esercizio in corso al 31/12/15.",IRES/IRAP,A REGIME,DEDUZIONE,"-22,3","-22,3","-22,3",818,"-27.261,6",PERSONE FISICHE E GIURIDICHE,,33
2020,11: COMPETITIVITA’ E SVILUPPO DELLE IMPRESE,88,"Art. 1, co. 170 e 171 legge n. 208/2015","I maggiori o minori valori derivanti dalla riduzione o conversione di azioni disposta dalla Banca d'Italia per il risanamento o risoluzione di enti creditizi e delle imprese di investimento, disciplinata dal D.lgs. n. 180/2015 non concorrono a formare il reddito imponibile ai fini delle imposte dirette, né a formare la base imponibile Irap del soggetto che ha emesso gli strumenti stessi. I maggiori o minori valori derivanti dal cd. bail in, (ossia dalla misura di risoluzione delle banche che prevede la riduzione o la conversione in capitale dei diritti degli azionisti e dei creditori), nonché i conferimenti del Fondo di risoluzione e le somme corrisposte dal sistema di garanzia dei depositanti nel corso della procedura di risoluzione, non concorrono alla formazione del reddito imponibile ai fini Ires, per la parte che eccede le perdite pregresse e di periodo, né alla base imponibile Irap dell’ente sottoposto a risoluzione. In tale ipotesi non si applicano gli ordinari limiti di riportabilità delle perdite; rilevano anche le perdite trasferite al consolidato nazionale, non ancora utilizzate.",IRES,A REGIME,ESCLUSIONE,Effetti di trascurabile entità,"-22,3","-22,3",,,BANCHE E ASSICURAZIONI,,33
2020,11: COMPETITIVITA’ E SVILUPPO DELLE IMPRESE,89,"Art. 1, co. 850 legge n. 208/2015","Nel caso in cui siano adottate azioni di risoluzione bancaria la trasformazione in credito d'imposta delle attività per imposte anticipate relative ai componenti negativi di cui al co. 55 dell'art. 2 del D.L. n. 225/2010, iscritte nella situazione contabile di riferimento dell'ente sottoposto a risoluzione decorre dalla data di avvio della risoluzione e opera sulla base dei dati della medesima situazione contabile. Con decorrenza dal periodo d'imposta in corso alla data di avvio della risoluzione non sono deducibili i componenti negativi corrispondenti alle attività per imposte anticipate trasformate in credito d'imposta . Nel caso in cui siano adottate azioni di risoluzione bancaria la trasformazione in credito d'imposta delle attività per imposte anticipate relative ai componenti negativi di cui al co. 55 dell'art. 2 del D.L. n. 225/2010, iscritte nella situazione contabile di riferimento dell'ente sottoposto a risoluzione decorre dalla data di avvio della risoluzione e opera sulla base dei dati della medesima situazione contabile. Con decorrenza dal periodo d'imposta in corso alla data di avvio della risoluzione non sono deducibili i componenti negativi corrispondenti alle attività per imposte anticipate trasformate in credito d'imposta .",IRES,A REGIME,ALTRO,"-0,2","-0,2","-0,2",25,"-6.534,7",BANCHE E ASSICURAZIONI,,33
2020,11: COMPETITIVITA’ E SVILUPPO DELLE IMPRESE,90,"Art. 1, co. 853 legge n. 208/2015",Escluse dalle sopravvenienze attive i versamenti effettuati dal fondo di risoluzione agli enti ponte.,IRES,A REGIME,ESCLUSIONE,Effetti di trascurabile entità,2022,2023,,,BANCHE E ASSICURAZIONI,,34
2020,11: COMPETITIVITA’ E SVILUPPO DELLE IMPRESE,91,Art. 15 D.L. n. 18/2016,"La cessione di diritti, attività e passività di una banca sottoposta a risoluzione a un ente ponte non costituisce realizzo di plusvalenze o minusvalenze ai fini Ires e Irap. I beni ricevuti dall'ente ponte sono valutati fiscalmente in base agli ultimi valori fiscali riconosciuti in capo all'ente cedente. Dalla data in cui ha effetto la cessione l'ente ponte subentra nella posizione dell'ente sottoposto a risoluzione in ordine ai diritti, attività o passività oggetto di cessione, incluse la deduzione o la tassazione dei componenti di reddito dell'ente sottoposto a risoluzione già imputati a conto economico e non ancora dedotti o tassati dallo stesso alla data della cessione, e nelle deduzioni derivanti da opzioni di riallineamento dell'avviamento e di altre attività immateriali esercitate dall'ente sottoposto a risoluzione. Le perdite dell'ente sottoposto a risoluzione sono portate in diminuzione del reddito dell'ente ponte.",IRES,A REGIME,ALTRO,Effetti di trascurabile entità,2022,2023,,,BANCHE E ASSICURAZIONI,,34
2020,11: COMPETITIVITA’ E SVILUPPO DELLE IMPRESE,92,"Art. 14 D.L. n. 18/2016. Art. 88, co. 3 bis Tuir.","Irrilevanza fiscale dei contributi volontari percepiti da soggetti sottoposti a procedure di crisi o che sono stati sottoposti a procedure di crisi nei 24 mesi antecedenti alla data in cui hanno ricevuto il contributo. Inserimento comma 3 bis all'art. 88 del Tuir. Non costituiscono sopravvenienze attive, in quanto escluse, i contributi percepiti a titolo di liberalità dai soggetti sottoposti ad alcune procedure concorsuali, alle procedure di crisi di cui all'art. 20 del D.lgs. n. 180/2015 (dissesto o rischio di dissesto bancario), alla procedura di amministrazione straordinaria di cui all'art. 70 e ss. del D.lgs. n.385/1993.",IRPEF/IRES,A REGIME,ESCLUSIONE,"-13,6","-13,6","-13,6",482,"-28.125,4",BANCHE E ASSICURAZIONI,,34
2020,11: COMPETITIVITA’ E SVILUPPO DELLE IMPRESE,93,"Art. 4, comma 1, del D.L. n. 457/1997 e art. 13, comma 2, della L. 488/1999; Art. 4, D.Lgs. N. 221/2016; Art. 10, della L n. 167/2017","Credito d'imposta a favore delle imprese armatoriali. (notifica ai sensi dell'art. 108 del TFUE) in misura corrispondente all'imposta sul reddito delle persone fisiche dovuta sui redditi di lavoro dipendente e di lavoro autonomo corrisposti al personale di bordo imbarcato sulle navi iscritte nel Registro internazionale, da valere ai fini del versamento delle ritenute alla fonte relative a tali redditi.",,A REGIME,CREDITO D'IMPOSTA,"-113,8","-113,8","-113,8",113,"-1.007.079,6",PERSONE GIURIDICHE,T,34
2020,11: COMPETITIVITA’ E SVILUPPO DELLE IMPRESE,94,"Art. 1, comma 172, della Legge n. 244/07; art. 2, comma 2, della Legge n. 203/08","Estensione dei benefici di cui all'art. 4, commi 1 e 2, del D.L. n. 457/1997, nel limite dell'80%, alle imprese che esercitano la pesca costiera, nonché alle imprese che esercitano la pesca nelle acque interne e lagunari corrispondenti all'imposta sul reddito delle persone fisiche dovuta sui redditi di lavoro dipendente e di lavoro autonomo corrisposti al personale di bordo imbarcato sulle navi iscritte nel Registro internazionale, da valere ai fini del versamento delle ritenute alla fonte relative a tali redditi. Il reddito derivante dall'utilizzazione di navi iscritte nel Registro internazionale concorre in misura pari al 20 per cento a formare il reddito complessivo assoggettabile all'imposta sul reddito delle persone fisiche e all'imposta sul reddito delle persone giuridiche L'art. 2, comma 2, della L. 203/2008 stabilizza a regime detto beneficio a decorrere dal periodo d'imposta 2009.",,A REGIME,CREDITO D'IMPOSTA,"-14,0","-14,0","-14,0",2.442,"-5.733,0",SOGGETTI E CATEGORIE PARTICOLARI,T,34
2020,11: COMPETITIVITA’ E SVILUPPO DELLE IMPRESE,95,"Art. 6-bis, comma 1, e 4, comma 1, del D.L. n. 457/1997","Estensione dei benefici di cui all'art. 4, commi 1 e 2, del D.L. n. 457/1997, alle imprese che esercitano la pesca oltre gli stretti e, nel limite del 70%, a quelle che esercitano la pesca mediterranea.",,A REGIME,CREDITO D'IMPOSTA,Stima ricompresa nella misura 94,"-14,0","-14,0",,,SOGGETTI E CATEGORIE PARTICOLARI,T,34
2020,11: COMPETITIVITA’ E SVILUPPO DELLE IMPRESE,96,"Artt. 3 e 4, della Legge n.193/2000, come modificati dall'art. 3-bis, comma 2, del DL n. 78/2013; D.M. n. 87/2002 e DM 24/7/2014 n. 148",Credito d’imposta assunzione lavoratori detenuti,,A REGIME,CREDITO D'IMPOSTA,"-4,69","-4,69","-4,69",290,"-16.161,4",SOGGETTI E CATEGORIE PARTICOLARI,T,34
2020,11: COMPETITIVITA’ E SVILUPPO DELLE IMPRESE,97,"Art. 50, commi 6 e 13-bis, del D.L. n. 269/03",Credito d’imposta a favore delle farmacie pubbliche e private per acquisto di software,,A REGIME,CREDITO D'IMPOSTA,Effetti di trascurabile entità,"-4,69","-4,69",,,SOGGETTI E CATEGORIE PARTICOLARI,T,34
2020,11: COMPETITIVITA’ E SVILUPPO DELLE IMPRESE,98,Art. 33 del DL n. 179/2012,Credito d'imposta per la realizzazione di nuove infrastrutture,,2020,CREDITO D'IMPOSTA,Effetti di trascurabile entità,"-4,69","-4,69",,,IMPRESE E SOCIETA',T,34
2020,11: COMPETITIVITA’ E SVILUPPO DELLE IMPRESE,99,"Art. 18, L. 183/2011. Delibera CIPE 1/2013 (RU Codice credito 94)",Finanziamento di infrastrutture mediante defiscalizzazione,,A REGIME,CREDITO D'IMPOSTA,Effetti di trascurabile entità,"-4,69","-4,69",,,IMPRESE E SOCIETA',T,34
2020,11: COMPETITIVITA’ E SVILUPPO DELLE IMPRESE,100,"Articolo 20, D.Lgvo n. 28 del 2010","Credito d'imposta commisurato all'indennità corrisposta ai soggetti abilitati a svolgere la mediazione con un massimo di 500 euro. In caso di insuccesso della mediazione, il credito d'imposta è ridotto della metà.",,A REGIME,CREDITO D'IMPOSTA,Effetti di trascurabile entità,"-4,69","-4,69",,,PERSONE FISICHE E GIURIDICHE,T,34
2020,11: COMPETITIVITA’ E SVILUPPO DELLE IMPRESE,101,"Art. 16 del D.Lgs. n. 147 del 2015, modificato dall'art. 1, comma 150, L. n. 232 del2016. Art. 3, comma 3-novies, D.L. n. 244 del2016, convertito, conmodificazioni, dalla L. n. 19 del 2017. Art. 8-bis, c.2 D.L. n.148/2017, convertito, con modificazioni dalla L.n. 172/2017; Art. 5 d.l. n. 34 del 2019; Art. 13-ter del D.L. n. 124 del 2019, convertito, con modificazioni, dalla L. n. 157 del 2019","Riduzione nella misura del 50 per cento dei redditi di lavoro dipendente e di lavoro autonomo prodotti inItalia. L'agevolazione spetta a decorrere dal periodo d'imposta del trasferimento della residenza inItalia e per i quattro periodi d’imposta successivi. Dal periodo d'imposta 2019 ai soggetti che a decorrere dal 30 aprile 2019 trasferiscono la residenza fiscale inItalia e risultano beneficiari del regime per ilavoratori impatriatidi cuiall'art. 16 del D.Lgs n.147 del 2015 l'agevolazione, estesa anche alle persone fisiche titolari di reddito d'impresa, consiste nella riduzione dell'imponibile nella misura del 70 per cento. Sono previste, inoltre, a determinate condizioni, ulteriori agevolazioni per il quinquennio successivo al primo. Riduzione nella misura del 50 per cento dei redditi di lavoro dipendente e di lavoro autonomo prodotti inItalia. L'agevolazione spetta a decorrere dal periodo d'imposta del trasferimento della residenza inItalia e per i quattro periodi d’imposta successivi. Dal periodo d'imposta 2019 ai soggetti che a decorrere dal 30 aprile 2019 trasferiscono la residenza fiscale inItalia e risultano beneficiari del regime per ilavoratori impatriatidi cuiall'art. 16 del D.Lgs n.147 del 2015 l'agevolazione, estesa anche alle persone fisiche titolari di reddito d'impresa, consiste nella riduzione dell'imponibile nella misura del 70 per cento. Sono previste, inoltre, a determinate condizioni, ulteriori agevolazioni per il quinquennio successivo al primo.",IRPEF,A REGIME,ESCLUSIONE,"-202,7","-216,6","-223,6",7.285,"27.817,6",PERSONE FISICHE,,34
2020,11: COMPETITIVITA’ E SVILUPPO DELLE IMPRESE,102,"Art. 74 della legge 22 ottobre 1971, n. 865",Imposta minima di registro e esenzione da imposta ipotecaria per i trasferimenti di proprietà o concessione del diritto di superficie relativi ad aree da destinare ad insediamenti produttivi,"IMPOSTE DI REGISTRO, DI BOLLO E IPOCASTATALI",A REGIME,RIDUZIONE DI ALIQUOTA,Non quantificabile,2022,2023,,,IMPRESE E SOCIETA',T,35
2020,11: COMPETITIVITA’ E SVILUPPO DELLE IMPRESE,103,"Art. 1, commi 8 e 12-13, legge n. 232 del 2016; art. 14 D.L. n. 91 del 2017. Art. 1, comma 29, della legge n. 205 del 2017. Art. 1 D.L. n. 34 del 2019. Art. 50 decreto- legge n 34/2020","Proroga super ammortamento (maggiorazione del costo acquisto del 40% - 30% dal 2018 - ai fini della determinazione delle quote di ammortamento) con esclusione delle autovetture. Per gli investimenti effettuati d d a if l fe 1 r ° ito ap d r a il l e 30 2 / 0 6 1 /2 9 0 fi a n l o 31 a / l 1 3 2 1 /20 di i c l e t m er b m re ine 20 p 1 e 9 r l l a a c m on a s g e g g i n o a ra d z e io l n b e en d e e s l tr c u o m st e o nt d a i le a , c il q c u u is i to ord è in p e ar e i ra al st 3 a 0 to % c . om È u s n t q a u to e accettato entro il 31/12/19 ed era stato pagato un acconto pari al 20%, al fine di ottenere il riconoscimento la maggiorazione delcosto ai finidel calcolo delle quote di ammortamento cd. “Superammortamento” di cuiall’art. 1 del D.L. n. 34/2019.",IRPEF/IRES,2019,DEDUZIONE,"-202,1","-147,0","-147,0",,,IMPRESE E SOCIETA',,35
2020,11: COMPETITIVITA’ E SVILUPPO DELLE IMPRESE,104,"Art. 1, commi 9-13, legge n. 232 del 2016; art. 14 D.L. n. 91 del 2017. Art. 1, comma 30, della legge n. 205 del 2017. Art. 1 commi 60-65 della legge n. 145 del 2018.","Proroga e ampliamento dell'iperammortamento (maggiorazione del 150% anzichè del 40%) per taluni investimenti altamente tecnologici in chiave industria 4,0 e introduzione del super ammortamento (maggiorazione del 40%) per i relativi software applicativi interconnessi. Per gli investimenti effettuati nel 2019 la maggiorazione si applica nella misura del 170% - 100% e 50% a seconda dell'importo dell'investimento effettuato; per i relativi software applicativi interconnessi.è confermata la maggiorazione del 40%.",IRPEF/IRES,2019,DEDUZIONE,"-809,6","-768,9","-606,6",,,IMPRESE E SOCIETA',,35
2020,11: COMPETITIVITA’ E SVILUPPO DELLE IMPRESE,105,"Art. 1, commi da 88 a 91, della legge 11 dicembre 2016, n. 232, come come modificato, da ultimo, dall'art. 1, comma 210, della legge 30 dicembre 2018, n. 145.","Agevolazione fiscale a favore delle casse previdenziali titolari di investimenti qualificati di cui all'articolo 1, comma 89, della legge 11 dicembre 2016, n. 232. Esenzione per i redditi di natura finanziaria prodotti dagli investimenti qualificati",IRES,A REGIME,ESENZIONE,"-37,7","-41,6","-41,6",,,SOGGETTI E CATEGORIE PARTICOLARI,,35
2020,11: COMPETITIVITA’ E SVILUPPO DELLE IMPRESE,106,"Art. 1, commi da 92 a 94, della legge 11 dicembre 2016, n. 232, come modificato, da ultimo, dall'art. 1, comma 210, della legge 30 dicembre 2018, n. 145.","Agevolazione fiscale a favore delle forme di previdenza complementare titolari di investimenti qualificati di cui all'articolo 1, comma 89, della legge 11 dicembre 2016, n. 232. Esenzione per i redditi di natura finanziaria prodotti dagli investimenti qualificati",IMPOSTA SOSTITUTIVA,A REGIME,ESENZIONE,"-37,7","-41,6","-41,6",,,SOGGETTI E CATEGORIE PARTICOLARI,,35
2020,11: COMPETITIVITA’ E SVILUPPO DELLE IMPRESE,107,"Art. 1, comma 95, della legge 11 dicembre 2016, n. 232. come modificato, da ultimo, dall'art. 1, comma 210, lett. d), della legge 30 dicembre 2018, n. 145.",Agevolazione fiscale a favore dei fondi pensione esteri istituiti negli Stati membri dell’Unione europea e negli Stati aderenti all’Accordo sullo spazio economico europeo inclusi nella white list. Esenzione per i redditi di natura finanziaria prodotti dagli investimenti qualificati,IRES,A REGIME,ESENZIONE,"-37,7","-41,6","-41,6",,,SOGGETTI E CATEGORIE PARTICOLARI,,35
2020,11: COMPETITIVITA’ E SVILUPPO DELLE IMPRESE,108,"Art. 1, commi da 100 a 114, della legge 11 dicembre 2016, n. 232, come modificato, da ultimo, dall'art. 13-bis del decreto-legge 26 ottobre 2019, n. 124.",Agevolazione in materia di piani individuali di risparmio a lungo termine. Esenzioneper i redditi di natura finanziaria prodotti dagli investimenti qualificati conferiti nei PIR,IRPEF,A REGIME,ESENZIONE,"-100,4","-103,0","-103,0",360.000,"-278,9",PERSONE FISICHE,,35
2020,11: COMPETITIVITA’ E SVILUPPO DELLE IMPRESE,109,"Art. 136 del decreto-legge 19 maggio 2020, n. 34.",Agevolazione in materia di piani individuali di risparmio a lungo termine dedicati alle piccole e medie imprese. Esenzione per i redditi di natura finanziaria prodotti dagli investimenti qualificati conferiti nei PIR-PMI.,IRPEF,A REGIME,ESENZIONE,"-50,0","-88,1","-132,6","75.000,0","-666,7",PERSONE FISICHE,,35
2020,11: COMPETITIVITA’ E SVILUPPO DELLE IMPRESE,110,"Art. 18, comma 3 del D.Lgs. n. 112 del 2017, modificato dall'art. 7, comma 1, lett. b) e lett. c) del D.Lgs n.95/2018","Detrazione del 30 per cento della somma investita dal contribuente nel capitale sociale di una o più società, incluse le società cooperative, che abbiano acquisito la qualifica di impresa sociale da non più di 5 anni. L'investimento massimo detraibile non può eccedere, in ciascun periodo d'imposta, l'importo di euro 1.000.000 e deve essere mantenuto per almeno cinque anni.",IRPEF,A REGIME,DETRAZIONE,"-1,8","-1,8","-1,8",,,PERSONE FISICHE,,35
2020,11: COMPETITIVITA’ E SVILUPPO DELLE IMPRESE,111,"Art. 57, comma 2, decreto-legge 24 aprile 2017, n. 50.","Agevolazione fiscale a favore delle casse previdenziali che investono nei piani individuali di risparmio di cui all'articolo 1, comma 102, della legge 11 dicembre 2016, n. 232.",IRPEF,A REGIME,ESENZIONE,"0,0","0,0","0,0",,,SOGGETTI E CATEGORIE PARTICOLARI,,35
2020,11: COMPETITIVITA’ E SVILUPPO DELLE IMPRESE,112,"Art. 136 del decreto-legge 19 maggio 2020, n. 34.",Agevolazione fiscale a favore delle casse previdenziali che investono nei piani di risparmio a lungo termine dedicati alle piccole e medie imprese. Esenzione per i redditi di natura finanziaria prodotti dagli investimenti qualificati conferiti nei PIR-PMI.,IRES,A REGIME,ESENZIONE,Stima ricompresa nella misura 109,"0,0","0,0",,,SOGGETTI E CATEGORIE PARTICOLARI,,35
2020,11: COMPETITIVITA’ E SVILUPPO DELLE IMPRESE,113,"Art. 57, comma 2, decreto-legge 24 aprile 2017, n. 50.","Agevolazione fiscale a favore delle forme di previdenza complementare che investono nei piani individuali di risparmio di cui all'articolo 1, comma 102, della legge 11 dicembre 2016, n. 232.",IMPOSTA SOSTITUTIVA,A REGIME,ESENZIONE,"0,0","0,0","0,0",,,SOGGETTI E CATEGORIE PARTICOLARI,,35
2020,11: COMPETITIVITA’ E SVILUPPO DELLE IMPRESE,114,"Art. 136 del decreto-legge 19 maggio 2020, n. 34.",Agevolazione a favore delle forme di previdenza complementare che investono nei piani individuali di risparmio a lungo termine dedicati alle piccole e medie imprese. Esenzione per i redditi di natura finanziaria prodotti dagli investimenti qualificati conferiti nei PIR-PMI. Agevolazione a favore delle forme di previdenza complementare che investono nei piani individuali di risparmio a lungo termine dedicati alle piccole e medie imprese. Esenzione per i redditi di natura finanziaria prodotti dagli investimenti qualificati conferiti nei PIR-PMI.,IMPOSTA SOSTITUTIVA,A REGIME,ESENZIONE,Stima ricompresa nella misura 109,"0,0","0,0",,,PERSONE FISICHE,,35
2020,11: COMPETITIVITA’ E SVILUPPO DELLE IMPRESE,115,Art. 136-bis. D.L. n. 34/2020 – Rivalutazione dei beni delle cooperative agricole,"La disposizione consente alle cooperative agricole e loro consorzi la possibilità di rivalutare i beni mobili e immobili, ai sensi dell'art. 1, comma 697 della legge n. 160 del 2019, senza assolvere le imposte sostitutive fino a concorrenza delle perdite fiscali pregresse riportate a nuovo nel limite del 70% del loro ammontare. Tali perdite non potranno più essere utilizzate in diminuzione del reddito ai sensi dell'articolo 84 del TUIR. L’efficacia della misura è subordinata all’autorizzazione della Commissione europea.",IMPOSTA SOSTITUTIVA,2019,RIDUZIONE DI IMPOSTA,"-2,3","-2,7","-1,2",,,COOPERATIVE AGRICOLE,,36
2020,11: COMPETITIVITA’ E SVILUPPO DELLE IMPRESE,116,"Art. 57-bis del DL n. 50/2017; Art. 4 del DL n. 148/2017; Art. 1, c. 762, L n. 145/2018; Art. 3-bis DL n. 59/2019; Art. 98, comma 1, DL n. 18/2020; Art. 186 DL n. 34/2020",Credito d'imposta investimenti pubblicitari incrementali sulla stampa quotidiana e periodica e sulle emittenti televisive e radiofoniche locali (nel rispetto del de minimis) utilizzabile esclusivamente in compensazione,,A REGIME,CREDITO D'IMPOSTA,"-43,4","-43,4","-43,4",3.511,"-12.364,1",PERSONE FISICHE E GIURIDICHE,,36
2020,11: COMPETITIVITA’ E SVILUPPO DELLE IMPRESE,117,Art. 7 del D.L. n. 99/2017,"Trattamento tributario delle operazioni poste in essere nell’ambito della liquidazione coatta amministrativa di Banca Popolare di Vicenza S.p.A. e di Veneto Banca S.p.A. La disposizione consente l'tilizzo da parte del cessionario, dei crediti d’imposta generati dalla trasformazione delle imposte differite attive (DTA), ai sensi dell’articolo 2, commi 55-56-ter, del DL n. 225/2010. Inoltre, viene assicurato al cedente e al cessionario la neutralità fiscale dell’operazione prevedendo, altresì, la continuità fiscale per quei componenti negativi o positivi di reddito la cui deducibilità/tassazione è sospesa in virtù dell’applicazione di norme fiscali nonché il trasferimento al cessionario dei diritti relativi all’utilizzo delle perdite. Viene prevista, infine, l’irrilevanza fiscale dei finanziamenti dello Stato.",IRES/IRAP,A REGIME,ALTRO,Effetti di trascurabile entità,"-43,4","-43,4",,,BANCHE E ASSICURAZIONI,,36
2020,11: COMPETITIVITA’ E SVILUPPO DELLE IMPRESE,118,"Art. 1, c. 46-56, della L n. 205/2017, prorogato con talune modifiche art. 1, c. 78-81, L n. 145/2018 - DM 04/05/2018 - nonché dall'art. 1, commi da 210 a 217, L n. 160/2019","Credito d'imposta per le spese di formazione nel settore delle tecnologie 4.0, riconosciuto nel rispetto del Reg. U M E E F 6 5 e 1 M /20 L 1 P 4 S (art. 31) utilizzabile esclusivamente in compensazione, attuato con decreto del MISE di concerto",,2020,CREDITO D'IMPOSTA,"-150,0","0,0","0,0",,,IMPRESE E SOCIETA',,36
2020,11: COMPETITIVITA’ E SVILUPPO DELLE IMPRESE,119,"Art. 1, c. 89-92, della L n. 205/2017 - D.M. 23/04/2018","Credito d'imposta per le spese di consulenza relative alla quotazione delle PMI, concesso nel rispetto del Reg. UE 651/2014 (art. 18) utilizzabile esclusivamente in compensazione, attuato con decreto del MISE di concerto MEF",,2020,CREDITO D'IMPOSTA,"-30,0","0,0","0,0",,,IMPRESE E SOCIETA',,36
2020,11: COMPETITIVITA’ E SVILUPPO DELLE IMPRESE,120,"Art. 1, co. 502-503, legge n. 205/2017","Ai fini delle imposte dirette, all’attività enoturistica si applicano le medesime disposizioni dell’agriturismo di cui all’art. 5, comma 1, della legge n. 413/1991 sull’agriturismo. Quindi, per quanto concerne le imposte dirette, i soggetti - diversi da società di capitali ed enti commerciali (art. 73 co. 1, lett. a) e b) del Tuir) - determinano il reddito imponibile applicando all'ammontare dei ricavi conseguiti con l'esercizio di tale attività, al netto dell’Iva, il coefficiente di redditività del 25%.",IRPEF/IRES,A REGIME,ALTRO,"-1,1","-1,1","-1,1",,,PERSONE FISICHE E GIURIDICHE,,36
2020,11: COMPETITIVITA’ E SVILUPPO DELLE IMPRESE,121,"Articolo 24-ter del TUA, introdotto dall'art. 4-ter, comma 1, lett. f) del D.L. 22 ottobre 2016, n. 193, convertito, con modificazioni, dalla L. 1° dicembre 2016, n. 225 e successivamente modificato dall'articolo 1, comma 630, della Legge 27 dicembre 2019, n. 160 (Legge di Bilancio 2020).","Riduzione di accisa sul gasolio impiegato come carburante per l'autotrasporto merci ed altre categorie di trasporto passeggeri. (L'agevolazione deve intendersi come prosecuzione dell'art. 6, c. 2, D. Lgs 26/2007). Con la modifica apportata all'articolo 24-ter dalla predetta Legge di Bilancio 2020 sono esclusi dal predetto beneficio, con decorrenza 1° ottobre 2020, anche i veicoli appartententi alla categoria euro 3 e, a decorrere dal 1° gennaio 2021, anche i veicoli di categoria euro 4.",ACCISA,A REGIME,RIDUZIONE DI ALIQUOTA,"-1.361,8","-1.361,8","-1.361,8",,,SOGGETTI E CATEGORIE PARTICOLARI,T,36
2020,11: COMPETITIVITA’ E SVILUPPO DELLE IMPRESE,122,"Articolo 35, comma 3-bis, TUA (Comma sostituito dall'art. 1, comma 690, lett. a), L. 30 dicembre 2018, n. 145, a decorrere dal 1° gennaio 2019)","Riduzione del 40 per cento dell’aliquota di accisa sulla birra prodotta nei birrifici di cui all’articolo 2, comma 4- bis, della legge 16 agosto 1962, n. 1354, aventi una produzione annua non superiore a 10'000 ettolitri.",ACCISA,A REGIME,RIDUZIONE DI ALIQUOTA,"-9,64","-9,64","-9,64",,,SOGGETTI E CATEGORIE PARTICOLARI,,36
2020,11: COMPETITIVITA’ E SVILUPPO DELLE IMPRESE,123,"Tabella A, punto 9, TUA (numero sostituito dall'art. 4-ter, comma 1, lett. o), n. 2), D.L. 22 ottobre 2016, n. 193, convertito, con modificazioni, dalla L. 1° dicembre 2016, n. 225)","R pr i o d d u u z z io io n n e e a d l i 3 f 0 o % rz a d e m ll o 'a t l r iq ic u e o c ta o n d i m a o c t c o is ri a f s is u s i i p , r u o ti d li o z t z ti a t e i n a e l r l g 'in e t t e ic r i n o d i d ve i r d s e i l d im al i t g a a ti s s n ta a b tu il r i a m le e n im ti p in ie d g u a s t t i r i p a e li r , l a a g ricolo- industriali, laboratori, cantieri di ricerche di idrocarburi e di forze endogene e cantieri di costruzione e azionamento di macchine impiegate nei porti, non ammesse alla circolazione su strada, destinate alla movimentazione di merci per operazioni di trasbordo R pr i o d d u u z z io io n n e e a d l i 3 f 0 o % rz a d e m ll o 'a t l r iq ic u e o c ta o n d i m a o c t c o is ri a f s is u s i i p , r u o ti d li o z t z ti a t e i n a e l r l g 'in e t t e ic r i n o d i d ve i r d s e i l d im al i t g a a ti s s n ta a b tu il r i a m le e n im ti p in ie d g u a s t t i r i p a e li r , l a a g ricolo- industriali, laboratori, cantieri di ricerche di idrocarburi e di forze endogene e cantieri di costruzione e azionamento di macchine impiegate nei porti, non ammesse alla circolazione su strada, destinate alla movimentazione di merci per operazioni di trasbordo",ACCISA,A REGIME,RIDUZIONE DI ALIQUOTA,Non quantificabile,"-9,64","-9,64",,,SOGGETTI E CATEGORIE PARTICOLARI,T,36
2020,11: COMPETITIVITA’ E SVILUPPO DELLE IMPRESE,124,"Articolo 1, commi 940-948, legge 145 del 2018","Rivalutazione beni d'impresa. Le società di capitali e enti commerciali che non adoperano gli IAS, possono rivalutare: - i beni d’impresa; - le partecipazioni immobilizzate, ad esclusione degli immobili costituenti magazzino, risultanti dal bilancio dell’esercizio in corso al 31/12/2017. La rivalutazione deve essere eseguita nel bilancio o rendiconto dell’esercizio successivo a quello in corso alla data del 31 dicembre 2017 per il quale il termine di approvazione scada successivamente al 1° gennaio 2018. La rivalutazione deve riguardare tutti i beni appartenenti alla stessa categoria omogenea e deve essere annotata nel relativo inventario e nella nota integrativa. La riserva da rivalutazione può essere affrancata con il pagamento di una imposta sostitutiva delle imposte sui redditi e Irap pari al 10%. La rivalutazione si considera riconosciuta ai fini delle imposte sui redditi e dell’Irap a decorrere dal 3° esercizio successivo a quello con riferimento al quale la rivalutazione è stata eseguita, mediante il versamento di un’imposta sostitutiva: del 16% per i beni ammortizzabili; del 12 % per i beni non ammortizzabili.",IRPEF/IRES,2019,RIDUZIONE DI IMPOSTA,"-2,5","-8,4","0,0",,,IMPRESE E SOCIETA',,37
2020,11: COMPETITIVITA’ E SVILUPPO DELLE IMPRESE,125,Articolo 9 del D.L. n. 34 del 2019,I maggiori o i minori valori derivanti dall'attuazione di specifiche previsioni contrattuali che determinano svalutazioni del valore nominale di strumenti finanziari con determinate caratteristiche ovvero la loro conversione in azioni non concorrono alla formazione del reddito dei soggetti emittenti (AT1),IRES/IRAP,A REGIME,ESENZIONE,"0,0","0,0","0,0",,,IMPRESE E SOCIETA',,37
2020,11: COMPETITIVITA’ E SVILUPPO DELLE IMPRESE,126,Articolo 11 del D.L. n. 34 del 2019,"Le operazioni di aggregazione tra imprese sono agevolate: in particolare per fusioni e scissioni è previsto il riconoscimento fiscale gratuito del disavanzo da concambio, per i conferimenti di azienda è previsto il riconoscimento fiscale gratuito del maggior valore iscritto dalla conferitaria.",IRES/IRAP,2022,DEDUZIONE,"-20,2","-25,5","-29,1",,,IMPRESE E SOCIETA',,37
2020,11: COMPETITIVITA’ E SVILUPPO DELLE IMPRESE,127,"Art. 53 bis, comma 1, D.L. 26.10.2019, n. 124, così come inserito dall'allegato alla legge di conversione, L. 19.12.2019, n. 157","Riduzione di aliquota al 5%, tabella A, parte II-bis, punto 1-quinquies), prodotti per la protezione dell'igiene femminile compostabili secondo la norma UNI EN 13432:2002 o lavabili; coppette mestruali",IVA,2020,RIDUZIONE DI ALIQUOTA,"-9,6","-9,6","-9,6",,,PERSONE FISICHE,,37
2020,11: COMPETITIVITA’ E SVILUPPO DELLE IMPRESE,128,"Art. 53 bis, D.L. 26.10.2019, n. 124, così come inserito dall'allegato alla legge di conversione, L. 19.12.2019, n. 157","Riduzione di aliquota al 4%, Tabella A, parte II, punto 31), autoveicoli di cui all'art. 54, comma 1, lettere a), c) ed f) dello stesso decreto, di cilindrata fino a 2.000 centimetri cubici se con motore a benzina o ibrido, a 2.800 centimetri cubici se con motore diesel o ibrido e di potenza non superiore a 150kW se con motore elettrico.",IVA,2020,RIDUZIONE DI ALIQUOTA,"-4,9","-4,9","-4,9",,,PERSONE FISICHE,,37
2020,11: COMPETITIVITA’ E SVILUPPO DELLE IMPRESE,129,"Art. 1, commi da 185 a 197, L n. 160/2019",Credito d'imposta per investimenti in beni strumentali nuovi. Il credito d’imposta previsto in relazione agli investimenti in beni diversi da quelli elencati negli allegati A (beni materiali funzionali alla trasformazione tecnologica e digitale delle imprese secondo il modello “Industria 4.0”) e B (beni immateriali connessi a investimenti in beni materiali “Industria 4.0”) alla legge n. 232 del 2016 spetta anche agli esercenti arti e professioni.,,2020,CREDITO D'IMPOSTA,"-1.065,6","-1.332,0","-1.332,0",,,IMPRESE E LAVORATORI AUTONOMI,,37
2020,11: COMPETITIVITA’ E SVILUPPO DELLE IMPRESE,130,"Art. 65, DL n. 18/2020","Credito d'imposta per botteghe e negozi pari al 60% dell'ammontare del canone di locazione, relativo al mese di marzo, per immobili C/1. Ai sensi dell'articolo 122 del DL n. 34/2020 i soggetti beneficiari dei crediti d’imposta derivanti da tale disposizione- introdotta per fronteggiare l’emergenza da coronavirus - fino al 31 dicembre 2021, in via sperimentale, hanno la possibilità di optare, in luogo dell’utilizzo diretto, per la cessione, anche parziale, degli stessi a soggetti terzi, compresi istituti di credito e altri intermediari finanziari. I cessionari potranno utilizzare il credito anche in compensazione; la quota non fruita nell’anno non è sfruttabile negli anni successivi e non può essere richiesta a rimborso. La cessione può essere effettuata anche nei confronti del locatore o concedente, a fronte di uno sconto di pari ammontare sul canone da versare.",,2020,CREDITO D'IMPOSTA,"0,0","0,0","0,0",,,IMPRESE,,37
2020,11: COMPETITIVITA’ E SVILUPPO DELLE IMPRESE,131,"Art. 26, commi 4-7, DL n. 34/2020","Nell'ambito del rafforzamento patrimoniale delle imprese di medie dimensioni, i commi 4-7 prevedono un Credito d'imposta per gli aumenti di capitale sociale pari al 20%, da calcolare su un investimento massimo di € 2 milioni. La misura cumulabile con quella di cui ai commi 8 e 9 è subordinata all'autorizzazione ai sensi dell'articolo 108, comma 3 del TFUE. Nell'ambito del rafforzamento patrimoniale delle imprese di medie dimensioni, i commi 4-7 prevedono un Credito d'imposta per gli aumenti di capitale sociale pari al 20%, da calcolare su un investimento massimo di € 2 milioni. La misura cumulabile con quella di cui ai commi 8 e 9 è subordinata all'autorizzazione ai sensi dell'articolo 108, comma 3 del TFUE.",,2020,CREDITO D'IMPOSTA,"-2.000,0","0,0","0,0",,,PERSONE FISICHE E GIURIDICHE,,37
2020,11: COMPETITIVITA’ E SVILUPPO DELLE IMPRESE,132,"Art. 26, commi 8 e 9, DL n. 34/2020","Nell'ambito del rafforzamento patrimoniale delle imprese di medie dimensioni, i commi 8 e 9 prevedono un Credito d'imposta commisurato alle perdite della società pari al 50%. Possono accedere al credito d'imposta su perdite registrate nel 2020 di cui al comma 8 (e al Fondo Patrimonio PMI di cui al comma 12) anche le società in concordato preventivo con continuità aziendale, nel caso in cui l'omologa sia già emessa e che si trovino in situazione di regolarità contributiva e fiscale all'interno di piani di rientro e rateizzazione già esistenti alla data di entrata in vigore del decreto-legge in esame. La misura cumulabile con quella di cui ai commi 4-7 è subordinata all'autorizzazione ai sensi dell'articolo 108, comma 3 del TFUE.",,2020,CREDITO D'IMPOSTA,Stima ricompresa nella misura 131,2022,2023,,,SOCIETA',,38
2020,11: COMPETITIVITA’ E SVILUPPO DELLE IMPRESE,133,"Art. 28, DL n. 34/2020","Credito d’imposta pari al 60% del canone di locazione versato per i mesi di marzo, aprile e maggio 2020, relativo ad immobili non abitativi destinati all’esercizio dell’attività d’impresa, anche agricola e, di lavoro autonomo. Il credito d’imposta, inoltre, spetta nella misura del 30% dei relativi canoni in caso di contratti di servizi a prestazioni complesse o di affitto d’azienda. Il credito d’imposta spetta anche alle imprese esercenti attività di commercio al dettaglio con ricavi o compensi superiori a 5 milioni di euro, nel periodo d'imposta precedente a quello in corso alla data di entrata in vigore del decreto-legge in esame rispettivamente nella misura del 20% (rispetto al 60%) e del 10% (rispetto al 30%). Il credito d'imposta può essere ceduto al locatore, in luogo del pagamento della corrispondente parte del canone, purché il locatore vi abbia previamente acconsentito. Ai sensi dell'articolo 122 del DL n. 34/2020 i soggetti beneficiari dei crediti d’imposta derivanti da tale disposizione, fino al 31 dicembre 2021, in via sperimentale, hanno la possibilità di optare, in luogo dell’utilizzo diretto, per la cessione, anche parziale, degli stessi a soggetti terzi, compresi istituti di credito e altri intermediari finanziari. I cessionari potranno utilizzare il credito anche in compensazione; la quota non fruita nell’anno non è sfruttabile negli anni successivi e non può essere richiesta a rimborso. La cessione può essere effettuata anche nei confronti del locatore o concedente, a fronte di uno sconto di pari ammontare sul canone da versare.",,2020,CREDITO D'IMPOSTA,"0,0","0,0","0,0",,,"IMPRESE, LAVORATORI AUTONOMI, ENC",,38
2020,11: COMPETITIVITA’ E SVILUPPO DELLE IMPRESE,134,Art. 188 DL n. 34/2020,"Credito d’imposta per l’acquisto della carta dei giornali pari all'8% delle spese sostenute nel 2019. Si applicano le disposizioni contenute nell’articolo 4, commi 182-186, legge n. 350 del 2003, e nel relativo regolamento (Dpcm n. 318 del 2004). Il bonus non è cumulabile con il contributo diretto alle imprese editrici di quotidiani e periodici (articolo 2, commi 1 e 2, della legge n. 198 del 2016, e del decreto legislativo n. 70 del 2017).",,2020,CREDITO D'IMPOSTA,"0,0","0,0","0,0",,,SOGGETTI E CATEGORIE PARTICOLARI,,38
2020,11: COMPETITIVITA’ E SVILUPPO DELLE IMPRESE,135,Art. 190 DL n. 34/2020,"Credito d'imposta del 30% in favore delle imprese editrici di quotidiani e di periodici con almeno un dipendente a tempo indeterminato, che acquisiscono servizi di server, hosting e banda larga per le testate edite in formato digitale e per information technology di gestione della connettività con riferimento alle spese sostenute nel 2020 in tale ambito (de minimis).",,2020,CREDITO D'IMPOSTA,"0,0","0,0","0,0",,,SOGGETTI E CATEGORIE PARTICOLARI,,38
2020,11: COMPETITIVITA’ E SVILUPPO DELLE IMPRESE,136,Art. 187 DL n. 34/2020,"Relativamente al regime di forfettizzazione delle rese dei giornali, la disposizione prevede che, limitatamente all’ anno 2020, per il commercio di giornali quotidiani e di periodici e dei relativi supporti integrativi, l’imposta sul valore aggiunto di cui all’ articolo 74, comma 1, lettera c), del decreto del Presidente della Repubblica 26 ottobre 1972, n. 633, può applicarsi, in deroga alla suddetta disposizione, in relazione al numero delle copie consegnate o spedite, diminuito a titolo di forfetizzazione della resa del 95 per cento per i giornali quotidiani e periodici, esclusi quelli pornografici e quelli ceduti unitamente a beni diversi dai supporti integrativi.",IVA,2020,REGIME FORFETARIO,"0,0","0,0","0,0",,,IMPRESE,,38
2020,11: COMPETITIVITA’ E SVILUPPO DELLE IMPRESE,137,"Art. 1, comma 445, Legge 27 dicembre 2019, n. 160","In materia di cartolarizzazione di crediti deteriorati da parte di banche e intermediari finanziari applicazione delle imposte di registro, ipotecaria e catastale in misura fissa (in luogo della misura proporzionale) agli atti di trasferimento o di garanzia sui beni immobili acquistati dalle società veicolo. Il beneficio fiscale si applica a condizione che la società veicolo acquirente dichiari, nel relativo atto, che intende trasferirli entro cinque anni dalla data di acquisto a soggetti che svolgono attività d’impresa. In materia di cartolarizzazione di crediti deteriorati da parte di banche e intermediari finanziari applicazione delle imposte di registro, ipotecaria e catastale in misura fissa (in luogo della misura proporzionale) agli atti di trasferimento o di garanzia sui beni immobili acquistati dalle società veicolo. Il beneficio fiscale si applica a condizione che la società veicolo acquirente dichiari, nel relativo atto, che intende trasferirli entro cinque anni dalla data di acquisto a soggetti che svolgono attività d’impresa.","IMPOSTE DI REGISTRO, IPOTECARIA E CATASTALE",A REGIME,IMPOSTA IN MISURA FISSA,"0,0","0,0","0,0",,,SOGGETTI E CATEGORIE PARTICOLARI,,38
2020,11: COMPETITIVITA’ E SVILUPPO DELLE IMPRESE,138,"Articolo 1, commi 696-704, legge 160 del 2019. Art. 12- ter decreto-legge 8 aprile 2020, n. 23 convertito con la Legge 5 giugno 2020, n. 40","La disposizione consente alle imprese: a) la rivalutazione dei beni d’impresa e delle partecipazioni, b) il riallineamento dei valori fiscali dei beni a quelli di bilancio. La rivalutazione va effettuata nel bilancio 2019 e deve riguardare tutti ibeni risultantidal bilancio al 31 dicembre 2018 appartenenti alla stessa categoria omogenea. Il maggior valore dei beni è riconosciuto ai fini fiscali a partire dal 3° esercizio successivo a quello della rivalutazione (in generale, dal 2022) tramite il versamento di un’imposta sostitutiva determinata nelle seguenti misure: - 12% per i beni ammortizzabili; - 10% per i beni non ammortizzabili. Limitatamente agli immobili, il maggior valore è riconosciuto ai fini fiscali dal periodo d’imposta in corso all’1 dicembre 2021. È possibile l’affrancamento, anche parziale, della riserva di rivalutazione mediante il pagamento di un’imposta sostitutiva ai fini IRES/IRAP in misura pari al 10%. L'articolo 12-ter del DL 23 del 2020 ha previsto che la rivalutazione dei beni d'impresa può essere effettuata nel bilancio dell'esercizio successivo a quello in corso al 31/12/19, al 31/12/20 o al 31/12/21. I maggiori valori iscritti in bilancio per i beni immobili si considerano riconosciuti, rispettivamente, con effetto dalperiodo diimposta incorso alla data del1/12/22 del 1/12/23 o del 1/12/24.",IMPOSTA SOSTITUTIVA,"2019, 2020, 2021 e 2022",RIDUZIONE DI IMPOSTA,"-2,0","-6,9","-6,9",,,IMPRESE E SOCIETA',,39
2020,11: COMPETITIVITA’ E SVILUPPO DELLE IMPRESE,139,"Art. 6 – bis decreto-legge 8 aprile 2020, n. 23 convertito con la Legge 5 giugno 2020, n. 40","Società di capitali ed enti commerciali di cui all'art. 73, co. 1, lett. a) e b), del Tuir che operano nei settori alberghiero e termale possono, rivalutare i beni di impresa e le partecipazioni, ad esclusione degli immobili alla cui produzione o al cui scambio è diretta l'attività di impresa, risultanti dal bilancio dell'esercizio in corso al 31/12/19, sul modello della rivalutazione disciplinata dall’art. 1, commi da 696 a 704, della legge n. 160 del 2019 (legge di bilancio 2020). La rivalutazione deve essere eseguita in uno o entrambi i bilanci o rendiconti relativi ai 2 esercizi successivi a quello in corso al 31/12/19 (2020 e 2021). Sui maggiori valori dei beni e delle partecipazioni iscritti in bilancio non è dovuta alcuna imposta sostitutiva o altra imposta. Il maggior valore attribuito ai beni e alle partecipazioni si considera riconosciuto, ai fini Ires e Irap, a decorrere dall'esercizio nel cui bilancio la rivalutazione è eseguita.",IMPOSTA SOSTITUTIVA,2020 e 2021,RIDUZIONE DI IMPOSTA,"-0,9","-2,6","-1,8",,,SOCIETA',,39
2020,11: COMPETITIVITA’ E SVILUPPO DELLE IMPRESE,140,"Articolo 1, comma 690, della legge n. 160 del 2019","Estromissione agevolata immobili strumentali dell'imprenditore individuale: entro il 31 maggio 2020 gli imprenditori individuali potranno estromettere in regime agevolato tutti gli immobili strumentali posseduti al 31 ottobre 2019, pagando un'imposta sostitutiva dell’Irpef e dell’Irap dell'8%.",IMPOSTA SOSTITUTIVA,2020,RIDUZIONE DI IMPOSTA,"5,1","-2,4","-3,1",,,IMPRESE,,39
2020,11: COMPETITIVITA’ E SVILUPPO DELLE IMPRESE,141,"Art. 1, comma 225, della legge n. 160 del 2019","È introdotto un regime di determinazione forfetario del reddito d’impresa degli imprenditori florovivaistici derivante dall’attività di commercializzazione di piante vive e prodotti della floricoltura acquistate da altri imprenditori agricoli florovivaistici, nei limiti del 10% del loro volume di affari. Il reddito si determina applicando all’ammontare dei corrispettivi il coefficiente di redditività del 5 per cento",IRES,A REGIME,RIDUZIONE DI IMPOSTA,"-4,1","-2,4","-2,4",,,IMPRESE,,39
2020,11: COMPETITIVITA’ E SVILUPPO DELLE IMPRESE,142,"Art. 1, comma 514, della legge n. 160 del 2019","All’attività oleoturistica, ai fini delle imposte dirette, si applicano le disposizioni sull’agriturismo di cui all’articolo 5, comma 1, della legge n. 413/1991, che prevedono la determinazione del reddito imponibile inbase all’applicazione del coefficiente di redditività del 25% all’ammontare dei ricavi conseguiti nell’esercizio di tale attività, al netto dell’Iva.",IRPEF,A REGIME,RIDUZIONE DI IMPOSTA,"-2,19","-1,28","-1,28",,,IMPRESE,,39
2020,11: COMPETITIVITA’ E SVILUPPO DELLE IMPRESE,143,"Art. 48-bis, DL n. 34/2020","Credito d’imposta, parial 30% del valore delle rimanenze finali dimagazzino che eccede la media delmedesimo valore registrato nei tre periodi d’imposta precedenti a quello incorso al 10 marzo 2020, riconosciuto aisoggetti esercenti attività d’impresa che operano nell'industria del tessile e della moda, del calzaturiero e della pelletteria (TMA), nel rispetto dei limiti e delle condizioni previsti dal quadro normativo dell’Unione Europea sugli aiuti di Stato.",,2021,CREDITO D'IMPOSTA,"-45,0","0,0","0,0",,,SOGGETTI E CATEGORIE PARTICOLARI,,39
2020,13: DIRITTO ALLA MOBILITA' E SVILUPPO DEI SISTEMI DI TRASPORTO,144,"Tabella A, punto 4, TUA",Carburanti per i trasporti ferroviari di passeggeri e merci - applicazione di un'aliquota pari al 30% di quella normale,ACCISA,A REGIME,RIDUZIONE DI ALIQUOTA,"-25,8","-25,8","-25,8",,,SOGGETTI E CATEGORIE PARTICOLARI,T,39
2020,13: DIRITTO ALLA MOBILITA' E SVILUPPO DEI SISTEMI DI TRASPORTO,145,"Tabella A, punto 8, TUA",Riduzione dell'accisa sui carburanti per le prove sperimentali e collaudo di motori di aviazione e marina,ACCISA,A REGIME,RIDUZIONE DI ALIQUOTA,"-0,5","-0,5","-0,5",,,SOGGETTI E CATEGORIE PARTICOLARI,T,39
2020,13: DIRITTO ALLA MOBILITA' E SVILUPPO DEI SISTEMI DI TRASPORTO,146,"Tabella A, punto 12, TUA",Riduzione dell'accisa sui carburanti per i Taxi Riduzione dell'accisa sui carburanti per i Taxi,ACCISA,A REGIME,RIDUZIONE DI ALIQUOTA,"-11,4","-11,4","-11,4",,,SOGGETTI E CATEGORIE PARTICOLARI,T,39
2020,13: DIRITTO ALLA MOBILITA' E SVILUPPO DEI SISTEMI DI TRASPORTO,147,"Art. 74, comma 1, lett. e), del D.P.R. n. 633/72",Regime speciale monofase per i documenti di viaggio per il trasporto pubblico urbano,IVA,A REGIME,REGIME SPECIALE,Non quantificabile,2022,2023,,,SOGGETTI E CATEGORIE PARTICOLARI,T,40
2020,13: DIRITTO ALLA MOBILITA' E SVILUPPO DEI SISTEMI DI TRASPORTO,148,"Art. 9, n. 1, del D.P.R. 633/72",Trasporti internazionali di persone. Non imponibilità con diritto alla detrazione a monte,IVA,A REGIME,REGIME SPECIALE,"-7,2","-7,2","-7,2",,,PERSONE FISICHE,T,40
2020,13: DIRITTO ALLA MOBILITA' E SVILUPPO DEI SISTEMI DI TRASPORTO,149,"Art. 10, primo comma, n. 14), d.P.R. 633/1972",Esenzione delle prestazioni di trasporto urbano di persone effettuate mediante taxi. Esenzione con pro rata di detraibilità a monte,IVA,A REGIME,REGIME SPECIALE,"-20,0","-20,0","-20,0",8.262,"-2.420,7",SOGGETTI E CATEGORIE PARTICOLARI,T,40
2020,16: COMMERCIO INTERNAZIONALE ED INTERNAZIONALIZZAZIONE DEL SISTEMA PRODUTTIVO,150,"Art. 49 del DL n. 34/2019; Art. 1, comma 300, L n. 160/2019; Art. 12-bis, DL n. 23/2020; Art. 46-bis, DL n. 34/2020",Credito d'imposta per la partecipazione di PMI a fiere internazionali (nel de minimis). Per l'anno 2020 il credito d'imposta spetta anche per le spese sostenute dalle imprese per la partecipazione a fiere e manifestazioni commerciali all'estero che siano state disdette in ragione dell'emergenza legata alla situazione epidemiologica da COVID-19,,2019 e 2020,CREDITO D'IMPOSTA,"-5,0","0,0","0,0",,,IMPRESE E SOCIETA',,40
2020,17: RICERCA E INNOVAZIONE,151,"Art. 54, comma 8, primo periodo TUIR","Deduzione forfetaria del 25% per i redditi derivanti dalla utilizzazione economica, da parte dell'autore o inventore, di opere dell'ingegno, di brevetti industriali e di processi, formule o informazioni relativi ad esperienze acquisite in campo industriale, commerciale o scientifico, se non sono conseguiti nell'esercizio di imprese commerciali. La deduzione è elevata al 40% se il percettore non ha superato i 35 anni di età",IRPEF,A REGIME,DEDUZIONE,"-56,9","-56,9","-56,9",98.708,"-576,3",PERSONE FISICHE,T,40
2020,17: RICERCA E INNOVAZIONE,152,"Art. 1, comma 353, della Legge n. 266/2005, DPCM 31 ottobre 2016","Integrale deducibilità dei fondi trasferiti per il finanziamento della ricerca, a titolo di contributo o liberalità",IRES,A REGIME,DEDUZIONE,"-28,4","-28,4","-28,4",84,"-338.053,8",PERSONE GIURIDICHE,T,40
2020,17: RICERCA E INNOVAZIONE,153,"Art. 1, co. da 37 a 45 legge n. 190/2014; Art. 5, D.L. del 24/1/15, n. 3 - Art. 1, co. 148 della legge n. 208/2015 - Art. 56, D.L. n. 50 del 2017; Art. 4 D.L. n. 34 del 2019","Patent Box. Tassazione agevolata per i redditi derivanti dall’utilizzo di: software protetto da copyright; brevetti industriali; disegni e modelli; processi, formule e informazioni relativi ad esperienze acquisite nel campo industriale, commerciale o scientifico giuridicamente tutelabili. Il regime è valevole per 5 esercizi sociali in base a opzione irrevocabile. Esclusione dal reddito del 50% (a regime) dei redditi derivanti dall'utilizzo di alcuni beni immateriali. DL 50/2017 Esclusione dei marchi d’impresa dal gruppo dai beni agevolabili con la cd. Patent box. Sono, invece, agevolabili anche i redditi derivanti dall’utilizzo congiunto di beni immateriali, legati da vincoli di complementarietà, ai fini della realizzazione di un prodotto o di una famiglia di prodotti o di un processo o di un gruppo di processi. Le nuove disposizioni si applicano a partire dal 3° periodo d’imposta successivo a quello in corso al 31/12/14 (in linea generale dal 2017). Conserva i benefici patent box secondo la disciplina originaria (dunque anche per i marchi) - per tutto il quinquennio di validità delle stesse e, comunque, non oltre il 30/6/21 - chi ha esercitato l’opzione per i primi 2 periodi d'imposta di applicazione dell’agevolazione (2015 e 2016). A decorrere dal 2019 è prevista la possibilità di optare per l'autodeterminazione del reddito agevolabile da ripartire in tre quote annuali di pari importo.",IRPEF/IRES,A REGIME,DEDUZIONE,"-829,2","-829,2","-829,2",1.123,"-738.390,0",IMPRESE E SOCIETA',T,40
2020,17: RICERCA E INNOVAZIONE,154,"Art. 1, commi da 198 a 209, L n. 160/2019","Credito d'imposta per investimenti in ricerca e sviluppo, innovazione tecnologica e altre attività innovative per la competitività delle imprese",,2020,CREDITO D'IMPOSTA,"-245,7","-245,7","-245,7",,,IMPRESE E SOCIETA',,40
2020,17: RICERCA E INNOVAZIONE,155,"Art. 25, cc. 4-duodecies e ss DL n. 162/2019","Contributo, nella forma di credito d'imposta ai policlinici universitari non costituiti in azienda, nell'ambito delle attività istituzionali esercitate non in regime d'impresa, per gli anni dal 2020 al 2023, finalizzato a promuovere le attività di ricerca scientifica e a favorire la stabilizzazione di figure professionali nell'ambito clinico e della ricerca, attraverso l'instaurazione di rapporti di lavoro a tempo indeterminato presso le strutture sanitarie che svolgono attività di ricerca e didattiche. Il contributo, pari a 5 milioni di euro per il 2020 e di 10 milioni di euro per ciascuno degli anni dal 2021 al 2023, è subordinato alla condizione che tali enti si avvalgano di personale assunto a tempo indeterminato in misura non inferiore all'85% del personale in servizio.",,2023,CREDITO D'IMPOSTA,"-10,0","-10,0","-10,0",,,ASSOCIAZIONI ENTI NO PROFIT ONLUS,,40
2020,17: RICERCA E INNOVAZIONE,156,Art. 244 DL n. 34/2020,"Credito d’imposta per gli investimenti in attività di ricerca e sviluppo (di cui all’articolo 1, comma 200, della legge n. 160 del 2019), inclusi i progetti di ricerca e sviluppo in materia di Covid-19, per le imprese operanti nel Mezzogiorno (Abruzzo, Basilicata, Calabria, Campania, Molise, Puglia, Sardegna e Sicilia), e nelle regioni Lazio, Marche e Umbria, colpite dagli eventi sismici del 24 agosto, del 26 e del 30 ottobre 2016 e del 18 gennaio 2017, maggiorato (dal 12) al 25% per le grandi imprese, al 35% per le medie imprese e al 45% per le piccole imprese. La misura si applica nel rispetto dei limiti e delle condizioni di cui al regolamento (UE) n. 651/2014, e in particolare dell’articolo 25.",,2020,CREDITO D'IMPOSTA,"-64,2","-64,2","-64,2",,,IMPRESE E SOCIETA',,40
2020,18: SVILUPPO SOSTENIBILE E TUTELA DEL TERRITORIO E DELL’AMBIENTE,157,"Art, 100, c.2, lett. n), TUIR",Deducibilità delle erogazioni liberali in denaro a favore di organismi di gestione di parchi e riserve naturali e zone di speciale tutela paesistico-ambientale Deducibilità delle erogazioni liberali in denaro a favore di organismi di gestione di parchi e riserve naturali e zone di speciale tutela paesistico-ambientale,IRPEF/IRES,A REGIME,DEDUZIONE,Stima ricompresa nelle misure 237-240,"-64,2","-64,2",,,PERSONE FISICHE E GIURIDICHE,T,40
2020,18: SVILUPPO SOSTENIBILE E TUTELA DEL TERRITORIO E DELL’AMBIENTE,158,Art. 9 del DPR n. 601/73,Imposta di registro e ipotecaria in misura fissa ed esenzione da imposta catastale per atti di trasferimento di terreni in zone montane,"IMPOSTE DI REGISTRO, DI BOLLO E IPOCASTATALI",A REGIME,IMPOSTA IN MISURA FISSA,"-0,1","-0,1","-0,1",,,SOGGETTI E CATEGORIE PARTICOLARI,T,41
2020,18: SVILUPPO SOSTENIBILE E TUTELA DEL TERRITORIO E DELL’AMBIENTE,159,"Articolo 31 della legge 13 maggio 1999, n. 133",Accesso gratuito alle conservatorie dei registri immobiliari da parte dei Consorzi di bonifica e irrigazione e rilascio gratuito dei relativi certificati,ALTRO,A REGIME,ESENZIONE,Non quantificabile,"-0,1","-0,1",,,SOGGETTI E CATEGORIE PARTICOLARI,T,41
2020,18: SVILUPPO SOSTENIBILE E TUTELA DEL TERRITORIO E DELL’AMBIENTE,160,"Art. 15, comma 1, lett. i-decies) del TUIR, introdotta dall'art.1, comma 28, lettera a) della L. n. 205/2017. Art. 15, comma 2 del TUIR.","Detraibilità delle spese sostenute per l'acquisto di abbonamenti ai servizi di trasporto pubblico locale, regionale e interregionale per un importo non superiore a 250 euro, anche se sostenute per i familiari a carico.",IRPEF,A REGIME,DETRAZIONE,"-47,6","-47,6","-47,6",1.194.887,"-39,9",PERSONE FISICHE,,41
2020,18: SVILUPPO SOSTENIBILE E TUTELA DEL TERRITORIO E DELL’AMBIENTE,161,"Art. 1, c. 73-77, L n. 145/2018",Credito d'imposta riciclaggio plastiche miste,,2020,CREDITO D'IMPOSTA,"-1,0","0,0","0,0",,,IMPRESE E SOCIETA',,41
2020,18: SVILUPPO SOSTENIBILE E TUTELA DEL TERRITORIO E DELL’AMBIENTE,162,"Art. 1, c. 156-161, L n. 145/2018",Credito d'imposta per erogazioni liberali per bonifica ambientale e prevenzione e risanamento del dissesto idrogeologico e sistemazione di parchi e aree verdi,,A REGIME,CREDITO D'IMPOSTA,"-10,0","-10,0","-10,0",,,PERSONE FISICHE E GIURIDICHE,,41
2020,18: SVILUPPO SOSTENIBILE E TUTELA DEL TERRITORIO E DELL’AMBIENTE,163,"Art. 1, c. 1031-1038, L n. 145/2018",Credito d'imposta incentivi acquisto veicoli elettrici,,2021,CREDITO D'IMPOSTA,"-19,5","0,0","0,0",11,"-1.775.843,7",PERSONE FISICHE E GIURIDICHE,,41
2020,18: SVILUPPO SOSTENIBILE E TUTELA DEL TERRITORIO E DELL’AMBIENTE,164,"Art. 1, c. 1057-1064, L n. 145/2018; Art. 12, c. 1, DL n. 162/2019; Art. 44-bis, DL n. 34/2020",Credito d'imposta incentivi rottamazione acquisto veicoli a due ruote non inquinanti,,2020,CREDITO D'IMPOSTA,"-0,6","0,0","0,0",15,"-39.434,6",PERSONE FISICHE E GIURIDICHE,,41
2020,18: SVILUPPO SOSTENIBILE E TUTELA DEL TERRITORIO E DELL’AMBIENTE,165,Art. 26-bis del DL n. 34/2019,Disposizioni in materia di rifiuti e di imballaggi,,2020,CREDITO D'IMPOSTA,"0,0","0,0","0,0",,,IMPRESE,,41
2020,18: SVILUPPO SOSTENIBILE E TUTELA DEL TERRITORIO E DELL’AMBIENTE,166,Art. 26-ter del DL n. 34/2019,Agevolazioni fiscali sui prodotti da riciclo e riuso,,2020,CREDITO D'IMPOSTA,"0,0","0,0","0,0",,,PERSONE FISICHE E GIURIDICHE,,41
2020,18: SVILUPPO SOSTENIBILE E TUTELA DEL TERRITORIO E DELL’AMBIENTE,167,"Articolo 1, comma 642, della Legge 27 dicembre 2019 n. 160","E da s l c l l 'a u r s t i i o c n o e lo d 1 a , l c p o a m ga m m a e n 6 t 3 o 4 d , e d l e l’ ll i a m L po eg st g a e d 2 i 7 c o d n ic s e u m m b o r e su 2 i 0 m 1 a 9 n , u n fa . t 1 ti 6 c 0 o ( n L s e i g n g g e o l d o i i B m i p la ie n g ci o o ( 2 M 02 A 0 C ). S I L ) ' i e s f t f i i t c u a it c a i a delle disposizioni recanti la disciplina dell'imposta in argomento entrano in vigore il 1° gennaio 2021",IMPOSTA DI CONSUMO,A REGIME,ESCLUSIONE,"-149,2","-258,0","-324,7",,,IMPRESE E SOCIETA',,41
2020,18: SVILUPPO SOSTENIBILE E TUTELA DEL TERRITORIO E DELL’AMBIENTE,168,"Art. 1, commi da 653 a 658, L n. 160/2019","Credito d'imposta in favore delle imprese attive nel settore delle materie plastiche per l'adeguamento tecnologico e la formazione (de minimis). Rinvia a un decreto del Ministro dell'ambiente e della tutela del territorio e del mare, da emanare di concerto con il Ministro dell'economia e delle finanze e con il Ministro dello sviluppo economico l'individuazione delle disposizioni applicative.",,2020,CREDITO D'IMPOSTA,"-30,0","0,0","0,0",,,SOGGETTI E CATEGORIE PARTICOLARI,,41
2020,18: SVILUPPO SOSTENIBILE E TUTELA DEL TERRITORIO E DELL’AMBIENTE,169,Art. 38-ter DL n. 34/2020,"Credito d'imposta pari al 50% dei costi di costituzione o trasformazione in società benefit, sostenuti fino al 31 dicembre 2020, nel rispetto della disciplina europea sugli aiuti di Stato “de minimis”.",,2020 - 2021,CREDITO D'IMPOSTA,"-7,0","0,0","0,0",,,SOGGETTI E CATEGORIE PARTICOLARI,,41
2020,18: SVILUPPO SOSTENIBILE E TUTELA DEL TERRITORIO E DELL’AMBIENTE,170,"Art. 44, DL n. 34/2020",Credito d'imposta incentivi acquisto veicoli elettrici (M1). Il contributo è cumulabile con l'ecobonus del comma 1031 della Legge n. 145/2018.,,2020,CREDITO D'IMPOSTA,Stima ricompresa nella misura 163,"0,0","0,0",,,PERSONE FISICHE E GIURIDICHE,,41
2020,19: CASA E ASSETTO URBANISTICO,171,"Art. 10, comma 3-bis), TUIR",Deduzione della rendita catastale dell'unità immobiliare adibita ad abitazione principale e delle relative pertinenze rapportata al periodo dell'anno durante il quale sussiste tale destinazione ed in proporzione alla quota di possesso,IRPEF,A REGIME,DEDUZIONE,"-3.870,9","-3.870,9","-3.870,9",26.500.000,"-146,5",PERSONE FISICHE,T,41
2020,19: CASA E ASSETTO URBANISTICO,172,"Art. 16-bis del TUIR, introdotto dall'art. 4, comma 1, lettera c), del D.L. n. 201 del 2011 convertito, con modificazioni, dalla L. n. 214 del 2011","Detrazione, nella misura del 36%, delle spese per interventi di recupero del patrimonio edilizio e di riqualificazione energetica degli edifici",IRPEF,A REGIME,DETRAZIONE,"-143,0","-530,7","-918,5",,,PERSONE FISICHE,T,41
2020,19: CASA E ASSETTO URBANISTICO,173,"Art. 37, comma 4-bis, TUIR, come modificato, da ultimo, dall'art. 4, comma 74, della L. n. 92/2012",Determinazione del reddito delle unità immobiliari locate: riduzione forfetaria del canone di locazione,IRPEF,A REGIME,ESCLUSIONE,"-421,5","-421,5","-421,5",2.619.206,"-160,9",PERSONE FISICHE,T,41
2020,19: CASA E ASSETTO URBANISTICO,174,"Art. 15, comma 1, lett. b) e comma 1-ter TUIR - Art. 66, L. n. 342 del 2000.",Detrazione per interessi passivi e oneri accessori relativi a mutui ipotecari per l'acquisto o la costruzione dell'abitazione principale,IRPEF,A REGIME,DETRAZIONE,"-925,1","-925,1","-925,1",3.971.385,"-232,9",PERSONE FISICHE,T,41
2020,19: CASA E ASSETTO URBANISTICO,175,"Art. 3, comma 7, del D.L. n. 330 del 1994, convertito dalla legge n. 473 del 1994",Detrazione per interessi passivi e oneri accessori relativi a mutui ipotecari per l'acquisto di immobili da adibire ad abitazione diversa da quella principale spettante per mutui contratti entro il 31/12/1992,IRPEF,A REGIME,DETRAZIONE,"-4,7","-4,7","-4,7",24.245,"-192,4",PERSONE FISICHE,T,41
2020,19: CASA E ASSETTO URBANISTICO,176,"Articolo 1, comma 4, D.L. n. 669 del 1996, convertito dalla legge n. 30 del 1997",Detrazione per interessi passivi relativi a mutui contratti nel 1997 per interventi di recupero del patrimonio edilizio Detrazione per interessi passivi relativi a mutui contratti nel 1997 per interventi di recupero del patrimonio edilizio,IRPEF,A REGIME,DETRAZIONE,"-0,3","-0,3","-0,3",1.641,"-158,4",PERSONE FISICHE,T,41
2020,19: CASA E ASSETTO URBANISTICO,177,"Art. 15, comma 1, lett. b-bis) TUIR",Detrazione su compensi pagati agli intermediari per l'acquisto dell'abitazione principale per un importo non superiore ad euro 1.000 per ciascuna annualità,IRPEF,A REGIME,DETRAZIONE,"-20,0","-20,0","-20,0",127.435,"-157,3",PERSONE FISICHE,T,42
2020,19: CASA E ASSETTO URBANISTICO,178,"Art. 16, commi 01, 1, 1-bis, 1-ter e 1-sexies, TUIR, modificato dall'art. 1, comma 9, L. n. 244/2007.",Detrazione per canoni di locazione di unità immobiliari adibite ad abitazione principale,IRPEF,A REGIME,DETRAZIONE,"-328,4","-328,4","-328,4",1.579.079,"-208,0",PERSONE FISICHE,T,42
2020,19: CASA E ASSETTO URBANISTICO,179,Art. 8 della Legge n. 431/98,"Ulteriore riduzione del 30% del reddito imponibile che deriva al proprietario dai contratti stipulati o rinnovati ai sensi del comma 3 dell'art. 2 (contratti a canone concordato), ai sensi del comma 2 dell'articolo 5 (contratti di natura transitoria a studenti universitari) nonchè del comma 3 dell'art. 1(contratti di locazione stipulati dagli enti locali in qualità di conduttori per soddisfare esigenze abitative di carattere transitorio).",IRPEF,A REGIME,ESCLUSIONE,"-39,1","-39,1","-39,1",139.767,"-279,9",PERSONE FISICHE,T,42
2020,19: CASA E ASSETTO URBANISTICO,180,"Art. 15, comma 1, lett. g), TUIR","Detrazione per spese di manutenzione, protezione e restauro delle caose vincolate sai sensi della legge n. 1089 del 1939 e del D.P.R. n. 1409 del 1963",IRPEF,A REGIME,DETRAZIONE,"-4,3","-4,3","-4,3",2.214,"-1.931,6",PERSONE FISICHE,T,42
2020,19: CASA E ASSETTO URBANISTICO,181,"Art. 10, comma 1, lett. a), TUIR","Deduzione di canoni, livelli, censi, ed altri oneri gravanti sui redditi degli immobili che concorrono a formare il reddito complessivo, compresi i contributi ai consorzi obbligatori per legge o in dipendenza di provvedimenti della pubblica amministrazione",IRPEF,A REGIME,DEDUZIONE,"-5,1","-5,1","-5,1",109.208,"-46,8",PERSONE FISICHE,T,42
2020,19: CASA E ASSETTO URBANISTICO,182,"Art. 1, comma 496, della Legge n. 266/05, da ultimo modificato dall'art. 1, comma 695, della L. n. 160 del 2019","Applicazione di un'imposta sostitutiva delle imposte sui redditi, nella misura del 26%, sulle plusvalenze realizzate a seguito di cessioni a titolo oneroso di beni immobili acquistati o costruiti da non più di cinque anni",IMPOSTA SOSTITUTIVA,A REGIME,REGIME SOSTITUTIVO,"-61,3","-61,3","-61,3",,,PERSONE FISICHE,T,42
2020,19: CASA E ASSETTO URBANISTICO,183,"Art. 42, TUIR","Non sono produttive di redditi di fabbricati le costruzioni o porzioni di costruzioni rurali, e relative pertinenze, appartenenti al possessore o all'affittuario dei terreni e destinate a specifici utilizzi",IRPEF,A REGIME,ESCLUSIONE,Non quantificabile,"-61,3","-61,3",,,PERSONE FISICHE,T,42
2020,19: CASA E ASSETTO URBANISTICO,184,"Art. 1 della Legge n. 449/97; proroga ex art. 2, commi 10-11, della L. n.191/2009. Art. 16, comma 1, del D.L. n. 63 del 2013, convertito dalla L. n. 90 del 2013, come modificato, da ultimo, dall'art. 1, comma 175, lett. b), n.1), della L. n. 160 del 2019 art. 119, commi 5 e 6 del D.L. n. 34 del 2020.","Detrazione, nella misura del 50%, per gli interventi di recupero del patrimonio edilizio esistente (manutenzione ordinaria su parti comuni di edifici residenziali, manutenzione strordinaria, restauro, risanamento conservativo ristrutturazione edilizia ed altriinterventiprevistidall'art. 1 della L. n. 449 del1997 o per l'acquisto di fabbricatia uso abitativo ristrutturati. Per l'installazione di impianti solari fotovoltaici nonché per l'installazione contestuale o successiva di sistemi di accumulo integrati negli impianti solari fotovoltaici agevolati spetta, per le spese sostenute dal 1° luglio 2020 al 31 dicembre 2021 e nei limiti indicati ai commi 5 e 6 dell'art. 119 del D.L. n. 34 del 2020, una detrazione nella misura del 110 per cento qualora tali interventi vengano effettuati congiuntamente a uno degli interventi previsti dai commi 1 e 4 dell'art. 119 del D.L. n. 34 del 2020. Ai sensi di quanto previsto dall'art. 121 del D.L. n. 34 del 2020, per gli anni 2020 e 2021 i soggetti che sostengono le spese per tali ultimi interventi, nonché per quelli indicati all'art. 16-bis, lettere a) e b) del TUIR, possono optare, in luogo della detrazione, alternativamente per uno sconto sul corrispettivo dovuto oppure per la trasformazione della detrazione in credito d'imposta cedibile.",IRPEF,2020 e 2021,DETRAZIONE,"-8.348,2","-8.409,1","-7.825,0",,,PERSONE FISICHE,T,42
2020,19: CASA E ASSETTO URBANISTICO,185,"Art. 119, comma 16-ter del D.L. n. 34 del 2020","All’installazione degli impianti fino a 200 kW appartenenti a comunità energetiche rinnovabili costituite informa di enti non commerciali o da parte di condomìni che aderiscono alle configurazioni di cui all’articolo 42-bis del decreto-legge 30 dicembre 2019, n. 162 si applicano le disposizioni di cui al comma 5 dell'articolo 119 del D.L. n. 34 del 2020. L’aliquota di cuial medesimo comma 5 si applica alla quota di spesa corrispondente alla potenza massima di 20 kW e per la quota di spesa corrispondente alla potenza eccedente 20 kW spetta la detrazione stabilita dall’articolo 16-bis, comma 1, lettera h), del TUIR nel limite massimo di spesa complessivo di euro 96.000 riferito all’intero impianto.",IRPEF,2021,DETRAZIONE,Stima ricmpresa nella misura 184,"-8.409,1","-7.825,0",,,PERSONE FISICHE E GIURIDICHE,,42
2020,19: CASA E ASSETTO URBANISTICO,186,"Art. 16, commi da 1-bis a 1-septies, del D.L. n. 63 del 2013, inserito dalla legge di conversione n. 90 del 2013, modificato dall'art. 1, comma 2, lettera c), della L. n. 232 del 2016 e dall'art. 46-quater, comma 1, del D.L. n. 50 del 2017, convertito, con modificazioni, dalla L. n. 96 del 2017; art. 8 D.L. n. 34 del 2019, art. 119, comma 4 del D.L. n. 34 del 2020","Detrazione del 50% per interventi di cui all'articolo 16-bis, comma 1, lettera i), del TUIR realizzati su edifici ricadenti nelle zone sismiche 1, 2 e 3 di cui all'ordinanza del Presidente del Consiglio dei Ministri n. 3274 del 20 marzo 2003, riferiti a costruzioni adibite ad abitazione o ad attività produttive. La detrazione spetta in maggior misura in relazione a specifici interventi nonché in relazione agli interventi realizzati su parti comuni di edifici condominiali. La detrazione spetta anche con riferimento alle spese effettuate per la classificazione e la verifica sismica degli immobili. Nel caso di interventi che realizzano una riduzione del rischio sismico l'agevolazione di cui al comma 1-septies dell'articolo 16 si applica anche ai fabbricati ricadenti nelle zone a rischio sismico 2 e 3. Per le spese sostenute dal 1° luglio 2020 al 31 dicembre 2021 l'aliquota delle detrazioni spettanti e' elevata al 110 per cento. Ai sensi di quanto previsto dall'art. 121 del D.L. n. 34 del 2020, per gli anni 2020 e 2021 i soggetti che sostengono le spese per tali interventi possono optare, in luogo della detrazione, alternativamente per uno sconto sul corrispettivo dovuto oppure per la trasformazione della detrazione in credito d'imposta cedibile.",IRPEF,2021,DETRAZIONE,"-795,2","-1.474,4","-1.454,9",,,PERSONE FISICHE,T,42
2020,19: CASA E ASSETTO URBANISTICO,187,"Art. 119, comma 4-bis del D.L. n. 34 del 2020","Per la realizzazione di sistemi di monitoraggio strutturale continuo a fini antisismici spetta la medesima detrazione di cui al comma 4, art. 119 del D.L. n. 34 del 2020, a condizione che i lavori siano eseguiti congiuntamente a uno degli interventi di cui ai commi da 1-bis a 1-septies dell’articolo 16 del decreto-legge 4 giugno 2013, n. 63, convertito, conmodificazioni, dalla legge 3 agosto 2013, n. 90, nelrispetto deilimiti dispesa previsti dalla legislazione vigente per i medesimi interventi. Per la realizzazione di sistemi di monitoraggio strutturale continuo a fini antisismici spetta la medesima detrazione di cui al comma 4, art. 119 del D.L. n. 34 del 2020, a condizione che i lavori siano eseguiti congiuntamente a uno degli interventi di cui ai commi da 1-bis a 1-septies dell’articolo 16 del decreto-legge 4 giugno 2013, n. 63, convertito, conmodificazioni, dalla legge 3 agosto 2013, n. 90, nelrispetto deilimiti dispesa previsti dalla legislazione vigente per i medesimi interventi.",IRPEF,2021,DETRAZIONE,Stima ricompresa nella misura 186,"-1.474,4","-1.454,9",,,PERSONE FISICHE,,42
2020,19: CASA E ASSETTO URBANISTICO,188,"Art. 16, comma 2, del D.L. n. 63 del 2013, convertito dalla L. n. 90 del 2013, come modificato, da ultimo, dall'art. 1, comma 175, lett. b), n.2), della L. n. 160 del 2019","Detrazione, nella misura del 50 %, per l'acquisto di mobili e grandi elettrodomestici di classe non inferiore alla A+, nonché A per i forni, per le apparecchiature per le quali sia prevista l'etichetta energetica finalizzati all'arredo dell'immobile oggetto di ristrutturazione di cui al comma 1 dell'articolo 16 del D.L. 63/2013",IRPEF,2020,DETRAZIONE,"-489,3","-489,3","-489,3",,,PERSONE FISICHE,T,43
2020,19: CASA E ASSETTO URBANISTICO,189,"Art. 16-ter del D.L. n. 63 del 2013, convertito, con modificazioni, dalla legge 3 agosto 2013, n. 90, come introdotto dall'art. 1, comma 1039, della L. n. 145/2018, art. 119, comma 8 del D.L. n. 34 del 2020.","Detrazione, nella misura del 50% delle spese sostenute e su un ammontare complessivo non superiore a 3.000 euro, per l'acquisto e la posa in opera di infrastrutture di ricarica dei veicoli alimentati ad energia elettrica, inclusi i costi iniziali per la richiesta di potenza addizionale fino ad un massimo di 7 kW. La detrazione spetta nella misura del 110 per cento, da ripartire tra gli aventi diritto in cinque quote annuali di pari importo, sempreche' l'installazione sia eseguita congiuntamente ad uno degli interventi di cui al comma 1 dell'articolo 119 del D.L. n. 34 del 2020. Ai sensi di quanto previsto dall'art. 121 del D.L. n. 34 del 2020, per gli anni 2020 e 2021 i soggetti che sostengono le spese per tali interventi possono optare, in luogo della detrazione, alternativamente per uno sconto sul corrispettivo dovuto oppure per la trasformazione della detrazione in credito d'imposta cedibile.",IRPEF/IRES,2021,DETRAZIONE,"-21,7","-46,2","-42,0",,,PERSONE FISICHE E GIURIDICHE,,43
2020,19: CASA E ASSETTO URBANISTICO,190,"Art.1, comma 118, della L. n. 160 del 2019","Credito d'imposta, nel limite massimo complessivo di 1,5 milioni di euro per ciascuno degli anni 2020 e 2021, per le spese documentate relative all’acquisizione e predisposizione dei sistemi di monitoraggio strutturale continuo.",IRPEF/IRES,2021,CREDITO D'IMPOSTA,"-1,5","0,0","0,0",,,PERSONE FISICHE E GIURIDICHE,,43
2020,19: CASA E ASSETTO URBANISTICO,191,"Art. 1, commi 219-224, della L. n. 160 del 2019","Detrazione, nella misura del 90%, delle spese documentate relative agli interventi, ivi inclusi quelli di sola pulitura o tinteggiatura esterna, finalizzati al recupero o restauro della facciata esterna degli edifici esistenti ubicati in zona A e B. Sono agevolabili esclusivamente gli interventi sulle strutture opache della facciata, su balconi o su ornamenti e fregi (bonus facciate). Ai sensi di quanto previsto dall'art. 121 del D.L. n. 34 del 2020, per gli anni 2020 e 2021 i soggetti che sostengono le spese per tali interventi possono optare, in luogo della detrazione, alternativamente per uno sconto sul corrispettivo dovuto oppure per la trasformazione della detrazione in credito d'imposta cedibile.",IRPEF/IRES,2020,DETRAZIONE,"-378,2","-236,4","-236,4",,,PERSONE FISICHE E GIURIDICHE,,43
2020,19: CASA E ASSETTO URBANISTICO,192,"L. 296/2006, art 1, commi da 344 a 349 - Art. 1, comma 48, della L. n. 220 del 2010; Art. 14 del D.L. n. 63 del 2013, convertito dalla L. n. 90 del 2013 e modificato da ultimo, dall'art. 1, comma 175, lett. a), della L. n.160 del 2019. Art. 1, comma 88, della L. n. 208 del 2015, art. 119, commi 1, 2 e 3 del D.L. . 34 del 2020.","Detrazione, nella misura del 55% e 65%, delle spese sostenute dal 6 giugno 2013 per vari interventi di riqualificazione energetica degli edifici esistenti di qualsiasi categoria catastale, anche rurale, posseduti o detenuti. La medesima detrazione si applica anche alle spese per l'acquisto, l'installazione e la messa in opera di dispositivi multimediali per il controllo a distanza degli impianti di riscaldamento, produzione di acqua calda o di climatizzazione delle unità abitative (""ecobonus""). Per le spese sostenute dal 1° luglio 2020 e fino al 31 dicembre 2021 per specifici interventi indicati ai commi 1 e 2 del D.L. n. 34 del 2020 la detrazione di cui all'articolo 14 del D.L., n. 63 del 2013 si applica nella misura del 110 per cento. Ai sensi di quanto previsto dall'art. 121 del D.L. n. 34 del 2020, per gli anni 2020 e 2021 i soggetti che sostengono le spese per tali interventi possono optare, in luogo della detrazione, alternativamente per uno sconto sul corrispettivo dovuto oppure per la trasformazione della detrazione in credito d'imposta cedibile.",IRPEF/IRES,2020 e 2021,DETRAZIONE,"-2.856,7","-3.967,8","-3.786,9",,,PERSONE FISICHE E GIURIDICHE,T,43
2020,19: CASA E ASSETTO URBANISTICO,193,"Art. 14 del decreto-legge 4 giugno 2013, n. 63, modificato dall'art. 1, comma 2, lettera a) della legge n. 232 del 2016 e dall'art. 4-bis del D.L. n. 50 del 2017 convertito, con modificazioni, dalla L. n. 96 del 2017 nonchè, da ultimo, dall'art. 1, c.3, lett.a), L. n. 205/2017, art. 119, commi 1, 2 e 3 del D.L. n. 34 del 2020.","Detrazione per interventi di riqualificazione energetica sulle parti comuni condominiali. Per le spese sostenute dal 1° luglio 2020 e fino al 31 dicembre 2021 per specifici interventi indicati ai commi 1 e 2 del D.L. n. 34 del 2020 la detrazione di cui all'articolo 14 del D.L., n. 63 del 2013 si applica nella misura del 110 per cento.Ai sensi di quanto previsto dall'art. 121 del D.L. n. 34 del 2020, per gli anni 2020 e 2021 i soggetti che sostengono le spese per tali interventi possono optare, in luogo della detrazione, alternativamente per uno sconto sul corrispettivo dovuto oppure per la trasformazione della detrazione in credito d'imposta cedibile.",IRPEF,2021,DETRAZIONE,"-21,1","-41,7","-41,7",,,PERSONE FISICHE,T,43
2020,19: CASA E ASSETTO URBANISTICO,194,"Art. 14, comma 2-quater.1 del D.L. n. 63 del 2013, convertito, con modificazioni, dalla L. n. 90 del 2013, come introdotto dall'art. 1, comma 3 della L. n. 205 del 2017. , art. 119, commi 1, 2 e 3 del D.L. n. 34 del 2020.","Detrazione per interventi finalizzati congiuntamente alla riduzione del rischio sismico e alla riqualificazione energetica. Per le spese sostenute dal 1° luglio 2020 e fino al 31 dicembre 2021 per specifici interventi indicati ai commi 1 e 2 del D.L. n. 34 del 2020 la detrazione di cui all'articolo 14 del D.L., n. 63 del 2013 si applica nella misura del 110 per cento. Ai sensi di quanto previsto dall'art. 121 del D.L. n. 34 del 2020, per gli anni 2020 e 2021 i soggetti che sostengono le spese per tali interventi possono optare, in luogo della detrazione, alternativamente per uno sconto sul corrispettivo dovuto oppure per la trasformazione della detrazione in credito d'imposta cedibile.",IRPEF,2021,DETRAZIONE,"-1,6","-3,4","-3,4",,,PERSONE FISICHE,,43
2020,19: CASA E ASSETTO URBANISTICO,195,"Art. 3 del d.lgs. 14 marzo 2011, n. 23, recante ""Disposizioni in materia di federalismo fiscale municipale"" come, da ultimo, modificato dall'art.1, comma 6, della L. n. 160 del 2019","Cedolare secca. Applicazione di un'imposta sostitutiva dell'IRPEF e delle addizionali all'IRPEF nonché dell'imposta di registro e di bollo, con aliquota del 21% sui canoni derivanti dalla locazione di immobili a uso abitativo. L'aliquota è ridotta al 10% nell'ipotesi di locazione a canone concordato Cedolare secca. Applicazione di un'imposta sostitutiva dell'IRPEF e delle addizionali all'IRPEF nonché dell'imposta di registro e di bollo, con aliquota del 21% sui canoni derivanti dalla locazione di immobili a uso abitativo. L'aliquota è ridotta al 10% nell'ipotesi di locazione a canone concordato",IMPOSTA SOSTITUTIVA,A REGIME,REGIME SOSTITUTIVO,"-2.341,9","-2.479,4","-2.479,4",2.545.329,"-920,1",PERSONE FISICHE,T,43
2020,19: CASA E ASSETTO URBANISTICO,196,"Art. 9, comma 2-bis, del D.L. n. 47 del 2014, convertito con modificazioni dalla L. 23 maggio 2014, n. 80 come modificato, da ultimo, dall'art. 4, comma 3-nonies, del D.L. n. 162 del 2019, convertito, con modificazioni, dalla L. n. 8 del 2020","L'aliquota della cedolare secca ridotta al 10% si applica ai contratti stipulati nei comuni per i quali sia stato deliberato, nei cinque anni precedenti la data di entrata in vigore della L. n.8 del 2020, lo stato di emergenza a seguito del verificarsi degli eventi calamitosi di cui all'art. 2, comma 1, lett. c), della L. n. 225 del 1992. Per l'anno 2020 l'agevolazione si applica esclusivamente ai contratti di locazione stipulati nei predetti comuni con popolazione fino a 10.000 abitanti.",IMPOSTA SOSTITUTIVA,A REGIME,REGIME SOSTITUTIVO,"-3,48","-3,51","-3,51",,,PERSONE FISICHE,,44
2020,19: CASA E ASSETTO URBANISTICO,197,"Art. 9, comma 2-bis.1, del D.L. n. 47 del 2014, convertito dalla L. n. 80 del 2014, inserito dall'art. 4, comma 3-nonies, del D.L. n. 162 del 2019, convertito, con modificazioni, dalla L. n. 8 del 2020","L'aliquota della cedolare secca ridotta al 10% si applica ai contratti stipulati nei comuni di cui all'art. 1, comma 1, del D.L. n. 189 del 2016 (comuni colpiti dagli eventi sismici del centro Italia) in cui sia stata individuata con ordinanza sindacale una ""zona rossa""",IMPOSTA SOSTITUTIVA,A REGIME,REGIME SOSTITUTIVO,"0,0","0,0","0,0",,,PERSONE FISICHE,,44
2020,19: CASA E ASSETTO URBANISTICO,198,"Art. 4 del D.L. n. 50 del 2017, convertito, con modificazioni, dalla L. n. 96 del 2017.","Applicazione, per i redditi derivanti dai contratti di locazione breve, dell'aliquota del 21 % in caso di opzione per l'imposta sostitutiva nella forma della cedolare secca.",IMPOSTA SOSTITUTIVA,A REGIME,REGIME SOSTITUTIVO,Stima ricompresa nella misura 196,"0,0","0,0",,,PERSONE FISICHE,,44
2020,19: CASA E ASSETTO URBANISTICO,199,"Art. 1, comma 59, L. n. 145 del 2018","Opzione per il regime della cedolare secca di cui all' articolo 3 del D.Lgs n. 23 del 2011, con l'aliquota del 21 per cento, ai fini della tassazione del canone di locazione relativo ai contratti stipulati nell'anno 2019, aventi ad oggetto unità immobiliari classificate nella categoria catastale C/1, di superficie fino a 600 metri quadrati, escluse le pertinenze, e le relative pertinenze locate congiuntamente",IMPOSTA SOSTITUTIVA,A REGIME,REGIME SOSTITUTIVO,"-163,4","-163,4","-163,4",,,PERSONE FISICHE,,44
2020,19: CASA E ASSETTO URBANISTICO,200,"Art. 19, comma 15-bis, D.L. n. 201 del 2011",Esenzione dal pagamento dell’imposta sul valore degli immobili situati all'estero (IVIE) con riferimento al possesso dell'abitazione principale o della casa coniugale assegnata al coniuge.,ALTRO,A REGIME,ESENZIONE,"-0,7","-0,7","-0,7",1.451,"-481,9",PERSONE FISICHE,T,44
2020,19: CASA E ASSETTO URBANISTICO,201,"Art. 19, comma 15-bis, D.L. n. 201 del 2011","Aliquota ridotta dell’imposta sul valore degli immobili situati all'estero (IVIE) con riferimento al possesso dell'abitazione principale o della casa coniugale assegnata al coniuge, appartenente alla categoria degli immobili di lusso.",ALTRO,A REGIME,RIDUZIONE DI ALIQUOTA,"-0,7","-0,7","-0,7",1.451,"-481,9",PERSONE FISICHE,T,44
2020,19: CASA E ASSETTO URBANISTICO,202,Nota 2-bis all'art.1 della Tariffa parte I allegata al D.P.R. n. 131/1986,Misura per l'acquisto della prima casa: riduzione dell'aliquota dell'imposta di registro,"IMPOSTE DI REGISTRO, DI BOLLO E IPOCASTATALI",A REGIME,RIDUZIONE DI ALIQUOTA,"-2.019,2","-2.019,2","-2.019,2",,,PERSONE FISICHE,T,44
2020,19: CASA E ASSETTO URBANISTICO,203,Tariffa speciale Allegato B - art.1 alla Legge n. 1216/61 Art. 1,Case popolari ed economiche .Contratti di assicurazione sulla vita umana a garanzia della casa,ALTRO,A REGIME,RIDUZIONE DI ALIQUOTA,"-69,6","-69,6","-69,6",,,PERSONE FISICHE,T,44
2020,19: CASA E ASSETTO URBANISTICO,204,Tariffa speciale Allegato B - Legge n. 1216/61 Art. 3,"Cooperative edilizie sovvenzionate dallo Stato .Assicurazioni contro i danni previsti dall'articolo 7, lettera a) della Tariffa allegato A",ALTRO,A REGIME,RIDUZIONE DI ALIQUOTA,Non quantificabile,"-69,6","-69,6",,,SOGGETTI E CATEGORIE PARTICOLARI,T,44
2020,19: CASA E ASSETTO URBANISTICO,205,Art.5 della Legge n.168/82,"Applicazione delle imposte ipotecaria, catastale e imposta di registro in misura fissa in relazione a a) permute di immobili compresi in piani di recupero b) trasferimenti di immobili compresi in piani di recupero","IMPOSTE DI REGISTRO, DI BOLLO E IPOCASTATALI",A REGIME,IMPOSTA IN MISURA FISSA,"0,0","0,0","0,0",,,SOGGETTI E CATEGORIE PARTICOLARI,T,44
2020,19: CASA E ASSETTO URBANISTICO,206,Art. 32 del D.P.R. n. 601/73,"Esenzione dall’ applicazione delle imposte ipotecarie e catastali, imposta di registro in misura fissa per atti di trasferimento della proprietà: a) delle aree comprese nei piani di edilizia residenziale pubblica b) delle aree comprese nei piani da destinare a insediamenti produttivi","IMPOSTE DI REGISTRO, DI BOLLO E IPOCASTATALI",A REGIME,IMPOSTA IN MISURA FISSA,"-13,2","-13,2","-13,2",,,SOGGETTI E CATEGORIE PARTICOLARI,T,44
2020,19: CASA E ASSETTO URBANISTICO,207,Nota all'articolo 1 della Tariffa allegata al D.lgs n. 347 del 1990,Applicazione imposta ipotecaria in misura fissa per gli acquisti della prima casa,"IMPOSTE DI REGISTRO, DI BOLLO E IPOCASTATALI",A REGIME,IMPOSTA IN MISURA FISSA,"-370,7","-370,7","-370,7",,,PERSONE FISICHE,T,44
2020,19: CASA E ASSETTO URBANISTICO,208,Nota all'articolo 1 della Tariffa allegata al D.lgs n. 347 del 1990,Applicazione imposta catastale in misura fissa per gli acquisti della prima casa,"IMPOSTE DI REGISTRO, DI BOLLO E IPOCASTATALI",A REGIME,IMPOSTA IN MISURA FISSA,"-818,7","-818,7","-818,7",,,PERSONE FISICHE,T,44
2020,19: CASA E ASSETTO URBANISTICO,209,"Art. 8, comma 1, della Legge n.431/98",Riduzione della base imponibile al 70 per cento del corrispettivo annuo per l'applicazione dell'imposta di registro sui contratti di locazione di immobili a canone concordato adibiti ad uso abitativo nei comuni ad alta densità abitativa,"IMPOSTE DI REGISTRO, DI BOLLO E IPOCASTATALI",A REGIME,ESCLUSIONE,"-2,4","-2,4","-2,4",,,PERSONE FISICHE E GIURIDICHE,T,44
2020,19: CASA E ASSETTO URBANISTICO,210,"Art. 2, comma 1-bis, del D.L. 3 agosto 2004, n. 220, convertito con modificazioni dalla legge 19 ottobre 2004, n. 257","Applicabilità delle disposizioni di cui agli artt. 15, 17 e 18 del D.P.R. n. 601 del 1973 per i mutui concessi da istituti ed enti previdenziali per l'acquisto di abitazioni",IMPOSTA SOSTITUTIVA,A REGIME,REGIME SOSTITUTIVO,Non quantificabile,"-2,4","-2,4",,,PERSONE FISICHE,T,44
2020,19: CASA E ASSETTO URBANISTICO,211,"Art. 1, commi 12-15 della L. n. 205 del 2017, modificato, da ultimo, dall'art. 10, comma 1, del D.L. n. 162 del 2019, convertito, con modificazioni, dalla L. n. 8 del 2020","Detrazione per un importo pari al 36 per cento delle spese, fino ad un ammontare complessivo non superiore a 5.000 euro per unità immobiliare ad uso abitativo, per sistemazione a verde e per la realizzaizone di coperture a verde e di giardini pensili. La detrazione spetta anche per interventi effettuati sulle parti comuni esterne degli edifici condominiali. Detrazione per un importo pari al 36 per cento delle spese, fino ad un ammontare complessivo non superiore a 5.000 euro per unità immobiliare ad uso abitativo, per sistemazione a verde e per la realizzaizone di coperture a verde e di giardini pensili. La detrazione spetta anche per interventi effettuati sulle parti comuni esterne degli edifici condominiali.",IRPEF,2020,DETRAZIONE,"-13,0","-13,0","-13,0",,,PERSONE FISICHE,,44
2020,19: CASA E ASSETTO URBANISTICO,212,"Art. 15, comma 1, lett. f-bis) del TUIR; lettera introdotta dall'art. 1, comma 768 della L. n. 205 del 2017.","Detrazione per premi per assicurazioni aventi per oggetto il rischio di eventi calamitosi stipulate relativamente a unità immobiliari ad uso abitativo. La detrazione in oggetto spetta nella misura del 90 per cento nel caso di polizza che copre il rischio di eventi calamitosi stipulata contestualmente alla cessione del credito ad un'impresa di assicurazione, in conseguenza della realizzazione degli interventi di cui al primo periodo del comma 4 dell'art. 119 del D.L. n. 34 del 2020.",IRPEF,A REGIME,DETRAZIONE,"-64,2","-42,1","11,0",,,PERSONE FISICHE,,45
2020,19: CASA E ASSETTO URBANISTICO,213,"Comma 1-bis dell'art. 8-bis della tariffa, parte prima, allegata al D.P.R. n. 131 del 1986, aggiunto dall'art. 1, comma 83, lett. c) n. 1 della legge n. 208 del 2015. Ai sensi del successivo comma 84 del medesimo art. 1, le disposizioni si applicano dal 1° gennaio 2016 al 31 dicembre 2020.","Imposta di registro in misura ridotta su cessioni di contatti di locazione finanziaria aventi ad oggetto immobili a destinazione abitativa di categoria catastale diversa da A1, A8 e A9, effettuate nei confronti di banche e intermediari finanziari autorizzati all'esercizio dell'attività di leasing finanziario e a favore di utilizzatori aventi i requisiti ""prima casa"".","IMPOSTE DI REGISTRO, DI BOLLO E IPOCASTATALI",2020,RIDUZIONE DI ALIQUOTA,Effetti di trascurabile entità,"-42,1","11,0",,,BANCHE E ASSICURAZIONI,,45
2020,20: TUTELA DELLA SALUTE,214,"Art. 15, comma 1, lett. c) e comma 2, TUIR","Detrazione per spese sanitarie, spese mediche e di assistenza specifica diverse da quelle di cui all'art. 10, comma 1, lett. b), del Tuir, spese per prestazioni mediche specialistiche",IRPEF,A REGIME,DETRAZIONE,"-3.616,1","-3.616,1","-3.616,1",19.233.344,"-188,0",PERSONE FISICHE,T,45
2020,20: TUTELA DELLA SALUTE,215,"Art. 15, comma 1, lett. i-bis), TUIR",Detrazione per contributi associativi versati dai soci delle società di mutuo soccorso che operano esclusivamente nei settori di cui all'art.1 della L. n. 3818 del 1886,IRPEF,A REGIME,DETRAZIONE,"-13,7","-13,7","-13,7",134.403,"-102,3",PERSONE FISICHE,T,45
2020,20: TUTELA DELLA SALUTE,216,"Art, 100, c. 2, lett. o), TUIR",Deducibilità delle erogazioni liberali in denaro effettuate per la realizzazione di programmi di ricerca scientifica nel settore della sanità,IRPEF/IRES,A REGIME,DEDUZIONE,Stima ricompresa nelle misure 237-240,"-13,7","-13,7",,,PERSONE FISICHE E GIURIDICHE,T,45
2020,20: TUTELA DELLA SALUTE,217,"Art. 8, comma 3, della Legge n. 52/01","Detrazione per le donazioni effettuate da enti o privati all'ente ospedaliero ""Ospedale Galliera"" di Genova",IRPEF/IRES,A REGIME,DETRAZIONE,Effetti di trascurabile entità,"-13,7","-13,7",,,PERSONE FISICHE E GIURIDICHE,T,45
2020,20: TUTELA DELLA SALUTE,218,"Tabella A, punto 13, TUA",Riduzione dell'accisa sui carburanti per le autoambulanze -,ACCISA,A REGIME,RIDUZIONE DI ALIQUOTA,"-2,4","-2,4","-2,4",,,ASSOCIAZIONI ENTI NO PROFIT ONLUS,T,45
2020,20: TUTELA DELLA SALUTE,219,"Art. 1, commi 960-963, della L. 28 dicembre 2015, n. 208","Aliquota IVA ridotta del 5% per le prestazioni socio-sanitarie, assistenziali ed educative rese dalle cooperative sociali e loro consorzi dal 1° gennaio",IVA,A REGIME,RIDUZIONE DI ALIQUOTA,"-550,6","-550,6","-550,6",,,PERSONE FISICHE,,45
2020,20: TUTELA DELLA SALUTE,220,"Art. 10, primo comma, n. 18), d.P.R. 633/1972",Esenzione delle prestazioni sanitarie con pro rata di detraibilità a monte,IVA,A REGIME,ESENZIONE,Non quantificabile,"-550,6","-550,6",,,PERSONE FISICHE,T,45
2020,20: TUTELA DELLA SALUTE,221,"Art. 10, primo comma, n. 19), d.P.R. 633/1972",Esenzione delle prestazioni di ricovero e cura rese da enti ospedalieri o da cliniche e case di cura convenzionate con pro rata di detraibilità a monte,IVA,A REGIME,ESENZIONE,Non quantificabile,"-550,6","-550,6",,,PERSONE FISICHE,T,45
2020,20: TUTELA DELLA SALUTE,222,"Art. 10, primo comma, n. 24), d.P.R. 633/1972","Esenzione delle cessioni di organi, sangue e latte umani e di plasma sanguigno",IVA,A REGIME,ESENZIONE,Non quantificabile,"-550,6","-550,6",,,PERSONE FISICHE E GIURIDICHE,T,45
2020,20: TUTELA DELLA SALUTE,223,"Art. 10, primo comma, n. 27-ter), d.P.R. 633/1972","Esenzione delle prestazioni socio-sanitarie, di assistenza domiciliare o ambulatoriale, in comunita' e simili, in favore di persone disagiate rese da organismi di diritto pubblico e da ONLUS con pro rata di detraibilità a monte",IVA,A REGIME,ESENZIONE,Non quantificabile,"-550,6","-550,6",,,PERSONE FISICHE,T,45
2020,20: TUTELA DELLA SALUTE,224,"Art. 10, comma 1, lett. b), e comma 2, TUIR",Deduzione delle spese mediche e di quelle di assistenza specifica necessarie nei casi di grave e permanente invalidità o menomazione,IRPEF,A REGIME,DEDUZIONE,"-351,6","-351,6","-351,6",288.778,"-1.217,4",PERSONE FISICHE,T,45
2020,20: TUTELA DELLA SALUTE,225,"Art. 10, comma 1, lett. e-ter), TUIR",Deduzione dei contributi versati ai fondi integrativi del servizio sanitario nazionale istituiti o adeguati ai sensi del d.lgs 502 del 1992,IRPEF,A REGIME,DEDUZIONE,"-652,9","-652,9","-652,9","7.403.498,0","-88,2",PERSONE FISICHE,T,45
2020,20: TUTELA DELLA SALUTE,226,"Art. 5, comma 3, , del D. Lgs. 30 giugno 1993, n, 269","Esenzione da imposta di donazione, ipotecarie e catastali per le donazioni a favore degli istituti di ricovero e cura a carattere scientifico di immobili con specifica destinazione a finalità sanitarie",IMPOSTE SU DONAZIONI E SUCCESSIONI,A REGIME,ESENZIONE,"-0,1","-0,1","-0,1",,,ASSOCIAZIONI ENTI NO PROFIT ONLUS,T,45
2020,20: TUTELA DELLA SALUTE,227,"Articolo 1, comma 666, della Legge 27 dicembre 2019, n. 160 (Legge di Bilancio 2020)","Esenzione dal pagamento dell’imposta di consumo sulle bevande edulcorate istituita dall'articolo 1, comma 661, della Legge 27 dicembre 2019 , n. 160 (Legge di Bilancio 2020). L'efficacia delle disposizioni recanti la disciplina dell'imposta in argomento entrano in vigore il 1° gennaio 2021",IMPOSTA DI CONSUMO,A REGIME,ESENZIONE,"-17,5","-19,1","-19,1",,,IMPRESE E SOCIETA',,45
2020,20: TUTELA DELLA SALUTE,228,"Art. 66, DL n. 18/2020",Incentivi fiscali per erogazioni liberali in denaro e in natura a sostegno delle misure di contrasto dell'emergenza epidemiologica da COVID-19 Incentivi fiscali per erogazioni liberali in denaro e in natura a sostegno delle misure di contrasto dell'emergenza epidemiologica da COVID-19,IRES/IRAP,2020,DETRAZIONE/DEDUZI ONE,"-119,0","51,0","0,0",,,TUTTI I SOGGETTI,,45
2020,20: TUTELA DELLA SALUTE,229,"Art. 27, DL n. 23/2020","Cessione gratuita di farmaci ad uso compassionevole. Secondo quanto previsto dal decreto del Ministero della salute 7 settembre 2017, per contrastare l’emergenza epidemiologica da COVID‐19, è previsto che: -il valore normale dei farmaci ceduti non concorra alla formazione dei ricavi del soggetto cedente ai fini delle imposte dirette; -non operi la presunzione di cessione di cui all’art. 1 del DPR n. 441/1997 per le cessioni gratuite di farmaci.",IMPOSTE DIRETTE e IVA,REGIME,ESCLUSIONE,"0,0","0,0","0,0",,,IMPRESE,,46
2020,20: TUTELA DELLA SALUTE,230,Art. 120 DL n. 34/2020,"Credito d’imposta per l’adeguamento degli ambienti di lavoro per consentire la riapertura in sicurezza delle attività aperte al pubblico pari al 60% dei costi (fino a € 80.000) sostenuti nel 2020 per far rispettare le prescrizioni sanitarie e le misure di contenimento contro la diffusione del Covid-19, inclusi quelli edilizi per la realizzazione di spazi medici, ingressi e spazi comuni, il rifacimento di spogliatoi e mense, l’acquisto di arredi di sicurezza e le apparecchiature per il controllo della temperatura dei dipendenti. Il bonus, che è cumulabile con altre agevolazioni previste per le stesse spese, è utilizzabile nel 2021 esclusivamente in compensazione senza l’applicazione dei limiti (né speciale né generale). Ai sensi dell'articolo 122 del DL n. 34/2020 i soggetti beneficiari dei crediti d’imposta derivanti da tale disposizione- introdotta per fronteggiare l’emergenza da coronavirus - fino al 31 dicembre 2021, in via sperimentale, hanno la possibilità di optare, in luogo dell’utilizzo diretto, per la cessione, anche parziale, degli stessi a soggetti terzi, compresi istituti di credito e altri intermediari finanziari. I cessionari potranno utilizzare il credito anche in compensazione; la quota non fruita nell’anno non è sfruttabile negli anni successivi e non può essere richiesta a rimborso. La cessione può essere effettuata anche nei confronti del locatore o concedente, a fronte di uno sconto di pari ammontare sul canone da versare.",,2020,CREDITO D'IMPOSTA,"-2.000,0","0,0","0,0",,,SOGGETTI E CATEGORIE PARTICOLARI,,46
2020,20: TUTELA DELLA SALUTE,231,"Art. 124, comma 1, D.L. 19.05.2020, n. 34 con decorrenza dal 19.05.2020.","Elenco di beni alle cui cessioni si applica l'esenzione dall'IVA con diritto a detrazione dell'IVA a monte - misura covid-19 fino al 31.12.2020 - Ventilatori polmonari per terapia intensiva e subintensiva; monitor multiparametrico anche da trasporto; pompe infusionali per farmaci e pompe peristaltiche per nutrizione enterale; tubi endotracheali; caschi per ventilazione a pressione positiva continua; maschere per la ventilazione non invasiva; sistemi di aspirazione; umidificatori; laringoscopi; strumentazione per accesso vascolare; aspiratore elettrico; centrale di monitoraggio per terapia intensiva; ecotomografo portatile; elettrocardiografo; tomografo computerizzato; mascherine chirurgiche; mascherine Ffp2 e Ffp3; articoli di abbigliamento protettivo per finalità sanitarie quali guanti in lattice, in vinile e in nitrile, visiere e occhiali protettivi, tute di protezione, calzari e soprascarpe, cuffie copricapo, camici impermeabili, camici chirurgici; termometri; detergenti disinfettanti per mani; dispenser a muro per disinfettanti; soluzione idroalcolica in litri; perossido al 3 per cento in litri; carrelli per emergenza; estrattori RNA; strumentazione per diagnostica per COVID-19; tamponi per analisi cliniche; provette sterili; attrezzature per la realizzazione di ospedali da campo. Alle cessioni di tali beni si applicherà, a partire dal 1° gennaio 2021, l’aliquota IVA ridotta al 5%.",IVA,2020,RIDUZIONE DI ALIQUOTA,"-317,7","-317,7","-317,7",,,PERSONE FISICHE SOGGETTI E CATEGORIE PARTICOLARI,,46
2020,20: TUTELA DELLA SALUTE,232,Art. 125 DL 34/2020,"Credito d'imposta riconosciuto nella misura del 60% delle spese sostenute nel 2020, fino ad un limite massimo di 60 mila euro per ciascun beneficiario, per la sanificazione degli ambienti e degli strumenti utilizzati, per l’acquisto di dispositivi di protezione individuale atti a garantire la salute di lavoratori ed utenti. Ai sensi dell'articolo 122 del DL n. 34/2020 i soggetti beneficiari dei crediti d’imposta derivanti da tale disposizione- introdotta per fronteggiare l’emergenza da coronavirus - fino al 31 dicembre 2021, in via sperimentale, hanno la possibilità di optare, in luogo dell’utilizzo diretto, per la cessione, anche parziale, degli stessi a soggetti terzi, compresi istituti di credito e altri intermediari finanziari. I cessionari potranno utilizzare il credito anche in compensazione; la quota non fruita nell’anno non è sfruttabile negli anni successivi e non può essere richiesta a rimborso. La cessione può essere effettuata anche nei confronti del locatore o concedente, a fronte di uno sconto di pari ammontare sul canone da versare.",,2020,CREDITO D'IMPOSTA,"0,0","0,0","0,0",,,SOGGETTI E CATEGORIE PARTICOLARI,,46
2020,20: TUTELA DELLA SALUTE,233,"Art. 12-quater legge n.40 del 5 giugno 2020 che ha modificato il comma 3 dell’art. 66 del decreto-legge 17 marzo 2020, n.18, convertito con modificazioni dalla legge 24 aprile 2020, n.27","Ai fini dell'imposta sul valore aggiunto, gli acquisti dei beni ceduti a titolo di erogazione liberale in natura ai sensi dei commi 1 e 2 del presente articolo si considerano effettuati nell'esercizio dell'impresa, arte o professione ai fini della detrazione di cui all'articolo 19 del decreto del Presidente della Repubblica 26 ottobre 1972, n. 633",IVA,2020,IVA,"0,0","0,0","0,0",,,PERSONE FISICHE E GIURIDICHE,,46
2020,21: TUTELA E VALORIZZAZIONE DEI BENI E ATTIVITA’ CULTURALI E PAESAGGISTICI,234,"Art. 15, comma 1, lett. h) e h-bis), TUIR","Detrazione per erogazioni liberali in denaro e in natura a favore dello Stato, delle regioni, degli enti locali territoriali, di enti o istituzioni pubbliche, di comitati organizzatori, di fondazioni e associazioni legalmente riconosciute che, senza scopo di lucro, svolgono attività di studio, ricerca e documentazione di rilevante valore culturale e artistico, nonché per le erogazioni effettuate per l’organizzazione di mostre ed esposizioni di rilevante interesse scientifico-culturale. Detrazione per erogazioni liberali in denaro e in natura a favore dello Stato, delle regioni, degli enti locali territoriali, di enti o istituzioni pubbliche, di comitati organizzatori, di fondazioni e associazioni legalmente riconosciute che, senza scopo di lucro, svolgono attività di studio, ricerca e documentazione di rilevante valore culturale e artistico, nonché per le erogazioni effettuate per l’organizzazione di mostre ed esposizioni di rilevante interesse scientifico-culturale.",IRPEF,A REGIME,DETRAZIONE,"-2,4","-2,4","-2,4",11.544,"-205,3",PERSONE FISICHE,T,46
2020,21: TUTELA E VALORIZZAZIONE DEI BENI E ATTIVITA’ CULTURALI E PAESAGGISTICI,235,"Art. 1 del D.L. n. 83/2014 convertito dalla L. n. 106/2014 modificato dall'art. 1, comma 318, della L. n. 208/2015; art. 17 DL n. 189/2016, convertito con L. n. 229/2016; art. 5, comma 1, L. n. 175/2017; Art. 183, comma 9 DL n. 34/2020.",Credito di imposta nella misura del 65 per cento delle erogazioni liberali in denaro per interventi a favore della cultura e dello spettacolo ART-BONUS,IRPEF/IRES,A REGIME,CREDITO D'IMPOSTA,"-20,6","-20,6","-20,6",2.320,-8.877,PERSONE FISICHE E GIURIDICHE,T,47
2020,21: TUTELA E VALORIZZAZIONE DEI BENI E ATTIVITA’ CULTURALI E PAESAGGISTICI,236,"Art. 15, comma 1, lett. i), TUIR","Detrazione per erogazioni liberali in denaro in favore di enti o istituzioni pubbliche, fondazioni e associazioni legalmente riconosciute che, senza scopo di lucro, svolgono esclusivamente attività nello spettacolo",IRPEF,A REGIME,DETRAZIONE,"-0,1","-0,1","-0,1",1.038,"-69,6",PERSONE FISICHE,T,47
2020,21: TUTELA E VALORIZZAZIONE DEI BENI E ATTIVITA’ CULTURALI E PAESAGGISTICI,237,"Art. 100, comma 1 e comma 2 lett. a), b), d), e), TUIR","Deduzione dal reddito d'impresa con limiti determinati per le singole fattispecie - tra cui: a) opere o servizi destinati ai dipendenti per finalità di educazione, istruzione, ricreazione, assistenza sociale e sanitaria o culto; b) erogazioni liberali in favore di persone giuridiche che perseguono le finalità di cui alla lettera a), ovvero di ricerca scientifica, nonché contributi, donazioni e obliazioni in favore delle O.N.G; c) erogazioni liberali in favore di persone giuridiche aventi sede nel mezzogiorno aventi esclusiva finalità di ricerca scientifica; d) erogazioni liberali a favore di concessionari privati per la radiodiffusione sonora a carattere comunitario; e) spese sostenute dai soggetti obbligati alla manutenzione, protezione e restauro delle cose vincolate.",IRPEF/IRES,A REGIME,DEDUZIONE,"-36,9","-36,9","-36,9",18.236,"-2.023,5",PERSONE FISICHE E GIURIDICHE,T,47
2020,21: TUTELA E VALORIZZAZIONE DEI BENI E ATTIVITA’ CULTURALI E PAESAGGISTICI,238,"Art. 100, c. 2, lett. f), TUIR","Deducibilità delle erogazioni liberali in denaro favore di enti o istituzioni pubbliche, associazioni e fondazioni riconosciute con finalità di studio, ricerca e documentazione di rilevante valore culturale e artistico, nonché per le erogazioni effettuate per l’organizzazione di mostre ed esposizioni di rilevante interesse scientifico-culturale.",IRPEF/IRES,A REGIME,DEDUZIONE,"-36,9","-36,9","-36,9",18.236,"-2.023,5",PERSONE FISICHE E GIURIDICHE,T,47
2020,21: TUTELA E VALORIZZAZIONE DEI BENI E ATTIVITA’ CULTURALI E PAESAGGISTICI,239,"Art. 100, c.2, lett. g), TUIR","Deducibilità per un importo non superiore al 2% del reddito d'impresa delle erogazioni liberali in denaro a favore di enti o istituzioni pubbliche, associazioni e fondazioni che, senza scopo di lucro, svolgono attività nello spettacolo",IRPEF/IRES,A REGIME,DEDUZIONE,"-36,9","-36,9","-36,9",18.236,"-2.023,5",PERSONE FISICHE E GIURIDICHE,T,47
2020,21: TUTELA E VALORIZZAZIONE DEI BENI E ATTIVITA’ CULTURALI E PAESAGGISTICI,240,"Art, 100, c.2, lett. m), TUIR",Deducibilità delle erogazioni liberali in denaro per la realizzazione di programmi culturali nei settori dei beni culturali e dello spettacolo,IRPEF/IRES,A REGIME,DEDUZIONE,"-36,9","-36,9","-36,9",18.236,"-2.023,5",PERSONE FISICHE E GIURIDICHE,T,47
2020,21: TUTELA E VALORIZZAZIONE DEI BENI E ATTIVITA’ CULTURALI E PAESAGGISTICI,241,Art.5-bis del D.P.R.n. 601 del 1973,"Non concorrenza alla formazione del reddito complessivo dei redditi catastali degli immobili destinati ad usi culturali (totalmente adibiti a sedi aperte al pubblico di musei , biblioteche, archivi, cineteche )",IRPEF/IRES,A REGIME,ESCLUSIONE,Non quantificabile,"-36,9","-36,9",,,PERSONE FISICHE,T,47
2020,21: TUTELA E VALORIZZAZIONE DEI BENI E ATTIVITA’ CULTURALI E PAESAGGISTICI,242,"Art. 1, comma 1 e 2, della Legge n. 28/99 (Fondazione La Biennale di Venezia)",Detrazione e deducibilità delle erogazioni liberali in denaro in favore della Fonadazione La Biennale di Venezia,I R PEF/IRES,A REGIME,DETRAZIONE/DEDUZI ONE,Effetti di trascurabile entità,"-36,9","-36,9",,,PERSONE FISICHE E GIURIDICHE,T,47
2020,21: TUTELA E VALORIZZAZIONE DEI BENI E ATTIVITA’ CULTURALI E PAESAGGISTICI,243,"Art.1, comma 3, della Legge n. 28/99 (Fondazione La Biennale di Venezia)",I proventi percepiti nell’esercizio di attività commerciali svolte in conformità agli scopi istituzionali sono esclusi dalle imposte sui redditi,IRES,A REGIME,ESCLUSIONE,Effetti di trascurabile entità,"-36,9","-36,9",,,SOGGETTI E CATEGORIE PARTICOLARI,T,47
2020,21: TUTELA E VALORIZZAZIONE DEI BENI E ATTIVITA’ CULTURALI E PAESAGGISTICI,244,"Art.25, commi 1 e 2,del D.Lgs n.367/1996",Detrazione e deducibilità dal reddito d'impresa per le erogazioni liberali a favore degli enti operanti nel settore musicale nonché innalzamento al 30 per cento del limite del reddito complessivo ai fini della detraibilità e della deducibilità delle somme versate al patrimonio delle fondazioni musicali al momento della partecipazione.,IRPEF/IRES,A REGIME,DETRAZIONE/DEDUZI ONE,Stima ricompresa nelle misure 237-240,"-36,9","-36,9",,,PERSONE FISICHE E GIURIDICHE,T,47
2020,21: TUTELA E VALORIZZAZIONE DEI BENI E ATTIVITA’ CULTURALI E PAESAGGISTICI,245,"Art. 25, comma 3, del D.lgs. n.28/04",Le quote versate dai soci e gli incassi derivanti dall’emissione dei titoli di accesso ai soci non concorrono a formare reddito imponibile,IRES,A REGIME,ESCLUSIONE,Non quantificabile,"-36,9","-36,9",,,ASSOCIAZIONI ENTI NO PROFIT ONLUS,T,47
2020,21: TUTELA E VALORIZZAZIONE DEI BENI E ATTIVITA’ CULTURALI E PAESAGGISTICI,246,"Art.1, commi 185-187, della Legge n.296/2006 – DM 8.11.2007, n. 228 (Regolamento) – DM 16 marzo 2017","Equiparazione ai soggetti esenti dall’Ires indicati dall’articolo 74, comma 1 del Tuir per le associazioni operanti nelle manifestazioni in ambito locale ma di particolare interesse storico, artistico e culturale",IRES,A REGIME,ESCLUSIONE,"-0,2","-0,2","-0,2",218,"-825,7",ASSOCIAZIONI ENTI NO PROFIT ONLUS,T,47
2020,21: TUTELA E VALORIZZAZIONE DEI BENI E ATTIVITA’ CULTURALI E PAESAGGISTICI,247,"Art. 3, terzo comma, del D.P.R. 633/72","Non assoggettamento ad IVA delle operazioni di divulgazione pubblicitaria svolte a beneficio di enti e associazioni che perseguono finalita' educative, culturali, sportive, religiose e di assistenza e solidarieta' sociale, nonche' delle ONLUS",IVA,A REGIME,ESCLUSIONE,Non quantificabile,"-0,2","-0,2",,,ASSOCIAZIONI ENTI NO PROFIT ONLUS,T,47
2020,21: TUTELA E VALORIZZAZIONE DEI BENI E ATTIVITA’ CULTURALI E PAESAGGISTICI,248,"Art. 3, quarto comma, lett. a), del D.P.R. 633/72",Non assoggettamento ad IVA delle cessioni di diritti d'autore effettuate dagli autori o dai loro eredi,IVA,A REGIME,ESCLUSIONE,Non quantificabile,"-0,2","-0,2",,,PERSONE FISICHE,T,47
2020,21: TUTELA E VALORIZZAZIONE DEI BENI E ATTIVITA’ CULTURALI E PAESAGGISTICI,249,Art.13 del D.Lgs. n. 346/90,Esclusione dall'attivo ereditario di beni culturali,IMPOSTE SU DONAZIONI E SUCCESSIONI,A REGIME,ESCLUSIONE,"-1,0","-1,0","-1,0",,,PERSONE FISICHE,T,47
2020,21: TUTELA E VALORIZZAZIONE DEI BENI E ATTIVITA’ CULTURALI E PAESAGGISTICI,250,"Nota sub punto 1 all’art. 18 della tariffa, allegata al D.P.R. n. 641/72",Tasse sulle concessioni governative ridotte al 25% ai concessionari privati per la radiodiffusione sonora a carattere comunitario,ALTRO,A REGIME,RIDUZIONE DI ALIQUOTA,"-2,0","-2,0","-2,0",,,SOGGETTI E CATEGORIE PARTICOLARI,T,47
2020,21: TUTELA E VALORIZZAZIONE DEI BENI E ATTIVITA’ CULTURALI E PAESAGGISTICI,251,"DLGS 22 gennaio 2004, n. 42 , legge n. 1089 del 1939 e articolo 13 del dlgs 31 ottobre 1990, n. 346 .","Per i beni culturali di cui all'art. 13 del d.lgs. n. 346/1990, esclusione dall'asse ereditario a talune condizioni ai fini dell'imposta di successione: la norma citata fa ulteriore riferimento al d.lgs. n. 42/2004 (Codice dei beni culturali e del paesaggio) e alla legge n. 1089/1939 (Tutela delle cose di interesse artistico e storico). Per i beni culturali di cui all'art. 13 del d.lgs. n. 346/1990, esclusione dall'asse ereditario a talune condizioni ai fini dell'imposta di successione: la norma citata fa ulteriore riferimento al d.lgs. n. 42/2004 (Codice dei beni culturali e del paesaggio) e alla legge n. 1089/1939 (Tutela delle cose di interesse artistico e storico).",IMPOSTE SU DONAZIONI E SUCCESSIONI,A REGIME,ESCLUSIONE,Non quantificabile,"-2,0","-2,0",,,PERSONE FISICHE,T,47
2020,21: TUTELA E VALORIZZAZIONE DEI BENI E ATTIVITA’ CULTURALI E PAESAGGISTICI,252,Art. 5 DL n. 953 del 1982,Assicurazioni dei Beni di interesse storico e artistico,ALTRO,A REGIME,ESENZIONE,Non quantificabile,2022,2023,,,PERSONE FISICHE E GIURIDICHE,T,48
2020,21: TUTELA E VALORIZZAZIONE DEI BENI E ATTIVITA’ CULTURALI E PAESAGGISTICI,253,Art. 15 della legge n. 220/2016 (D.M. 15 marzo 2018),Credito d'imposta riconosciuto in favore delle imprese di produzione cinematografica e audiovisiva in relazione al costo complessivo di produzione di opere cinematografiche e audiovisive (nel rispetto della normativa UE),,A REGIME,CREDITO D'IMPOSTA,"-140,0","-140,0","-140,0",,,SOGGETTI E CATEGORIE PARTICOLARI,,48
2020,21: TUTELA E VALORIZZAZIONE DEI BENI E ATTIVITA’ CULTURALI E PAESAGGISTICI,254,Art. 16 della L n. 220/2016 (D.M. 15 marzo 2018),Credito d'imposta riconosciuto in favore delle imprese di distribuzione cinematografica e audiovisiva per le spese complessivamente sostenute per la distribuzione nazionale e internazionale di opere cinematografiche e audiovisive (nel rispetto della normativa UE),,A REGIME,CREDITO D'IMPOSTA,"-140,0","-140,0","-140,0",,,SOGGETTI E CATEGORIE PARTICOLARI,,48
2020,21: TUTELA E VALORIZZAZIONE DEI BENI E ATTIVITA’ CULTURALI E PAESAGGISTICI,255,"Art. 17, c. 1, della L n. 220/2016 (D.M. 15 marzo 2018)","Credito d'imposta riconosciuto in favore delle imprese di esercizio cinematografico in relazione alle spese complessivamente sostenute per la realizzazione di nuove sale o il ripristino di sale inattive, per la ristrutturazione e l'adeguamento strutturale e tecnologico delle sale cinematografiche, per l'installazione, la ristrutturazione, il rinnovo di impianti, apparecchiature, arredi e servizi accessori delle sale (nel rispetto della normativa UE)",,A REGIME,CREDITO D'IMPOSTA,"-140,0","-140,0","-140,0",,,SOGGETTI E CATEGORIE PARTICOLARI,,48
2020,21: TUTELA E VALORIZZAZIONE DEI BENI E ATTIVITA’ CULTURALI E PAESAGGISTICI,256,"Art. 17, c. 2, della L n. 220/2016","Credito d'imposta riconosciuto in favore delle industrie tecniche e di post-produzione, ivi inclusi i laboratori di restauro, in relazione alle spese sostenute per l'adeguamento tecnologico e strutturale del settore (nel rispetto della normativa UE)",,A REGIME,CREDITO D'IMPOSTA,"-140,0","-140,0","-140,0",,,SOGGETTI E CATEGORIE PARTICOLARI,,48
2020,21: TUTELA E VALORIZZAZIONE DEI BENI E ATTIVITA’ CULTURALI E PAESAGGISTICI,257,Art. 19 della legge n. 220/2016 (D.M. 15 marzo 2018),Credito d'imposta riconosciuto in favore delle imprese italiane di produzione esecutiva e di post-produzione in relazione ad opere cinematografiche ed audiovisive o a parti di esse realizzate sul territorio nazionale e con manodopera italiana su commissione di prooduzioni estere e commisurato alla spesa sostenuta nel territorio nazionale (nel rispetto della normativa UE),,A REGIME,CREDITO D'IMPOSTA,"-140,0","-140,0","-140,0",,,SOGGETTI E CATEGORIE PARTICOLARI,,48
2020,21: TUTELA E VALORIZZAZIONE DEI BENI E ATTIVITA’ CULTURALI E PAESAGGISTICI,258,Art. 20 della legge n. 220/2016 (D.M. 15 marzo 2018),"Credito d'imposta riconosciuto in favore dei soggetti di cui all'art. 73 del TUIR ed ai titolari di reddito d'impresa ai fini IRPEF non appartenenenti al settore cinematografico ed audiovisivo, associati in partecipazione, commisurato all'apporto in denaro effettiato per la produzione e distribuzione di opere (nel rispetto della normativa UE) cinematografiche e audiovisive.",,A REGIME,CREDITO D'IMPOSTA,"-140,0","-140,0","-140,0",,,SOGGETTI E CATEGORIE PARTICOLARI,,48
2020,21: TUTELA E VALORIZZAZIONE DEI BENI E ATTIVITA’ CULTURALI E PAESAGGISTICI,259,"Art. 1, comma 340, Legge 27 dicembre 2017, n. 205","L’applicazione dell'aliquota ridotta, nella misura del 10%, è estesa alle prestazioni di servizi relative ad attività spettacolistiche, anche se rese per il tramite di intermediari.",IVA,A REGIME,RIDUZIONE DI ALIQUOTA,"-1,0","-1,0","-1,0",,,PERSONE FISICHE,,48
2020,21: TUTELA E VALORIZZAZIONE DEI BENI E ATTIVITA’ CULTURALI E PAESAGGISTICI,260,"Art. 18 della legge n. 220/2016 (D.M. 15 marzo 2018) (riduzione ex art. 1, c. 805, L n. 145/2018)",Credito d'imposta riconosciuto in favore degli esercenti sale cinematografiche per il potenziamento dell'offerta cinematografica e commisurato agli introiti derivanti dalla programmazione di opere audiovisive effettuate nelle rispettive sale (nel rispetto della normativa UE),,A REGIME,CREDITO D'IMPOSTA,"-22,5","-22,5","-22,5",,,SOGGETTI E CATEGORIE PARTICOLARI,,48
2020,21: TUTELA E VALORIZZAZIONE DEI BENI E ATTIVITA’ CULTURALI E PAESAGGISTICI,261,"Art. 7, del DL n. 91/2013; DM 2/12/2014; Art. 5, L n. 175/2017",Credito d’imposta per la promozione della musica di nuovi talenti (de minimis) utilizzabile in compensazione con decreto del MIBACT di concerto MEF sentito MISE,,A REGIME,CREDITO D'IMPOSTA,"-4,5","-4,5","-4,5",,,IMPRESE,T,48
2020,21: TUTELA E VALORIZZAZIONE DEI BENI E ATTIVITA’ CULTURALI E PAESAGGISTICI,262,"Art. 1, c. 57-60, della L n. 205/2017","Credito d'imposta per le imprese culturali e creative (previsto nel rispetto del de minimis) utilizzabile esclusivamente in compensazione, attuato con decreto del MIBACT, di concerto MISE",,2020,CREDITO D'IMPOSTA,"0,0","0,0","0,0",,,IMPRESE,,48
2020,21: TUTELA E VALORIZZAZIONE DEI BENI E ATTIVITA’ CULTURALI E PAESAGGISTICI,263,"Art. 1, c. 319-321, della L n. 205/2017 (Provvedimento 12 dicembre 2018 e D.M. 23 aprile 2018) (riduzione ex art. 1, c. 805, L n. 145/2018); Art. 10 L n. 15/2020","Credito d'imposta per gli esercenti attività commerciale che operano nel settore della vendita dei libri al dettaglio parametrato agli importi pagati a titolo di IMU, TASI e TARI (nel rispetto del de minimis) utilizzabile esclusivamente in compensazione, attuato con decreto MIBACT di concerto MEF",,A REGIME,CREDITO D'IMPOSTA,"-3,8","-3,8","-3,8",,,SOGGETTI E CATEGORIE PARTICOLARI,,48
2020,21: TUTELA E VALORIZZAZIONE DEI BENI E ATTIVITA’ CULTURALI E PAESAGGISTICI,264,"Art. 1, comma 328, L. 205/2017","Esenzione fiscale in favore dell’Accademia dei Lincei ex articolo 3 del decreto luogotenenziale n. 359 del 1944, per tutti i tributi erariali, regionali e locali vigenti, nonché per ogni altro tributo di nuova istituzione, fatta salva espressa deroga legislativa, nell’ambito delle attività istituzionali svolte dalla medesima Accademia non in regime di impresa.",TUTTE LE IMPOSTE,A REGIME,ESENZIONE,"0,0","0,0","0,0",,,ACCADEMIA DEI LINCEI,,48
2020,21: TUTELA E VALORIZZAZIONE DEI BENI E ATTIVITA’ CULTURALI E PAESAGGISTICI,265,"Art. 1, c. 806-809, L n. 145/2018; Art. 1, comma 393, L n. 160/2019; dpcm 31 maggio 2019; Art. 98, comma 2, DL n. 18/2020","Credito d'imposta edicole parametrato agli importi pagati a titolo di IMU, TASI, Cosap e TARI (nel de minimis) è riconosciuto anche nei casi in cui l’attività commerciale non esclusiva non rappresenti l’unico punto vendita al dettaglio di giornali, riviste e periodici nel comune di riferimento. Per l'anno 2020, il credito d'imposta è esteso alle imprese di distribuzione della stampa che riforniscono giornali quotidiani e/o periodici a rivendite situate nei comuni con una popolazione inferiore a 5.000 abitanti e nei comuni con un solo punto vendita e può essere, altresì, parametrato agli importi spesi per i servizi di fornitura di energia elettrica, i servizi telefonici e di collegamento a Internet, nonché per i servizi di consegna a domicilio delle copie di giornali. Credito d'imposta edicole parametrato agli importi pagati a titolo di IMU, TASI, Cosap e TARI (nel de minimis) è riconosciuto anche nei casi in cui l’attività commerciale non esclusiva non rappresenti l’unico punto vendita al dettaglio di giornali, riviste e periodici nel comune di riferimento. Per l'anno 2020, il credito d'imposta è esteso alle imprese di distribuzione della stampa che riforniscono giornali quotidiani e/o periodici a rivendite situate nei comuni con una popolazione inferiore a 5.000 abitanti e nei comuni con un solo punto vendita e può essere, altresì, parametrato agli importi spesi per i servizi di fornitura di energia elettrica, i servizi telefonici e di collegamento a Internet, nonché per i servizi di consegna a domicilio delle copie di giornali. Credito d'imposta edicole parametrato agli importi pagati a titolo di IMU, TASI, Cosap e TARI (nel de minimis) è riconosciuto anche nei casi in cui l’attività commerciale non esclusiva non rappresenti l’unico punto vendita al dettaglio di giornali, riviste e periodici nel comune di riferimento. Per l'anno 2020, il credito d'imposta è esteso alle imprese di distribuzione della stampa che riforniscono giornali quotidiani e/o periodici a rivendite situate nei comuni con una popolazione inferiore a 5.000 abitanti e nei comuni con un solo punto vendita e può essere, altresì, parametrato agli importi spesi per i servizi di fornitura di energia elettrica, i servizi telefonici e di collegamento a Internet, nonché per i servizi di consegna a domicilio delle copie di giornali.",,2020,CREDITO D'IMPOSTA,"0,0","0,0","0,0",,,SOGGETTI E CATEGORIE PARTICOLARI,,48
2020,21: TUTELA E VALORIZZAZIONE DEI BENI E ATTIVITA’ CULTURALI E PAESAGGISTICI,266,"Art. 15, comma 1, lettera e) del TUIR, sostituita, da ultimo, dall'art. 1, comma 954, lettera b), della L. n. 208 del 2015 - Art. 15, comma 1, lettera e-bis) del TUIR, inserita dall'art. 1, comma 151, lettera b), della L. n. 107 del 2015 e modificata dall'art. 1, comma 617, L. n. 232 del 2016 - Art. 15, comma 2, TUIR",Detrazione per spese di istruzione,IRPEF,A REGIME,DETRAZIONE,"-590,9","-600,8","-607,9",3.815.045,"-154,9",PERSONE FISICHE,T,49
2020,21: TUTELA E VALORIZZAZIONE DEI BENI E ATTIVITA’ CULTURALI E PAESAGGISTICI,267,"Art. 15, comma 1, lettera e-quater) del TUIR, inserita dall'art.1, comma 346, lettera a), della L. n. 160 del 2019","Detrazione, dall'anno 2021, delle spese per l'iscrizione annuale e l'abbonamento di ragazzi di età compresa tra 5 e 18 anni a conservatori di musica, a istituzioni di alta formazione artistica, musicale e coreutica legalmente riconosciute, a scuole di musica iscritte nei registri regionali nonchè a cori, bande e scuole di musica riconosciuti da una pubblica amministrazione per lo studio e la pratica della musica. Sono detraibili le spese, per un importo non superiore a 1.000 euro, sostenute dai contribuenti con reddito complessivo non superiore a 36.000 euro.",IRPEF,A REGIME,DETRAZIONE,"0,0","-28,7","-16,4",,,PERSONE FISICHE,,49
2020,21: TUTELA E VALORIZZAZIONE DEI BENI E ATTIVITA’ CULTURALI E PAESAGGISTICI,268,"Art. 1, comma 10, della Legge n. 62/2000",Detrazione di un importo equivalente a quello della borsa di studio erogata dalle Regioni e dalle Province autonome di Trento e Bolzano,IRPEF,A REGIME,DETRAZIONE,Effetti di trascurabile entità,"-28,7","-16,4",,,PERSONE FISICHE,T,49
2020,21: TUTELA E VALORIZZAZIONE DEI BENI E ATTIVITA’ CULTURALI E PAESAGGISTICI,269,"Art. 3, comma 3 lett. d-ter), TUIR",Esclusione dalla base imponibile delle somme corrisposte a titolo di borsa di studio dal Governo italiano a cittadini stranieri in forza di accordi e intese internazionali,IRPEF,A REGIME,ESCLUSIONE,Non quantificabile,"-28,7","-16,4",,,PERSONE FISICHE,T,49
2020,21: TUTELA E VALORIZZAZIONE DEI BENI E ATTIVITA’ CULTURALI E PAESAGGISTICI,270,"art. 6, comma 13, l 488/99","Esenzione dall'IRPEF delle borse di studio corrisposte nell'ambito del programma Socrates di cui alla Decisione 819/95/CE del Parlamento Europeo e del Consiglio del 14 marzo 1995 nonché le somme aggiuntive corrisposte dalle Università a condizione che l'importo complessivo annuo non superi euro 7746,85",IRPEF,A REGIME,ESENZIONE,Effetti di trascurabile entità,"-28,7","-16,4",,,PERSONE FISICHE,T,49
2020,21: TUTELA E VALORIZZAZIONE DEI BENI E ATTIVITA’ CULTURALI E PAESAGGISTICI,271,Art. 4 l. 210/98,"Esenzione dall'IRPEF delle borse di studio corrisposte da Università e istituti di istruzione universitaria per la frequenza dei corsi di perfezionamento e scuole di specializzazione, corsi di dottorato di ricerca, attività di ricerca post dottorato e corsi di perfezionalento all'estero.",IRPEF,A REGIME,ESENZIONE,"-315,1","-315,1","-315,1",67.772,"-4.650,1",PERSONE FISICHE,T,49
2020,21: TUTELA E VALORIZZAZIONE DEI BENI E ATTIVITA’ CULTURALI E PAESAGGISTICI,272,"Art. 15, comma 1, lett. i- sexies) del TUIR, modificata dall'art. 20, comma 8 bis, del D.L. n 148 del 2017, convertito, con modificazioni dalla L. n.172 del 2017 e, da ultimo, dall'art. 1, c. 23 della L. n. 205 del 2017. Art. 15, comma 2 del TUIR",Detrazione per canoni di locazione (contratti ex lege n. 431 del 1998) stipulati da studenti universitari,IRPEF,A REGIME,DETRAZIONE,"-93,7","-93,7","-93,7",282.010,"-332,1",PERSONE FISICHE,T,49
2020,21: TUTELA E VALORIZZAZIONE DEI BENI E ATTIVITA’ CULTURALI E PAESAGGISTICI,273,Art. 4 della Legge n. 476/84,Esenzione dall'IRPEF delle borse di studio corrisposte agli studenti universitari,IRPEF,A REGIME,ESENZIONE,"-10,8","-10,8","-10,8",,,PERSONE FISICHE,T,49
2020,21: TUTELA E VALORIZZAZIONE DEI BENI E ATTIVITA’ CULTURALI E PAESAGGISTICI,274,"Art. 1, comma 50, della L. n. 208 del 2015","Esenzione dall'IRPEF delle borse di studio erogate nell'ambito del programma ""Erasmus +""",IRPEF,A REGIME,ESENZIONE,"-0,2","-0,2","-0,2",,,PERSONE FISICHE,,49
2020,21: TUTELA E VALORIZZAZIONE DEI BENI E ATTIVITA’ CULTURALI E PAESAGGISTICI,275,"Art. 4 della Legge n. 407/98 - art. 1, comma 255, L. 28 dicembre 2015, n. 208.",Esenzione dall'IRPEF delle borse di studio corrisposte alle vittime del terrorismo e della criminalità organizzata nonché agli orfani ed ai figli di questi ultimi.,IRPEF,A REGIME,ESENZIONE,"-0,2","-0,2","-0,2",,,PERSONE FISICHE,T,49
2020,21: TUTELA E VALORIZZAZIONE DEI BENI E ATTIVITA’ CULTURALI E PAESAGGISTICI,276,"Art. 1, comma 51, della L. n. 208 del 2015","Esenzione dall'IRPEF delle borse di studio per la frequenza dei corsi di perfezionamento, specializzazione ecc. erogate dalla Provincia autonoma di Bolzano.",IRPEF,A REGIME,ESENZIONE,"-0,2","-0,2","-0,2",,,PERSONE FISICHE,,49
2020,21: TUTELA E VALORIZZAZIONE DEI BENI E ATTIVITA’ CULTURALI E PAESAGGISTICI,277,"Art.10, comma 1, lett. l-quater), TUIR","Deduzione delle erogazioni liberali in denaro effettuate a favore di università, fondazioni universitarie, istituzioni universitarie pubbliche, enti di ricerca pubblici e vigilati dal Ministero dell'Istruzione, nonché degli enti parco regionali e nazionali",IRPEF,A REGIME,DEDUZIONE,"-3,4","-3,4","-3,4",14.775,"-229,6",PERSONE FISICHE,T,49
2020,21: TUTELA E VALORIZZAZIONE DEI BENI E ATTIVITA’ CULTURALI E PAESAGGISTICI,278,"Art. 15, comma 1, lett. i-octies), TUIR, modificato, da ultimo, dall'art. 1, comma 294, lett. a), L. n. 232 del 2016","Detrazione per erogazioni liberali, a favore degli istituti scolastici di ogni ordine e grado statali e paritari senza scopo di lucro, nonché a favore degli istituti tecnici superiori di cui al decreto del Presidente del Consiglio dei ministri 25 gennaio 2008, pubblicato nella Gazzetta Ufficiale n. 86 dell'11 aprile 2008, delle istituzioni dell'alta formazione artistica, musicale e coreutica e delle università, finalizzate a innovazione tecnologica, edilizia scolastica e ampliamento offerta formativa",IRPEF,A REGIME,DETRAZIONE,"-4,8","-4,8","-4,8",155.117,"-30,8",PERSONE FISICHE,T,49
2020,21: TUTELA E VALORIZZAZIONE DEI BENI E ATTIVITA’ CULTURALI E PAESAGGISTICI,279,"Art, 100, c. 2, lett. o-bis), TUIR; modificato da art. 1, comma 294, lettera b), della legge n. 232/2016","Deducibilità delle erogazioni liberali, nel limite del 2% del reddito d'impresa dichiarato e comunque nella misura massima di 70.000 € annui, a favore degli istituti scolastici di ogni ordine e grado e degli istituti tecnici superiori, finalizzate all'innovazione tecnologica all'edilizia scolastica e all'ampliamento dell'offerta formativa",IRPEF/IRES,A REGIME,DETRAZIONE,Stima ricompresa nelle misure 237-240,"-4,8","-4,8",,,IMPRESE E SOCIETA',T,49
2020,21: TUTELA E VALORIZZAZIONE DEI BENI E ATTIVITA’ CULTURALI E PAESAGGISTICI,280,"Art. 8, comma 3, DL 90/90 convertito dalla legge 165/1990","Non costituiscono attività commerciali le prestazioni aventi per oggetto lo svolgimento di attività didattiche e culturali a carattere nazionale o internazionale svolte da collegi universitari legalmente riconosciuti e posti sotto la vigilanza del Ministero dell’università e della ricerca, comprese le prestazioni relative all’alloggio, al vitto e alla fornitura di libri e materiale didattico. Non costituiscono attività commerciali le prestazioni aventi per oggetto lo svolgimento di attività didattiche e culturali a carattere nazionale o internazionale svolte da collegi universitari legalmente riconosciuti e posti sotto la vigilanza del Ministero dell’università e della ricerca, comprese le prestazioni relative all’alloggio, al vitto e alla fornitura di libri e materiale didattico.",IRES,A REGIME,ESCLUSIONE,Non quantificabile,"-4,8","-4,8",,,IMPRESE E SOCIETA',T,49
2020,21: TUTELA E VALORIZZAZIONE DEI BENI E ATTIVITA’ CULTURALI E PAESAGGISTICI,281,"Art. 17 del D.L. n. 185/08 e art. 44 del D.L. n. 78/2010 come modificato, da ultimo, dall'art. 1, comma 149, L. 11 dicembre 2016, n. 232. Art.8-bis, comma 2, del D.L. n.148 del 2017, convertito, con modificazioni, dalla Legge n. 172 del 2017; art. 5 d.l. n. 34 del 2019","Detassazione ai fini Irpef sugli emolumenti percepiti da docenti e ricercatori che rientrano in Italia per svolgere la loro attività lavorativa. La misura spetta per il periodo d'imposta in cui si acquisisce la residenza fiscale e per i tre periodi di imposta successivi. Le disposizioni si applicano nel rispetto delle condizioni e dei limiti dei regolamenti comunitari sugli Aiuti di Stato. Per coloro che acquiscono la residenza fiscale in Italia a partire dal 2020 l'agevolazione si applica nel periodo d'imposta in cui si acquisisce la residenza e nei successivi 5. Sono, inoltre, previste ulteriori agevolazioni per i periodi d'imposta successivi al verificarsi di prestabilite condizioni.",IRPEF,A REGIME,ESCLUSIONE,"-74,8","-74,8","-74,8","1.646,0","-45.446,5",PERSONE FISICHE,T,50
2020,21: TUTELA E VALORIZZAZIONE DEI BENI E ATTIVITA’ CULTURALI E PAESAGGISTICI,282,"Articolo 2-bis, decreto-legge 24 aprile 2017, n. 50, convertito in Legge 21 giugno 2017, n. 96",Trattamento IVA dei servizi di vitto e di alloggio in favore degli studenti universitari – interpretazione autentica.,IVA,A REGIME,ESENZIONE,"-0,8","-0,8","-0,8",119,,PERSONE FISICHE,,50
2020,"24: DIRITTI SOCIALI, POLITICHE SOCIALI E FAMIGLIA",283,"Art. 3, comma 3, lett. b), TUIR","Esclusione dalla base imponibile degli assegni periodici destinati al mantenimento dei figli spettanti al coniuge in conseguenza di separazione legale ed effettiva o di annullamento, scioglimento o cessazione degli effetti civili del matrimonio, nella misura in cui risultano da provvedimenti del giudice",IRPEF,A REGIME,ESCLUSIONE,"-321,4","-321,4","-321,4",95.865,"-3.352,5",PERSONE FISICHE,T,50
2020,"24: DIRITTI SOCIALI, POLITICHE SOCIALI E FAMIGLIA",284,"Art. 3, comma 3, lett. d), TUIR",Esclusione dalla base imponibile degli assegni familiari e dell'assegno per il nucleo familiare,IRPEF,A REGIME,ESCLUSIONE,"-1.859,0","-1.859,0","-1.859,0",,,PERSONE FISICHE,T,50
2020,"24: DIRITTI SOCIALI, POLITICHE SOCIALI E FAMIGLIA",285,"Art. 15, comma 1, lett. f), e comma 2, TUIR, modificato dall'art. 12, comma 1, del D.L. n. 102 del 2013, convertito dalla L. n. 124 del 2013 e, da ultimo, dall'art. 5, comma 1, L. n. 112 del 2016","Detrazione per spese relative a premi assicurativi per morte, invalidità permanente, non autosufficienza",IRPEF,A REGIME,DETRAZIONE,"-286,7","-286,7","-286,7",5.258.131,"-54,5",PERSONE FISICHE,T,50
2020,"24: DIRITTI SOCIALI, POLITICHE SOCIALI E FAMIGLIA",286,"Art. 15, comma 1, lett. f), e comma 2, TUIR, modificato dall'art. 12, comma 1, del D.L. n. 102 del 2013, convertito dalla L. n. 124 del 2013 e, da ultimo, dall'art. 5, comma 1, L. n. 112 del 2016",Detraibilità delle spese sostenute per le polizze assicurative finalizzate alla tutela delle persone con disabilità grave (cd. DOPO DI NOI),IRPEF,A REGIME,DETRAZIONE,"-0,4","-0,4","-0,4",8.209,"-53,9",PERSONE FISICHE,,50
2020,"24: DIRITTI SOCIALI, POLITICHE SOCIALI E FAMIGLIA",287,"Art.10, comma 1, lett. c), TUIR","Deduzione degli assegni periodici corrisposti al coniuge, ad esclusione di quelli destinati al mantenimento dei figli, in conseguenza di separazione legale ed effettiva, di scioglimento o annullamento del matrimonio, o di cessazione dei suoi effetti civili del matrimonio",IRPEF,A REGIME,DEDUZIONE,"-260,4","-260,4","-260,4",139.113,"-1.872,2",PERSONE FISICHE,T,50
2020,"24: DIRITTI SOCIALI, POLITICHE SOCIALI E FAMIGLIA",288,"Art. 15, comma 1, lett. c) e lett. c-ter), TUIR",Detrazione per spese relative a mezzi necessari all'accompagnamento e a facilitare l'autosufficienza dei soggetti disabili; detrazione per spese relative a cani guida per non vedenti; detrazione per servizi di interpretariato sostenute dai soggetti riconosciuti sordomuti,IRPEF,A REGIME,DETRAZIONE,"-81,1","-81,1","-81,1",70.545,"-1.149,1",PERSONE FISICHE,T,50
2020,"24: DIRITTI SOCIALI, POLITICHE SOCIALI E FAMIGLIA",289,"Art. 1, comma 335, della Legge n. 266/05; art.2, comma 6, della Legge n. 203/08",Detrazione del 19% per le spese di frequenza degli asili nido,IRPEF,A REGIME,DETRAZIONE,"-24,8","-24,8","-24,8",236.714,"-105,0",PERSONE FISICHE,T,50
2020,"24: DIRITTI SOCIALI, POLITICHE SOCIALI E FAMIGLIA",290,"Art. 15, comma 1, lett. i-septies) e comma 2, TUIR",Detrazione per addetti all'assistenza personale nei casi di non autosufficienza nel compimento degli atti della vita quotidiana,IRPEF,A REGIME,DETRAZIONE,"-46,7","-46,7","-46,7",126.629,"-368,5",PERSONE FISICHE,T,50
2020,"24: DIRITTI SOCIALI, POLITICHE SOCIALI E FAMIGLIA",291,"Art. 10, comma 1, lett.d), TUIR","Deduzione degli assegni periodici, corrisposti in forza di testamento o donazione modale e, se risultanti da provvedimenti di autorità giudiziaria, gli assegni alimentari corrisposti alle persone indicate nell'art. 433 del codice civile",IRPEF,A REGIME,DEDUZIONE,"-5,1","-5,1","-5,1",,,PERSONE FISICHE,T,50
2020,"24: DIRITTI SOCIALI, POLITICHE SOCIALI E FAMIGLIA",292,"Art. 10, comma 1, lett. l-bis), TUIR",Deduzione delle spese sostenute dai genitori adottivi per l'espletamento della procedura di adozione,IRPEF,A REGIME,DEDUZIONE,"-5,1","-5,1","-5,1",,,PERSONE FISICHE,T,50
2020,"24: DIRITTI SOCIALI, POLITICHE SOCIALI E FAMIGLIA",293,"Art. 15, comma 1-quater , TUIR, sostituito dall'art. 1, comma 27, L. 30 dicembre 2018, n. 145","Detrazione, nella misura forfetaria di euro 1.000, delle spese sostenute dai non vedenti per il mantenimento di cani guida",IRPEF,A REGIME,DETRAZIONE,"-0,72","-0,72","-0,72",827,"-870,6",PERSONE FISICHE,T,50
2020,"24: DIRITTI SOCIALI, POLITICHE SOCIALI E FAMIGLIA",294,"Art. 15, comma 1, lett. d), TUIR, sostituita dall'art. 1, comma 954, lettera a), della L. n. 208 del 2005",Detrazione spese funebri,IRPEF,A REGIME,DETRAZIONE,"-143,2","-143,2","-143,2",504.617,"-283,7",PERSONE FISICHE,T,50
2020,"24: DIRITTI SOCIALI, POLITICHE SOCIALI E FAMIGLIA",295,"Art. 10, comma 1, lett. h), TUIR",Deduzione dell'indennità per perdita di avviamento corrisposte per disposizioni di legge al conduttore in caso di cessazione di locazione di immobili urbani adibiti ad usi diversi da quello di abitazione,IRPEF,A REGIME,DEDUZIONE,"-5,1","-5,1","-5,1",,,PERSONE FISICHE,T,50
2020,"24: DIRITTI SOCIALI, POLITICHE SOCIALI E FAMIGLIA",296,"Art. 10, comma 1, lett. l-ter), TUIR",Deduzione delle erogazioni liberali in denaro per il pagamento degli oneri difensivi dei soggetti ammessi al patrocinio a spese dello Stato,IRPEF,A REGIME,DEDUZIONE,"-5,1","-5,1","-5,1",,,PERSONE FISICHE,T,50
2020,"24: DIRITTI SOCIALI, POLITICHE SOCIALI E FAMIGLIA",297,"Art. 11, comma 2-bis, TUIR",Esenzione dall'IRPEF in presenza solo di redditi fondiari di importo non superiore a 500 euro,IRPEF,A REGIME,ESENZIONE,"-3,3","-3,3","-3,3",,,PERSONE FISICHE,T,50
2020,"24: DIRITTI SOCIALI, POLITICHE SOCIALI E FAMIGLIA",298,"Art. 11, comma 2, TUIR","Esenzione dalla tassazione dei redditi di terreni fino a euro 185,92 per soggetti titolari di redditi di pensione fino a 7.500 euro Esenzione dalla tassazione dei redditi di terreni fino a euro 185,92 per soggetti titolari di redditi di pensione fino a 7.500 euro",IRPEF,A REGIME,ESENZIONE,"-3,8","-3,8","-3,8",,,PERSONE FISICHE,T,50
2020,"24: DIRITTI SOCIALI, POLITICHE SOCIALI E FAMIGLIA",299,"Art. 100, c. 2, lett.h), TUIR",Deducibilità delle erogazioni liberali in denaro per un importo non superiore a 30.000 o al 2% del reddito d'impresa a favore delle ONLUS e di altre persone giuridiche individuate con apposito decreto che svolgono attività umanitarie,IRPEF/IRES,A REGIME,DEDUZIONE,Stima ricompresa nelle misure 237-240,2022,2023,,,PERSONE FISICHE E GIURIDICHE,T,51
2020,"24: DIRITTI SOCIALI, POLITICHE SOCIALI E FAMIGLIA",300,"Art. 100, c. 2, lett i), TUIR","Deducibilità delle spese relative all'impiego di lavoratori dipendenti, nel limite del 5‰ dell'ammontare complessivo delle spese per prestazioni di lavoro dipendente, utilizzati per prestazioni di servizi erogate a favore di ONLUS",IRPEF/IRES,A REGIME,DEDUZIONE,Stima ricompresa nelle misure 237-240,2022,2023,,,PERSONE FISICHE E GIURIDICHE,T,51
2020,"24: DIRITTI SOCIALI, POLITICHE SOCIALI E FAMIGLIA",301,"Art. 100, c.2, lett. l), TUIR, abrogata dall'art.102, comma 1, lettera e), d.lgs. n.117 del 2017, salvo quanto previsto dall'art. 104, comma 1, del medesimo D.Lgs. n. 117/2017.","Deducibilità delle erogazioni liberali in denaro per un importo non superiore a 1.549,37 o al 2% del reddito di impresa a favore delle associazioni di promozione sociale iscritte negli appositi registri",IRPEF/IRES,A REGIME FINO ALL'OPERATIVITA' DEL REGISTRO UNICO DEL TERZO SETTORE,DEDUZIONE,Stima ricompresa nelle misure 237-240,2022,2023,,,PERSONE FISICHE E GIURIDICHE,T,51
2020,"24: DIRITTI SOCIALI, POLITICHE SOCIALI E FAMIGLIA",302,"Art. 6, D.P.R. 601/1973 [Articolo abrogato dall'art. 1, c. 51, L n. 145/2018, a decorrere dal 1° gennaio 2019; per l'applicabilità di tale disposizione vedi l'art. 1, c. 52, della medesima L n. 145/2018, come sostituito dall'art. 1, c. 8- bis, lett. b), DL n. 135/2018, convertito, con modificazioni, dalla L n. 12/2019]","L'IRES è ridotta alla metà nei confronti di: a) enti e istituti di assistenza sociale, società di mutuo soccorso, enti ospedalieri, enti di assistenza e beneficenza; b) istituti di istruzione e istituti di studio e sperimentazione di interesse generale che non hanno fine di lucro, corpi scientifici, accademie, fondazioni e associazioni storiche, letterarie, scientifiche, di esperienze e ricerche aventi scopi esclusivamente culturali; c) enti il cui fine è equiparato per legge ai fini di beneficenza o di istruzione; d) istituti autonomi per le case popolari, comunque denominati, e loro consorzi nonché enti aventi le stesse finalità sociali dei predetti Istituti, istituiti nella forma di società che rispondono ai requisiti della legislazione dell'Unione europea in materia di ""in house providing"" e che siano costituiti e operanti alla data del 31 dicembre 2013",IRES,A REGIME FINO ALL'ADOZIONE DELLE NORME DI CUI AL COMMA 52-BIS DELLA L. 145/2018,RIDUZIONE DI ALIQUOTA,"-168,4","-168,4","-168,4",15.196,"-11.079,2",ASSOCIAZIONI ENTI NO PROFIT ONLUS,T,51
2020,"24: DIRITTI SOCIALI, POLITICHE SOCIALI E FAMIGLIA",303,"Art. 77, comma 12, del D.Lgs. 3 luglio 2017, n. 117.","Esclusione dalla base imponibile dell'imposta di successione di cui al D.Lgs. 31 ottobre 1990, n. 346, dei titoli di solidarietà.",IMPOSTE SU DONAZIONI E SUCCESSIONI,A REGIME,ESCLUSIONE,Effetti di trascurabile entità,"-168,4","-168,4",,,PERSONE FISICHE,,51
2020,"24: DIRITTI SOCIALI, POLITICHE SOCIALI E FAMIGLIA",304,"Art. 77, comma 13, del D.Lgs. 3 luglio 2017, n. 117.",Esclusione dei titoli di solidarietà dalla base imponibile dell'imposta di bollo sulle comunicazioni relative ai dossier titoli.,IMPOSTA DI BOLLO,A REGIME,ESCLUSIONE,"-1,4","-1,4","-1,4",,,PERSONE FISICHE E GIURIDICHE,,51
2020,"24: DIRITTI SOCIALI, POLITICHE SOCIALI E FAMIGLIA",305,"Art. 13, commi 2 e 3, del D.Lgs n.460/97, come modificato dall'art.16, c. 5, della legge n. 166/2016","Non si considerato destinati a finalità estranee all’esercizio dell’impresa le cessioni gratuite agli enti pubblici, alle ONLUS e agli enti privati costituiti per il perseguimento senza scopo di lucro di finalità civiche e solidaristiche che promuovono e realizzano attività di interesse generale di derrate alimentari e prodotti farmaceutici alla cui produzioni o al cui scambio è diretta l’attività dell’impresa (c.2). Non si considerano destinati a finalità estranee all’esercizio di impresa i beni non di lusso diversi da quelli indicati al c. 2 alla cui produzione o scambio è diretta all’attività dell’impresa ceduti gratuitamente alle ONLUS (c.3)",IRPEF/IRES,A REGIME,ESCLUSIONE,"-1,5","-1,5","-1,5",316,"-4.857,7",ASSOCIAZIONI ENTI NO PROFIT ONLUS,T,51
2020,"24: DIRITTI SOCIALI, POLITICHE SOCIALI E FAMIGLIA",306,"Art. 54, comma 1, della Legge n. 342/2000","Non si considerano destinati a finalità estranee all’esercizio d’impresa e sono considerati distrutti ai fini IVA (esenzione con diritto alla detrazione dell'IVA a monte), i prodotti editoriali e le dotazioni informatiche ceduti gratuitamente a enti locali, agli istituti di prevenzione e pena, alle istituzioni scolastiche, agli orfanotrofi ed enti religiosi",IRPEF/IRES/IVA,A REGIME,ESCLUSIONE,Non quantificabile,"-1,5","-1,5",,,STATO E ENTI PUBBLICI,T,51
2020,"24: DIRITTI SOCIALI, POLITICHE SOCIALI E FAMIGLIA",307,Art. 92 della Legge n. 289/02,Esenzione dal pagamento dell’imposta sugli intrattenimenti per lo svolgimento occasionale delle attività indicate nella tariffa allegata al DPR n.640 del 1972 a favore dei centri sociali per anziani,ALTRO,A REGIME,ESENZIONE,Non quantificabile,"-1,5","-1,5",,,ASSOCIAZIONI ENTI NO PROFIT ONLUS,T,51
2020,"24: DIRITTI SOCIALI, POLITICHE SOCIALI E FAMIGLIA",308,"Art. 1, c. 392-395, della L n. 208/2015 (DM 1/6/2016); art. 1, c. 478, della L n. 145/2018",Credito d'imposta per il contrasto alla povertà minorile (cedibile) che può essere utilizzato esclusivamente in compensazione,,2021,CREDITO D'IMPOSTA,"-55,0","0,0","0,0",,,FONDAZIONI BANCARIE,,51
2020,"24: DIRITTI SOCIALI, POLITICHE SOCIALI E FAMIGLIA",309,"Articolo 54, comma 8-bis,TUIR","Determinazione del reddito di lavoro autonomo di volontari e cooperanti, sulla base di retribuzioni convenzionali stabilite da MAE di concerto Min Lavoro",IRPEF,A REGIME,ESCLUSIONE,Non quantificabile,"0,0","0,0",,,PERSONE FISICHE,T,51
2020,"24: DIRITTI SOCIALI, POLITICHE SOCIALI E FAMIGLIA",310,"Art. 14, comma 1, del D.L. n. 35/05, modificato dall'art. 99, comma 3, D.Lgs. n.117 del 2017 e da ultimo dall'art. 5-sexies, comma 1, D.L. n.148 del 2017.","Deduzione delle erogazioni liberali in denaro e in natura a favore degli enti del cd. terzo settore (Onlus, Ong, organismi di volontariato etc etc) nel limte del 10 per cento del reddito complessivo e comunque nella misura massima di 70.000 euro annui",IRPEF/IRES,A REGIME,DEDUZIONE,"-71,5","-71,5","-71,5",280.331,"-255,0",PERSONE FISICHE E GIURIDICHE,T,51
2020,"24: DIRITTI SOCIALI, POLITICHE SOCIALI E FAMIGLIA",311,"Art. 6, comma 9, della L. n. 112/2016; Art. 89, comma 10, del D.Lgs. 117/2017; D.L. 16 ottobre 2017, n. 148; D.lgs. 3 agosto 2018, n. 105","Applicazione delle agevolazioni di cui all'articolo 83, commi 1 e 2, del D.Lgs. 117/2017 alle erogazioni liberali, alle donazioni e agli altri atti a titolo gratuito effettuati dai privati nei confronti dei trust ovvero dei fondi speciali per il sostegno delle persone con disabilità grave (cd. ""DOPO DI NOI"")",IRPEF/IRES,A REGIME,DEDUZIONE,"-1,1","-1,1","-1,1",,,PERSONE FISICHE E GIURIDICHE,,51
2020,"24: DIRITTI SOCIALI, POLITICHE SOCIALI E FAMIGLIA",312,"Art. 15, comma 1.1, TUIR, modificato, da ultimo, dall'art. 1, comma 137, lettera a), della L. n. 190 del 2014",Detrazione per erogazioni liberali in denaro a favore delle ONLUS e di altre persone giuridiche individuate con apposito decreto che svolgono attività umanitarie.,IRPEF,A REGIME,DETRAZIONE,"-47,0","-47,0","-47,0",600.308,"-78,3",PERSONE FISICHE,T,51
2020,"24: DIRITTI SOCIALI, POLITICHE SOCIALI E FAMIGLIA",313,"Art. 10, comma 1, lett. i), TUIR",Deduzione delle erogazioni liberali in denaro a favore dell'Istituto centrale per il sostentamento del clero della Chiesa Cattolica italiana,IRPEF,A REGIME,DEDUZIONE,"-47,0","-47,0","-47,0",600.308,"-78,3",PERSONE FISICHE,T,51
2020,"24: DIRITTI SOCIALI, POLITICHE SOCIALI E FAMIGLIA",314,"Art. 10, comma 1, lett. l), TUIR","Deduzione delle erogazioni liberali iin denaro a favore dell'Unione delle Chiese Avventiste del 7° giorno, delle Assemblee di Dio in Italia edella Tavola Valdese Deduzione delle erogazioni liberali iin denaro a favore dell'Unione delle Chiese Avventiste del 7° giorno, delle Assemblee di Dio in Italia edella Tavola Valdese",IRPEF,A REGIME,DEDUZIONE,"-47,0","-47,0","-47,0",600.308,"-78,3",PERSONE FISICHE,T,51
2020,"24: DIRITTI SOCIALI, POLITICHE SOCIALI E FAMIGLIA",315,Art. 16 della legge n. 116 del 1995,Deduzione erogazioni liberali in denaro in favore dell'Unione Cristiana Evangelica Battista d'Italia,IRPEF,A REGIME,DEDUZIONE,"-6,6","-6,6","-6,6",68.335,"-96,4",PERSONE FISICHE,T,52
2020,"24: DIRITTI SOCIALI, POLITICHE SOCIALI E FAMIGLIA",316,"Art. 26, comma 2, legge n. 520 del 1995",Deduzione erogazioni liberali in denaro in favore della Chiesa Evangelica Luterana in Italia,IRPEF,A REGIME,DEDUZIONE,"-6,6","-6,6","-6,6",68.335,"-96,4",PERSONE FISICHE,T,52
2020,"24: DIRITTI SOCIALI, POLITICHE SOCIALI E FAMIGLIA",317,"Art. 30, comma 2, della L. n. 101 del 1989 sostituito dall'art. 4 della L. n. 638 del 1996",Deduzione dei contributi annuali versati alle Unioni Comunità Ebraiche Italiane,IRPEF,A REGIME,DEDUZIONE,"-6,6","-6,6","-6,6",68.335,"-96,4",PERSONE FISICHE,T,52
2020,"24: DIRITTI SOCIALI, POLITICHE SOCIALI E FAMIGLIA",318,"Art. 11, comma 1, del D.L. n. 149 del 2013, convertito dalla L. n. 13 del 2014",Detrazione per erogazioni liberali in denaro a favore di partiti politici iscritti nella prima sezione del registro nazionale dei partiti politici,IRPEF,A REGIME,DETRAZIONE,"-6,4","-6,4","-6,4",8.153,"-785,0",PERSONE FISICHE,T,52
2020,"24: DIRITTI SOCIALI, POLITICHE SOCIALI E FAMIGLIA",319,"Art. 11, comma 6, D.L. n. 149/2013","Detrazione del 26% delle erogazioni liberali in denaro ai partiti politici per importi compresi tra 30 euro e 30.000 euro annui. Sono esclusi gli enti nei quali vi sia una partecipazione pubblica o i cui titoli siano negoziati in mercati regolamentati nonché le società ed enti che controllano tali soggetti, nonché le società concessionarie dello Stato o di enti pubblici, per la durata del rapporto di concessione.",IRPEF/IRES,A REGIME,DETRAZIONE,Effetti di trascurabile entità,"-6,4","-6,4",,,PERSONE FISICHE E GIURIDICHE,T,52
2020,"24: DIRITTI SOCIALI, POLITICHE SOCIALI E FAMIGLIA",320,"Art. 10, comma 1, lett. g), TUIR. Art. 10, D.L. n. 384/1992. Art. 89, comma 12, D.Lgs. n. 117 del 2017","Deduzione delle oblazioni, donazioni e contributi in favore delle organizzazioni non governative",IRPEF,A REGIME,DEDUZIONE,"-4,2","-4,2","-4,2",53.536,"-78,5",PERSONE FISICHE,T,52
2020,"24: DIRITTI SOCIALI, POLITICHE SOCIALI E FAMIGLIA",321,"Art.15, comma 1, lett. i-quater), TUIR, abrogata dall'art.102, comma 1, lettera f), d.lgs. N.117 del 2017, salvo quanto previsto dall'art. 104, comma 1, del medesimo D.Lgs. n. 117/2017.",Detrazione per erogazioni liberali in denaro a favore delle associazioni di promozione sociale iscritte negli appositi registri,IRPEF,A REGIME FINO ALL'OPERATIVITA' DEL REGISTRO UNICO DEL TERZO SETTORE,DETRAZIONE,"-3,0","-3,0","-3,0",,,PERSONE FISICHE,T,52
2020,"24: DIRITTI SOCIALI, POLITICHE SOCIALI E FAMIGLIA",322,"Art. 15, comma 1, lett. c-bis), TUIR. come modificato dall'art. 1, comma 361 della L. n. 160 del 2019","Detrazione spese veterinarie fino all’importo di euro 500, limitatamente alla parte che eccede euro 129,11",IRPEF,A REGIME,DETRAZIONE,"-39,4","-39,4","-39,4",1.061.573,"-37,1",PERSONE FISICHE,T,52
2020,"24: DIRITTI SOCIALI, POLITICHE SOCIALI E FAMIGLIA",323,"Art. 8, comma 4, legge 266/1991 (legge quadro sul volontariato)","Non imponibilità ai fini delle imposte sui redditi dei proventi derivanti da attività commerciali e produttive marginali come individuate con DM 25 maggio 1995, qualora sia documentato il loro totale impiego per i fini istituzionali dell’organizzazione di volontariato.",IRES,A REGIME,ESCLUSIONE,Non quantificabile,"-39,4","-39,4",,,ASSOCIAZIONI ENTI NO PROFIT ONLUS,T,52
2020,"24: DIRITTI SOCIALI, POLITICHE SOCIALI E FAMIGLIA",324,Art. 20 legge 383/2000,"Non è considerata commerciale, così come per gli associati, la cessione di beni e la prestazione di servizi resa da associazioni di promozione sociale nei confronti dei familiari conviventi degli associati.",IRES,A REGIME,ESCLUSIONE,Non quantificabile,"-39,4","-39,4",,,ASSOCIAZIONI ENTI NO PROFIT ONLUS,T,52
2020,"24: DIRITTI SOCIALI, POLITICHE SOCIALI E FAMIGLIA",325,Art. 21 legge 383/2000,Esclusione dalla base imponibile ai fini dell' imposta sugli intrattenimenti delle quote e dei contributi corrisposti alle associazioni di promozione sociale,ALTRO,A REGIME,ESCLUSIONE,Non quantificabile,"-39,4","-39,4",,,ASSOCIAZIONI ENTI NO PROFIT ONLUS,T,52
2020,"24: DIRITTI SOCIALI, POLITICHE SOCIALI E FAMIGLIA",326,"Art. 1 bis, comma 3, della Legge n. 1216/61","Esenzione da qualsiasi tassa e imposta indiretta e formalità di registrazione operazioni ed atti , pagamento risarcimento vittime della strada e rapporti tra CONSAP ed imprese assicuratrici per responsabilità civile veicoli e natanti","IMPOSTE DI REGISTRO, DI BOLLO E IPOCASTATALI",A REGIME,ESENZIONE,"-1,0","-1,0","-1,0",,,PERSONE FISICHE,T,52
2020,"24: DIRITTI SOCIALI, POLITICHE SOCIALI E FAMIGLIA",327,"Art. 13-bis, comma 1, del D.P.R. n. 641/72",Esenzione dalle tasse sulle concessioni governative gli atti e i provvedimenti concernenti le ONLUS e le società e associazioni sportive dilettantistiche,ALTRO,A REGIME,ESENZIONE,"-1,0","-1,0","-1,0",,,ASSOCIAZIONI ENTI NO PROFIT ONLUS,T,52
2020,"24: DIRITTI SOCIALI, POLITICHE SOCIALI E FAMIGLIA",328,"Art. 13-bis, comma 1-bis, del D.P.R. n. 641/72","Esenzione dalle tasse sulle concessioni governative gli atti costitutivi, gli statuti ed ogni altro atto necessario per l’adempimento di obblighi dei movimenti o partiti politici, derivanti da disposizioni legislative o regolamentari",ALTRO,A REGIME,ESENZIONE,"-1,0","-1,0","-1,0",,,ASSOCIAZIONI ENTI NO PROFIT ONLUS,T,52
2020,"24: DIRITTI SOCIALI, POLITICHE SOCIALI E FAMIGLIA",329,Nota sub punto 3 all’art. 21 della tariffa allegata al D.P.R. n. 641/72,Esenzione da tasse sulle concessioni governative e licenze o i documenti sostitutivi intestati ad invalidi a seguito di perdita anatomica o funzionale di entrambi gli arti inferiori nonchè a non vedenti e a sordi,ALTRO,A REGIME,ESENZIONE,"-0,5","-0,5","-0,5",,,PERSONE FISICHE,T,52
2020,"24: DIRITTI SOCIALI, POLITICHE SOCIALI E FAMIGLIA",330,"Art.2, comma 26, della Legge n.191/09",Le vittime di atti di terrorismo e delle stragi di tale matrice e i loro superstiti che siano stati parti in causa in un procedimento giurisdizionale comunque dipendente da atti di terrorismo o strage di tale matrice sono esenti dall'obbligo di pagamento dell'imposta di registro e da ogni altra imposta.,"IMPOSTE DI REGISTRO, DI BOLLO E IPOCASTATALI",A REGIME,ESENZIONE,"-0,2","-0,2","-0,2",,,PERSONE FISICHE,T,52
2020,"24: DIRITTI SOCIALI, POLITICHE SOCIALI E FAMIGLIA",331,Art.1 OPCM del 13 agosto 2010,"Esenzione da imposta sulle sucessioni, ipotecaria e catastale, di bollo e dalle altre tasse e diritti per i parenti di primo grado delle persone decedute a causa del sisma del 6 aprile 2009 nella regione Abruzzo",IMPOSTE SU DONAZIONI E SUCCESSIONI,A REGIME,ESENZIONE,"-0,5","-0,5","-0,5",,,PERSONE FISICHE,T,52
2020,"24: DIRITTI SOCIALI, POLITICHE SOCIALI E FAMIGLIA",332,"Articolo unico della legge 2 aprile 1958, n. 319 (come sostituito dall'art. 10 della legge 11 agosto 1973, n. 533)","Esenzione, senza limiti di valore, da imposta di bollo, di registro e ogni spesa, tassa o diritto di qualsiasi specie e natura per atti, documenti e provvedimenti relativi alle cause per le controversie individuali di lavoro o concernenti rapporti di pubblico impiego. Per quanto riguarda l'imposta di bollo, esenzione superata poiché l'articolo 37 del D.L: 6 luglio 2011 n. 98 conveertito dalla L. 15 luglio 2011 n. 111 ha previsto che in questi casi si applichi il contributo unificato per spese giudiziarie. Esenzione, senza limiti di valore, da imposta di bollo, di registro e ogni spesa, tassa o diritto di qualsiasi specie e natura per atti, documenti e provvedimenti relativi alle cause per le controversie individuali di lavoro o concernenti rapporti di pubblico impiego. Per quanto riguarda l'imposta di bollo, esenzione superata poiché l'articolo 37 del D.L: 6 luglio 2011 n. 98 conveertito dalla L. 15 luglio 2011 n. 111 ha previsto che in questi casi si applichi il contributo unificato per spese giudiziarie.","IMPOSTE DI REGISTRO, DI BOLLO E IPOCASTATALI",A REGIME,ESENZIONE,"-7,0","-7,0","-7,0",,,SOGGETTI E CATEGORIE PARTICOLARI,T,52
2020,"24: DIRITTI SOCIALI, POLITICHE SOCIALI E FAMIGLIA",333,"Art. 82, primo comma, della legge 4 maggio 1983, n. 184","Esenzione da imposte di bollo, di registro e ogni altra spesa, tassa o diritto per gli atti, documenti e provvedimenti relativi a procedure di affidamento e adozione di minori","IMPOSTE DI REGISTRO, DI BOLLO E IPOCASTATALI",A REGIME,ESENZIONE,"-1,0","-1,0","-1,0",,,PERSONE FISICHE,T,53
2020,"24: DIRITTI SOCIALI, POLITICHE SOCIALI E FAMIGLIA",334,"Art. 19 della legge 6 marzo 1987, n.74","Esenzione da imposta di bollo, di registro e ogni altra tassa per i procedimenti di scioglimento di matrimonio e procedimenti anche esecutivi e cautelari diretti ad ottenere la corresponsione o la revisione degli assegni","IMPOSTE DI REGISTRO, DI BOLLO E IPOCASTATALI",A REGIME,ESENZIONE,"-10,5","-10,5","-10,5",,,PERSONE FISICHE,T,53
2020,"24: DIRITTI SOCIALI, POLITICHE SOCIALI E FAMIGLIA",335,"Art. 67 della legge 21 novembre 2000, n. 342",Esenzione da imposte e tasse per i trasferimenti di beni mobili e immobili posti in essere dall'Associazione nazionale fra mutilati ed invalidi di guerra a favore della Fondazione dell'associazione nazionale fra mutilati e invalidi di guerra,"IMPOSTE DI REGISTRO, DI BOLLO E IPOCASTATALI",A REGIME,ESENZIONE,Non quantificabile,"-10,5","-10,5",,,PERSONE FISICHE,T,53
2020,"24: DIRITTI SOCIALI, POLITICHE SOCIALI E FAMIGLIA",336,"Art. 7 della legge 4 aprile 2001, n. 154","Esenzione da bollo e ogni altra imposta e tassa nonchè dall'obbligo della richiesta di registrazione per gli atti, documenti e provvedimenti relativi all'azione civile contro la violenza nelle relazioni familiari, nonché i procedimenti anche esecutivi e cautelari diretti a ottenere la corresponsione dell'assegno di mantenimento previsto dal comma 3 dell'articolo 282-bis del codice di procedura penale e dal secondo comma dell'articolo 342-ter del codice civile. Per quanto riguarda l'imposta di bollo, ora confluita nella esenzione dal contributo unificato","IMPOSTE DI REGISTRO, DI BOLLO E IPOCASTATALI",A REGIME,ESENZIONE,Non quantificabile,"-10,5","-10,5",,,SOGGETTI E CATEGORIE PARTICOLARI,T,53
2020,"24: DIRITTI SOCIALI, POLITICHE SOCIALI E FAMIGLIA",337,"Art. 73 della legge 14 maggio 1981, n. 219","Esenzione da imposte e tributi per le domande, gli atti, i provvedimenti, i contratti, comunque relativi all'attuazione delle leggi per la ricostruzione e lo sviluppo delle zone colpite dal terremoto del novembre 1980 e del febbraio 1981 e qualsiasi documentazione diretta a conseguirne i benefici","IMPOSTE DI REGISTRO, DI BOLLO E IPOCASTATALI",A REGIME,ESCLUSIONE,"-0,5","-0,5","-0,5",,,PERSONE FISICHE E GIURIDICHE,T,53
2020,"24: DIRITTI SOCIALI, POLITICHE SOCIALI E FAMIGLIA",338,"Art. 28 della legge 5 ottobre 1962, n. 1431;",Esenzione da imposte e tributi per gli atti relativi a ricostruzione e rinascita delle zone colpite dal terremoto dell'agosto del 1962,"IMPOSTE DI REGISTRO, DI BOLLO E IPOCASTATALI",A REGIME,ESENZIONE,"-0,5","-0,5","-0,5",,,PERSONE FISICHE E GIURIDICHE,T,53
2020,"24: DIRITTI SOCIALI, POLITICHE SOCIALI E FAMIGLIA",339,Legge n. 266 del 1991,Esenzione da imposte di bollo e di registro per gli atti costitutivi e connessi allo svolgimento delle attività di volontariato nonché per le donazioni disposte in loro favore,"IMPOSTE DI REGISTRO, DI BOLLO E IPOCASTATALI",A REGIME,ESENZIONE,Non quantificabile,"-0,5","-0,5",,,ASSOCIAZIONI ENTI NO PROFIT ONLUS,T,53
2020,"24: DIRITTI SOCIALI, POLITICHE SOCIALI E FAMIGLIA",340,"Art. 6 della legge 22 giugno 2016, n. 112","Esenzione dall'imposta suille successioni e donazioni e dall'imposta di bollo, imposte di registro, ipotacaria e catastale in misura fissa sugli atti costituenti trust, vincoli di destinazione e fondi speciali riservati alle persone disabili",IMPOSTE SU DONAZIONI E SUCCESSIONI,A REGIME,ESENZIONE,"-11,4","-11,4","-11,4",,,PERSONE FISICHE,,53
2020,"24: DIRITTI SOCIALI, POLITICHE SOCIALI E FAMIGLIA",341,"Art. 100, c. 2, lett. m-bis), TUIR (lettera inserita dall'art. 17-bis del DL n. 189/2016, convertito c.m. dalla legge n. 229/2016) Rinvio a un DM MEF non adottato",Deducibilità delle erogazioni liberali in denaro a favore dello Stato e dei comuni per contributi volontari versati in seguito ad eventi sismici o calamitosi che hanno colpito l'ente in favore del quale si effettua il versamento,IRPEF/IRES,A REGIME,DEDUZIONE,Stima ricompresa nelle misure 237-240,"-11,4","-11,4",,,PERSONE FISICHE E GIURIDICHE,,53
2020,"24: DIRITTI SOCIALI, POLITICHE SOCIALI E FAMIGLIA",342,"Art. 38 del DL n. 189/2016, convertito con modificazioni L n. 229/2016 (DPCM di concerto con MEF 26 ottobre 2018)","Credito d'imposta riconosciuto ai datori di lavoro pubblici e privati in relazione agli emolumenti versati al lavoratore legittimamente impegnato come volontario di protezione civile, in misura pari agli importi effettivamente spettanti (cedibile) è utilizzabile esclusivamente in compensazione",,A REGIME,CREDITO D'IMPOSTA,Non quantificabile,"-11,4","-11,4",,,IMPRESE E SOCIETA',,53
2020,"24: DIRITTI SOCIALI, POLITICHE SOCIALI E FAMIGLIA",343,"Art. 1, c. 51, della L n. 232/2016",Regime fiscale agevolato per gli operatori bancari di finanza etica e sostenibile (nel de minimis),IRES,A REGIME,ESCLUSIONE,"-1,0","-1,0","-1,0",,,SOGGETTI E CATEGORIE PARTICOLARI,,53
2020,"24: DIRITTI SOCIALI, POLITICHE SOCIALI E FAMIGLIA",344,"Art. 15, comma 1 lett. e-ter) del TUIR, introdotta dall'art. 1 comma 665 della L. n. 205 del 2017",Detrazione per l'acquisto di strumenti compensativi e di sussidi tecnici e informatici necessari all'apprendimento per studenti affetti da disturbo specifico dell'apprendimento (DSA).,IRPEF,A REGIME,DETRAZIONE,"-0,68","-0,68","-0,68",5.543,"-122,7",PERSONE FISICHE,,53
2020,"24: DIRITTI SOCIALI, POLITICHE SOCIALI E FAMIGLIA",345,"Art. 1. comma 249, della L. 232 del 2016","Le pensioni a favore dei superstiti di assicurato o pensionato percepite dagli orfani, concorrono alla formazione del reddito complessivo per l'importo eccedente 1.000 Euro.",IRPEF,A REGIME,ESCLUSIONE,"-17,8","-17,8","-17,8",,,PERSONE FISICHE,,53
2020,"24: DIRITTI SOCIALI, POLITICHE SOCIALI E FAMIGLIA",346,"Art.1, co.132, della legge n.244/2007 + art.1, co.1, del decreto interministeriale 16/02/2018","Ampliamento ad euro 8.000 della soglia reddituale prevista dall'art. 1, co.132, legge n.244/2007, ai fini dell'esenzione dal pagamento del canone di abbonamento televisivo in favore dei soggetti di età pari o superiore a 75 anni.",ALTRO,A REGIME,ESENZIONE,"-33,8","-33,8","-33,8",375.300,"-90,0",PERSONE FISICHE,,53
2020,"24: DIRITTI SOCIALI, POLITICHE SOCIALI E FAMIGLIA",347,"Art. 1, commi 355-356, Legge 27 dicembre 2019, n. 160","L'ampliamento ad euro 8.000 della soglia reddituale, prevista dall'art. 1, co.132, Legge n.244/2007, ai fini dell'esenzione dal pagamento del canone di abbonamento televisivo in favore dei soggetti di età pari o superiore a 75 anni, è esteso a quello del coniuge, esclusivamente per l'apparecchio televisivo ubicato nel luogo di residenza. Ai fini della non convivenza, esteso anche ad altri soggetti non titolari di un reddito proprio, né di collaboratori domestici, colf e badanti. L'ampliamento ad euro 8.000 della soglia reddituale, prevista dall'art. 1, co.132, Legge n.244/2007, ai fini dell'esenzione dal pagamento del canone di abbonamento televisivo in favore dei soggetti di età pari o superiore a 75 anni, è esteso a quello del coniuge, esclusivamente per l'apparecchio televisivo ubicato nel luogo di residenza. Ai fini della non convivenza, esteso anche ad altri soggetti non titolari di un reddito proprio, né di collaboratori domestici, colf e badanti.",ALTRO,A REGIME,ESENZIONE,"-20,9","-20,9","-20,9",,,PERSONE FISICHE,,53
2020,"24: DIRITTI SOCIALI, POLITICHE SOCIALI E FAMIGLIA",348,"Art. 16, del DLgs n. 112/2017","Deducibilità ai fini dell'imposta sui redditi della quota non superiore al 3 per cento degli utili netti annuali, dedotte eventuali perdite maturate negli esercizi precedenti, erogata dalle imprese sociali a fondi istituiti dagli enti rappresentativi delle imprese sociali e dalle associazioni nazionali di rappresentanza, assistenza, tutela e revisione del movimento cooperativo, nonché dalla Fondazione Italia Sociale, specificamente ed esclusivamente destinati alla promozione e allo sviluppo delle imprese sociali attraverso azioni ed iniziative di varia natura, quali il finanziamento di progetti di studio e di ricerca in tema di impresa sociale o di attività di formazione dei lavoratori dell'impresa sociale, la promozione della costituzione di imprese sociali o di loro enti associativi, o il finanziamento di specifici programmi di sviluppo di imprese sociali o di loro enti associativi",IRPEF/IRES,A REGIME (IN ATTESA DI AUTORIZZAZIONE CE),DEDUZIONE,Effetti di trascurabile entità,2022,2023,,,IMPRESE SOCIALI,,54
2020,"24: DIRITTI SOCIALI, POLITICHE SOCIALI E FAMIGLIA",349,"Art. 18, c. 1, del DLgs n. 112/2017",Non concorrenza alla formazione reddito imponibile imprese sociali degli utili e degli avanzi di gestione destinati ad apposita riserva,IRPEF/IRES,A REGIME (IN ATTESA DI AUTORIZZAZIONE CE),ESCLUSIONE,Stima ricompresa nella misura 350,2022,2023,,,IMPRESE SOCIALI,,54
2020,"24: DIRITTI SOCIALI, POLITICHE SOCIALI E FAMIGLIA",350,"Art. 18, c. 2, del DLgs n. 112/2017",Non concorrenza alla formazione reddito imponibile degli utili e degli avanzi di gestione destinati ad aumento gratuito del capitale sociale,IRPEF/IRES,A REGIME (IN ATTESA DI AUTORIZZAZIONE CE),ESCLUSIONE,"-0,6","-0,6","-0,6",,,IMPRESE SOCIALI,,54
2020,"24: DIRITTI SOCIALI, POLITICHE SOCIALI E FAMIGLIA",351,"Art. 18, c. 3-5, del DLgs n. 112/2017; art. 7 del D.Lgs. n. 95/2018",Incentivi fiscali all’investimento nelle imprese sociali,IRPEF/IRES,A REGIME (IN ATTESA DI AUTORIZZAZIONE CE),DETRAZIONE/DEDUZI ONE,"-2,0","-2,0","-2,0",,,PERSONE FISICHE E GIURIDICHE,,54
2020,"24: DIRITTI SOCIALI, POLITICHE SOCIALI E FAMIGLIA",352,"Art. 62, c. 6, del DLgs n. 117/2017 (D.M. 4 maggio 2018, n. 56)",Credito d'imposta in favore delle fondazioni di cui al D.Lgs n. 153 del 1999 per versamenti al FUN (cedibile) utilizzabile esclusivamente in compensazione,,A REGIME,CREDITO D'IMPOSTA,"-10,0","-10,0","-10,0",,,FONDAZIONI BANCARIE,,54
2020,"24: DIRITTI SOCIALI, POLITICHE SOCIALI E FAMIGLIA",353,"Art. 77, c. 9, del DLgs n. 117/2017","Assoggettamento alla ritenuta agevolata di cui all’articolo 31 del DPR n. 601/1973, degli interessi, dei premi e di ogni altro provento prodotti dai titoli di solidarietà.",IMPOSTA SOSTITUTIVA,A REGIME,RIDUZIONE DI ALIQUOTA,"-1,0","-1,0","-1,0",,,"PERSONE FISICHE, ENTI E SOCIETA'",,54
2020,"24: DIRITTI SOCIALI, POLITICHE SOCIALI E FAMIGLIA",354,"Art. 77, c. 10, del DLgs n. 117/2017",Credito d'imposta pari al 50 per cento delle erogazioni liberali in danaro effettuate in favore degli enti del terzo settore dagli istituti di credito emittenti i titoli di solidarietà e commisurate all'ammontare nominale collocato di detti titoli di solidarietà utilizzabile esclusivamente in compensazione,,A REGIME (IN ATTESA DI AUTORIZZAZIONE CE),CREDITO D'IMPOSTA,"-0,6","-0,6","-0,6",,,BANCHE E ASSICURAZIONI,,54
2020,"24: DIRITTI SOCIALI, POLITICHE SOCIALI E FAMIGLIA",355,"Art. 78 del D.Lgs. n. 117/2017, come modificato dall'art. 22, comma 1, del D.Lgs. 3 agosto 2018, n. 105.","Assoggettamento a ritenuta alla fonte a titolo di imposta, con l'aliquota agevolata prevista dall'articolo 31 del DPR n. 601 del 1973 degli importi percepiti a titolo di remunerazione dai soggetti che prestano fondi attraverso portali on line che svolgono attività di social lending, finalizzato al finanziamento e al sostegno delle attività di interesse generale svolte dagli enti del terzo settore.",IMPOSTA SOSTITUTIVA,A REGIME,RIDUZIONE DI ALIQUOTA,Effetti di trascurabile entità,"-0,6","-0,6",,,"PERSONE FISICHE, ENTI E SOCIETA'",,54
2020,"24: DIRITTI SOCIALI, POLITICHE SOCIALI E FAMIGLIA",356,"Art. 79, c. 2-bis), del Dlgs n. 117/2017 (comma inserito dall'art. 24-ter, c. 3, DL n. 119/2018)","Non commercialità delle attività di cui all'art. 79, c. 1 qualora i ricavi non superino di oltre il 5 per cento i relativi costi per ciascun periodo d'imposta e per non oltre due periodi d'imposta consecutivi.",IRES,A REGIME (IN ATTESA DI AUTORIZZAZIONE CE),ESENZIONE,Non quantificabile,"-0,6","-0,6",,,ASSOCIAZIONI ENTI NO PROFIT ONLUS,,54
2020,"24: DIRITTI SOCIALI, POLITICHE SOCIALI E FAMIGLIA",357,"Art. 79, c. 3 b-bis), del Dlgs n. 117/2017 [lettera aggiunta dall'art. 1, c. 82, L n. 145/2018, a decorrere dal 1° gennaio 2019; per l'applicabilità delle agevolazioni (nel de minimis) vedi l'art. 1, c. 83, della L n. 145/2018]","Non commercialità delle attività delle ex Ipab di cui alle lettere a), b), e c) dell'articolo 5 del d.lgs. 117/2017 (nel de minimis)",IRES,A REGIME,ESENZIONE,Non quantificabile,"-0,6","-0,6",,,ASSOCIAZIONI ENTI NO PROFIT ONLUS,,54
2020,"24: DIRITTI SOCIALI, POLITICHE SOCIALI E FAMIGLIA",358,Art. 80 del DLgs n. 117/2017,Regime forfetario di determinazione del reddito d'impresa da parte di enti del terzo settore che svolgono in via principale o prevalente attività non commerciali,IRES,A REGIME (IN ATTESA DI AUTORIZZAZIONE CE),REGIME FORFETARIO,Stima ricompresa nella misura 367,"-0,6","-0,6",,,ASSOCIAZIONI ENTI NO PROFIT ONLUS,,54
2020,"24: DIRITTI SOCIALI, POLITICHE SOCIALI E FAMIGLIA",359,Art. 81 del D.Lgs. n. 117 del 2017.,"""Social Bonus"" - Credito d'imposta pari al 65 per cento delle erogazioni liberali in denaro effettuate da persone fisiche in favore di enti del Terzo settore.",IRPEF,A REGIME,CREDITO D'IMPOSTA,"-5,1","-3,9","-3,9",,,PERSONE FISICHE,,54
2020,"24: DIRITTI SOCIALI, POLITICHE SOCIALI E FAMIGLIA",360,Art. 81 del DLgs n. 117/2017,"""Social bonus"" - Credito d'imposta pari al 50 per cento se effettuate da enti o società in favore degli enti del terzo settore, che hanno presentato al Ministero del lavoro e delle politiche sociali un progetto per sostenere il recupero degli immobili pubblici inutilizzati e dei beni mobili e immobili confiscati alla criminalità organizzata assegnati ai suddetti enti del terzo settore e da questi utilizzati esclusivamente per lo svolgimento di attività di interesse generale con modalità non commerciali, utilizzabile in compensazione. ""Social bonus"" - Credito d'imposta pari al 50 per cento se effettuate da enti o società in favore degli enti del terzo settore, che hanno presentato al Ministero del lavoro e delle politiche sociali un progetto per sostenere il recupero degli immobili pubblici inutilizzati e dei beni mobili e immobili confiscati alla criminalità organizzata assegnati ai suddetti enti del terzo settore e da questi utilizzati esclusivamente per lo svolgimento di attività di interesse generale con modalità non commerciali, utilizzabile in compensazione.",IRES,A REGIME,CREDITO D'IMPOSTA,"-29,9","-29,9","-29,9",,,ENTI E SOCIETA',,54
2020,"24: DIRITTI SOCIALI, POLITICHE SOCIALI E FAMIGLIA",361,"Art. 82 del D.Lgs. n. 117 del 2017, come modificato dall'art. 26 del D.Lgs. n. 105 del 2018",Regime di esenzione sugli atti di trasferimenti in favore degli enti del terzo settore,ALTRO,A REGIME,IMPOSTA IN MISURA FISSA,"-5,0","-5,0","-5,0",,,ASSOCIAZIONI ENTI NO PROFIT ONLUS,,55
2020,"24: DIRITTI SOCIALI, POLITICHE SOCIALI E FAMIGLIA",362,"Art. 83, commi 1-4, del DLgs n. 117/2017; art. 27, comma 1 del D.Lgs. n. 105 del 2018; art. 24-ter, comma 4 del D.L. n. 119 del 2018",Detrazioni e deduzioni per erogazioni liberali in denaro e in natura in favore degli enti del terzo settore,IRPEF/IRES,A REGIME,DETRAZIONE/DEDUZI ONE,"-37,0","-37,0","-37,0",,,"PERSONE FISICHE, ENTI E SOCIETA'",,55
2020,"24: DIRITTI SOCIALI, POLITICHE SOCIALI E FAMIGLIA",363,"Art. 83, comma 5, del DLgs n. 117/2017; art. 5-quater, comma 1 del D.L. n. 148 del 2017",Detrazioni per contributi associativi versati alle società di mutuo soccorso,IRPEF/IRES,A REGIME,DETRAZIONE,Stima ricompresa nella misura 362,"-37,0","-37,0",,,"PERSONE FISICHE, ENTI E SOCIETA'",,55
2020,"24: DIRITTI SOCIALI, POLITICHE SOCIALI E FAMIGLIA",364,"Art. 84, c. 2 del DLgs n. 117/2017",Non concorrenza dei redditi degli immobili destinati in via esclusiva o principale allo svolgimento di attività non commerciale,IRES,A REGIME,ESCLUSIONE,Stima ricompresa nella misura 367,"-37,0","-37,0",,,ASSOCIAZIONI ENTI NO PROFIT ONLUS,,55
2020,"24: DIRITTI SOCIALI, POLITICHE SOCIALI E FAMIGLIA",365,"Art. 85, c. 2 e 4 del DLgs n. 117/2017",Decommercializzazione di determinate attività effettuate dalle associazioni di promozione sociale (in de minimis),IRES,A REGIME,ESCLUSIONE,Stima ricompresa nella misura 367,"-37,0","-37,0",,,ASSOCIAZIONI ENTI NO PROFIT ONLUS,,55
2020,"24: DIRITTI SOCIALI, POLITICHE SOCIALI E FAMIGLIA",366,"Art. 85, c. 7 del DLgs n. 117/2017",Non concorrenza dei redditi degli immobili destinati in via esclusiva o principale allo svolgimento di attività non commerciale,IRES,A REGIME,ESCLUSIONE,Stima ricompresa nella misura 367,"-37,0","-37,0",,,ASSOCIAZIONI ENTI NO PROFIT ONLUS,,55
2020,"24: DIRITTI SOCIALI, POLITICHE SOCIALI E FAMIGLIA",367,Art. 86 del DLgs n. 117/2017,Regime forfetario di determinazione del reddito per attività commerciali svolte dalle organizzazioni di volontariato e dalle associazioni di promozione sociale,IRES,A REGIME (IN ATTESA DI AUTORIZZAZIONE CE),REGIME FORFETARIO,"-49,8","-28,5","-28,5",,,ASSOCIAZIONI ENTI NO PROFIT ONLUS,,55
2020,"24: DIRITTI SOCIALI, POLITICHE SOCIALI E FAMIGLIA",368,"Art. 1, c. 201-204, della L n. 205/2017 (D.M. 29 novembre 2018)","Credito d'imposta in favore delle fondazioni bancarie utilizzabile, esclusivamente in compensazione, nell'ambito dell'atttività non commerciale, da attuarsi con decreto MLPS di concerto MEF",,2020,CREDITO D'IMPOSTA,"-100,0","0,0","0,0",,,FONDAZIONI BANCARIE,,55
2020,"24: DIRITTI SOCIALI, POLITICHE SOCIALI E FAMIGLIA",369,"Art. 1, commi 13-16 della L. n. 145 del 2018",Imposta sostitutiva sui compensi da lezioni private e ripetizioni,,A REGIME,REGIME SOSTITUTIVO,"-17,1","-17,1","-17,1",,,PERSONE FISICHE,,55
2020,"24: DIRITTI SOCIALI, POLITICHE SOCIALI E FAMIGLIA",370,"Art. 19, comma 1 del D.L.n.124/2019",I premi attribuiti dalla lotteria nazionale degli scontrini non concorrono a formare il reddito del percipiente per l'intero ammontare corrisposto nel periodo d'imposta e non sono assoggettati ad alcun prelievo erariale.,IRPEF,A REGIME,ESCLUSIONE,"0,0","0,0","0,0",,,PERSONE FISICHE,,55
2020,"24: DIRITTI SOCIALI, POLITICHE SOCIALI E FAMIGLIA",371,"Art. 1, comma 629 della L. n. 160 del 2019","Inserimento dei commi 3-bis, 3-ter e 3-quater all'art. 15 del TUIR. Rimodulazione detrazioni Irpef in base al reddito complessivo.",IRPEF,A REGIME,DETRAZIONE,"43,5","24,9","24,9",,,PERSONE FISICHE,,55
2020,"24: DIRITTI SOCIALI, POLITICHE SOCIALI E FAMIGLIA",372,Art. 150 del D.L. n. 34 del 2020,"Inserimento del comma 2-bis all'art. 10 del TUIR. A partire dal 1° gennaio 2020 la restituzione delle somme al soggetto erogatore deve avvenire al netto della ritenuta operata al momento dell’erogazione delle stesse, fermo restando la modalità di restituzione al lordo di cui alla lettera d-bis), comma 1, del medesimo art. 10 del TUIR, nel caso in cui non sia stata applicata la ritenuta.",IRPEF,A REGIME,,"0,0","0,0","0,0",,,PERSONE FISICHE,,55
2020,25: POLITICHE PREVIDENZIALI,373,"Art. 8 D.Lgs. 5 dicembre 2005, n. 252; Art. 10, comma 1, lett. e-bis), del TUIR.; art. 1, comma 313 della L. n. 296 del 2006; art. 1, comma 83 lettera b) e comma 88 della L. n. 244 del 2007",Deduzione dal reddito imponibile dei contributi versati alle forme di previdenza complementari italiane ed estere localizzate nei Paesi dell'UE e del SEE.,IRPEF,A REGIME,DEDUZIONE,"-2.320,5","-2.320,5","-2.320,5","4.794.522,0","-484,0",PERSONE FISICHE,T,55
2020,25: POLITICHE PREVIDENZIALI,374,"Art. 3, comma 2, art.4, comma 4 e art. 8, comma 2, della Legge n. 206/04",Esenzione dall'IRPEF delle pensioni e delle indennità corrisposte alle vittime del terrorismo e delle stragi di tale matrice,IRPEF,A REGIME,ESENZIONE,"-3,6","-3,6","-3,6",,,PERSONE FISICHE,T,55
2020,25: POLITICHE PREVIDENZIALI,375,"Art. 52, comma 1, lett. d-bis, del TUIR","Sui lavori socialmente utili svolti da soggetti che hanno raggiunto l'età per la pensione di vecchiaia e che hanno un reddito complessivo non superiore a € 9296,22 al netto del reddito derivante dall'abitazione principale, si applica, sulla parte dei lavori socialmente utili che eccede € 3098,74, l'aliquota del 23%, maggiorata delle addizionali vigenti",IRPEF,A REGIME,RIDUZIONE DI ALIQUOTA,Effetti di trascurabile entità,"-3,6","-3,6",271,,PERSONE FISICHE,T,55
2020,25: POLITICHE PREVIDENZIALI,376,"art. 76 della legge 30 dicembre 1991, n. 413","Le rendite corrisposte in Italia da parte della assicurazione invalidità, vecchiaia e superstiti Svizzera (AVS), maturata sulla base anche di contributi previdenziali tassati alla fonte in Svizzera, sono assoggettate a ritenuta unica del 5 per cento da parte degli istituti italiani, quali sostituti d'imposta, per il cui tramite l'AVS Svizzera le eroga ai beneficiari in Italia Le rendite corrisposte in Italia da parte della assicurazione invalidità, vecchiaia e superstiti Svizzera (AVS), maturata sulla base anche di contributi previdenziali tassati alla fonte in Svizzera, sono assoggettate a ritenuta unica del 5 per cento da parte degli istituti italiani, quali sostituti d'imposta, per il cui tramite l'AVS Svizzera le eroga ai beneficiari in Italia",IMPOSTA SOSTITUTIVA,A REGIME,REGIME SOSTITUTIVO,Non quantificabile,"-3,6","-3,6",,,SOGGETTI E CATEGORIE PARTICOLARI,T,55
2020,25: POLITICHE PREVIDENZIALI,377,"Art. 76, comma 1-bis, della L. n. 413 del 1991, introdotto dall'art. 55-quinquies del D.L. n. 50 del 2017 convertito, con modificazioni, dalla L. n. 96 del 2017","Applicazione della ritenuta del 5 per cento, a cura degli intermediari finanziari italiani che intervengono nel pagamento, sulle somme corrisposte in Italia da parte della gestione della previdenza professionale per la vecchiaia, i superstiti e l'invalidita' svizzera (LPP), ivi comprese le prestazioni erogate dagli enti o istituti svizzeri di prepensionamento, maturate sulla base anche di contributi previdenziali tassati alla fonte in Svizzera e in qualunque forma erogate",IMPOSTA SOSTITUTIVA,A REGIME,REGIME SOSTITUTIVO,Non quantificabile,2022,2023,,,SOGGETTI E CATEGORIE PARTICOLARI,,56
2020,25: POLITICHE PREVIDENZIALI,378,Imposta sulle assicurazioni Tariffa speciale Allegato B - Legge n. 1216/61 Art.2,"Impiegati dello Stato. Contratti relativi alle assicurazioni integrative degli impiegati civili e militari dello Stato di cui alla legge 7 aprile 1930, n. 456",ALTRO,A REGIME,RIDUZIONE DI ALIQUOTA,Non quantificabile,2022,2023,,,SOGGETTI E CATEGORIE PARTICOLARI,T,56
2020,25: POLITICHE PREVIDENZIALI,379,"Art. 10, comma 2, TUIR; art. 30, commi 1 e 2 della L. n.342 del 2000; art. 21, comma 3, lettera a) della L. n. 252 del 2005",Deduzione delle spese mediche e di assistenza specifica necessarie nei casi di grave e permanente invalidita' o menomazione e deduzione dei contributi previdenziali versati per gli addetti ai servizi domestici e all'assistenza personale e familiare,IRPEF,A REGIME,DEDUZIONE,"-140,8","-140,8","-140,8",603.147,"-233,4",PERSONE FISICHE,T,56
2020,25: POLITICHE PREVIDENZIALI,380,"Art. 1, comma 219 della L. n. 205 del 2017",Esenzione IRPEF per le pensioni di reversibilità percepite dai familiari delle vittime dell'attentato terroristico a Dacca,IRPEF,A REGIME,ESENZIONE,Effetti di trascurabile entità,"-140,8","-140,8",,,PERSONE FISICHE,,56
2020,25: POLITICHE PREVIDENZIALI,381,"Art. 1, comma 156 della L. n. 205 del 2017",Applicazione ai dipendenti pubblici delle dispozioni concernenti la deducibilità dei premi e contributi versati e il regime di tassazione delle prestazioni previste per la previdenza complementare nel settore privato.,IRPEF,A REGIME,REGIME SOSTITUTIVO,Stima ricompresa nella misura 373,"-140,8","-140,8",,,PERSONE FISICHE,,56
2020,25: POLITICHE PREVIDENZIALI,382,"Articolo 2, comma 5-bis, DLGS n. 184 del 1997",Deduzione a favore dell'interessato ovvero detrazione a favore dei soggetti di cui l'interessato risulta essere a carico dei contributi versati per il riscatto del periodo di corso di laurea,I R P E F,A R E G I M E,DETRAZIONE/DEDUZI O N E,"-1,2","-1,2","-1,2",2.514,"-477,3",PERSONE FISICHE,T,56
2020,26: POLITICHE PER IL LAVORO,383,"Art. 13, comma 1-bis, del TUIR, introdotto dall'art. 1, comma 1, del D.L. n. 66 del 2014 convertito dalla L. n. 89 del 2014, sostituito dall'art. 1, comma 12, della L. n. 190 del 2014 e, da ultimo, modificato dall'art. 1, comma 132, della legge n. 205 del 2017; art. 3, comma 1 del D.L. n. 3 del 2020 convertito con modificazioni dalla L. 2 aprile 2020, n. 21; art. 128 del D.L. n. 34 del 2020.","Erogazione di un credito ai titolari di redditi di lavoro dipendente e di taluni assimilati di importo non superiore a 26.600 euro (Bonus 80 euro). L'art. 3, comma 1 del D.L. n. 3 del 2020 ha abrogato a partire dal 1° luglio 2020 il Bonus 80 euro. Al fine di contenere gli effetti negativi derivanti dalle misure di prevenzione e contenimento connesse all'emergenza epidemiologica da COVID -19, per l'anno 2020 il credito di cui all'articolo 13, comma 1- bis spetta anche se l'imposta lorda calcolata sui redditi di cui all'articolo 49, con esclusione di quelli indicati nel comma 2, lettera a), del citato testo unico, sia di importo inferiore alla detrazione spettante ai sensi dell'articolo 13, comma 1, del medesimo testo unico, per effetto delle misure a sostegno del lavoro contenute negli articoli 19, 20, 21, 22, 23 e 25 del decreto legge 17 marzo 2020, n. 18, convertito, con modificazioni, dalla legge 24 aprile, n. 27.",IRPEF,2020,ALTRO,"0,0","0,0","0,0",,,PERSONE FISICHE,T,56
2020,26: POLITICHE PER IL LAVORO,384,"Art. 1, del D.L. n. 3 del 2020, convertito, con modificazioni, dalla L. n. 21 del 2020","Riconoscimento di una somma a titolo di trattamento integrativo ai titolari di reddito di lavoro dipenedente e di taluni redditi assimilati. La somma è d'importo pari a euro 600 per l'anno 2020 e ad euro 1.200 a decorrre dall'anno 2021, se il reddito complessivo non è superiore a euro 28.000.",IRPEF,A REGIME,ALTRO,"-4.206,0","-4.206,0","-4.206,0",12.400.000,"-339,2",PERSONE FISICHE,,56
2020,26: POLITICHE PER IL LAVORO,385,"Art. 2, del D.L. n. 3 del 2020, convertito, con modificazioni, dalla L. n. 21 del 2020",Riconoscimento di una ulteriore detrazione fiscale ai titolari di reddito di lavoro dipendente e di taluni redditi assimilati se il reddito complessivo è superiore a euro 28.000 ma non ad euro 40.000.,IRPEF,2020,DETRAZIONE,"-276,0","0,5","0,0",3.500.000,"-78,9",PERSONE FISICHE,,56
2020,26: POLITICHE PER IL LAVORO,386,"Art. 24-bis del D.Lgs. n. 148/2015 introdotto dall'art. 1, comma 136 della L. n. 205 del 2017","Esenzione dall'IRPEF dell'indennità di fine rapporto erogata al lavoratore ""ricollocato"" entro il limite massimo di nove mensilità della retribuzione di rifeirmento per il calcolo del TFR.",IRPEF,A REGIME,ESENZIONE,Non quantificabile,"0,5","0,0",,,PERSONE FISICHE,,56
2020,26: POLITICHE PER IL LAVORO,387,"Art. 1, commi da 182 a 189, della L. n. 208 del 2015, modificati dall'art. 1, comma 160, lett. a), b) e c), L. n. 232 del 2016. In attuazione del comma 188 è stato emanato il D.M. 25 marzo 2016. Successivamente, la lett. c) del comma 184-bis è stata modificata dall'art. 1, comma 161, della legge n. 205 del 2017 e il comma 189 è stato sostituito dall'articolo 55, comma 1, del D.L. n. 50 del 2017, convertito, con modificazioni, dalla legge n. 96 del 2017","Detassazione premi di produttività. Applicazione di una imposta sostitutiva del 10 per cento sulle somme, fino ad un massimo di 3000 euro, corrisposte ai lavoratori dipendenti del settore privato con limite reddituale di accesso al beneficio di 80.000 euro.",IRPEF,A REGIME,REGIME SOSTITUTIVO,"-579,7","-579,7","-579,7",,,PERSONE FISICHE,,56
2020,26: POLITICHE PER IL LAVORO,388,"Art.11, comma 4, del D.lgs n.252 del 2005 come modificato dall'art. 1, comma 168 della L.205 del 2017 e commi da 4-bis a 4-quinquies inseriti dal medesimo art. 1, comma 168","Rendita integrativa temporanea anticipata (RITA) erogata ai lavoratori pubblici e privati aderenti alla previdenza complementare che, in tutto o in parte, la richiedano, a seguito della cessazione del rapporto di lavoro. La rendita integrativa anticipata è assoggettata a ritenuta a titolo d'imposta con aliquota pari, nel massimo, al 15 per cento e, nel minimo, al 9 per cento, con un decalage dello 0,3 per cento annuo per ciascun anno di adesione al fondo pensione superiore al quindicesimo. Rendita integrativa temporanea anticipata (RITA) erogata ai lavoratori pubblici e privati aderenti alla previdenza complementare che, in tutto o in parte, la richiedano, a seguito della cessazione del rapporto di lavoro. La rendita integrativa anticipata è assoggettata a ritenuta a titolo d'imposta con aliquota pari, nel massimo, al 15 per cento e, nel minimo, al 9 per cento, con un decalage dello 0,3 per cento annuo per ciascun anno di adesione al fondo pensione superiore al quindicesimo.",IRPEF,A REGIME,REGIME SOSTITUTIVO,"-10,4","-17,8","-17,8",,,PERSONE FISICHE,,56
2020,26: POLITICHE PER IL LAVORO,389,"Art. 34, D.P.R. n. 601 del 1973","Esenzione dall'IRPEF: (comma 1) delle pensioni di guerra di ogni tipo, delle relative indennità accessorie, degli assegni connessi alle pensioni privilegiate ordinarie, delle pensioni connesse alle decorazioni dell'ordine militare d'Italia, nonché delle pensioni privilegiate ordinarie corrisposte ai militari di leva e delle pensioni tabellari spettanti per menomazioni subite durante il servizio di leva obbligatorio; (comma 2) della pensione reversibile, della tredicesima mensilità e delle indennità di accompagnamento, percepite dai ciechi civili ai sensi della legge 27 maggio 1970, n. 382; (comma 3) dei sussidi corrisposti dallo Stato e da altri enti pubblici a titolo assistenziale.",IRPEF,A REGIME,ESENZIONE,"-3.401,2","-3.401,2","-3.401,2",3.654.877,"-930,6",PERSONE FISICHE,T,57
2020,26: POLITICHE PER IL LAVORO,390,"Art. 1, comma 175, della L. n. 147 del 2013 coordinato con l'art. 1, comma 690, della L. n. 190 del 2014","Esclusione dalla tassazione dei redditi di importo fino a 7,500 euro - frontalieri",IRPEF,A REGIME,ESCLUSIONE,"-33,5","-33,5","-33,5",15.921,"-2.104,1",SOGGETTI E CATEGORIE PARTICOLARI,T,57
2020,26: POLITICHE PER IL LAVORO,391,"Legge 26 luglio 1975, n. 386 Accordo Italo Svizzero",La remunerazione che un lavoratore frontaliero (residente entro 20 KM dal confine svizzero) riceve in corrispettivo di una attività dipendente sono imponibili soltanto nello Stato in cui tale attività è svolta,IRPEF,A REGIME,ESCLUSIONE,"-338,7","-338,7","-338,7",58.813,"-5.758,9",SOGGETTI E CATEGORIE PARTICOLARI,T,57
2020,26: POLITICHE PER IL LAVORO,392,Art. 3 del D.P.R. n. 601/73,"Esenzione dall'IRPEF delle retribuzioni di qualsiasi natura, le pensioni e le indennità di fine rapporto corrisposte dalla Santa Sede e dagli enti dalla stessa gestiti ai propri dipendenti",IRPEF,A REGIME,ESENZIONE,"-10,2","-10,2","-10,2",,,SOGGETTI E CATEGORIE PARTICOLARI,T,57
2020,26: POLITICHE PER IL LAVORO,393,"Art. 67, comma 1, lett. m) modificato dall'art. 1, comma 253 della L. n. 311 del 2004 e dall'art. 35, comma 5 del D.L. n. 207 del 2008; e Art.69, comma 2, TUIR, quest'ultimo modificato dall'Art.1, comma 367, della L. n. 205/2017","Tassazione agevolata delle indennità di trasferta, dei rimborsi forfetari di spesa, dei premi e dei compensi erogati ai direttori artistici e ai collaboratori tecnici per prestazioni di natura non professionale da parte di cori, bande e filodrammatiche che perseguono finalità dilettantistiche, e quelli erogati nell'esercizio diretto di attività sportive dilettantistiche dal CONI, dalle federazioni sportive nazionali, dall'UNIRE, dagli enti di promozione sportiva e da qualunque organismo comunque denominato che persegua finalità sportive dilettantistiche. La disposizione si applica anche ai rapporti di collaborazione coordinata e continuativa di carattere amministrativo-gestionale di natura non professionale resi in favore di società e associazioni sportive dilettantistiche",IRPEF,A REGIME,ESCLUSIONE,"-540,2","-540,2","-540,2",592.249,"-912,1",SOGGETTI E CATEGORIE PARTICOLARI,T,57
2020,26: POLITICHE PER IL LAVORO,394,"Art. 10, comma 1, lett. f), TUIR","Deduzione delle somme corrisposte ai dipendenti, chiamati ad adempiere funzioni presso gli uffici elettorali",IRPEF,A REGIME,DEDUZIONE,"-5,1","-5,1","-5,1",,,PERSONE FISICHE,T,57
2020,26: POLITICHE PER IL LAVORO,395,"Art. 51, comma 2, lett. c), del TUIR, come modificato dapprima dall'art. 1, comma 16, della L. n. 190 del 2014 e come sotituito, da ultimo, dall' art. 1, comma 677, della L. n. 160 del 2019","Non concorrono a formare il reddito le somministrazioni di vitto da parte del datore di lavoro, quelle in mense organizzate direttamente dal datore di lavoro o gestite da terzi, le prestazioni sostitutive delle somministrazioni di vitto nel limite di € 4,00 aumentato a 8,00 € nel caso in cui le stesse siano rese in forma elettronica, nonché le indennita' sostitutive delle somministrazioni di vitto corrisposte agli addetti ai cantieri edili, ad altre strutture lavorative a carattere temporaneo o ad unità produttive ubicate in zone dove manchino strutture o servizi di ristorazione fino all'importo complessivo giornaliero di euro 5,29",IRPEF,A REGIME,ESCLUSIONE,"-626,3","-626,3","-626,3","2.800.000,0","-223,7",PERSONE FISICHE,T,57
2020,26: POLITICHE PER IL LAVORO,396,"Art. 51, comma 2, lett. d), del TUIR",Non concorrono a formare il reddito le prestazioni di servizi di trasporto collettivo rese alla generalità o a categorie di dipendenti; anche se affidate a terzi ivi compresi gli esercenti servizi pubblici.,IRPEF,A REGIME,ESCLUSIONE,Non quantificabile,"-626,3","-626,3",,,PERSONE FISICHE,T,57
2020,26: POLITICHE PER IL LAVORO,397,"Art. 51, comma 2, lett. d-bis), del TUIR inserita dall’ art. 1, comma 28, lett. b), della legge n. 205 del 2017","Non concorrono a formare il reddito le somme erogate o rimborsate alla generalità o a categorie di dipendenti dal datore di lavoro o le spese da quest'ultimo direttamente sostenute, volontariamente o in conformità a disposizioni di contratto, di accordo o di regolamento aziendale, per l'acquisto degli abbonamenti per il trasporto pubblico locale, regionale e interregionale del dipendente e dei familiari fiscalmente a carico.",IRPEF,A REGIME,ESCLUSIONE,"-4,3","-4,3","-4,3",,,PERSONE FISICHE,,57
2020,26: POLITICHE PER IL LAVORO,398,"Art. 51, comma 2, lett. e), del TUIR","Non concorrono a formare il reddito i compensi reversibili delle indennità e dei compensi percepiti a carico di terzi dai prestatori di lavoro dipendente per incarichi svolti in relazione a tale qualità, nonché delle indennità, dei gettoni di presenza e degli altri compensi corrisposti dallo Stato, dalle regioni, dalle province e dai comuni per l'esercizio di pubbliche funzioni.",IRPEF,A REGIME,ESCLUSIONE,"-69,2","-69,2","-69,2",52.131,-1.328,PERSONE FISICHE,T,57
2020,26: POLITICHE PER IL LAVORO,399,"Art. 51, comma 2, lett. f), del TUIR, sostituita dall'art. 1, comma 190, lettera a), n. 1, della L. n. 208 del 2015, come interpretato autenticamente dall'art. 1, comma 162, L. n. 232 del 2016.","Non concorrono a formare il reddito l'utilizzazione delle opere e dei servizi riconosciuti dal datore di lavoro volontariamente o in conformità di disposizioni di contratto, accordo o regolamento aziendale, offerti alla generalità dei dipendenti, categorie di dipendenti o familiari di cui all'art. 12 del TUIR per le finalità di cui al comma 1 dell'art. 100 del citato TUIR.",IRPEF,A REGIME,ESCLUSIONE,Non quantificabile,"-69,2","-69,2",,,PERSONE FISICHE,T,57
2020,26: POLITICHE PER IL LAVORO,400,"Art. 51, comma 2, lett. f-bis), del TUIR, sostituita, da ultimo, dall'art. 1, comma 190, lettera a), n. 2, della L. n. 208 del 2015","Non concorrono a formare il reddito le somme, i servizi e le prestazioni erogati dal datore di lavoro alla generalità dei dipendenti o a categorie di dipendenti per la fruizione, da parte dei familiari indicati nell'articolo 12, dei servizi di educazione e istruzione anche in età prescolare, compresi i servizi integrativi e di mensa ad essi connessi, nonché per la frequenza di ludoteche e di centri estivi e invernali e per borse di studio a favore dei medesimi familiari Non concorrono a formare il reddito le somme, i servizi e le prestazioni erogati dal datore di lavoro alla generalità dei dipendenti o a categorie di dipendenti per la fruizione, da parte dei familiari indicati nell'articolo 12, dei servizi di educazione e istruzione anche in età prescolare, compresi i servizi integrativi e di mensa ad essi connessi, nonché per la frequenza di ludoteche e di centri estivi e invernali e per borse di studio a favore dei medesimi familiari",IRPEF,A REGIME,ESCLUSIONE,"-43,1","-43,1","-43,1",186.606,"-230,8",PERSONE FISICHE,T,57
2020,26: POLITICHE PER IL LAVORO,401,"Art. 51, comma 2, lett. f-ter), del TUIR inserita dall'art. 1, comma 190, lettera a), n. 3, della L. n. 208 del 2015",d N i o p n e n c d o e n n c t o i r o r o a n c o a a te f g o o r r m ie a d re i d il i p re e d n d d i e t n o t i l e p s e o r m la m fr e u e iz l i e o n p e r e d s e t i a z se io rv ni i z e i r d o i g a a s te s i d st a e l n d z a a t o ai r e f a d m i i l l a i v a o ri r o an a z l i l a a n g i e o n n e o ra n l ità dei autosufficienti indicati nell'articolo 12,IRPEF,A REGIME,ESCLUSIONE,"-0,9","-0,9","-0,9",2.613,"-353,4",PERSONE FISICHE,T,58
2020,26: POLITICHE PER IL LAVORO,402,"Art. 51, comma 2, lett. f-quater), del TUIR inserita dall’ art. 1, comma 161, L. 11 dicembre 2016, n. 232","Non concorrono a formare il reddito i contributi e i premi versati dal datore di lavoro a favore della generalità dei dipendenti o di categorie di dipendenti per prestazioni, anche in forma assicurativa, aventi per oggetto il rischio di non autosufficienza nel compimento degli atti della vita quotidiana o il rischio di gravi patologie.",IRPEF,A REGIME,ESCLUSIONE,Non quantificabile,"-0,9","-0,9",,,PERSONE FISICHE,,58
2020,26: POLITICHE PER IL LAVORO,403,"Art. 51, comma 2, lett. g), del TUIR. Art. 1, comma 184- bis , lett. c) della L. n. 208 del 2015,modificata dall 'art. 1, comma 161 della L. n. 205 del 2017.","Non concorrono a formare il reddito il valore delle azioni offerte alla generalità dei dipendenti per un importo annuo non superiore a € 2065,83",IRPEF,A REGIME,ESCLUSIONE,Non quantificabile,"-0,9","-0,9",,,PERSONE FISICHE,T,58
2020,26: POLITICHE PER IL LAVORO,404,"Art. 51, comma 2, lett. h), del TUIR","Non concorrono a formare il reddito le somme trattenute al dipendente per oneri di cui all'art. 10 alle condizioni ivi previste, nonché le erogazioni effettuate dal datore di lavoro in conformità a contratti collettivi o ad accordi e regolamenti aziendali",IRPEF,A REGIME,ESCLUSIONE,Non quantificabile,"-0,9","-0,9",,,PERSONE FISICHE,T,58
2020,26: POLITICHE PER IL LAVORO,405,"Art. 51, comma 2, lett. i), del TUIR",Non concorrono a formare il reddito le mance percepite dai croupiers nella misura del 25% dell'ammontare percepito nell'anno,IRPEF,A REGIME,ESCLUSIONE,Non quantificabile,"-0,9","-0,9",,,PERSONE FISICHE,T,58
2020,26: POLITICHE PER IL LAVORO,406,"Art. 51, comma 3, del TUIR","Non concorrono a formare il reddito il valore dei beni ceduti e dei servizi prestati se complessivamente di importo non superiore nell'anno a € 258,23",IRPEF,A REGIME,ESCLUSIONE,"-103,5","-103,5","-103,5",2.139.114,"-48,4",PERSONE FISICHE,T,58
2020,26: POLITICHE PER IL LAVORO,407,"Art. 51, comma 4, lett. a), del TUIR, art. 1, comma 632 della L. n. 160 del 2019","Ai fini della determinazione del fringe benefit per gli autoveicoli, i motocicli e i ciclomotori concessi in uso promiscuo con contratti stipulati a partire dal 1° luglio 2020 si applica una percentuale variabile sul calcolo dei fringe benefit oggetto di tassazione. Fermo restando la modalità di calcolo basata sulla percorrenza convenzionale di 15.000 chilometri calcolata sulla base del costo chilometrico ACI, al netto delle somme eventualmente trattenute al dipendente, la percentuale da applicare a tale valore numerico ai fini della tassazione varia in funzione del grado di inquinamento del veicolo. Resta ferma l'applicazione della disciplina nel testo dell'articolo 51, comma 4, lettera a), del TUIR vigente al 31 dicembre 2019 per i veicoli concessi in uso promiscuo con contratti stipulati entro il 30 giugno 2020.",IRPEF,A REGIME,ESCLUSIONE,Non quantificabile,"-103,5","-103,5",,,PERSONE FISICHE,T,58
2020,26: POLITICHE PER IL LAVORO,408,"Art. 51, comma 4, lett. b) del TUIR","Ai fini della determinazione del fringe benefit, in caso di concessione di prestiti, si assume il 50% della differenza tra l'importo degli interessi calcolato al tasso ufficiale di sconto vigente al termine di ciascun anno e l'importo degli interessi calcolato al tasso applicato sugli stesssi",IRPEF,A REGIME,ESCLUSIONE,Non quantificabile,"-103,5","-103,5",,,PERSONE FISICHE,T,58
2020,26: POLITICHE PER IL LAVORO,409,"Art. 51, comma 4, lett. c), del TUIR","Ai fini della determinazione del fringe benefit, per i fabbricati concessi in locazione, in uso o in comodato, si assume la differrenza tra la rendita catastale del fabbricato aumentata di tutte le spese inerenti e quanto corrisposto per il godimento del fabbricato stesso",IRPEF,A REGIME,ESCLUSIONE,Non quantificabile,"-103,5","-103,5",,,PERSONE FISICHE,T,58
2020,26: POLITICHE PER IL LAVORO,410,"Art. 51, comma 4, lett. c-bis), del TUIR","Ai fini della determinazione del fringe benefit, per i servizi di trasporto ferroviario di persone prestati gratuitamente, si assume, al netto degli importi trattenuti, l'ammontare corrispondente all'introito medio per passeggero/chilometro, per una percorrenza media convenzionale di 2.600 km",IRPEF,A REGIME,ESCLUSIONE,Non quantificabile,"-103,5","-103,5",,,PERSONE FISICHE,T,58
2020,26: POLITICHE PER IL LAVORO,411,"Art. 51, comma 5, del TUIR","Le indennità percepite per le trasferte o le missioni fuori del territorio comunale concorrono a formare il reddito per la parte che eccede € 46,48 al giorno, elevati a € 77,47 per le trasferte all'estero",IRPEF,A REGIME,ESCLUSIONE,Non quantificabile,"-103,5","-103,5",,,PERSONE FISICHE,T,58
2020,26: POLITICHE PER IL LAVORO,412,"Art. 51, comma 6, del TUIR, così come interpretato autenticamente dall'art. 7-quinquies, commi 1 e 2, D.L. n. 193 del 2016, convertito, con modificazioni, dalla L. n. 225 del 2016.",Le indennità e le maggiorazioni di retribuzione spettanti ai trasfertisti concorrono a formare il reddito nella misura del 50%,IRPEF,A REGIME,ESCLUSIONE,Non quantificabile,"-103,5","-103,5",,,PERSONE FISICHE,T,58
2020,26: POLITICHE PER IL LAVORO,413,"Art. 51, comma 7, del TUIR","Le indennità di trasferimento, quelle di prima sistemazioni e quelle equipollenti non concorrono a formare il reddito nella misura del 50% per un importo complessivo annuo non superiore a € 1549,37 per i trasferimenti all'interno del territorio nazionale ed € 4648,11 per quelli fuori del territorio nazionale o in destinazione a quest'ultimo",IRPEF,A REGIME,ESCLUSIONE,Non quantificabile,"-103,5","-103,5",,,PERSONE FISICHE,T,58
2020,26: POLITICHE PER IL LAVORO,414,"Art. 51, comma 8, del TUIR, modificato dall'art. 1, comma 319, della L. n. 190 del 2014, autenticamente interpretato dall'art. 1, comma 271, della legge n. 205 del 2017",Gli assegni di sede e le altre indennità percepite per servizi prestati all'estero costituiscono reddito nella misura del 50% Gli assegni di sede e le altre indennità percepite per servizi prestati all'estero costituiscono reddito nella misura del 50%,IRPEF,A REGIME,ESCLUSIONE,Non quantificabile,"-103,5","-103,5",,,PERSONE FISICHE,T,58
2020,26: POLITICHE PER IL LAVORO,415,"Art. 51, comma 8-bis, del TUIR, così come autenticamente interpretato dall'art. 5, comma 5, della legge n. 88 del 2001","Il reddito di lavoro dipendente, prestato all'estero in via continuativa e come oggetto esclusivo del rapporto da dipendenti che nell'arco di dodici mesi soggiornano nello Stato estero per un periodo superiore a 183 giorni, è determinato sulla base di retribuzioni convenzionali. La disposizione non è applicabile al reddito derivante dall'attività prestata per un periodo superiore a 183 giorni nell'arco di dodici mesi sulle navi battenti bandiera estera. Tale reddito continua a essere escluso dalla base imponibile fiscale.",IRPEF,A REGIME,ESCLUSIONE,Non quantificabile,2022,2023,,,PERSONE FISICHE,T,59
2020,26: POLITICHE PER IL LAVORO,416,"Art. 52, comma 1, lett. a-bis, del TUIR",I compensi percepiti per attività libero professionale intramuraria costituiscono reddito nella misura del 75%,IRPEF,A REGIME,ESCLUSIONE,"-87,3","-87,3","-87,3",52.764,"-1.653,7",PERSONE FISICHE,T,59
2020,26: POLITICHE PER IL LAVORO,417,"Art. 52, comma 1, lett. b), del TUIR","Non concorrono a formare il reddito le somme erogate a titolo di rimborso di spese ai titolari di cariche elettive, nonché a coloro che esercitano le funzioni di cui agli artt. 114 e 135 della Costituzione . Gli assegni vitalizi sono assoggettati a tassazione per la quota parte che non deriva da fonti riferibili a trattenute effettuate al percettore già assoggettate a ritenute fiscali. Detta quota parte è determinata per ciascun periodo d'imposta.",IRPEF,A REGIME,ESCLUSIONE,"-59,4","-59,4","-59,4",63.175,"-939,7",PERSONE FISICHE,T,59
2020,26: POLITICHE PER IL LAVORO,418,Art. 4 del D.P.R. n. 601/73,Esenzione dall'IRPEF dei redditi derivanti dall'esercizio della funzione di ambasciatori e agenti diplomatici degli Stati esteri accreditati in Italia.,IRPEF,A REGIME,ESENZIONE,"-10,0","-10,0","-10,0",,,SOGGETTI E CATEGORIE PARTICOLARI,T,59
2020,26: POLITICHE PER IL LAVORO,419,"Art. 9, comma 2, della L. n. 53 del 1990",Gli onorari corrisposti ai membri dei seggi elettorali costituiscono rimborso spese fisso forfetario non assoggettabile a ritenute o imposte e non concorrono alla formazione della base imponibile ai fini fiscali,IRPEF,A REGIME,ESCLUSIONE,Non quantificabile,"-10,0","-10,0",,,PERSONE FISICHE,T,59
2020,26: POLITICHE PER IL LAVORO,420,"Art. 54-bis, comma 4, D.L. n. 50 del 2017 convertito, con modificazioni dallla L. n. 96 del 2017",Esenzione dei redditi derivanti da prestazioni di lavoro occasionali per tali intendendosi quelle di importo non supeiore complessivamente nell'anno a 5000 euro,IRPEF,A REGIME,ESENZIONE,Non quantificabile,"-10,0","-10,0",,,PERSONE FISICHE,,59
2020,26: POLITICHE PER IL LAVORO,421,"Art. 24, comma 3-bis, del TUIR, inserito dall'art. 7, comma 1, della L. n. 161 del 2014, modificato dall'art. 1, comma 954, lettera c), della L. n. 208 del 2015",Riconoscimento di tutte le agevolazioni fiscali previste per i residenti in Italia ai soggetti non residenti che producono in Italia almeno il 75% del loro reddito complessivo e che non godono di analoghe agevolazioni nel Paese di residenza. Procedura di infrazione n. 2013/2027,IRPEF,A REGIME,DETRAZIONE/DEDUZI ONE,"-3,8","-3,8","-3,8",3.259,"-1.175,2",PERSONE FISICHE,T,59
2020,26: POLITICHE PER IL LAVORO,422,"Art. 3, terzo comma, del D.P.R. 633/72","Non assoggettamento ad IVA delle somministrazioni nelle mense aziendali, delle prestazioni di trasporto, didattiche, educative e ricreative, di assistenza sociale e sanitaria, a favore del personale dipendente.",IVA,A REGIME,ESCLUSIONE,Non quantificabile,"-3,8","-3,8",,,PERSONE FISICHE,T,59
2020,26: POLITICHE PER IL LAVORO,423,"Art. 2, comma 514, della legge n. 244/07; decreto del Ministero dell'economia e delle finanze 20 marzo 2008",Detrazione sulle indennità di fine rapporto di importo minimo,IRPEF,A REGIME,DETRAZIONE,"-208,5","-208,5","-208,5",3.629.568,"-57,5",PERSONE FISICHE,T,59
2020,26: POLITICHE PER IL LAVORO,424,"Art. 1, comma 9, della Legge n. 296/06","Clausola di salvaguardia per le indennità di fine rapporto di cui all'art. 17, comma 1, lett. a), del TUIR con blocco delle aliquota a quelle del 31 dicembre 2006",IRPEF,A REGIME,RIDUZIONE DI ALIQUOTA,"-180,1","-180,1","-180,1",857.381,"-210,0",PERSONE FISICHE,T,59
2020,26: POLITICHE PER IL LAVORO,425,"Art. 11 del D. Lgs. 47/2000 modificato dall'art. 1, comma 693, della L. n. 190 del 2014",Applicazione dell'imposta sostitutiva del 17% sulle rivalutazioni del TFR maturate dal 2001,IRPEF,A REGIME,REGIME SOSTITUTIVO,"-207,6","-207,6","-207,6",,,PERSONE FISICHE,T,59
2020,26: POLITICHE PER IL LAVORO,426,"Art. 54-bis, comma 1, lett. c-bis) del D.L. n. 50 del 2017 convertito, con modificazioni, dalla L. n. 96 del 2017, come introdotto dall'art. 1, comma 368 della L. n. 205 del 2017.","Le prestazioni di lavoro occasionale per attivita' di cui al decreto del Ministro dell'interno 8 agosto 2007, sono e u s ti e li n z t z i a d t a o r I e R . PEF qualora i compensi non siano di importo complessivo superiore a 5.000 euro per ciascun",IRPEF,A REGIME,ESENZIONE,Non quantificabile,"-207,6","-207,6",,,PERSONE FISICHE,,59
2020,26: POLITICHE PER IL LAVORO,427,"Art. 1, comma 468 della L. n. 205 del 2017","Ai consiglieri di Stato spetta il rimborso delle spese, ai sensi della legge 18 dicembre 1973, n. 836, o, a scelta dell'interessato, l'indennita' di trasferta, ai sensi dell'articolo 3, comma 79, della legge 24 dicembre 2003, n. 350, e successive modificazioni, a titolo risarcitorio indennitario, in relazione al mantenimento della residenza nel territorio della provincia di Bolzano, nel limite di spesa pari a 50.000 euro annui a decorrere dal 2018.",IRPEF,A REGIME,ESCLUSIONE,Non quantificabile,"-207,6","-207,6",,,PERSONE FISICHE,,59
2020,26: POLITICHE PER IL LAVORO,428,"Art. 1, comma 511 della L. n. 205 del 2017.",Esclusione dall' IRPEF dei proventi dell'apicoltura condotta da apicoltori con meno di 20 alveari e ricadenti nei comuni classificati montani.,IRPEF,A REGIME,ESCLUSIONE,"-1,1","-1,1","-1,1",,,PERSONE FISICHE,,59
2020,26: POLITICHE PER IL LAVORO,429,"Art. 41, comma 3, Decreto-Legge 8 aprile 2020, n. 23","In materia di cassa integrazione in deroga, le domande presentate ai sensi dell’art. 22, comma 4, Decreto-Legge n. 18/2020, sono esenti dall'imposta di bollo.",IMPOSTA DI BOLLO,A REGIME,ESENZIONE,"0,0","0,0","0,0",,,PERSONE FISICHE E GIURIDICHE,,59
2020,26: POLITICHE PER IL LAVORO,430,"Art. 45, comma 2 del D.Lgs n.95/2017; D.P.C.M. 12 aprile 2019.",Riduzione dell'IRPEF e relative addizionali sul trattamento economico accessorio del personale delle Forze di polizia e Forze armate con reddito non superiore a 28.000 euro.,IRPEF,A REGIME,ESCLUSIONE,"-47,2","-35,4","-34,4",,,PERSONE FISICHE,,59
2020,26: POLITICHE PER IL LAVORO,431,"Art. 1, comma 12 della L. n. 160 del 2019","Non imponiblità ai fini IRPEF della liquidazione anticipata, in un’unica soluzione, della NASpI destinata alla sottoscrizione di capitale sociale da parte del socio lavoratore di cooperativa. Non imponiblità ai fini IRPEF della liquidazione anticipata, in un’unica soluzione, della NASpI destinata alla sottoscrizione di capitale sociale da parte del socio lavoratore di cooperativa.",IRPEF,A REGIME,ESCLUSIONE,"-0,56","-0,56","-0,56",,,PERSONE FISICHE,,59
2020,26: POLITICHE PER IL LAVORO,432,"Art. 66, comma 1, del D.L. n. 18 del 2020, convertito, con modificazioni, dalla L. n. 27 del 2020","Detrazione, nella misura del 30% e per un importo non superiore a 30.000 euro, per erogazioni liberali in favore dello Stato, delle regioni, degli enti locali territoriali, di enti o istituzioni pubbliche, di fondazioni e assoziazionie senza scopo di lucro, compresi gli enti religiosi civilmente riconosciuti, per finanziare interventi di contenimento dell'emergenza COVID-19",IRPEF,2020,DETRAZIONE,Stima ricompresa nella misura 228,2022,2023,,,PERSONE FISICHE/ENTI NON COMMERCIALI,,60
2020,26: POLITICHE PER IL LAVORO,433,"Art. 27, decreto legge 17 marzo 2020 n. 18","Indennità professionisti e lavoratori con rapporto di collaborazione coordinata e continuativa: La norma riconosce per il mese di marzo 2020 un'indennità di 600 euro, che non concorre alla formazione del reddito ai sensi del Tuir, ai liberi professionisti titolari di partita iva attiva alla data del 23 febbraio 2020 e ai lavoratori titolari di rapporti di collaborazione coordinata e continuativa attivi alla medesima data, iscritti alla Gestione separata di cui all'articolo 2, comma 26, l. 335/1995, non titolari di pensione e non iscritti ad altre forme previdenziali obbligatorie. L'art. 84, comma 1 del decreto legge n. 34 del 2020 ha esteso la misura anche al mese di aprile 2020.",IRPEF,2020,ESCLUSIONE,"0,0","0,0","0,0",,,PERSONE FISICHE,,60
2020,26: POLITICHE PER IL LAVORO,434,"Art. 28, decreto legge 17 marzo 2020 n. 18","Indennità lavoratori autonomi iscritti alle gestioni speciali dell'Ago: La norma riconosce un'indennità per il mese di marzo 2020 pari a 600 euro ai lavoratori autonomi iscritti alle gestioni speciali dell'Ago, non titolari di pensione e non iscritti ad altre forme previdenziali obbligatorie, ad esclusione della Gestione separata di cui all'articolo 2, comma 26, l. 335/1995. L'indennità non concorre alla formazione del reddito ai sensi del Tuir. L'art. 84, comma del decreto legge n. 34 del 2020 ha esteso la misura anche al mese di aprile 2020.",IRPEF,2020,ESCLUSIONE,"0,0","0,0","0,0",,,PERSONE FISICHE,,60
2020,26: POLITICHE PER IL LAVORO,435,"Art. 29, decreto legge 17 marzo 2020 n. 18","Indennità lavoratori stagionali del turismo e degli stabilimenti termali: La norma riconosce un'indennità per il mese di marzo 2020 pari a 600 euro ai lavoratori dipendenti stagionali del settore del turismo e degli stabilimenti termali che hanno cessato involontariamente il rapporto di lavoro nel periodo compreso tra il 1° gennaio 2019 e la data di entrata in vigore della disposizione, non titolari di pensione e non titolari di rapporto di lavoro dipendente alla data di entrata in vigore della stessa disposizione. L'indennità non concorre alla formazione del reddito ai sensi del Tuir.",IRPEF,2020,ESCLUSIONE,"0,0","0,0","0,0",,,PERSONE FISICHE,,60
2020,26: POLITICHE PER IL LAVORO,436,"Art. 30, decreto legge 17 marzo 2020 n. 18","Indennità lavoratori del settore agricolo: La norma riconosce un'indennità per il mese di marzo 2020 pari a 600 euro in favore degli operai agricoli a tempo determinato, non titolari di pensione, che nel 2019 abbiano effettuato almeno 50 giornate effettive di attività di lavoro agricolo. L'indennità non concorre alla formazione del reddito ai sensi del Tuir. L'art. 84, comma 1 del decreto legge n. 34 del 2020 ha esteso la misura anche al mese di aprile 2020 con un importo pari a 500 euro.",IRPEF,2020,ESCLUSIONE,"0,0","0,0","0,0",,,PERSONE FISICHE,,60
2020,26: POLITICHE PER IL LAVORO,437,"Art. 38, decreto legge 17 marzo 2020 n. 18","Indennità lavoratori dello spettacolo: La norma riconosce un'indennità per il mese di marzo 2020 pari a 600 euro ai lavoratori iscritti al Fondo pensioni Lavoratori dello spettacolo, con almeno 30 contributi giornalieri versati nell'anno 2019 al medesimo Fondo, cui deriva un reddito non superiore a 50.000 euro, e non titolari di pensione. L'indennità non concorre alla formazione del reddito ai sensi del Tuir.",IRPEF,2020,ESCLUSIONE,"0,0","0,0","0,0",,,PERSONE FISICHE,,60
2020,26: POLITICHE PER IL LAVORO,438,"Art. 44, decreto legge 17 marzo 2020 n. 18; art. 78 decreto legge 19 maggio 2020 n. 34","Istituzione del Fondo per il reddito di ultima istanza a favore dei lavoratori danneggiati dal virus COVID-19: La norma istituisce nello stato di previsione del Ministero del lavoro e delle politiche sociali il “Fondo per il reddito di ultima istanza” al fine di garantire, come misura di sostegno al reddito, un'indennità nel limite di spesa di 1.150 milioni di euro per l'anno 2020, ai lavoratori dipendenti e autonomi che in conseguenza dell'emergenza epidemiologica da Covid-19 hanno cessato, ridotto o sospeso la loro attività o il loro rapporto di lavoro.",IRPEF,2020,ESCLUSIONE,"0,0","0,0","0,0",,,PERSONE FISICHE,,60
2020,26: POLITICHE PER IL LAVORO,439,"Art. 96, del D.L. n. 18 del 2020, convertito, con modificazioni, dalla L. n. 27 del 2020","Indennità collaboratori sportivi: La norma prevede che l'indennità di 600 euro per il mese di marzo sia riconosciuta da Sport e Salute S.p.A., nel limite massimo di 80 milioni di euro per l'anno 2020, anche in relazione ai rapporti di collaborazione presso federazioni sportive nazionali, enti di promozione sportiva, società e associazioni sportive dilettantistiche, di cui all'art. 67, comma 1, lettera m), del TUIR, già in essere alla data del 23 febbraio 2020. L'indennità non concorre alla formazione del reddito.",IRPEF,2020,ESCLUSIONE,"0,0","0,0","0,0",,,PERSONE FISICHE,,60
2020,26: POLITICHE PER IL LAVORO,440,"Art. 84, comma 2 del decreto legge 19 maggio 2020, n. 34","La disposizione riconosce ai liberi professionisti titolari di partita IVA attiva alla data di entrata in vigore del D.L. n. 34 del 2020, iscritti alla Gestione separata di cui all'articolo 2, comma 26, l. 335/1995, non titolari di pensione e non iscritti ad altre forme previdenziali obbligatorie, che abbiano subito una riduzione di almeno il 33 per cento del reddito del secondo bimestre 2020, rispetto al reddito del secondo bimestre 2019, una indennità per il mese di maggio 2020 pari a 1000 euro che non concorre alla formazione del reddito ai sensi del Tuir. La disposizione riconosce ai liberi professionisti titolari di partita IVA attiva alla data di entrata in vigore del D.L. n. 34 del 2020, iscritti alla Gestione separata di cui all'articolo 2, comma 26, l. 335/1995, non titolari di pensione e non iscritti ad altre forme previdenziali obbligatorie, che abbiano subito una riduzione di almeno il 33 per cento del reddito del secondo bimestre 2020, rispetto al reddito del secondo bimestre 2019, una indennità per il mese di maggio 2020 pari a 1000 euro che non concorre alla formazione del reddito ai sensi del Tuir.",IRPEF,2020,ESCLUSIONE,"0,0","0,0","0,0",,,PERSONE FISICHE,,60
2020,26: POLITICHE PER IL LAVORO,441,"Art. 84, comma 3 del decreto legge 19 maggio 2020, n. 34","La disposizione riconosce ai lavoratori titolari di rapporti di collaborazione coordinata e continuativa, iscritti alla Gestione separata di cui all'articolo 2, comma 26, della l. 335/1995, non titolari di pensione e non iscritti ad altre forme previdenziali obbligatorie, che abbiano cessato il rapporto di lavoro alla data di entrata in vigore del D.L. n. 34 del 2020, un'indennità per il mese di maggio 2020 pari a 1000 euro che non concorre alla formazione del reddito ai sensi del Tuir.",IRPEF,2020,ESCLUSIONE,"0,0","0,0","0,0",,,PERSONE FISICHE,,61
2020,26: POLITICHE PER IL LAVORO,442,"Art. 84, comma 5 del decreto legge 19 maggio 2020, n. 34","La disposizione attribuisce ai soggetti già beneficiari per il mese di marzo dell'indennità di cui all'articolo 29 del D.L. 18/2020 la medesima indennità pari a 600 euro anche per il mese di aprile 2020. La medesima indennità è riconosciuta ai lavoratori in regime di somministrazione, impiegati presso imprese utilizzatrici operanti nel settore del turismo e degli stabilimenti termali, che abbiano cessato involontariamente il rapporto di lavoro nel periodo compreso tra il 1° gennaio 2019 e il 17 marzo 2020, non titolari di pensione, ne' di rapporto di lavoro dipendente, ne' di NASPI, alla data di entrata in vigore della presente disposizione. Tali indennità non concorrono alla formazione del reddito ai sensi del Tuir.",IRPEF,2020,ESCLUSIONE,"0,0","0,0","0,0",,,PERSONE FISICHE,,61
2020,26: POLITICHE PER IL LAVORO,443,"Art. 84, comma 6 del decreto legge 19 maggio 2020, n. 34","La disposizione riconosce ai lavoratori dipendenti stagionali del settore del turismo e degli stabilimenti termali che hanno cessato involontariamente il rapporto di lavoro nel periodo compreso tra il 1° gennaio 2019 e il 17 marzo 2020, non titolari di pensione, ne' di rapporto di lavoro dipendente, ne' di NASPI, alla data di entrata in vigore della stessa disposizione, un'indennità per il mese di maggio 2020 pari a 1000 euro. La medesima indennità è riconosciuta ai lavoratori in regime di somministrazione, impiegati presso imprese utilizzatrici operanti nel settore del turismo e degli stabilimenti termali, che abbiano cessato involontariamente il rapporto di lavoro nel medesimo periodo non titolari di pensione, ne' di rapporto di lavoro dipendente, ne' di NASPI, alla data di entrata in vigore della stessa disposizione. Tali indennità non concorrono alla formazione del reddito ai sensi del Tuir.",IRPEF,2020,ESCLUSIONE,"0,0","0,0","0,0",,,PERSONE FISICHE,,61
2020,26: POLITICHE PER IL LAVORO,444,"Art. 84, comma 7, del D.L. n.34/2020","Non concorrenza alla formazione del reddito ai fini Irpef di una indennità pari a 500 euro per il mese di aprile 2020 a favore degli operai agricoli a tempo determinato, nontitolaridi pensione, che nel2019 abbiano effettuato almeno 50 giornate effettive di attività di lavoro agricolo (soggetti già beneficiari per il mese di marzo dell'indennità di cui all'articolo 30 del D.L. 18/2020).",IRPEF,2020,ESCLUSIONE,"0,0","0,0","0,0",,,PERSONE FISICHE,,61
2020,26: POLITICHE PER IL LAVORO,445,"Art. 84, comma 8, del D.L. n.34/2020","Nonconcorrenza alla formazione del reddito ai fini Irpef (inpresenza di specifiche condizionisoggettive) diuna indennità pari a 600 euro, per ciascun mese di aprile e maggio 2020, a favore di: a) lavoratori dipendenti stagionali appartenenti a settori diversi da quelli del turismo e degli stabilimenti termali; b) lavoratori intermittenti, di cui agli articoli da 13 a 18 del D.Lgs. 81/2015; c) lavoratori autonomi, privi di partita IVA, non iscritti ad altre forme previdenziali obbligatorie; d) incaricati alle vendite a domicilio di cui all'articolo 19, del D.Lgs. 114/1998 e iscritti alla Gestione separata di cui all'articolo 2, comma 26, della l. 335/1995 e non iscritti ad altre forme previdenziali obbligatorie.",IRPEF,2020,ESCLUSIONE,"0,0","0,0","0,0",,,PERSONE FISICHE,,61
2020,26: POLITICHE PER IL LAVORO,446,"Art. 84, comma 10, del D.L. n.34/2020","Nonconcorrenza alla formazione delreddito aifiniIrpef diuna indennità pari a 600 euro per ciascuno dei mesidi aprile e maggio 2020 a favore dei lavoratori iscritti al Fondo pensioni lavoratori dello spettacolo che hanno i requisiti di cui all'articolo 38 del D.L. 18/2020. La medesima indennità viene erogata per le predette mensilità anche ai lavoratori iscritti al Fondo pensioni lavoratori dello spettacolo conalmeno 7 contributi giornalieriversati nel 2019, cui deriva un reddito non superiore ai 35.000 euro.",IRPEF,2020,ESCLUSIONE,"0,0","0,0","0,0",,,PERSONE FISICHE,,61
2020,26: POLITICHE PER IL LAVORO,447,Art. 85 del D.L. n.34/2020,"Non concorrenza alla formazione del reddito ai fini Irpef di una indennità pari a 500 euro per ciascun mese di aprile e maggio a favore dei lavoratori domestici che abbiano in essere, alla data del 23 febbraio 2020, uno o più contratti di lavoro per una durata complessiva superiore a 10 ore settimanali.",IRPEF,2020,ESCLUSIONE,"0,0","0,0","0,0",,,PERSONE FISICHE,,61
2020,28: SVILUPPO E RIEQUILIBRIO TERRITORIALE,448,"Art.8, comma 4, D.L. n. 70 del 2011.",Tassazione dei titoli per il finanziamento di iniziative economiche nel Mezzogiorno emessi da banche con scadenza non inferiore a 18 mesi riduzione a metà della ritenuta,IMPOSTA SOSTITUTIVA,A REGIME,RIDUZIONE DI ALIQUOTA,"-7,8","-7,8","-7,8",,,PERSONE FISICHE,T,61
2020,28: SVILUPPO E RIEQUILIBRIO TERRITORIALE,449,"Art. 8, comma 10, lettera c) della Legge n. 448/98 e art.2, comma 12 della legge n. 203/08","Gasolio e GPL impiegati per riscaldamento in aree geograficamente o climaticamente svantaggiate (zone montane, Sardegna, isole minori) - Riduzione di prezzo Gasolio e GPL impiegati per riscaldamento in aree geograficamente o climaticamente svantaggiate (zone montane, Sardegna, isole minori) - Riduzione di prezzo",ACCISA,La misura agevolativa ha natura temporanea ed è stata prorogata fino al 31/12/2024 dal Consiglio dell'Unione europea con Decisione di esecuzione (UE) 2019/814 del 17 maggio 2019,RIDUZIONE DI ALIQUOTA,"-152,8","-152,8","-152,8",,,SOGGETTI E CATEGORIE PARTICOLARI,T,61
2020,28: SVILUPPO E RIEQUILIBRIO TERRITORIALE,450,"Articolo 10, comma 1-bis, del decreto-legge 28 aprile 2009, n. 39. Art. 70 DL 1/2012 - D.M. 26/06/2012",ZFU per il sisma L’Aquila. agevolazione concessa nel de minimis.,IRPEF/IRES/IRAP/IMU,2026,REGIME SPECIALE,"-1,0","-1,0","-1,0",419,"-2.300,1",IMPRESE E SOCIETA',T,62
2020,28: SVILUPPO E RIEQUILIBRIO TERRITORIALE,451,"Articolo 37 del decreto-legge 18 ottobre 2012, n. 179. Articolo 1, comma 319, della legge 27 dicembre 2013, n. 147. Art. 1 c. 603 – 604, L. n. 208/2015; DM 10/04/2013; DM 05/06/2017","ZFU Obiettivo Convergenza, Sulcis e Pelagie, nonché nuove ZFU non ricomprese nell'Obiettivo Convergenza (ZFU di Pescara, Matera, Velletri, Sora, Ventimiglia, Campobasso, Cagliari, Iglesias, Quartu Sant'Elena, Massa- Carrara) individuate dalla delibera CIPE n. 14 dell'8 maggio 2009",IRPEF/IRES/IRAP/IMU,2027,REGIME SPECIALE,"-11,8","-11,8","-11,8",3.219,"-3.660,3",IMPRESE E SOCIETA',T,62
2020,28: SVILUPPO E RIEQUILIBRIO TERRITORIALE,452,"Art. 47 del DL n. 189/2016, convertito c.m. dalla L n. 229/2016","Detassazione di contributi, indennizi e risarcimenti connessi agli eventi sismici del Centro Italia (nel rispetto della normativa europea in materia di aiuti di Stato - misura comunicata in esenzione alla Commissione europea)",IRPEF/IRES/IRAP,2021,ESCLUSIONE,Non quantificabile,"-11,8","-11,8",,,IMPRESE E SOCIETA',,62
2020,28: SVILUPPO E RIEQUILIBRIO TERRITORIALE,453,"Art. 48, comma 16, del D.L. n. 189 del 2016 convertito con modificazioni dalla L. n. 229 del 2016, modificato dall'art. 11, comma 1, lett. g-bis), D.L. n. 8 del 2017, convertito, con modificazioni, dalla L. n. 45 del 2017, dall'art.45, comma 1, D.L. n. 50 del 2017, convertito, con modificazioni, dalla L. n. 96 del 2017 e, da ultimo, dall'art. 1, comma 736, lett.c), L. n. 205 del 2017; art. 1, comma 1, lettera b-bis) D.L. n. 55 del 2018; art. 1, comma 993 D.L. n. 145 del 2018","I redditi dei fabbricati, ubicati nelle zone colpite dagli eventi sismici di agosto 2016, purché distrutti od oggetto di ordinanze sindacali di sgombero, in quanto inagibili totalmente o parzialmente, non concorrono alla formazione del reddito imponibile ai fini dell'imposta sul reddito delle persone fisiche e dell'imposta sul reddito delle società, fino alla definitiva ricostruzione e agibilità dei fabbricati medesimi",IRPEF/IRES,2020,ESENZIONE,"-1,5","1,1","0,0",,,PERSONE FISICHE E GIURIDICHE,,62
2020,28: SVILUPPO E RIEQUILIBRIO TERRITORIALE,454,"Art. 46 del DL n. 50/2017 (convertito con L n. 96/2017); Art. 1, c. 745-748, L n. 205/2017; Art. 1, c. 759, L n. 145/2018","ZFU SISMA CENTRO ITALIA: contributo sotto forma di credito d'imposta in favore delle imprese con sede princpale o unità locale situata nei Comuni delle Regioni Lazio, Umbria, Marche e Abruzzo colpiti dal sisma del 2016 e 2017 in de minimis",IRPEF/IRES/IRAP/IMU,2020,REGIME SPECIALE,"-67,6","0,0","0,0",,,IMPRESE E TITOLARI DI LAVORO AUTONOMO,,62
2020,28: SVILUPPO E RIEQUILIBRIO TERRITORIALE,455,"Art. 1, c. 98-108, della L. 28/12/2015, n. 208, come modificato dall'art. 7-quater del D.L. 29 dicembre 2016, n. 243, convertito, con modificazioni, dalla L. 27 febbraio 2017, n. 18; art. 12, c. 1, DL n. 50/2017; art. 1, c. 892, L. n. 205/2017; Art. 1, comma 319, L n. 160/2019; Art. 199, comma 5 DL n. 34/2020",Credito d'imposta per nuovi investimenti Mezzogiorno (concesso ai sensi del Reg. UE 651/2014) utilizzabile esclusivamente in compensazione,,2020,CREDITO D'IMPOSTA,"0,0","0,0","0,0",,,IMPRESE E SOCIETA',,62
2020,28: SVILUPPO E RIEQUILIBRIO TERRITORIALE,456,"Art. 18-quater del DL n. 8/2017, convertito dalla legge n. 45/2017 (prorogato dall'art. 44 del DL n. 50/2017 al 31.12.2019 e prorogato dall'art. 1, comma 218, L n. 160/2019 al 31.12.2020)","CREDITO D'IMPOSTA PER INVESTIMENTI SISMA CENTRO ITALIA: estensione del credito d'imposta di cui all'art. 1, c. 98 e ss., della legge n. 208/2015 per investimenti in beni strumentali nuovi destinati a strutture produttive ubicate nelle regioni dell'Italia centrale colpite dagli eventi sismici (Lazio, Umbria, Marche e Abruzzo) nel rispetto dell'art. 108 del TFUE",,2020,CREDITO D'IMPOSTA,"-200,0","-200,0","0,0",,,IMPRESE E SOCIETA',,62
2020,28: SVILUPPO E RIEQUILIBRIO TERRITORIALE,457,"Art. 5, c. 2, del DL n. 91/2017; Art. 1, comma 316, lettera c), L n. 160/2019","CREDITO D'IMPOSTA PER INVESTIMENTI ZES: estensione del credito d'imposta di cui all'art. 1, c. 98 e ss., della legge n. 208/2015 per investimenti in beni strumentali nuovi destinati a strutture produttive ubicate nelle ZES del Mezzorgiorno nel rispetto del Reg. UE 651/2014",,2022,CREDITO D'IMPOSTA,"-3,2","-3,2","-3,2",69,"-46.649,7",IMPRESE E SOCIETA',,62
2020,28: SVILUPPO E RIEQUILIBRIO TERRITORIALE,458,"Art. 48, comma 7, del decreto-legge 17 ottobre 2016, n. 189, prorogato dall'art. 43, comma 1, lett. a-bis), D.L. 24 aprile 2017, n. 50. Da ultimo prorogato dall'art. 15, comma 7-bis, D.L. 30 dicembre 2019, n. 162, così come modificato dall'allegato alla legge di conversione, L. 28 febbraio 2020, n. 8","Esenzione dall'imposta di bollo e di registro per le istanze, i contratti e i documenti presentati alla P.A. fino al 31 dicembre 2021 in esecuzione delle ordinanze commissariali per la ricostruzione.","IMPOSTE DI REGISTRO, DI BOLLO E IPOCASTATALI",2021,ESENZIONE,Non quantificabile,"-3,2","-3,2",,,PERSONE FISICHE E GIURIDICHE,,62
2020,28: SVILUPPO E RIEQUILIBRIO TERRITORIALE,459,"Art. 3, c. 1, DL n. 109/2018","I redditi dei fabbricati, oggetto di ordinanze sindacali di sgombero adottate a seguito del crollo del Ponte Morandi, non concorrono alla formazione del reddito imponibile ai fini dell'imposta sul reddito delle persone fisiche e dell'imposta sul reddito delle società.",IRPEF/IRES,2020,ESENZIONE,"0,0","0,0","0,0",,,PERSONE FISICHE E GIURIDICHE,,62
2020,28: SVILUPPO E RIEQUILIBRIO TERRITORIALE,460,"Art. 3, c. 2, DL n. 109/2018","I contributi, gli indennizzi e i risarcimenti connessi al crollo, di qualsiasi natura e indipendentemente dalle modalità di fruizione e contabilizzazione, non concorrono alla formazione del reddito imponibile ai fini delle imposte sui redditi e dell'imposta regionale sulle attività produttive per le persone fisiche e giuridiche.",IRPEF/IRES/IRAP,2020,ESENZIONE,Non quantificabile,"0,0","0,0",,,PERSONE FISICHE E GIURIDICHE,,62
2020,28: SVILUPPO E RIEQUILIBRIO TERRITORIALE,461,"Articolo 25-octies, commi 1-6, del D.L. n. 119 del 2018. Art. 1 commi 573 e 574 della L. n. 160 del 2019, art. 129- bis D.L. n. 34 del 2020.",-D re e si t d er e m nt i i n a a z C io a n m e p a i g o e n v e o d l ' a It t a a l i d a el reddito e del valore della produzione netta per le persone fisiche e le imprese -D re e si t d er e m nt i i n a a z C io a n m e p a i g o e n v e o d l ' a It t a a l i d a el reddito e del valore della produzione netta per le persone fisiche e le imprese,IRPEF/IRES/IRAP,A REGIME,DEDUZIONE,"-10,5","-10,5","-10,5",,,PERSONE FISICHE E GIURIDICHE,,62
2020,28: SVILUPPO E RIEQUILIBRIO TERRITORIALE,462,Art. 20 del DL n. 32/2019,"I redditi dei fabbricati, ubicati nelle province Campobasso, Catania, purché distrutti od oggetto di ordinanze sindacali di sgombero, in quanto inagibili totalmente o parzialmente, non concorrono alla formazione del reddito imponibile ai fini dell'imposta sul reddito delle persone fisiche e dell'imposta sul reddito delle società, fino alla definitiva ricostruzione e agibilità dei fabbricati medesimi e non oltre l'anno di imposta 2020.",IRPEF/IRES,2020,ESENZIONE,"-1,9","1,3","0,0",,,PERSONE FISICHE E GIURIDICHE,,63
2020,28: SVILUPPO E RIEQUILIBRIO TERRITORIALE,463,Art . 9-ter del D.L. n.123/2019,"Estensione dell'imposta sostitutiva sui redditi delle persone fisiche titolari di redditi da pensione di fonte estera che trasferiscono la propria residenza fiscale nel Mezzogiorno ai sensi dell'articolo 24-ter del TUIR anche a coloro che trasferiscano la residenza in uno dei comuni interessati da eventi sismici con popolazione non superiore a 3.000 abitanti indicati negli allegati 1, 2 e 2-bis al decreto-legge 17 ottobre 2016, n. 189, convertito, con modificazioni, dalla legge 15 dicembre 2016, n. 229.",IRPEF,A REGIME,REGIME SOSTITUTIVO,"0,0","0,0","0,0",,,PERSONE FISICHE,,63
2020,28: SVILUPPO E RIEQUILIBRIO TERRITORIALE,464,"Art 1, comma 313, L n. 160/2019 che modifica l'art. 1, commi 61 e seguenti, L n. 205/2017; (articolo 5 DL n. 91/2017)","Credito d'Imposta per investimenti ZLS: estensione del credito d'imposta di cui all'art. 1, c. 98 e ss., della legge n. 208/2015 per investimenti in beni strumentali nuovi destinati a strutture produttive ubicate nelle ZLS nel rispetto del Reg. UE 651/2014",,2022,CREDITO D'IMPOSTA,"-20,0","0,0","0,0",,,IMPRESE E SOCIETA',,63
2020,28: SVILUPPO E RIEQUILIBRIO TERRITORIALE,465,"Art. 1, commi da 574 a 576, L n. 160/2019; Art 129-bis, c. 1, lett. b), c), d), L n. 34/2020","Riduzione al 50% delle imposte sui redditi di impresa e dell'imposta regionale sulle attività produttive per le imprese localizzate nel Comune di Campione d'Italia (in regime ""de minimis""). Per il 2020 la maggiorazione si applica previo parere favorevole della Commissione europea, ai sensi dell’articolo 108, comma 3 TFUE, nel quadro del Temporary Framework degli aiuti di Stato nel quadro dell’emergenza.",IRPEF/IRES/IRAP,2029,REGIME SPECIALE,"-8,7","-8,1","-8,1",,,IMPRESE E SOCIETA',,63
2020,28: SVILUPPO E RIEQUILIBRIO TERRITORIALE,466,"Art. 1, commi da 577 a 579, L n. 160/2019; Art 129-bis, c. 1, lett. e), f), g), L n. 34/2020","Credito d'imposta per investimenti nel Comune di Campione d'Italia (da notificare ai sensi dell'articolo 108, paragrafo 3, del TFUE all'autorizzazione della Commissione europea). Per il 2020 la maggiorazione si applica previo parere favorevole della Commissione europea, ai sensi dell’articolo 108, comma 3 TFUE, nel quadro del Temporary Framework degli aiuti di Stato nel quadro dell’emergenza.",,2024,CREDITO D'IMPOSTA,Non quantificabile,"-8,1","-8,1",,,IMPRESE E SOCIETA',,63
2020,29: POLITICHE ECONOMICO-FINANZIARIE E DI BILANCIO E TUTELA DELLA FINANZA PUBBLICA,467,"Art. 148, TUIR (il comma 3 è stato modificato dall'art. 89, c. 4, DLgs n. 117/2017, a decorrere dal 3 agosto 2017, dall'art. 1, c. 1022, L n. 145/2018 e dall'art. 14, c. 1, DL n. 34/2019)","Non commercialità delle attività svolte dagli enti associativi - con varie limitazioni sia soggettive che oggettive - in favore degli associati o partecipanti, in conformità alle finalità istituzionali.",IRES,A REGIME,ESCLUSIONE,Non quantificabile,"-8,1","-8,1",,,ASSOCIAZIONI ENTI NO PROFIT ONLUS,T,63
2020,29: POLITICHE ECONOMICO-FINANZIARIE E DI BILANCIO E TUTELA DELLA FINANZA PUBBLICA,468,"Art. 150, TUIR",Per le ONLUS non costituisce esercizio di attività commerciali lo svolgimento delle attività istituzionali nel perseguimento di esclusive finalità di solidarietà sociale. I proventi derivanti dall'esercizio delle attività direttamente connesse non concorrono alla formazione del reddito imponibile.,IRES,A REGIME,ESCLUSIONE,Non quantificabile,"-8,1","-8,1",,,ASSOCIAZIONI ENTI NO PROFIT ONLUS,T,63
2020,29: POLITICHE ECONOMICO-FINANZIARIE E DI BILANCIO E TUTELA DELLA FINANZA PUBBLICA,469,"Art. 24-bis del TUIR introdotto dall'art. 1, commi da 152 a 159, L. 11 dicembre 2016, n. 232","Facoltà concessa alle persone fisiche che trasferiscono la propria residenza in Italia e che non sono state residenti fiscalmente in Italia per un tempo almeno pari a nove periodi d’imposta nel corso dei dieci precedenti l’esercizio dell’opzione per l’imposta sostitutiva, di optare, per un periodo non superiore a 15 anni, per l’applicazione sui redditi prodotti all’estero, a prescindere dall’importo degli stessi, di un’imposta sostitutiva dell’imposta sui redditi delle persone fisiche forfetaria pari a 100.000 euro per ciascun periodo d’imposta.",IRPEF,A REGIME,REGIME SOSTITUTIVO,Non quantificabile,"-8,1","-8,1",226,,PERSONE FISICHE,,63
2020,29: POLITICHE ECONOMICO-FINANZIARIE E DI BILANCIO E TUTELA DELLA FINANZA PUBBLICA,470,"Art. 1, commi 273 e 274 della L. n. 145 del 2018",Opzione per l'imposta sostitutiva per i titolari di redditi da pensione di fonte straniera che trasferiscono la residenza nel Mezzogiorno,IRPEF,A REGIME,REGIME SOSTITUTIVO,Non quantificabile,"-8,1","-8,1",,,PERSONE FISICHE,,63
2020,29: POLITICHE ECONOMICO-FINANZIARIE E DI BILANCIO E TUTELA DELLA FINANZA PUBBLICA,471,"Art. 147, TUIR","Rinvio all'art 15, c. 1, lett. a), lett. g), lett.h), lett. h-bis, lett. i), lett. i-bis, lett. i-quater e lett. i-octies del Tuir",IRES,A REGIME,DETRAZIONE,"-27,7","-27,7","-27,7",462,"-59.919,8",ASSOCIAZIONI ENTI NO PROFIT ONLUS,T,63
2020,29: POLITICHE ECONOMICO-FINANZIARIE E DI BILANCIO E TUTELA DELLA FINANZA PUBBLICA,472,"Art. 145, TUIR","La norma prevede, per gli enti non commerciali ammessi al regime di contabilità semplificata, la possibilità di optare per la determinazione forfetaria del reddito d'impresa, applicando all'ammontare dei ricavi conseguiti un coefficiente di redditività corrispondente ad una classe determinata in base all'ammontare dei ricavi stessi, ed incrementando l'importo così determinato dei componenti di reddito di cui agli artt. 86, 88, 89 e 90 del TUIR. La norma prevede, per gli enti non commerciali ammessi al regime di contabilità semplificata, la possibilità di optare per la determinazione forfetaria del reddito d'impresa, applicando all'ammontare dei ricavi conseguiti un coefficiente di redditività corrispondente ad una classe determinata in base all'ammontare dei ricavi stessi, ed incrementando l'importo così determinato dei componenti di reddito di cui agli artt. 86, 88, 89 e 90 del TUIR.",IRES,A REGIME,REGIME FORFETARIO,"-2,4","-2,4","-2,4",3.818,"-616,6",ASSOCIAZIONI ENTI NO PROFIT ONLUS,T,63
2020,29: POLITICHE ECONOMICO-FINANZIARIE E DI BILANCIO E TUTELA DELLA FINANZA PUBBLICA,473,"Art. 146 (rinvio all'art. 10, c. 1, lett.a), f) e g), TUIR","Deduzione dal reddito complessivo degli enti non commerciali dei canoni, livelli, censi, ed altri oneri gravanti sui redditi degli immobili che concorrono a formare il reddito complessivo, delle somme corrisposte ai chiamati ad adempiere funzioni presso uffici elettorali e dei contributi, donazioni e oblazioni a favore di organizzazioni non governative fino al 2% del reddito complessivo dichiarato.",IRES,A REGIME,DEDUZIONE,"-1,0","-1,0","-1,0",838,"-1.141,6",ASSOCIAZIONI ENTI NO PROFIT ONLUS,T,64
2020,29: POLITICHE ECONOMICO-FINANZIARIE E DI BILANCIO E TUTELA DELLA FINANZA PUBBLICA,474,Art. 7 del D.P.R. n. 601/1973,Il reddito derivante dall'esercizio di attività commerciali svolte in occasione di manifestazioni propagandistiche da partiti politici rappresentati nelle assemblee nazionali o regionali è esente da IRES.,IRES,A REGIME,ESENZIONE,Effetti di trascurabile entità,"-1,0","-1,0",,,ASSOCIAZIONI ENTI NO PROFIT ONLUS,T,64
2020,29: POLITICHE ECONOMICO-FINANZIARIE E DI BILANCIO E TUTELA DELLA FINANZA PUBBLICA,475,"Art. 143, comma 3, TUIR","Esclusioni dalla base imponibile degli enti non commerciali dei seguenti proventi: a) fondi pervenuti a seguito di raccolte pubbliche effettuate occasionalmente, in concomitanza di celebrazioni, ricorrenze, campagne di sensibilizzazione; b) contributi corrisposti da amministrazioni pubbliche per lo svolgimento di attività in regime di convenzione o accreditamento, aventi finalità sociali esercitate in conformità alle finalità istituzionali.",IRES,A REGIME,ESCLUSIONE,Non quantificabile,"-1,0","-1,0",,,ASSOCIAZIONI ENTI NO PROFIT ONLUS,T,64
2020,29: POLITICHE ECONOMICO-FINANZIARIE E DI BILANCIO E TUTELA DELLA FINANZA PUBBLICA,476,Art. 2 del D.P.R. n. 601 del 1973,"Esenzione per i fabbricati di proprietà della Santa Sede indicati negli artt. 13, 14, 15 e 16 del Trattato lateranense",IRES,A REGIME,ESENZIONE,Non quantificabile,"-1,0","-1,0",,,SOGGETTI E CATEGORIE PARTICOLARI,T,64
2020,29: POLITICHE ECONOMICO-FINANZIARIE E DI BILANCIO E TUTELA DELLA FINANZA PUBBLICA,477,"Art. 21-bis del DL n. 83/2015, come modificato dall'art. 1, comma 618, lett. a), L. 28 dicembre 2015, n. 208 (D.M. 23 dicembre 2015)","Credito d’imposta per i procedimenti di negoziazione assistita e arbitrato (cd. incentivo fiscale alla ""degiurisdizionalizzazione"") utilizzabile in compensazione",,A REGIME,CREDITO D'IMPOSTA,"-5,0","-5,0","-5,0",,,PERSONE FISICHE E GIURIDICHE,,64
2020,29: POLITICHE ECONOMICO-FINANZIARIE E DI BILANCIO E TUTELA DELLA FINANZA PUBBLICA,478,"Art. 74, comma 1, lett. a), del D.P.R. n. 633/72",Regime speciale monofase per i tabacchi lavorati,IVA,A REGIME,REGIME SPECIALE,Non quantificabile,"-5,0","-5,0",,,SOGGETTI E CATEGORIE PARTICOLARI,T,64
2020,29: POLITICHE ECONOMICO-FINANZIARIE E DI BILANCIO E TUTELA DELLA FINANZA PUBBLICA,479,"Art. 74, comma 1, lett. b), del D.P.R. n. 633/72",Regime speciale monofase per i fiammiferi,IVA,A REGIME,REGIME SPECIALE,Non quantificabile,"-5,0","-5,0",,,SOGGETTI E CATEGORIE PARTICOLARI,T,64
2020,29: POLITICHE ECONOMICO-FINANZIARIE E DI BILANCIO E TUTELA DELLA FINANZA PUBBLICA,480,"Art. 74, comma 1, lett. c), del D.P.R. n. 633/72",Regime speciale monofase per il settore editoriale,IVA,A REGIME,REGIME SPECIALE,"-161,9","-161,9","-161,9",,,SOGGETTI E CATEGORIE PARTICOLARI,T,64
2020,29: POLITICHE ECONOMICO-FINANZIARIE E DI BILANCIO E TUTELA DELLA FINANZA PUBBLICA,481,"Art. 74, comma 1, lett. d), del D.P.R. n. 633/72",Regime speciale monofase per le schede telefoniche,IVA,A REGIME,REGIME SPECIALE,Non quantificabile,"-161,9","-161,9",,,SOGGETTI E CATEGORIE PARTICOLARI,T,64
2020,29: POLITICHE ECONOMICO-FINANZIARIE E DI BILANCIO E TUTELA DELLA FINANZA PUBBLICA,482,Art. 74-ter del DPR n. 633/72,Regime speciale per le agenzie di viaggio con detraibilità base da base,IVA,A REGIME,REGIME SPECIALE,Effetti di trascurabile entità,"-161,9","-161,9",,,SOGGETTI E CATEGORIE PARTICOLARI,T,64
2020,29: POLITICHE ECONOMICO-FINANZIARIE E DI BILANCIO E TUTELA DELLA FINANZA PUBBLICA,483,Art. 74-quater del D.P.R. n. 633/72,Regime speciale per le attività spettacolistiche semplificazione degli obblighi formali e sostanziali dell'IVA,IVA,A REGIME,REGIME SPECIALE,Non quantificabile,"-161,9","-161,9",,,SOGGETTI E CATEGORIE PARTICOLARI,T,64
2020,29: POLITICHE ECONOMICO-FINANZIARIE E DI BILANCIO E TUTELA DELLA FINANZA PUBBLICA,484,Art. 40-bis del D.L. n. 41 del 23 febbraio 1995.,Regime speciale per le vendite all'asta applicazione dell'imposta sul margine,IVA,A REGIME,REGIME SPECIALE,Effetti di trascurabile entità,"-161,9","-161,9",,,SOGGETTI E CATEGORIE PARTICOLARI,T,64
2020,29: POLITICHE ECONOMICO-FINANZIARIE E DI BILANCIO E TUTELA DELLA FINANZA PUBBLICA,485,Artt. da 36 a 40 del D.L. n. 41/1995,"Regime del margine per i beni usati, oggetti d'arte, d'antiquario e da collezione applicazione dell'imposta sul margine",IVA,A REGIME,REGIME SPECIALE,Effetti di trascurabile entità,"-161,9","-161,9",,,SOGGETTI E CATEGORIE PARTICOLARI,T,64
2020,29: POLITICHE ECONOMICO-FINANZIARIE E DI BILANCIO E TUTELA DELLA FINANZA PUBBLICA,486,Artt. da 36 a 40 del D.L. n. 41/1995,Regime del margine per le auto usate applicazione dell'imposta sul margine,IVA,A REGIME,REGIME SPECIALE,Effetti di trascurabile entità,"-161,9","-161,9",,,SOGGETTI E CATEGORIE PARTICOLARI,T,64
2020,29: POLITICHE ECONOMICO-FINANZIARIE E DI BILANCIO E TUTELA DELLA FINANZA PUBBLICA,487,"Art. 2, secondo comma, n. 4, del D.P.R. 633/72","Non assoggettamento ad IVA delle cessioni gratuite di beni di valore inferiore ad euro 50,00",IVA,A REGIME,ESCLUSIONE,Non quantificabile,"-161,9","-161,9",,,PERSONE FISICHE E GIURIDICHE,T,64
2020,29: POLITICHE ECONOMICO-FINANZIARIE E DI BILANCIO E TUTELA DELLA FINANZA PUBBLICA,488,"Art. 2, terzo comma, lett. a), del D.P.R. 633/72",Non assoggettamento ad IVA dei contributi a fondo perduto,IVA,A REGIME,ESCLUSIONE,Non quantificabile,"-161,9","-161,9",,,PERSONE FISICHE E GIURIDICHE,T,64
2020,29: POLITICHE ECONOMICO-FINANZIARIE E DI BILANCIO E TUTELA DELLA FINANZA PUBBLICA,489,"Art. 2, terzo comma, lett. m), del D.P.R. 633/72",Non assoggettamento ad IVA delle cessioni di beni relativi alle operazioni e concorsi a premi,IVA,A REGIME,ESCLUSIONE,Non quantificabile,"-161,9","-161,9",,,PERSONE FISICHE,T,64
2020,29: POLITICHE ECONOMICO-FINANZIARIE E DI BILANCIO E TUTELA DELLA FINANZA PUBBLICA,490,"Art. 3, terzo comma, del D.P.R. 633/72","Non assoggettamento ad IVA delle prestazioni gratuite di servizi di valore inferiore ad euro 50,00",IVA,A REGIME,ESCLUSIONE,Non quantificabile,"-161,9","-161,9",,,PERSONE FISICHE E GIURIDICHE,T,64
2020,29: POLITICHE ECONOMICO-FINANZIARIE E DI BILANCIO E TUTELA DELLA FINANZA PUBBLICA,491,"Art. 3, terzo comma, del D.P.R. 633/72","Non assoggettamento ad IVA delle operazioni di diffusione di messaggi, rappresentazioni, immagini o comunicazioni di pubblico interesse richieste o patrocinate dallo Stato o da enti pubblici",IVA,A REGIME,ESCLUSIONE,Non quantificabile,"-161,9","-161,9",,,STATO E ENTI PUBBLICI,T,64
2020,29: POLITICHE ECONOMICO-FINANZIARIE E DI BILANCIO E TUTELA DELLA FINANZA PUBBLICA,492,"Art. 3, quinto comma, del D.P.R. 633/72",Non assoggettamento ad IVA delle prestazioni relative agli spettacoli rese ai possessori di titoli per l'accesso gratuito rilasciati dagli organizzatori nel limite massimo del 5 per cento di capienza del locale o da determinati enti nel limite stabilito con provvedimento del Direttore dell'Agenzia delle entrate Non assoggettamento ad IVA delle prestazioni relative agli spettacoli rese ai possessori di titoli per l'accesso gratuito rilasciati dagli organizzatori nel limite massimo del 5 per cento di capienza del locale o da determinati enti nel limite stabilito con provvedimento del Direttore dell'Agenzia delle entrate,IVA,A REGIME,ESCLUSIONE,Non quantificabile,"-161,9","-161,9",,,PERSONE FISICHE,T,64
2020,29: POLITICHE ECONOMICO-FINANZIARIE E DI BILANCIO E TUTELA DELLA FINANZA PUBBLICA,493,"Art. 4, quarto comma, del D.P.R. 633/72","Non assoggettamento ad IVA delle cessioni di beni e prestazioni di servizi ai soci, associati o partecipanti effettuate in conformita' alle finalita' istituzionali da associazioni politiche, sindacali e di categoria, religiose, assistenziali, culturali sportive dilettantistiche, di promozione sociale e di formazione extra-scolastica della persona in presenza di determinate condizioni",IVA,A REGIME,ESCLUSIONE,Non quantificabile,2022,2023,,,PERSONE FISICHE,T,65
2020,29: POLITICHE ECONOMICO-FINANZIARIE E DI BILANCIO E TUTELA DELLA FINANZA PUBBLICA,494,"Art. 4, quinto comma, del D.P.R. 633/72",Non assoggettamento ad IVA delle mense e spacci militari,IVA,A REGIME,ESCLUSIONE,Non quantificabile,2022,2023,,,PERSONE FISICHE,T,65
2020,29: POLITICHE ECONOMICO-FINANZIARIE E DI BILANCIO E TUTELA DELLA FINANZA PUBBLICA,495,"Art. 4, quinto comma, del D.P.R. 633/72","Non assoggettamento ad IVA dei servizi di controllo qualititativo dei prodotti, compresa l'applicazione di marchi di qualità",IVA,A REGIME,ESCLUSIONE,Non quantificabile,2022,2023,,,PERSONE FISICHE E GIURIDICHE,T,65
2020,29: POLITICHE ECONOMICO-FINANZIARIE E DI BILANCIO E TUTELA DELLA FINANZA PUBBLICA,496,"Art. 4, quinto comma, del D.P.R. 633/72",Non assoggettamento ad IVA delle cessioni di beni e prestazioni di servizi effettuate in occasione di manifestazioni propagandistiche dai partiti politici,IVA,A REGIME,ESCLUSIONE,Non quantificabile,2022,2023,,,ASSOCIAZIONI ENTI NO PROFIT ONLUS,T,65
2020,29: POLITICHE ECONOMICO-FINANZIARIE E DI BILANCIO E TUTELA DELLA FINANZA PUBBLICA,497,"Art. 4, quinto comma, del D.P.R. 633/72","Non assoggettamento ad IVA delle cessioni di beni e prestazioni di servizi poste in essere dalla Presidenza della Repubblica, dal Senato della Repubblica, dalla Camera dei deputati e dalla Corte Costituzionale, nel perseguimento delle proprie finalita' istituzionali",IVA,A REGIME,ESCLUSIONE,Non quantificabile,2022,2023,,,STATO E ENTI PUBBLICI,T,65
2020,29: POLITICHE ECONOMICO-FINANZIARIE E DI BILANCIO E TUTELA DELLA FINANZA PUBBLICA,498,"Art. 4, quinto comma, del D.P.R. 633/72",Non assoggettamento ad IVA delle prestazioni sanitarie soggette al pagamento di quote di partecipazione alla spesa sanitaria erogate dalle unita' sanitarie locali e dalle aziende ospedaliere del Servizio sanitario nazionale,IVA,A REGIME,ESCLUSIONE,Non quantificabile,2022,2023,,,PERSONE FISICHE,T,65
2020,29: POLITICHE ECONOMICO-FINANZIARIE E DI BILANCIO E TUTELA DELLA FINANZA PUBBLICA,499,"Art. 4, sesto comma, del D.P.R. 633/72","Non assoggettamento ad IVA della somministrazione di alimenti e bevande effettuata, presso le sedi delle associazioni di promozione sociale, da bar ed esercizi similari",IVA,A REGIME,ESCLUSIONE,Non quantificabile,2022,2023,,,PERSONE FISICHE,T,65
2020,29: POLITICHE ECONOMICO-FINANZIARIE E DI BILANCIO E TUTELA DELLA FINANZA PUBBLICA,500,"Art. 5, secondo comma, del D.P.R. 633/72",Non assoggettamento ad IVA delle prestazioni di servizi derivanti dall'attivita' di levata dei protesti esercitata dai segretari comunali,IVA,A REGIME,ESCLUSIONE,Non quantificabile,2022,2023,,,PERSONE FISICHE E GIURIDICHE,T,65
2020,29: POLITICHE ECONOMICO-FINANZIARIE E DI BILANCIO E TUTELA DELLA FINANZA PUBBLICA,501,"Art. 5, secondo comma, del D.P.R. 633/72",Non assoggettamento ad IVA delle prestazioni di vigilanza e custodia rese da guardie giurate,IVA,A REGIME,ESCLUSIONE,Non quantificabile,2022,2023,,,PERSONE FISICHE E GIURIDICHE,T,65
2020,29: POLITICHE ECONOMICO-FINANZIARIE E DI BILANCIO E TUTELA DELLA FINANZA PUBBLICA,502,"Art. 8, primo comma, lettera c), del D.P.R. 633/72",Cessioni di beni effettuate nei confronti di esportatori abituali nei limiti del plafond maturato,IVA,A REGIME,ESCLUSIONE,Non quantificabile,2022,2023,,,SOGGETTI E CATEGORIE PARTICOLARI,T,65
2020,29: POLITICHE ECONOMICO-FINANZIARIE E DI BILANCIO E TUTELA DELLA FINANZA PUBBLICA,503,"Art. 8-bis, lettera a), del D.P.R. n. 633/72",Cessioni di navi destinate alla demolizione,IVA,A REGIME,ESCLUSIONE,Non quantificabile,2022,2023,,,IMPRESE E SOCIETA',T,65
2020,29: POLITICHE ECONOMICO-FINANZIARIE E DI BILANCIO E TUTELA DELLA FINANZA PUBBLICA,504,"Art. 8-bis, lettera b), del D.P.R. n. 633/72",Cessioni di navi e di aeromobili ad organi dello Stato,IVA,A REGIME,ESCLUSIONE,Non quantificabile,2022,2023,,,STATO E ENTI PUBBLICI,T,65
2020,29: POLITICHE ECONOMICO-FINANZIARIE E DI BILANCIO E TUTELA DELLA FINANZA PUBBLICA,505,"Art. 9, n.6, del D.P.R. 633/72","Servizi prestati nei porti, aeroporti e simili nonché quelli resi dagli agenti marittimi raccomandatari",IVA,A REGIME,ESCLUSIONE,Non quantificabile,2022,2023,,,IMPRESE E SOCIETA',T,65
2020,29: POLITICHE ECONOMICO-FINANZIARIE E DI BILANCIO E TUTELA DELLA FINANZA PUBBLICA,506,"Art. 9, n. 8, del D.P.R. 633/72",Manipolazioni usuali eseguite nei depositi doganali,IVA,A REGIME,ESCLUSIONE,Non quantificabile,2022,2023,,,IMPRESE E SOCIETA',T,65
2020,29: POLITICHE ECONOMICO-FINANZIARIE E DI BILANCIO E TUTELA DELLA FINANZA PUBBLICA,507,"Art. 10, primo comma, n. 5), d.P.R. 633/1972",Esenzione per le operazioni relative alla riscossione dei tributi con pro rata di detraibilità a monte,IVA,A REGIME,ESENZIONE,Non quantificabile,2022,2023,,,PERSONE FISICHE,T,65
2020,29: POLITICHE ECONOMICO-FINANZIARIE E DI BILANCIO E TUTELA DELLA FINANZA PUBBLICA,508,"Art. 10, primo comma, n. 12), d.P.R. 633/1972","Esenzione per le cessioni gratuite di beni fatte ad enti pubblici, associazioni riconosciute o fondazioni aventi esclusivamente finalita' di assistenza, beneficenza, educazione, istruzione, studio o ricerca scientifica e alle ONLUS con pro rata di detraibilità a monte",IVA,A REGIME,ESENZIONE,Non quantificabile,2022,2023,,,ASSOCIAZIONI ENTI NO PROFIT ONLUS,T,65
2020,29: POLITICHE ECONOMICO-FINANZIARIE E DI BILANCIO E TUTELA DELLA FINANZA PUBBLICA,509,"Art. 10, primo comma, n. 13), d.P.R. 633/1972",Esenzione per le cessionigratuite dibenifatte a favore delle popolazionicolpite da calamità naturali conpro rata di detraibilità a monte,IVA,A REGIME,ESENZIONE,"-0,5","-0,5","-0,5",,,PERSONE FISICHE E GIURIDICHE,T,65
2020,29: POLITICHE ECONOMICO-FINANZIARIE E DI BILANCIO E TUTELA DELLA FINANZA PUBBLICA,510,"Art. 10, primo comma, n. 27), d.P.R. 633/1972",Esenzione delle prestazioni dei servizi di pompe funebri con pro rata di detraibilità a monte,IVA,A REGIME,ESENZIONE,"-34,0","-34,0","-34,0",5.819,,PERSONE FISICHE,T,65
2020,29: POLITICHE ECONOMICO-FINANZIARIE E DI BILANCIO E TUTELA DELLA FINANZA PUBBLICA,511,"Art. 10, primo comma, n. 27-quater), d.P.R. 633/1972",Esenzione delle prestazioni delle compagnie barracellari con pro rata di detraibilità a monte,IVA,A REGIME,ESENZIONE,"-0,5","-0,5","-0,5",,,PERSONE FISICHE,T,65
2020,29: POLITICHE ECONOMICO-FINANZIARIE E DI BILANCIO E TUTELA DELLA FINANZA PUBBLICA,512,"Art. 74, comma 4, DPR n.633/72","Versamenti trimestrali senza pagamento di interessi per alcune categorie di contribuenti autorizzati con D.M. (somministrazione di gas, acqua ed energia elettrica)",IVA,A REGIME,ALTRO,"-8,3","-8,3","-8,3",1.814,,IMPRESE E SOCIETA',T,65
2020,29: POLITICHE ECONOMICO-FINANZIARIE E DI BILANCIO E TUTELA DELLA FINANZA PUBBLICA,513,"Art. 74, comma 4, DPR n.633/72",Versamenti trimestrali senza pagamento di interessi per gli esercenti impianti distribuzione carburante per uso autotrazione,IVA,A REGIME,ALTRO,"-1,2","-1,2","-1,2",9.287,,SOGGETTI E CATEGORIE PARTICOLARI,T,65
2020,29: POLITICHE ECONOMICO-FINANZIARIE E DI BILANCIO E TUTELA DELLA FINANZA PUBBLICA,514,"Art.74, comma 4, DPR n.633/1972",Versamenti trimestrali senza pagamento di interessi per gli autotrasportatori cose conto terzi Versamenti trimestrali senza pagamento di interessi per gli autotrasportatori cose conto terzi,IVA,A REGIME,ALTRO,"-8,0","-8,0","-8,0",37.205,,SOGGETTI E CATEGORIE PARTICOLARI,T,65
2020,29: POLITICHE ECONOMICO-FINANZIARIE E DI BILANCIO E TUTELA DELLA FINANZA PUBBLICA,515,"Art.74, comma 4, DPR n.633/1972",Versamenti differiti di un trimestre per gli autotrasportatori cose conto terzi,IVA,A REGIME,ALTRO,Stima ricompresa nella misura 514,2022,2023,,,SOGGETTI E CATEGORIE PARTICOLARI,T,66
2020,29: POLITICHE ECONOMICO-FINANZIARIE E DI BILANCIO E TUTELA DELLA FINANZA PUBBLICA,516,"Art. 74, comma 5, decreto del DPR n.633/72",Versamenti trimestrali senza pagamento di interessi per i subfornitori,IVA,A REGIME,ALTRO,"0,04","0,04","0,04",,,PERSONE FISICHE,T,66
2020,29: POLITICHE ECONOMICO-FINANZIARIE E DI BILANCIO E TUTELA DELLA FINANZA PUBBLICA,517,"Art. 74, comma 6, del d.P.R. n. 633/72","Regime speciale per gli intrattenimenti, i giochi e le altre attività di cui alla tariffa allegata al d.P.R. n. 640/72 Detrazione forfettizzata dell'imposta nella misura del 50%",IVA,A REGIME,REGIME SPECIALE,Non quantificabile,"0,04","0,04",,,SOGGETTI E CATEGORIE PARTICOLARI,T,66
2020,29: POLITICHE ECONOMICO-FINANZIARIE E DI BILANCIO E TUTELA DELLA FINANZA PUBBLICA,518,"Art. 74, comma 6, del d.P.R. n. 633/72","Regime speciale per gli intrattenimenti, esteso alle società sportive dilettantistiche che optano per il regime di favore di cui alla legge n. 398/1991 Detrazione forfettizzata dell'imposta nella misura del 50%",IVA,A REGIME,REGIME SPECIALE,Non quantificabile,"0,04","0,04",,,SOGGETTI E CATEGORIE PARTICOLARI,T,66
2020,29: POLITICHE ECONOMICO-FINANZIARIE E DI BILANCIO E TUTELA DELLA FINANZA PUBBLICA,519,"Art. 27, commi 1 e 2, del D.L. n. 98 del 2011 (convertito nella legge n. 111 del 2011); Art. 1 legge n. 190/2014; art. 10, co.12 undecies D.L. n. 192/2014","Regime fiscale di vantaggio (nuovi minimi). Per i soggetti rispondenti ai requisiti previsti dalla norma, è prevista l'applicazione di un'imposta sostitutiva dell'imposta sui redditi e delle addizionali regionali e comunali pari al 5%. I contribuenti sono esenti da Irap, non addebitano l'IVA sulle vendite e non hanno diritto alla detrazione per l'IVA sugli acquisti. E' possibile optare per l'applicazione dell'IVA e dell'IRPEF nei modi ordinari. Si applica, per il periodo d'imposta in cui l'attività è iniziata e per i quattro successivi. Il regime è applicabile anche oltre il quarto periodo di imposta successivo, fino al compimento del trentacinquesimo anno di età.",IRPEF/IVA/IRAP,2019 o fino compimento 35°anno di età del contribuente,REGIME SPECIALE,"0,0","0,0","0,0",,,SOGGETTI E CATEGORIE PARTICOLARI,T,66
2020,29: POLITICHE ECONOMICO-FINANZIARIE E DI BILANCIO E TUTELA DELLA FINANZA PUBBLICA,520,"Art. 1, co. da 54 a 89, legge n. 190/2014; art. 1, co. 111- 113, legge n. 208/2015; art. 1, commi 9-11, della legge n. 145 del 2018, modiifcato dall'art. 1, comma 692 della legge n. 160 del 2019","""Nuovo"" regime forfettario agli effetti dell’Iva, dell’Irpef e dell’Irap di determinazione del reddito da l a i s m so it g e g d e i t t r a ic re a v a i d a n u n n u ’u i n d i i c v a e r im sif p i o ca st t a i p s e o r s t s i e tu tt i o v r a e d . i E q s u te e n ll s e io d n o e v d u e te l , r e c g o i n m l’ e a a li i q s u o o g ta g e d t e ti l c 1 o 5 n % r i p ca e v r i l e o p c e o r m so p n e e n s f i i s f i i c n h o e a c on un 65.000 euro. Con l'articolo 1 della legge n. 160/2019 sono state reintrodotte alcune condizioni di accesso e cause di eclusione che rendono più stringente il regime.",IRPEF/IVA/IRAP,A REGIME,RIDUZIONE DI IMPOSTA,"-1.448,0","-1.488,0","-1.488,0",1.440.000,"-1.033,3",SOGGETTI E CATEGORIE PARTICOLARI,T,66
2020,29: POLITICHE ECONOMICO-FINANZIARIE E DI BILANCIO E TUTELA DELLA FINANZA PUBBLICA,521,"Articolo 5, comma 1, della legge n. 413/1991","Gli enti non commerciali che esercitano attività di agriturismo di cui alla legge 5 dicembre 1985, n. 730, determinano il reddito imponibile applicando all'ammontare dei ricavi conseguiti con l'esercizio di tale attività, al netto della imposta sul valore aggiunto, il coefficiente di redditività del 25 per cento",IRPEF/IRES,A REGIME,REGIME SPECIALE,Effetti di trascurabile entità,"-1.488,0","-1.488,0",,,SOGGETTI E CATEGORIE PARTICOLARI,T,66
2020,29: POLITICHE ECONOMICO-FINANZIARIE E DI BILANCIO E TUTELA DELLA FINANZA PUBBLICA,522,"Articolo 5, comma 2, della legge n. 413/1991",Regime di detrazione forfettizzata per le attività di agriturismo,IVA,A REGIME,REGIME SPECIALE,"-1,7","-1,7","-1,7",16.515,,SOGGETTI E CATEGORIE PARTICOLARI,T,66
2020,29: POLITICHE ECONOMICO-FINANZIARIE E DI BILANCIO E TUTELA DELLA FINANZA PUBBLICA,523,32bis del d.l. n 83/2012 (Art. 7 d.l. n. 185/2008),"Regime dell'IVA di cassa in base al quale il versamento dell'IVA è differito al momento della riscossione dei corrispettivi, ma comunque non oltre un anno",IVA,A REGIME,REGIME SPECIALE,"0,0","0,0","0,0",,,IMPRESE E SOCIETA',T,66
2020,29: POLITICHE ECONOMICO-FINANZIARIE E DI BILANCIO E TUTELA DELLA FINANZA PUBBLICA,524,Art. 8 comma 1-bis del DL 351 del 25 settembre 2001.,Esclusione da IVA (assimilaz. A conferimento di ramo d'azienda) degli apporti a fondi immobiliari chiusi di pluralità di immobili prevalentemente locati,IVA,A REGIME,ESCLUSIONE,Non quantificabile,"0,0","0,0",,,SOGGETTI E CATEGORIE PARTICOLARI,T,66
2020,29: POLITICHE ECONOMICO-FINANZIARIE E DI BILANCIO E TUTELA DELLA FINANZA PUBBLICA,525,"Legge 27.12.2006, n. 296, art. 1, comma 138",Esclusione da IVA (assimilaz. a conferimento di ramo d'azienda) degli apporti a SIIQ e SIINQ di pluralità di immobili prevalentemente locati,IVA,A REGIME,ESCLUSIONE,Non quantificabile,"0,0","0,0",,,SOGGETTI E CATEGORIE PARTICOLARI,T,66
2020,29: POLITICHE ECONOMICO-FINANZIARIE E DI BILANCIO E TUTELA DELLA FINANZA PUBBLICA,526,"art. 1, comma 126 della legge 28/12/2015 n. 208, che ha sostituito l'art. 26 del dPR n. 633/1972",Le note di variazione in diminuzione ai fini Iva in caso di assoggettamento a procedure concorsuali del debitore possono essere emesse solo in presenza di procedure rimaste infruttuose al fine di alleggerire il peso dell'anticipazione finanziaria dell'IVA,IVA,A REGIME,ALTRO,"-340,0","-340,0","-340,0",,,PERSONE FISICHE E GIURIDICHE,,66
2020,29: POLITICHE ECONOMICO-FINANZIARIE E DI BILANCIO E TUTELA DELLA FINANZA PUBBLICA,527,Artt. 15 e seguenti del D.P.R. n. 601/73,"Per le operazioni concernenti il settore del credito è prevista l'applicazione dell'imposta sostitutiva in luogo delle imposte di registro, di bollo, ipotecaria e catastale e tassa sulle concessioni governative","IMPOSTE DI REGISTRO, DI BOLLO E IPOCASTATALI",A REGIME,REGIME SOSTITUTIVO,"-2.223,0","-2.223,0","-2.223,0",,,BANCHE E ASSICURAZIONI,T,66
2020,29: POLITICHE ECONOMICO-FINANZIARIE E DI BILANCIO E TUTELA DELLA FINANZA PUBBLICA,528,"Art. 1, comma 1, del DPR n. 131/1986",Riduz. imposta di registro all'1% per trasferim. abitazioni esenti da IVA nei confronti di società immobiliari,"IMPOSTE DI REGISTRO, DI BOLLO E IPOCASTATALI",A REGIME,RIDUZIONE DI ALIQUOTA,"-4,7","-4,7","-4,7",491,,SOGGETTI E CATEGORIE PARTICOLARI,T,66
2020,29: POLITICHE ECONOMICO-FINANZIARIE E DI BILANCIO E TUTELA DELLA FINANZA PUBBLICA,529,"Art. 4 comma 1, lett a), n. 2) del DPR n. 131/1986",Imposta di registro in misura ridotta del 4% per atti di conferimento di fabbricati a destinazione commerciale e di aree su cui costruire detti fabbricati,"IMPOSTE DI REGISTRO, DI BOLLO E IPOCASTATALI",A REGIME,RIDUZIONE DI ALIQUOTA,"-3,3","-3,3","-3,3",163,,IMPRESE E SOCIETA',T,66
2020,29: POLITICHE ECONOMICO-FINANZIARIE E DI BILANCIO E TUTELA DELLA FINANZA PUBBLICA,530,"Art. 35, comma 10-ter1 del DL 223/2006",Imposte di registro e ipocatastali in misura fissa su riscatto dell'immobile concesso in leasing,"IMPOSTE DI REGISTRO, DI BOLLO E IPOCASTATALI",A REGIME,IMPOSTA IN MISURA FISSA,Non quantificabile,"-3,3","-3,3",,,PERSONE FISICHE E GIURIDICHE,T,66
2020,29: POLITICHE ECONOMICO-FINANZIARIE E DI BILANCIO E TUTELA DELLA FINANZA PUBBLICA,531,"Art. 16, comma 2, della Legge n. 1216/61","Esenzione da imposta di registro e formalità di registrazione contratti di assicurazione e riassicurazione, ricevute e quietanze Esenzione da imposta di registro e formalità di registrazione contratti di assicurazione e riassicurazione, ricevute e quietanze","IMPOSTE DI REGISTRO, DI BOLLO E IPOCASTATALI",A REGIME,ESENZIONE,"-513,1","-513,1","-513,1",,,PERSONE FISICHE E GIURIDICHE,T,66
2020,29: POLITICHE ECONOMICO-FINANZIARIE E DI BILANCIO E TUTELA DELLA FINANZA PUBBLICA,532,Art. 3 del D.Lgs. n. 346/90,"Trasferimenti a favore dello Stato, regioni , province , comuni, enti pubblici, alcuni associazioni e fondazioni, ONLUS, movimenti e partiti politici nonché a condizione di reciprocità enti pubblici, fondazioni ed associazioni esteri","IMPOSTE DI REGISTRO, DI BOLLO E IPOCASTATALI",A REGIME,ESENZIONE,"-22,5","-22,5","-22,5",,,ASSOCIAZIONI ENTI NO PROFIT ONLUS,T,67
2020,29: POLITICHE ECONOMICO-FINANZIARIE E DI BILANCIO E TUTELA DELLA FINANZA PUBBLICA,533,Artt. 1 e 10 del D.Lgs. n. 347/90,"Formalità di trascrizione, iscrizione, rinnovazione, annotazione e volture eseguite nell'interesse dello Stato, ovvero relative ai trasferimenti a favore di regioni , province , comuni, enti pubblici, alcuni associazioni e fondazioni, ONLUS, movimenti e partiti politici nonché a condizione di reciprocità enti pubblici, fondazioni ed associazioni esteri","IMPOSTE DI REGISTRO, DI BOLLO E IPOCASTATALI",A REGIME,ESENZIONE,"-8,5","-8,5","-8,5",,,ASSOCIAZIONI ENTI NO PROFIT ONLUS,T,67
2020,29: POLITICHE ECONOMICO-FINANZIARIE E DI BILANCIO E TUTELA DELLA FINANZA PUBBLICA,534,Nota sub punto 3 all’art. 4 della tariffa allegata al D.P.R. n. 641/72,"Esenzione dalle tasse sulle concessioni governative le licenze rilasciate a dipendenti civili dello Stato, a norma dell’articolo 74 del regolamento di pubblica sicurezza nonché alle persone comprese nelle categorie, individuate a norma dell’art. 7, comma",ALTRO,A REGIME,ESENZIONE,"-1,0","-1,0","-1,0",,,PERSONE FISICHE,T,67
2020,29: POLITICHE ECONOMICO-FINANZIARIE E DI BILANCIO E TUTELA DELLA FINANZA PUBBLICA,535,Tabella allegata al D.P.R. 131/1986,Imposta in misura fissa per la registrazione volontaria atti non assoggettati all'obbligo della registrazione indicati nella Tabella per i quali la predetta registrazione viene volontariamente richiesta,"IMPOSTE DI REGISTRO, DI BOLLO E IPOCASTATALI",A REGIME,IMPOSTA IN MISURA FISSA,Non quantificabile,"-1,0","-1,0",,,PERSONE FISICHE E GIURIDICHE,T,67
2020,29: POLITICHE ECONOMICO-FINANZIARIE E DI BILANCIO E TUTELA DELLA FINANZA PUBBLICA,536,Art. 1 del D.Lgs. n. 346/90,Esenzione delle liberalità indirette risultanti da atti di trasferimento soggetti a registrazione,IMPOSTE SU DONAZIONI E SUCCESSIONI,A REGIME,ESENZIONE,"-1,0","-1,0","-1,0",,,PERSONE FISICHE,T,67
2020,29: POLITICHE ECONOMICO-FINANZIARIE E DI BILANCIO E TUTELA DELLA FINANZA PUBBLICA,537,Art.25 del D.Lgs. n. 346/90,"Riduzione di imposta per: successioni apertesi entro 5 anni da altre successioni; beni immobili culturali non sottoposti a vincolo anteriormente all'apertura della successione; fondi rustici devoluti al coniuge e parenti prossimi di valore non superiore a lire 200 milioni; immobili o parti di immobili adibiti all'esercizio dell'impresa e devoluti al coniuge e/o parenti prossimi; aziende, quote di società di persone o beni strumentali ubicate in comuni montani e trasferiti al coniuge e/o parenti prossimi.",IMPOSTE SU DONAZIONI E SUCCESSIONI,A REGIME,ALTRO,"-0,5","-0,5","-0,5",,,PERSONE FISICHE,T,67
2020,29: POLITICHE ECONOMICO-FINANZIARIE E DI BILANCIO E TUTELA DELLA FINANZA PUBBLICA,538,"D.lgs . N. 347 del 1990, Tariffa, art. 4",Applicazione imposte ipotecaria e catastale in misura fissa per gli atti di fusione o di scissione di società di qualunque tipo e di atti di conferimento di aziende o di complessi aziendli relativi a singoli rami di impresa.,"IMPOSTE DI REGISTRO, DI BOLLO E IPOCASTATALI",A REGIME,IMPOSTA IN MISURA FISSA,Non quantificabile,"-0,5","-0,5",,,IMPRESE E SOCIETA',T,67
2020,29: POLITICHE ECONOMICO-FINANZIARIE E DI BILANCIO E TUTELA DELLA FINANZA PUBBLICA,539,"D.lgs . N. 347 del 1990, Tariffa, art. 4",Applicazione imposte ipotecaria e catastale in misura fissa per gli atti di regolarizzazione di società di fatto derivanti da comunione ereditaria di azienda registrati entro un anno dall'apertura della successione,"IMPOSTE DI REGISTRO, DI BOLLO E IPOCASTATALI",A REGIME,IMPOSTA IN MISURA FISSA,Non quantificabile,"-0,5","-0,5",,,PERSONE FISICHE,T,67
2020,29: POLITICHE ECONOMICO-FINANZIARIE E DI BILANCIO E TUTELA DELLA FINANZA PUBBLICA,540,Art. 18 del D.P.R. n. 115/02,"Esenzione dall’imposta di bollo 1. Gli atti e provvedimenti del processo penale; 2. Gli atti e provvedimenti del processo civile, e tributario, compresa la procedura concorsuale e di volontaria giurisdizione, e del processo amministrativo, nonché delle pubblico impiego soggetti al contributo unificato; 3. Le copie autentiche, comprese quelle esecutive, degli atti e dei provvedimenti, purchè richieste dalle parti processuali.","IMPOSTE DI REGISTRO, DI BOLLO E IPOCASTATALI",A REGIME,ESENZIONE,Non quantificabile,"-0,5","-0,5",,,PERSONE FISICHE E GIURIDICHE,T,67
2020,29: POLITICHE ECONOMICO-FINANZIARIE E DI BILANCIO E TUTELA DELLA FINANZA PUBBLICA,541,"Articolo 17, comma 2, D.Lvo n. 28 del 2010",Esenzione da imposta di Bollo e ogni altra spesa tassa o diritto per documenti e provvedimenti relativi al procedimento di mediazione,"IMPOSTE DI REGISTRO, DI BOLLO E IPOCASTATALI",A REGIME,ESENZIONE,"-16,1","-16,1","-16,1",,,PERSONE FISICHE E GIURIDICHE,T,67
2020,29: POLITICHE ECONOMICO-FINANZIARIE E DI BILANCIO E TUTELA DELLA FINANZA PUBBLICA,542,"Articolo 17, comma 3, D.Lvo n. 28 del 2010","Esenzione dall'imposta di registro per il verbale del procedimento di mediazione entro il limite di valore di 50.000 euro, l'imposta è dovuta per la parte eccedente","IMPOS D T I E B D O I L R L E O G E I STRO, IPOCASTATALI",A REGIME,ESENZIONE,"-16,1","-16,1","-16,1",,,PERSONE FISICHE E GIURIDICHE,T,67
2020,29: POLITICHE ECONOMICO-FINANZIARIE E DI BILANCIO E TUTELA DELLA FINANZA PUBBLICA,543,"Art. 13 commi 2 bis e 2 ter della Tariffa allegata al DPR 26 ottobre 1972, n. 642","Estratti conto comunicazione relativi al deposito titoli, comunicazioni da banca a cliente sui cc postali e bancari","IMPOSTE DI REGISTRO, DI BOLLO E IPOCASTATALI",A REGIME,REGIME SOSTITUTIVO,Non quantificabile,"-16,1","-16,1",,,PERSONE FISICHE E GIURIDICHE,T,67
2020,29: POLITICHE ECONOMICO-FINANZIARIE E DI BILANCIO E TUTELA DELLA FINANZA PUBBLICA,544,Tabella allegato B del DPR 642 del 1972 ( Atti e documenti esenti in modo assoluto dall''imposta di bollo),La tabella Individua gli atti esenti dall'imposta,"IMPOSTE DI REGISTRO, DI BOLLO E IPOCASTATALI",A REGIME,ESENZIONE,Non quantificabile,"-16,1","-16,1",,,STATO E ENTI PUBBLICI,T,67
2020,29: POLITICHE ECONOMICO-FINANZIARIE E DI BILANCIO E TUTELA DELLA FINANZA PUBBLICA,545,Articolo 37 del DPR n . 445 del 2000,"Esenti dall'imposta di bollo le dichiarazioni sostitutive comprovanti stati, qualità personali e fatti","IMPOSTE DI REGISTRO, DI BOLLO E IPOCASTATALI",A REGIME,ESENZIONE,Non quantificabile,"-16,1","-16,1",,,PERSONE FISICHE,T,67
2020,29: POLITICHE ECONOMICO-FINANZIARIE E DI BILANCIO E TUTELA DELLA FINANZA PUBBLICA,546,Articolo 34 del DPR n. 445 del 2000,Esente da imposta di bollo l'autenticazione di fotografie per documenti personali Esente da imposta di bollo l'autenticazione di fotografie per documenti personali,"IMPOSTE DI REGISTRO, DI BOLLO E IPOCASTATALI",A REGIME,ESENZIONE,Non quantificabile,"-16,1","-16,1",,,PERSONE FISICHE,T,67
2020,29: POLITICHE ECONOMICO-FINANZIARIE E DI BILANCIO E TUTELA DELLA FINANZA PUBBLICA,547,"Articolo 32 , comma 5 ter del D.L. n. 78 del 2010 convertito dalla legge 122 del 2010","Misura fissa delle imposte di registro , ipotecaria e catastale per gli atti di liquidazione del patrimonio immobilare ( fondi immobiliari)","IMPOS D T I E B D O I L R L E O G E I STRO, IPOCASTATALI",A REGIME,IMPOSTA IN MISURA FISSA,Non quantificabile,2022,2023,,,SOGGETTI E CATEGORIE PARTICOLARI,T,68
2020,29: POLITICHE ECONOMICO-FINANZIARIE E DI BILANCIO E TUTELA DELLA FINANZA PUBBLICA,548,Convenzione di Vienna sulle relazioni diplomatiche e consolari del 18 aprile 1961 e successive integrazioni,Misure sui trasferimenti del personale diplomatico e consolare,"IMPOSTE DI REGISTRO, DI BOLLO E IPOCASTATALI",A REGIME,ESENZIONE,Non quantificabile,2022,2023,,,SOGGETTI E CATEGORIE PARTICOLARI,T,68
2020,29: POLITICHE ECONOMICO-FINANZIARIE E DI BILANCIO E TUTELA DELLA FINANZA PUBBLICA,549,Accordi internazionali ed accordi di sede,Misure soggette a specifiche condizioni,"IMPOSTE DI REGISTRO, DI BOLLO E IPOCASTATALI",A REGIME,ESENZIONE,Non quantificabile,2022,2023,,,STATO E ENTI PUBBLICI,T,68
2020,29: POLITICHE ECONOMICO-FINANZIARIE E DI BILANCIO E TUTELA DELLA FINANZA PUBBLICA,550,"Articolo 47, comma 1, del DPR n. 602 del 1973 - Imposta ipotecaria, Tassa ipotecaria.","Gratuità delle trascrizioni, iscrizioni , cancellazione dei pignoramenti mobiliari ed immobiliari richieste dal concessionario della riscossione","IMPOSTE DI REGISTRO, DI BOLLO E IPOCASTATALI",A REGIME,ESENZIONE,Non quantificabile,2022,2023,,,SOGGETTI E CATEGORIE PARTICOLARI,T,68
2020,29: POLITICHE ECONOMICO-FINANZIARIE E DI BILANCIO E TUTELA DELLA FINANZA PUBBLICA,551,"Articolo 47bis, comma 1, del del DPR n. 602 del 1973 Imposta di registro.","Ai traferimenti di beni mobili non registrati la cui vendita è curata dai concessionari , l'imposta di rgistro si applica nella misura fissa ridotta pari a dieci euro","IMPOSTE DI REGISTRO, DI BOLLO E IPOCASTATALI",A REGIME,IMPOSTA IN MISURA FISSA,Non quantificabile,2022,2023,,,SOGGETTI E CATEGORIE PARTICOLARI,T,68
2020,29: POLITICHE ECONOMICO-FINANZIARIE E DI BILANCIO E TUTELA DELLA FINANZA PUBBLICA,552,"D.Lgs. 28 luglio 1989, n. 271 (cfr. art. 32 disp. att. c.p.p..)","Esenzione da bolli, imposte e spese per le procedure di recupero crediti professionali del difensore d'ufficio. Per quanto riguarda l'imposta di bollo, ora confluita nella esenzione dal contributo unificato","IMPOSTE DI REGISTRO, DI BOLLO E IPOCASTATALI",A REGIME,ESENZIONE,Non quantificabile,2022,2023,,,SOGGETTI E CATEGORIE PARTICOLARI,T,68
2020,29: POLITICHE ECONOMICO-FINANZIARIE E DI BILANCIO E TUTELA DELLA FINANZA PUBBLICA,553,"Art. 2, primo comma, della legge 1 dicembre 1981, n. 692","Esenzione da tasse di bollo, di registro e altre imposte per i provvedimenti di restituzione delle terre a comuni, liquidazione di usi civici, legittimazioni, assegnazioni e atti dei procedimenti di cui alla legge 1766 del 1927","IMPOSTE DI REGISTRO, DI BOLLO E IPOCASTATALI",A REGIME,ESENZIONE,Non quantificabile,2022,2023,,,STATO E ENTI PUBBLICI,T,68
2020,29: POLITICHE ECONOMICO-FINANZIARIE E DI BILANCIO E TUTELA DELLA FINANZA PUBBLICA,554,"Art. 40-bis, comma 2, del D. Lgs. 1 settembre 1993, n. 385 (già contenuta nel D.L. n. 7 del 2007)",Esenzione da tributi per il procedimento semplificato di cancellazione dell'ipoteca,"IMPOSTE DI REGISTRO, DI BOLLO E IPOCASTATALI",A REGIME,ESENZIONE,Non quantificabile,2022,2023,,,PERSONE FISICHE,T,68
2020,29: POLITICHE ECONOMICO-FINANZIARIE E DI BILANCIO E TUTELA DELLA FINANZA PUBBLICA,555,"Art. 8, comma 4-bis, del D.L. 31 gennaio 2007, n. 7 convertito con modificazioni dalla legge 2007, n. 40 (cfr. articolo 120-quater del D. Lgs. n. 385 del 1993)",a E l s l' e a n rt z . i o 1 n 5 e d d e a l l m le e i d m e p s o im st o a D so .P st . i R tu . t i p v e a r d le i c o u p i e a ra ll z 'a i r o t n . i 1 d 7 i d p e o l r t D ab .P il . i R tà . d n. e l 6 m 01 u t d u e o l 1973 ed esenzione dalle imposte di cui,"IMPOSTE DI REGISTRO, DI BOLLO E IPOCASTATALI",A REGIME,ESENZIONE,Non quantificabile,2022,2023,,,PERSONE FISICHE,T,68
2020,29: POLITICHE ECONOMICO-FINANZIARIE E DI BILANCIO E TUTELA DELLA FINANZA PUBBLICA,556,"Art. 4 del D.L. 1 ottobre 1996, n. 510, convertito dalla legge 28 novembre 1996, n. 608","Misure concernenti le cessioni di beni relativi ad attività produttive dismesse, effettuate gratuitamente nei confroni di enti locali territoriali, enti pubblici, ASI e altri, nonchè successive cessioni gratuite","IMPOSTE DI REGISTRO, DI BOLLO E IPOCASTATALI",A REGIME,IMPOSTA IN MISURA FISSA,Non quantificabile,2022,2023,,,STATO E ENTI PUBBLICI,T,68
2020,29: POLITICHE ECONOMICO-FINANZIARIE E DI BILANCIO E TUTELA DELLA FINANZA PUBBLICA,557,"Art. 31, comma 22, della legge 23 dicembre 1998, n. 448",Esenzione per la registrazione e la trascrizione dei provvedimenti comunali di accorpamento al demanio stradale delle porzioni di terreno utilizzate ad uso pubblico disposto in sede di revisione catastale,"IMPOSTE DI REGISTRO, DI BOLLO E IPOCASTATALI",A REGIME,ESENZIONE,Non quantificabile,2022,2023,,,STATO E ENTI PUBBLICI,T,68
2020,29: POLITICHE ECONOMICO-FINANZIARIE E DI BILANCIO E TUTELA DELLA FINANZA PUBBLICA,558,"Art. 118, comma 1, del D.Lgs. 18 agosto 2000, n.267","Esenzione dalle imposte e tributi per i trasferimenti effettuati dai Comuni, dalle Province e da consorzi fra tali enti a favore di Aziende speciali o società a capitale interamente pubblico di cui al comma 13 dell'art. 113","IMPOSTE DI REGISTRO, DI BOLLO E IPOCASTATALI",A REGIME,ESENZIONE,Non quantificabile,2022,2023,,,STATO E ENTI PUBBLICI,T,68
2020,29: POLITICHE ECONOMICO-FINANZIARIE E DI BILANCIO E TUTELA DELLA FINANZA PUBBLICA,559,"Art. 8, comma 10, del DL 15 aprile 2002, n. 63 connvertito dalla legge 15 giugno 2002, n. 112","Esenzione da imposte e tributi per le cessioni a favore di Infrastrutture spa, operazioni di finanziamento, provvedimenti, contratti, trasferimenti e formalità, ivi comprese le garanzie prestate, surroghe, sostituzioni, postergazioni, frazionamenti e cancellazioni","IMPOSTE DI REGISTRO, DI BOLLO E IPOCASTATALI",A REGIME,ESENZIONE,Non quantificabile,2022,2023,,,SOGGETTI E CATEGORIE PARTICOLARI,T,68
2020,29: POLITICHE ECONOMICO-FINANZIARIE E DI BILANCIO E TUTELA DELLA FINANZA PUBBLICA,560,"Art. 2, comma 6, del D.L. 25 settembre 2001, n. 351, convertito con modificazioni dalla legge 23 novembre 2001, n. 410","Esenzione da imposte e tributi per le operazioni di cartolarizzazione del patrimonio immobiliare pubblico, tutti gli atti, contratti e trasferimenti posti in essere per il relativo perfezionamento, nonché formalità connesse","IMPOSTE DI REGISTRO, DI BOLLO E IPOCASTATALI",A REGIME,ESENZIONE,Non quantificabile,2022,2023,,,STATO E ENTI PUBBLICI,T,68
2020,29: POLITICHE ECONOMICO-FINANZIARIE E DI BILANCIO E TUTELA DELLA FINANZA PUBBLICA,561,"Art 5, comma 24, D.L. 30 settembre 2003, n. 269, convertito dalla legge 24 novembre 2003, n. 326","Esenzione da imposte e tributi per gli atti , contratti, trasferimenti, prestazioni, e formalità relative a oerazioni di raccolta e impiego effettuate dalla gestione separata della CDP spa, ivi comprese le garanzie prestate","IMPOSTE DI REGISTRO, DI BOLLO E IPOCASTATALI",A REGIME,ESENZIONE,Non quantificabile,2022,2023,,,STATO E ENTI PUBBLICI,T,68
2020,29: POLITICHE ECONOMICO-FINANZIARIE E DI BILANCIO E TUTELA DELLA FINANZA PUBBLICA,562,"Art.1, comma 275, della legge 30 dicembre 2004, n. 311",Esenzione da imposte e da tributi per i trasferimenti di immobili dei Comuni a fondazioni o società di cartolarizzazione o ad associazioni per la valorizzazione del patrimonio immobiliare,"IMPOSTE DI REGISTRO, DI BOLLO E IPOCASTATALI",A REGIME,ESENZIONE,Non quantificabile,2022,2023,,,STATO E ENTI PUBBLICI,T,68
2020,29: POLITICHE ECONOMICO-FINANZIARIE E DI BILANCIO E TUTELA DELLA FINANZA PUBBLICA,563,"Articolo unico della legge 15 maggio 1954, n.228","Esenzione da diritti e compensi di cui alla legge 17.07.1951, n. 575 per servizi catastali richiesti/erogati nei confronti di Regioni, Province, Comuni, Enti di beneficienza Esenzione da diritti e compensi di cui alla legge 17.07.1951, n. 575 per servizi catastali richiesti/erogati nei confronti di Regioni, Province, Comuni, Enti di beneficienza","IMPOSTE DI REGISTRO, DI BOLLO E IPOCASTATALI",A REGIME,ESENZIONE,Non quantificabile,2022,2023,,,STATO E ENTI PUBBLICI,T,68
2020,29: POLITICHE ECONOMICO-FINANZIARIE E DI BILANCIO E TUTELA DELLA FINANZA PUBBLICA,564,"Art. 1 della legge 21 novembre 1967 n.1149 ( cfr. Titolo III Tabella A allegata al D.L. 31 luglio 1954, n. 533, convertito, con modificazioni nella L. 26 settembre 1954, n. 869, e successive modificazioni)",Esenzione da diritti catastali per atti e documenti relativi alla procedura di espropriazione per causa di pubblica utilità promossa dalle amministrazioni dello Stato e da enti pubblici,ALTRO,A REGIME,ESENZIONE,Non quantificabile,2022,2023,,,STATO E ENTI PUBBLICI,T,69
2020,29: POLITICHE ECONOMICO-FINANZIARIE E DI BILANCIO E TUTELA DELLA FINANZA PUBBLICA,565,"Artt. da 91 a 96 del Regolamento di conservazione del nuovo catasto, approvato con regio decreto 8 dicembre 1938, n. 2153","Rilascio in carta libera e senza applicazione di tassa o diritti sulle copie, sui certificati, sugli estratti a favore di varie categorie di soggetti","IMPOSTE DI REGISTRO, DI BOLLO E IPOCASTATALI",A REGIME,ESENZIONE,Non quantificabile,2022,2023,,,PERSONE FISICHE E GIURIDICHE,T,69
2020,29: POLITICHE ECONOMICO-FINANZIARIE E DI BILANCIO E TUTELA DELLA FINANZA PUBBLICA,566,"Art. 47 bis D.P.R.29 settembre 1973, n. 602 (cfr. anche art. 18, co. 1, D.Lgs. 13 aprile 1999, n. 112)",Rilascio gratuito delle visure ipotecarie ai concessionari e loro incaricati,"IMPOSTE DI REGISTRO, DI BOLLO E IPOCASTATALI",A REGIME,ESENZIONE,Non quantificabile,2022,2023,,,SOGGETTI E CATEGORIE PARTICOLARI,T,69
2020,29: POLITICHE ECONOMICO-FINANZIARIE E DI BILANCIO E TUTELA DELLA FINANZA PUBBLICA,567,Art.19 D. Lgs 347 del 31/10/1990,Esenzione dalle tasse ipotecarie per le operazioni nell'interesse dello Stato,ALTRO,A REGIME,ESENZIONE,Non quantificabile,2022,2023,,,STATO E ENTI PUBBLICI,T,69
2020,29: POLITICHE ECONOMICO-FINANZIARIE E DI BILANCIO E TUTELA DELLA FINANZA PUBBLICA,568,"Art.11, comma 3, del D. Lgs. 30 dicembre 1992, n. 504",Esenzione da spese e diritti per le richieste dati e notizie ed elementi rilevanti agli uffici pubblici competenti ai fini dell'accertamento e liquidazione dell'ICI,"IMPOSTE DI REGISTRO, DI BOLLO E IPOCASTATALI",A REGIME,ESENZIONE,Non quantificabile,2022,2023,,,STATO E ENTI PUBBLICI,T,69
2020,29: POLITICHE ECONOMICO-FINANZIARIE E DI BILANCIO E TUTELA DELLA FINANZA PUBBLICA,569,"Art. 66, comma 6-bis, del D.L: 30.08.1993, n. 331, convertito con legge 29 ottobre 1993, 427","Misure a favore di società cooperative edilizie di abitazione e loro consorzi - Atti costitutivi e modificativi; atti, documenti registi relativi alle operazioni previste dagli statuti.","IMPOSTE DI REGISTRO, DI BOLLO E IPOCASTATALI",A REGIME,ESENZIONE,Non quantificabile,2022,2023,,,SOGGETTI E CATEGORIE PARTICOLARI,T,69
2020,29: POLITICHE ECONOMICO-FINANZIARIE E DI BILANCIO E TUTELA DELLA FINANZA PUBBLICA,570,"Art. 18, comma 1, del D.Lgs 13 aprile 1999, n. 112",Rilascio gratuito visure ed estrazione copie richieste dagli agenti della riscossione di dati atti riguardanti beni dei debitori iscritti a ruolo e i coobbligati,"IMPOSTE DI REGISTRO, DI BOLLO E IPOCASTATALI",A REGIME,ESENZIONE,Non quantificabile,2022,2023,,,SOGGETTI E CATEGORIE PARTICOLARI,T,69
2020,29: POLITICHE ECONOMICO-FINANZIARIE E DI BILANCIO E TUTELA DELLA FINANZA PUBBLICA,571,"Legge 25 gennaio 1994,n. 86, articolo 14bis ; decreto legge Decreto legge 25 settembre 2001, n. 351, convertito dalla legge 23 novembre 2001, n. 410, articolo 9, comma 1 che rinvia all'articolo 7 della Tabella allegata al DPR 26 aprile 1986, n. 131","Imposta di registro in misura fissa in caso di registrazione per gli atti costitutivi dei fondi , il rimborso delle quote ed altre operazioni .","IMPOSTE DI REGISTRO, DI BOLLO E IPOCASTATALI",A REGIME,IMPOSTA IN MISURA FISSA,Non quantificabile,2022,2023,,,SOGGETTI E CATEGORIE PARTICOLARI,T,69
2020,29: POLITICHE ECONOMICO-FINANZIARIE E DI BILANCIO E TUTELA DELLA FINANZA PUBBLICA,572,"Articolo 8, comma 1 bis, del decreto legge 25 settembre 2001, n. 351 convertito dalla legge 23 novembre 2001, n. 410, che rinvia all'articolo 4, comma 1, lettera a) n. 3 della Tariffa, parte Prima del DPR n. 131 del 1986; all'articolo 4 della Tariffa allegata al Dlgs","Imposte di registro, ipotecaria e catastale in misura fissa per gli apporti ai fondi immobiliari chiusi disciplinati dall'artixcolo 37 del Dlgs n. 58 del 1998 e dall'articolo 14 bis della legge n. 86 del 1994.","IMPOSTE DI REGISTRO, DI BOLLO E IPOCASTATALI",A REGIME,IMPOSTA IN MISURA FISSA,"0,0","0,0","0,0",,,SOGGETTI E CATEGORIE PARTICOLARI,T,69
2020,29: POLITICHE ECONOMICO-FINANZIARIE E DI BILANCIO E TUTELA DELLA FINANZA PUBBLICA,573,Legge 381 del 1991,"Esenzione da imposte di bollo , di registro, e dalle concessioni governative per gli atti costitutivi e modificativi e per gli atti di ammissione e recesso soci , di nomina e accettazione delle cariche sociali e per gli atti di variazione del capitale sociale che non abbiano obbligo di registrazione . ART. 7: esenzione dall'imposta per le successioni o donazioni a favore delle cooperative sociali e riduzione ad un quarto delle imposte ipotecarie e catastali dovute a seguito della stipula dei contratti di mutuo, di acquisto o di locazione relativi ad immobili destinati all'esercizio dell'attività sociale (ONLUS)","IMPOSTE DI REGISTRO, DI BOLLO E IPOCASTATALI",A REGIME,ESENZIONE,Non quantificabile,"0,0","0,0",,,ASSOCIAZIONI ENTI NO PROFIT ONLUS,T,69
2020,29: POLITICHE ECONOMICO-FINANZIARIE E DI BILANCIO E TUTELA DELLA FINANZA PUBBLICA,574,Dlgs 460 del 1997,Esenzione da imposta di bollo e dalla tassa sulle concessioni governative ( ONLUS),"IMPOSTE DI REGISTRO, DI BOLLO E IPOCASTATALI",A REGIME,ESENZIONE,Non quantificabile,"0,0","0,0",,,ASSOCIAZIONI ENTI NO PROFIT ONLUS,T,69
2020,29: POLITICHE ECONOMICO-FINANZIARIE E DI BILANCIO E TUTELA DELLA FINANZA PUBBLICA,575,"art. 1, comma 57 della legge n. 208 del 2015","Esenzione dalle imposte di registro,ipotecaria e catastale e bollo su atti e provvedimenti in esecuzione dei piani di ricomposizione e riordino fondiario promossi da regioni, province, comuni e comunità montane","IMPOSTE DI REGISTRO, DI BOLLO E IPOCASTATALI",A REGIME,ESENZIONE,"-9,8","-9,8","-9,8",1.933,,STATO E ENTI PUBBLICI,,69
2020,29: POLITICHE ECONOMICO-FINANZIARIE E DI BILANCIO E TUTELA DELLA FINANZA PUBBLICA,576,"art. 32 del D.P.R. n. 601 del 1973 e art. 1, comma 58 della legge n. 208 del 2016",Imposta di registro in misura fissa ed esenzione dalle imposte ipotecaria e catastale per gli atti di trasferimento della proprietà delle aree da parte degli enti locali,"IMPOSTE DI REGISTRO, DI BOLLO E IPOCASTATALI",A REGIME,ESENZIONE,"-0,9","-0,9","-0,9",,,STATO E ENTI PUBBLICI,,69
2020,29: POLITICHE ECONOMICO-FINANZIARIE E DI BILANCIO E TUTELA DELLA FINANZA PUBBLICA,577,Art. 9-quater DL n. 457 del 1997,"Riduzione aliquota allo 0,05 per cento (dal 7,5 per cento) per le navi immatricolate in Italia",ALTRO,A REGIME,RIDUZIONE DI ALIQUOTA,Non quantificabile,"-0,9","-0,9",,,SOGGETTI E CATEGORIE PARTICOLARI,T,69
2020,29: POLITICHE ECONOMICO-FINANZIARIE E DI BILANCIO E TUTELA DELLA FINANZA PUBBLICA,578,"Art.7 della L. n. 448 del 2001. Art. 2, comma 2, del D.L. n. 282 del 2002 come modificato, da ultimo, dall'art. 1, comma 997, della L. n. 205 del 2017. Art. 1, comma 998 della L. n. 205 del 2017.",Rideterminazione dei valori dei terreni e delle partecipazioni non quotate posseduti alla data del 1 gennaio 2018 Rideterminazione dei valori dei terreni e delle partecipazioni non quotate posseduti alla data del 1 gennaio 2018,IMPOSTA SOSTITUTIVA,2018,REGIME SOSTITUTIVO,"-58,0","-58,0","-58,0",,,PERSONE FISICHE,T,69
2020,29: POLITICHE ECONOMICO-FINANZIARIE E DI BILANCIO E TUTELA DELLA FINANZA PUBBLICA,579,"Art.7 della L. n. 448 del 2001. Art. 2, comma 2, del D.L. n. 282 del 2002 come modificato, da ultimo, dall'art. 1, comma 997, della L. n. 205 del 2017. Art. 1, comma 998 della L. n. 205 del 2017. Art. 1, comma 1053 della L. n. 145 del 2018",Rideterminazione dei valori dei terreni e delle partecipazioni non quotate posseduti alla data del 1 gennaio 2019,IMPOSTA SOSTITUTIVA,2019,REGIME SOSTITUTIVO,Stima ricompresa nella misura 580,2022,2023,,,PERSONE FISICHE,T,70
2020,29: POLITICHE ECONOMICO-FINANZIARIE E DI BILANCIO E TUTELA DELLA FINANZA PUBBLICA,580,"Art.7 della L. n. 448 del 2001. Art. 2, comma 2, del D.L. n. 282 del 2002 come modificato, da ultimo, dall'art. 1, comma 997, della L. n. 205 del 2017. Art. 1, comma 998 della L. n. 205 del 2017. art. 1, comma 1053 della L. n. 145 del 2018. Art. 1, commi 693-694, della legge 27 dicembre 2019, n. 160.",Rideterminazione dei valori dei terreni e delle partecipazioni non quotate posseduti alla data del 1º gennaio 2020.,IMPOSTA SOSTITUTIVA,2020,REGIME SOSTITUTIVO,"453,2","453,2","-146,9",,,PERSONE FISICHE,T,70
2020,29: POLITICHE ECONOMICO-FINANZIARIE E DI BILANCIO E TUTELA DELLA FINANZA PUBBLICA,581,"Art. 137 del decreto-legge 19 maggio 2020, n. 34.",Rideterminazione dei valori dei terreni e delle partecipazioni non quotate posseduti alla data del 1º luglio 2020.,IMPOSTA SOSTITUTIVA,2020,REGIME SOSTITUTIVO,"113,3","113,3","-37,0",,,PERSONE FISICHE,,70
2020,29: POLITICHE ECONOMICO-FINANZIARIE E DI BILANCIO E TUTELA DELLA FINANZA PUBBLICA,582,"Art. 1, c. 924-925, della L n. 205/2017. Provv Ag E. 73203/2018 e Circ Ag E. 8/2018; (Art. 16 DL n. 34/2019)","Credito d'imposta esercenti impianti carburante (riconosciuto nel rispetto delle condizioni e dei limiti del de minimis) per le transazioni effettuate, a partire dal 1° luglio 2018, tramite sistemi di pagamento elettronico mediante carte di credito, debito o prepagate.",,A REGIME,CREDITO D'IMPOSTA,"-34,6","-34,6","-34,6",,,IMPRESE,,70
2020,29: POLITICHE ECONOMICO-FINANZIARIE E DI BILANCIO E TUTELA DELLA FINANZA PUBBLICA,583,"Art. 2, c. 6-quinquies del DLgs n. 127/2015 [comma aggiunto dall'art. 17, c. 1, lett. c), DL 23 ottobre 2018, n. 119, convertito, con modificazioni, dalla L. 17 dicembre 2018, n. 136, e, successivamente, modificato dall'art. 1, c. 55, lett. a), b) e c), L. 30 dicembre 2018, n. 145, a decorrere dal 1° gennaio 2019].",Credito d'imposta adeguamento tecnologico per invio corrispettivi,,2020,CREDITO D'IMPOSTA,"0,0","0,0","0,0",,,IMPRESE,,70
2020,29: POLITICHE ECONOMICO-FINANZIARIE E DI BILANCIO E TUTELA DELLA FINANZA PUBBLICA,584,"Art. 22, del DL n. 124/2019; Provvedimenti del Direttore dell'Agenzia delle entrate 21 aprile 2020 e 29 aprile 2020",Credito d'imposta su pagamenti elettronici riconosciuto (nel rispetto del de minimis) in relazione alle cessioni di beni e alle prestazioni di servizi effettuate a decorrere dal 1° luglio 2020 ed utilizzabile in compensazione,,A REGIME,CREDITO D'IMPOSTA,"-2,8","-2,8","-2,8",,,IMPRESE E TITOLARI DI LAVORO AUTONOMO,,70
2020,30: GIOVANI E SPORT,585,"Art. 15, comma 1, lettere i-sexies.1) e i-sexies.2), del TUIR introdotte dall'art. 1, comma 82, della L. n. 208 del 2015","Detrazione, nella misura del 19 %, dei canoni e degli oneri accessori relativi a contratti di locazione finanziaria di unità immobiliari da adibire ad abitazione principale, per un importo non superiore a 8.000 euro annui; detrazione, nella misura del 19%, del costo di riscatto a fronte dell’esercizio dell’opzione finale, per un importo non superiore a 20.000 euro. Tali detrazioni spettano a giovani di età non superiore a 35 anni con reddito complessivo non superiore a 55,000 €. Gli importi sui quali sono calcolate le detrazioni sono dimezzati con riferimento ai giovani di età superiore a 35 anni.",IRPEF,2020,DETRAZIONE,Effetti di trascurabile entità,"-2,8","-2,8",,,PERSONE FISICHE,,70
2020,30: GIOVANI E SPORT,586,"Art. 15, comma 1, lett. i-quinquies) e comma 2, TUIR",Detrazione per l'iscrizione annuale/abbonamento per i ragazzi di età compresa tra i 5 e i 18 anni ad associazioni sportive palestre piscine etc individuate con apposito decreto,IRPEF,A REGIME,DETRAZIONE,"-82,9","-82,9","-82,9",1.923.553,"-43,1",PERSONE FISICHE,T,70
2020,30: GIOVANI E SPORT,587,"Art. 15, comma 1, lett. i-ter), TUIR",Detrazione per erogazioni liberali in denaro a favore delle società ed associazioni sportive dilettantistiche,IRPEF,A REGIME,DETRAZIONE,"-2,1","-2,1","-2,1",21.365,"-98,3",PERSONE FISICHE,T,70
2020,30: GIOVANI E SPORT,588,"Legge n. 398/91, art. 9-bis D.L. 417/91, art. 25 commi 1- bis e 2 della L. 133/99, art. 2 comma 31 L. 350/2003; Art. 1, co. 50, Legge n. 232/2016",Possibilità di optare per un regime fiscale agevolato per le associazioni sportive non aventi scopo di lucro,IRES,A REGIME,REGIME SPECIALE,"-28,3","-28,3","-28,3",59.545,"-475,6",ASSOCIAZIONI ENTI NO PROFIT ONLUS,T,70
2020,30: GIOVANI E SPORT,589,"Art. 90, comma 1, della Legge n. 289/02",Estensione delle disposizioni tributarie riguardanti le associazioni sportive dilettantistiche anche alle società sportive dilettantistiche costituite in società di capitali senza fine di lucro,IRES,A REGIME,REGIME SPECIALE,"-3,7","-3,7","-3,7",3.720,"-1.006,3",SOGGETTI E CATEGORIE PARTICOLARI,T,70
2020,30: GIOVANI E SPORT,590,Art. 9-bis del D.L. n. 417/1991,La norma estende alle associazioni senza scopo di lucro ed alle pro-loco le disposizioni a favore delle associazioni sportive dilettantistiche di cui alla L. n. 398/1991. La norma estende alle associazioni senza scopo di lucro ed alle pro-loco le disposizioni a favore delle associazioni sportive dilettantistiche di cui alla L. n. 398/1991.,IRES,A REGIME,REGIME SPECIALE,Stima ricompresa nella misura 588,"-3,7","-3,7",,,ASSOCIAZIONI ENTI NO PROFIT ONLUS,T,70
2020,30: GIOVANI E SPORT,591,"Art. 25, commi 1-bis), e 2, della Legge n.133/99","Non concorrono a formare il reddito imponibile, per un numero di eventi complessivamente non superiore a 2 per anno e per un importo non superiore al limite annuo fissato con DM: a) i proventi realizzati nello svolgimento di attività commerciali connesse agli scopi istituzionali; b) i proventi realizzati tramite raccolta pubblica di fondi, in conformità all’art.143, c.3, lett. a)",IRES,A REGIME,ESCLUSIONE,Stima ricompresa nella misura 588,2022,2023,,,ASSOCIAZIONI ENTI NO PROFIT ONLUS,T,71
2020,30: GIOVANI E SPORT,592,"Art. 90, comma 11-bis, della Legge n. 289/02","La pubblicità realizzata negli impianti utilizzati per manifestazioni sportive dilettantistiche con capienza inferiore ai 3.000 posti si considera occasionale, ai fini dell’imposta sugli spettacoli, sugli intrattenimenti (art. 7-octies, DL 7/2005) e dell’imposta sulla pubblicità (art.1, c. 128, L. 266/2005)",IRES,A REGIME,ESCLUSIONE,"-5,0","-5,0","-5,0",,,ASSOCIAZIONI ENTI NO PROFIT ONLUS,T,71
2020,30: GIOVANI E SPORT,593,"Art. 90, comma 23, della Legge n. 289/02","Ai dipendenti pubblici possono essere riconosciute esclusivamente le indennità e i rimborsi di cui all’art. 67, c. 1, lett. m) del Tuir",IRPEF,A REGIME,ESCLUSIONE,Non quantificabile,"-5,0","-5,0",,,PERSONE FISICHE,T,71
2020,30: GIOVANI E SPORT,594,"Art. 2, comma 31 della Legge n.350/03","Estensione delle disposizioni tributarie riguardanti le associazioni sportive dilettantistiche (legge 16 dicembre 1991, n. 398) alle associazioni bandistiche e cori amatoriali, filodrammatiche, di musica e danza popolare",IRES,A REGIME,REGIME SPECIALE,Stima ricompresa nella misura 588,"-5,0","-5,0",,,ASSOCIAZIONI ENTI NO PROFIT ONLUS,T,71
2020,30: GIOVANI E SPORT,595,"Art. 1, c. 352, lett. a), della L n. 205/2017 (D.P.C.M. 28 marzo 2018)","Credito d'imposta per l'ammodernamento impianti di calcio in favore delle società appartenenti alla Lega di serie B, alla Lega Pro e alla Lega nazionale dilettanti che hanno beneficiato della mutualità (riconosciuto nel rispetto del de minimis) da attuare con DPCM di concerto MEF",,A REGIME,CREDITO D'IMPOSTA,"-4,0","-4,0","-4,0",,,IMPRESE,,71
2020,30: GIOVANI E SPORT,596,"Art. 1, c. 621-628, L n. 145/2018; d.P.C.M. 30 aprile 2019; Art. 1, commi da 177 a 179, L n. 160/2019",Credito d'imposta Sport-Bonus,,2020,CREDITO D'IMPOSTA,"-8,8","-4,4","-4,4",,,PERSONE FISICHE E GIURIDICHE,,71
2020,30: GIOVANI E SPORT,597,"Art. 5, comma 3, del D.L. n. 16 del 2020, convertito, con modificazioni, dalla L. n. 31 del 2020","Non concorrenza alla fomazione del reddito imponibile ai fini Irpef degli emolumenti percepiti dagli atleti e dagli altri membri della famiglia olimpica, non fiscalmente residenti in Italia, in relazione alle prestazioni rese in occasione dei Giochi Olimpici",IRPEF,2026,ESCLUSIONE,"0,0","0,0","0,0",,,PERSONE FISICHE,,71
2020,30: GIOVANI E SPORT,598,"Art. 5, comma 6, del D.L. n. 16 del 2020, convertito, con modificazioni, dalla L. n. 31 del 2020",I redditi di lavoro dipendente e assimilati derivanti dagli emolumenti corrisposti dal Comitato Organizzatore concorrono alla formazione del reddito complessivo limitatamente al 60% del loro ammontare negli anni dal 2021 al 2023; limitatamente al 30% del loro ammontare negli anni dal 2024 al 2026,IRPEF,2026,ESCLUSIONE,"-0,79","-1,34","-3,64",,,PERSONE FISICHE,,71
2020,30: GIOVANI E SPORT,599,Art. 98 del D.L. n.34/2020,"Non concorrenza alla formazione del reddito ai fini Irpef di una indennità pari a 600 euro per i mesi di aprile e maggio 2020 a favore dei lavoratori impiegati con rapporti di collaborazione presso il Comitato Olimpico Nazionale (CONI), il Comitato Italiano Paralimpico (CIP), le federazioni sportive nazionali, le discipline sportive associate, gli enti di promozione sportiva, riconosciuti dal Comitato Olimpico Nazionale (CONI) e dal Comitato Italiano Paralimpico (CIP), le società e associazioni sportive dilettantistiche, di cui all'art. 67, comma 1, lettera m), del TUIR, già attivi alla data del 23 febbraio 2020.",IRPEF,2020,ESCLUSIONE,"0,0","0,0","0,0",,,PERSONE FISICHE,,71
2020,31: TURISMO,600,"Art. 32, comma 1, del D.L. 12 settembre 2014, n. 133, convertito in legge 11 novembre 2014, n. 164 (comma modificato dall'art. 1, comma 365, L. 28 dicembre 2015, n. 208) e D.M. 3 ottobre 2014","Marina resort: le strutture organizzate per la sosta e il pernottamento di turisti all'interno delle proprie unità da diporto ormeggiate nello specchio acqueo appositamente attrezzato, secondo i requisiti stabiliti dal MIT, sentito il MIBACT, rientrano nelle strutture ricettive all'aria apertacona applicazione dell'aliquota IVA del 10%dal 1° gennaio 2016",IVA,A REGIME,RIDUZIONE DI ALIQUOTA,"-10,7","-10,7","-10,7","74.423,0",,PERSONE FISICHE,,71
2020,31: TURISMO,601,Art. 176 del D.L. n.34/2020,"Per il periodo d’imposta 2020, è riconosciuto un credito a favore dei nuclei familiari con un ISEE non superiore a 40.000 euro per il pagamento dei servizi offerti in ambito nazionale dalle imprese turistico ricettive. Il beneficio è diversificato a seconda della composizione del nucleo familiare. Il credito è fruibile per il 20 per cento sotto forma di detrazione d'imposta in sede di dichiarazione dei redditi e per l'80 per cento come sconto sul corrispettivo dovuto, anticipato dal fornitore presso il quale i servizi sono fruiti e da quest'ultimo recuperato sotto forma di credito d'imposta.",IRPEF,2020,DETRAZIONE,"-733,8","314,5","0,0",,,PERSONE FISICHE,,71
2020,31: TURISMO,602,"Art. 181, comma 2, del D.L. 19 maggio 2020, n. 34","Esenzione dall'imposta di bollo per le domande di nuove concessioni per l'occupazione di suolo pubblico ovvero di ampliamento delle superfici già concesse, presentate dal 1° maggio e fino al 31 ottobre 2020. Esenzione dall'imposta di bollo per le domande di nuove concessioni per l'occupazione di suolo pubblico ovvero di ampliamento delle superfici già concesse, presentate dal 1° maggio e fino al 31 ottobre 2020. Descrizione",IMPOSTA DI BOLLO,2020,ESENZIONE,"0,0","0,0","0,0",,,IIMPRESE E CATEGORIE PARTICOLARI,,71
