rsf_year,missione,n,norma,descrizione,tributo,termine_vigenza,natura,effetto_2025,effetto_2026,effetto_2027,numero_frequenze,effetto_procapite,beneficiari,vigore_5plus,page
2023,9: AGRICOLTURA POLITICHE AGROALIMENTARI E PESCA,1,"Art. 21, comma 6, L. 25 maggio 1970, n. 364","I premi sui contratti di assicurazione a favore di soci di consorzi, associazioni e cooperative agricole sono esenti dall'imposta sulle assicurazioni.",ALTRO,A REGIME,ESENZIONE,Non quantificabile,,,,,SOGGETTI E CATEGORIE PARTICOLARI,X,27
2023,9: AGRICOLTURA POLITICHE AGROALIMENTARI E PESCA,2,"Art. 34, comma 1, d.P.R. 26 ottobre 1972, n. 633",Regime speciale IVA per i produttori agricoli - detrazione forfetizzata,IVA,A REGIME,REGIME SPECIALE,"-416,6","-416,6","-416,6",,,SOGGETTI E CATEGORIE PARTICOLARI,X,27
2023,9: AGRICOLTURA POLITICHE AGROALIMENTARI E PESCA,3,"Art. 34, comma 6, d.P.R. 26 ottobre 1972, n. 633",Regime speciale IVA: esonero dal versamento dell’IVA e da tutti gli adempimenti documentali e contabili per i produttori agricoli con volume d’affari non superiore a 7.000 Euro.,IVA,A REGIME,REGIME SPECIALE,"-12,6","-12,6","-12,6",,,SOGGETTI E CATEGORIE PARTICOLARI,X,27
2023,9: AGRICOLTURA POLITICHE AGROALIMENTARI E PESCA,4,"Art. 34, commi 7 e 8, d.P.R. 26 ottobre 1972, n. 633","Differimento del momento di applicazione dell'IVA in caso di conferimento da parte dei soci alla cooperativa di prodotti agricoli e di prodotti ittici provenienti da acque marine, lagunari e salmastre. Nei conferimenti da socio a cooperativa il momento impositivo IVA slitta al momento del pagamento del prezzo in deroga al principio generale secondo cui per le cessioni di beni il momento impositivo è individuato nella consegna dei beni o, se antecedente, nel momento di emissione della fattura o del pagamento del corrispettivo.",IVA,A REGIME,REGIME SPECIALE,Non quantificabile,"-12,6","-12,6",,,SOGGETTI E CATEGORIE PARTICOLARI,X,27
2023,9: AGRICOLTURA POLITICHE AGROALIMENTARI E PESCA,5,"Art. 34-bis, d.P.R. 26 ottobre 1972, n. 633","Attività agricole connesse: detrazione forfetizzata dell'imposta nella misura del 50%. Imprenditori agricoli che effettuano cessioni di beni e forniture di servizi ai sensi dell'art. 2135, terzo comma, del codice civile.",IVA,A REGIME,REGIME SPECIALE,"-9,1","-9,1","-9,1",11.746,"773,9",SOGGETTI E CATEGORIE PARTICOLARI,X,27
2023,9: AGRICOLTURA POLITICHE AGROALIMENTARI E PESCA,6,"Art. 9, comma 2, d.P.R. 29 settembre 1973, n. 601","Nei territori montani di cui al comma 1 dell'articolo 9, d.P.R. 29 settembre 1973, n. 601, i trasferimenti di proprietà a qualsiasi titolo di fondi rustici a favore di coltivatori diretti e imprenditori agricoli professionali, iscritti nella relativa gestione previdenziale e assistenziale, sono soggetti alle imposte di registro e ipotecaria nella misura fissa e sono esenti dalle imposte catastale e di bollo. Le agevolazioni si applicano anche ai trasferimenti a favore di soggetti che, pur non essendo iscritti nella gestione previdenziale e assistenziale di cui al primo periodo, con apposita dichiarazione contenuta nell'atto di acquisto, si impegnano a coltivare o a condurre direttamente il fondo per un periodo di cinque anni; i predetti soggetti decadono dalle agevolazioni se, prima che siano trascorsi cinque anni dalla stipula degli atti di acquisto, alienano volontariamente i terreni ovvero cessano di coltivarli o di condurli direttamente. Le stesse agevolazioni si applicano anche a favore delle cooperative agricole che conducono direttamente i terreni.","IMPOSTE DI REGISTRO, DI BOLLO E IPOCATASTALI",A REGIME,IMPOSTA IN MISURA FISSA,"-20,0","-20,0","-20,0",5.187,"-3.853,5",SOGGETTI E CATEGORIE PARTICOLARI,X,27
2023,9: AGRICOLTURA POLITICHE AGROALIMENTARI E PESCA,7,"Art. 5, comma 1, lett. a), Tariffa, parte prima, d.P.R. 26 aprile 1986, n. 131","Sugli atti relativi alle locazioni di fondi rustici l'imposta di registro si applica nella misura ridotta dello 0,50%","IMPOSTE DI REGISTRO, DI BOLLO E IPOCATASTALI",A REGIME,RIDUZIONE DI ALIQUOTA,"-5,1","-5,1","-5,1",,,SOGGETTI E CATEGORIE PARTICOLARI,X,27
2023,9: AGRICOLTURA POLITICHE AGROALIMENTARI E PESCA,8,"Art. 15, comma 1, lett. a), TUIR","Dall'imposta lorda si detrae un importo pari al 19 per cento degli interessi passivi e relativi oneri accessori pagati in dipendenza di prestiti e mutui agrari di ogni specie, nei limiti dei redditi dei terreni dichiarati",IRPEF,A REGIME,DETRAZIONE,"-1,2","-1,2","-1,2",4.877,"-253,4",PERSONE FISICHE,X,27
2023,9: AGRICOLTURA POLITICHE AGROALIMENTARI E PESCA,9,"Art. 31, comma 2, TUIR","Reddito dominicale pari a zero in caso di perdita, per eventi naturali, di almeno il 30% del prodotto ordinario del fondo rustico preso a base per la formazione delle tariffe d'estimo",IRPEF,A REGIME,ESCLUSIONE,"-4,9","-4,9","-4,9",76.096,"-64,5",PERSONE FISICHE,X,27
2023,9: AGRICOLTURA POLITICHE AGROALIMENTARI E PESCA,10,"Art. 35, TUIR","Reddito agrario pari a zero in caso di perdita, per eventi naturali, di almeno il 30% del prodotto ordinario del fondo rustico preso a base per la formazione delle tariffe d'estimo",IRPEF,A REGIME,ESCLUSIONE,"-1,9","-1,9","-1,9",69.310,"-27,8",PERSONE FISICHE,X,27
2023,9: AGRICOLTURA POLITICHE AGROALIMENTARI E PESCA,11,"Art. 5, comma 2, L. 30 dicembre 1991, n. 413",Detrazione forfetizzata al 50% per le attività di agriturismo,IVA,A REGIME,REGIME SPECIALE,"-6,2","-6,2","-6,2",14.944,"-234,3",SOGGETTI E CATEGORIE PARTICOLARI,X,27
2023,9: AGRICOLTURA POLITICHE AGROALIMENTARI E PESCA,12,"Art. 78, comma 8, L. 30 dicembre 1991, n. 413","Determinazione forfetaria del reddito imponibile e dell'Iva per le associazioni sindacali e di categoria operanti nel settore agricolo relativamente alle attività di assistenza rese agli associati. Le associazioni sindacali e di categoria operanti nel settore agricolo per l'attività di assistenza fiscale resa agli associati determinano il reddito imponibile applicando all'ammontare dei ricavi il coefficiente di redditività del 9 per cento e determinano l'imposta sul valore aggiunto riducendo l'imposta relativa alle operazioni imponibili in misura pari a un terzo del suo ammontare, a titolo di detrazione forfetaria dell'imposta afferente agli acquisti ed alle importazioni.",IMPOSTE DIRETTE E IVA,A REGIME,REGIME SPECIALE,"-0,2","-0,2","-0,2",497,"-363,2",SOGGETTI E CATEGORIE PARTICOLARI,X,27
2023,9: AGRICOLTURA POLITICHE AGROALIMENTARI E PESCA,13,"Tabella A, punto 5, TUA","Impiego dei prodotti energetici nei lavori agricoli e assimilati (orticoltura, allevamento, silvicoltura, apicoltura, piscicoltura e florovivaistica) - Applicazione di un'aliquota pari al 22% di quella normale per il gasolio e al 49% di quella normale per la benzina (uso carburanti). Esenzione per gli oli vegetali non modificati chimicamente",ACCISA,A REGIME,RIDUZIONE DI ALIQUOTA,"-1.153,6","-1.153,6","-1.153,6",,,SOGGETTI E CATEGORIE PARTICOLARI,X,28
2023,9: AGRICOLTURA POLITICHE AGROALIMENTARI E PESCA,14,"Tabella A, punto 6, TUA",Esenzione dall'accisa sui carburanti per il prosciugamento e la sistemazione dei terreni allagati nelle zone colpite da alluvione,ACCISA,A REGIME,ESENZIONE,"-0,5","-0,5","-0,5",,,SOGGETTI E CATEGORIE PARTICOLARI,X,28
2023,9: AGRICOLTURA POLITICHE AGROALIMENTARI E PESCA,15,"Tabella A, punto 7, TUA",Esenzione dall'accisa sui carburanti per il sollevamento delle acque allo scopo di agevolare la coltivazione dei fondi rustici sui terreni bonificati,ACCISA,A REGIME,ESENZIONE,"-0,5","-0,5","-0,5",,,SOGGETTI E CATEGORIE PARTICOLARI,X,28
2023,9: AGRICOLTURA POLITICHE AGROALIMENTARI E PESCA,16,"Art. 14, commi 1 e 2, L. 15 dicembre 1998, n. 441","Le successioni e le donazioni riguardanti l'azienda agricola a favore di ascendenti o discendenti coltivatori diretti di età inferiore a quaranta anni sono esenti dall'imposta sulle successioni e donazioni, dall'imposta catastale, dall'imposta di bollo e sono soggette all'imposta ipotecaria in misura fissa.",IMPOSTE SU SUCCESSIONI E DONAZIONI,A REGIME,IMPOSTA IN MISURA FISSA,Non quantificabile,"-0,5","-0,5",,,PERSONE FISICHE,X,28
2023,9: AGRICOLTURA POLITICHE AGROALIMENTARI E PESCA,17,"Art. 56-bis del TUIR Art. 71, comma 2-bis, del TUIR entrambi introdotti con l'art. 2, comma 6, L. 24 dicembre 2003, n. 350","Regime forfetario, opzionale, di determinazione del reddito derivante dalle seguenti attività: - attività dirette alla produzione di vegetali esercitate oltre il limite di cui all'articolo 32, comma 2, lettera b), del TUIR; - attività dirette alla manipolazione, conservazione, trasformazione, valorizzazione e commercializzazione di prodotti diversi da quelli indicati nell'articolo 32, comma 2, lettera c), del TUIR; - attività dirette alla fornitura di servizi di cui al terzo comma dell'articolo 2135 del codice civile.",IRPEF/IRES,A REGIME,REGIME SPECIALE,"-107,8","-107,8","-107,8",41.577,"-2.592,8",SOGGETTI E CATEGORIE PARTICOLARI,X,28
2023,9: AGRICOLTURA POLITICHE AGROALIMENTARI E PESCA,18,"Art. 1, comma 1093, L. 27 dicembre 2006, n. 296","Possibilità per le società di persone, le società a responsabilità limitata e le società cooperative che rivestono la qualifica di società agricola ai sensi dell'articolo 2 del decreto legislativo 29 marzo 2004, n. 99 di optare per la determinazione catastale del reddito, ex articolo 32 del Tuir.",IRPEF/IRES,A REGIME,REGIME SPECIALE,"-93,6","-95,6","-96,4",3.544,"-26.424,6",SOGGETTI E CATEGORIE PARTICOLARI,X,28
2023,9: AGRICOLTURA POLITICHE AGROALIMENTARI E PESCA,19,"Art. 1, comma 1094, L. 27 dicembre 2006, n. 296","Possibilità per le società di persone e le società a responsabilità limitata, costituite da imprenditori agricoli, che esercitano esclusivamente le attività dirette alla manipolazione, conservazione, trasformazione, commercializzazione e valorizzazione di prodotti agricoli ceduti dai soci, di determinare il reddito applicando all'ammontare dei ricavi il coefficiente di redditività del 25 per cento.",IRPEF/IRES,A REGIME,REGIME SPECIALE,"-93,6","-95,6","-96,4",3.544,"-26.424,6",SOGGETTI E CATEGORIE PARTICOLARI,X,28
2023,9: AGRICOLTURA POLITICHE AGROALIMENTARI E PESCA,20,"Art. 2, comma 4-bis, D.L. 30 dicembre 2009, n. 194","Gli atti di trasferimento a titolo oneroso di terreni agricoli a favore di coltivatori diretti ed IAP, dei proprietari di masi chiusi nonche' le operazioni fondiarie operate attraverso l'ISMEA sono soggetti alle imposte di registro ed ipotecaria nella misura fissa ed all'imposta catastale nella misura dell'1 per cento.","IMPOSTE DI REGISTRO, DI BOLLO E IPOCATASTALI",A REGIME,REGIME SPECIALE,"-165,2","-165,2","-165,2",,,SOGGETTI E CATEGORIE PARTICOLARI,X,28
2023,9: AGRICOLTURA POLITICHE AGROALIMENTARI E PESCA,21,"Art. 1, comma 908, L. 28 dicembre 2015, n. 208",Innalzamento al 10% delle percentuali di compensazione di detrazione dell'IVA applicabili a taluni prodotti dei settori lattiero-caseario,IVA,A REGIME,REGIME SPECIALE,"-43,8","-43,8","-43,8",,,SOGGETTI E CATEGORIE PARTICOLARI,X,28
2023,9: AGRICOLTURA POLITICHE AGROALIMENTARI E PESCA,22,"Art. 1, comma 44, L. 11 dicembre 2016, n. 232 (norma istitutiva); Art. 1, comma 25, L. 30 dicembre 2021, n. 234 (proroga); Art. 1, comma 80, L. 29 dicembre 2022, n. 197 (proroga)",Per gli anni dal 2017 al 2023 i redditi dominicali e agrari dei coltivatori diretti e degli imprenditori agricoli professionali iscritti nella previdenza agricola non concorrono alla formazione della base imponibile Irpef,IRPEF,2023,ESCLUSIONE,"-151,1","101,1","0,0",,,SOGGETTI E CATEGORIE PARTICOLARI,X,28
2023,9: AGRICOLTURA POLITICHE AGROALIMENTARI E PESCA,23,"Art. 1, comma 503, L. 27 dicembre 2017, n. 205 (enoturismo); art. 1, commi 513 e 514, L. 27 dicembre 2019, n. 160 (estensione oleoturismo)","Applicazione della detrazione forfettaria del 50%, prevista dall'articolo 5 della legge 30 dicembre 1991, n. 413 per l'attività di agriturismo, all'attività di enoturismo e oleoturismo svolta da imprenditori agricoli.",IVA,A REGIME,REGIME SPECIALE,Effetti di trascurabile entità,"101,1","0,0",,,SOGGETTI E CATEGORIE PARTICOLARI,,28
2023,9: AGRICOLTURA POLITICHE AGROALIMENTARI E PESCA,24,"Art. 1, comma 662, L. 30 dicembre 2018, n. 145","Innalzamento delle percentuali di compensazione di detrazione dell'IVA applicabili alle cessioni di legno e di legna da ardere determinata annualmente con DM interministeriale nel limite massimo di spesa di 1 milione di euro annui. Il D.M. 5 febbraio 2021 (rifeirto all'anno 2020), il D.M. 19 dicembre 2021 (riferito all'anno 2021) e il D.M. 10 ottobre 2022 (riferito all'anno 2022) hanno fissato la percentuale di compensazione al 6,4%. Per il 2023 il D.M. non è stato ancora emanato.",IVA,A REGIME,REGIME SPECIALE,"-1,0","-1,0","-1,0",,,SOGGETTI E CATEGORIE PARTICOLARI,,28
2023,9: AGRICOLTURA POLITICHE AGROALIMENTARI E PESCA,25,"Art. 1, commi 692-695, L. 30 dicembre 2018, n. 145","Applicazione di un'imposta sostitutiva in misura fissa pari a euro 100 ai redditi derivanti dallo svolgimento, in via occasionale, da parte delle persone fisiche, delle attività di raccolta di prodotti selvatici non legnosi cui si aggiunge la raccolta di piante officinali spontanee. Tale attività si intende svolta in via occasionale se i corrispettivi percepiti dalla vendita del prodotto non superano il limite annuo di euro 7.000. Detti soggetti sono esonerati dal versamento dell’IVA e da tutti gli obblighi relativi a tale imposta",IMPOSTE DIRETTE E IVA,A REGIME,REGIME SOSTITUTIVO,"-1,5","-1,5","-1,5",,,PERSONE FISICHE,,29
2023,9: AGRICOLTURA POLITICHE AGROALIMENTARI E PESCA,26,"Art. 1, comma 698, L. 30 dicembre 2018, n. 145","Applicazione dell’aliquota IVA ridotta del 5 per cento, ai tartufi freschi o refrigerati e l'applicazione dell’aliquota IVA ridotta del 10 per cento ai tartufi congelati, essiccati o preservati immersi in acqua salata, solforata o addizionata di altre sostanze atte ad assicurare temporaneamente la conservazione, ma non preparati per il consumo immediato.",IVA,A REGIME,REGIME SPECIALE,"-4,7","-4,7","-4,7",,,SOGGETTI E CATEGORIE PARTICOLARI,,29
2023,9: AGRICOLTURA POLITICHE AGROALIMENTARI E PESCA,27,"Art. 1, comma 705, L. 30 dicembre 2018, n. 145","Estensione della disciplina fiscale propria dei titolari dell'impresa agricola ai familiari coadiuvanti, appartenenti al medesimo nucleo familiare, che risultano iscritti nella gestione assistenziale e previdenziale agricola quali coltivatori diretti",IRPEF,A REGIME,ALTRO,"0,0","0,0","0,0",,,PERSONE FISICHE,,29
2023,9: AGRICOLTURA POLITICHE AGROALIMENTARI E PESCA,28,"Art. 1, comma 513, L. 27 dicembre 2019, n. 160","All’attività oleoturistica, ai fini delle imposte dirette, si applicano le disposizioni sull'enoturismo di cui all'articolo 1, commi da 502 a 505, della legge n. 205/2017, che a loro volta richiamano quelle sull’agriturismo di cui all’articolo 5, comma 1, della legge n. 413/1991, che prevedono la determinazione del reddito imponibile in base all’applicazione del coefficiente di redditività del 25% all’ammontare dei ricavi conseguiti nell’esercizio di tale attività, al netto dell’Iva.",IRPEF,A REGIME,RIDUZIONE DI IMPOSTA,"-1,3","-1,3","-1,3",,,IMPRESE E SOCIETA',,29
2023,9: AGRICOLTURA POLITICHE AGROALIMENTARI E PESCA,29,"Art. 68, comma 1, D.L. 25 maggio 2021, n. 73 Art. 1, comma 506, ultimo periodo, L. 27 dicembre 2017, n. 205 Art. 1, comma 527, L. 30 dicembre 2021, n. 234","Per gli anni 2021 e 2022 le percentuali di compensazione IVA, di cui all'articolo 34, comma 1, del decreto del Presidente della Repubblica 26 ottobre 1972, n. 633, applicabili alle cessioni di animali vivi della specie bovina e suina sono fissate nella misura del 9,5%. A partire dal 2016 e fino al 2020, le percentuali di compensazione applicabili alle cessioni di animali vivi della specie bovina e della specie suina sono state fissate con provvedimenti annuali, rispettivamente, nella misura del 7,65% e del 7,95% (la percentuale di forfetizzazione ordinaria è fissata nella misura dell 7 % per le cessioni di animali vivi della specie bovine e del 7,3% per le cessioni di animali vivi della specie suina). Per il 2023, la Legge di Bilancio non ha previsto la proroga dell’innalzamento delle percentuali di compensazione, le quali sono tornate ai livelli di un tempo, cioè pari al 7% per le cessioni di animali vivi della specie bovina e al 7,3% per le cessioni di animali vivi della specie suina.",IVA,2022,REGIME SPECIALE,"0,0","0,0","0,0",,,SOGGETTI E CATEGORIE PARTICOLARI,,29
2023,9: AGRICOLTURA POLITICHE AGROALIMENTARI E PESCA,30,"Art. 1, comma 73, L. 29 dicembre 2022, n. 197",Aliquota 10% cessioni di pellet in legno,IVA,A REGIME,RIDUZIONE DI ALIQUOTA,"-133,4","-133,4","-133,4",,,PERSONE FISICHE,,29
2023,9: AGRICOLTURA POLITICHE AGROALIMENTARI E PESCA,31,"Art. 1, comma 348-349, L. 29 dicembre 2022, n. 197",Esenzione dei compensi erogati ai prestatori di lavoro agricolo occasionale a tempo determinato determinati sulla base della retribuzione stabilita dai contratti collettivi nazionali e provinciali di lavoro.,IRPEF,A REGIME,ESENZIONE,"0,0","0,0","0,0",,,SOGGETTI E CATEGORIE PARTICOLARI,,29
2023,10: ENERGIA E DIVERSIFICAZIONE DELLE FONTI ENERGETICHE,32,"Art. 17, comma 4 bis, TUA","Esenzione dall'accisa sui tabacchi denaturati e usati a fini industriali od orticoli, distrutti sotto sorveglianza amministrativa, destinati esclusivamente a prove scientifiche ed a prove relative alla qualità dei prodotti, riutilizzati dal produttore.",ACCISA,A REGIME,ESENZIONE,Non quantificabile,"0,0","0,0",,,IMPRESE E SOCIETA',X,29
2023,10: ENERGIA E DIVERSIFICAZIONE DELLE FONTI ENERGETICHE,33,"Art. 26, comma 6, TUA",Esclusione dal campo di applicazione dell’accisa delle miscele gassose di origine biologica destinate agli usi propri del soggetto che le produce,ACCISA,A REGIME,ESCLUSIONE,"-1,0","-1,0","-1,0",,,SOGGETTI E CATEGORIE PARTICOLARI,X,29
2023,10: ENERGIA E DIVERSIFICAZIONE DELLE FONTI ENERGETICHE,34,"Art. 27, comma 3, lett. h), TUA","Esenzione dall'accisa per l'alcool e le bevande alcoliche impiegati come campioni per analisi, per prove di produzione necessarie o a fini scientifici",ACCISA,A REGIME,ESENZIONE,Non quantificabile,"-1,0","-1,0",,,IMPRESE E SOCIETA',X,29
2023,10: ENERGIA E DIVERSIFICAZIONE DELLE FONTI ENERGETICHE,35,"Art. 27, comma 3, lett. i), TUA",Esenzione dall'accisa per l'alcool e le bevande alcoliche utilizzati nella fabbricazione di un componente non soggetto ad accisa,ACCISA,A REGIME,ESENZIONE,Non quantificabile,"-1,0","-1,0",,,SOGGETTI E CATEGORIE PARTICOLARI,X,29
2023,10: ENERGIA E DIVERSIFICAZIONE DELLE FONTI ENERGETICHE,36,"Art. 33, comma 2, TUA",Determinazione forfettaria dell’accisa sull’alcool etilico prodotto da piccoli alambicchi,ACCISA,A REGIME,REGIME FORFETARIO,Non quantificabile,"-1,0","-1,0",,,SOGGETTI E CATEGORIE PARTICOLARI,X,29
2023,10: ENERGIA E DIVERSIFICAZIONE DELLE FONTI ENERGETICHE,37,"Art. 52, comma 2, lettera a), TUA","Esclusione, dal campo di applicazione dell’accisa, dell’energia elettrica prodotta con impianti azionati da fonti rinnovabili, aventi potenza non superiore a 20 Kw",ACCISA,A REGIME,ESCLUSIONE,Non quantificabile,"-1,0","-1,0",,,SOGGETTI E CATEGORIE PARTICOLARI,X,29
2023,10: ENERGIA E DIVERSIFICAZIONE DELLE FONTI ENERGETICHE,38,"Art. 52, comma 2, lettera b), TUA","Esclusione dal campo di applicazione dell’accisa dell’energia elettrica impiegata negli aeromobili, nelle navi, negli autoveicoli, purchè prodotta a bordo con mezzi propri, esclusi gli accumulatori, nonché quella prodotta da gruppi elettrogeni mobili in dotazione alle forze armate dello Stato ed ai corpi ad esse assimilati",ACCISA,A REGIME,ESCLUSIONE,Non quantificabile,"-1,0","-1,0",,,SOGGETTI E CATEGORIE PARTICOLARI,X,29
2023,10: ENERGIA E DIVERSIFICAZIONE DELLE FONTI ENERGETICHE,39,"Art. 52, comma 2, lettera c), TUA",Esclusione dal campo di applicazione dell’accisa dell’energia elettrica prodotta con gruppi elettrogeni azionati da gas metano biologico,ACCISA,A REGIME,ESCLUSIONE,Non quantificabile,2025,2026,,,SOGGETTI E CATEGORIE PARTICOLARI,X,30
2023,10: ENERGIA E DIVERSIFICAZIONE DELLE FONTI ENERGETICHE,40,"Art. 52, comma 2, lettera d), TUA","Esclusione dal campo di applicazione dell’accisa dell’energia elettrica prodotta da piccoli impianti generatori comunque azionati, purchè la loro potenza disponibile non sia superiore a 1 kW, nonché prodotta da officine elettriche costituite da gruppi elettrogeni di soccorso aventi potenza disponibile complessiva non superiore a 200 kW",ACCISA,A REGIME,ESCLUSIONE,Non quantificabile,2025,2026,,,SOGGETTI E CATEGORIE PARTICOLARI,X,30
2023,10: ENERGIA E DIVERSIFICAZIONE DELLE FONTI ENERGETICHE,41,"Art. 52, comma 3, lett. b) , TUA",Esenzione dall'accisa sull'energia elettrica prodotta con fonti rinnovabili in impianti con potenza superiore a 20 kW per autoconsumo,ACCISA,A REGIME,ESENZIONE,"-74,5","-74,5","-74,5",,,SOGGETTI E CATEGORIE PARTICOLARI,X,30
2023,10: ENERGIA E DIVERSIFICAZIONE DELLE FONTI ENERGETICHE,42,"Art. 52, comma 3, lett. c), TUA",Esenzione dall'accisa sull'energia elettrica impiegata nelle ferrovie,ACCISA,A REGIME,ESENZIONE,"-2,0","-2,0","-2,0",,,SOGGETTI E CATEGORIE PARTICOLARI,X,30
2023,10: ENERGIA E DIVERSIFICAZIONE DELLE FONTI ENERGETICHE,43,"Art. 52, comma 3, lett. d), TUA",Esenzione dall'accisa sull'energia elettrica impiegata nell'esercizio delle linee ditrasporto urbano ed interurbano,ACCISA,A REGIME,ESENZIONE,"-6,1","-6,1","-6,1",,,SOGGETTI E CATEGORIE PARTICOLARI,X,30
2023,10: ENERGIA E DIVERSIFICAZIONE DELLE FONTI ENERGETICHE,44,"Art. 52, comma 3, lett. e), TUA",Esenzione dall'accisa sull'energia elettrica impiegata nelle abitazioni di residenza con potenza fino a 3 kW fino a 150 kwh di consumo mensile,ACCISA,A REGIME,ESENZIONE,"-554,2","-554,2","-554,2",,,PERSONE FISICHE,X,30
2023,10: ENERGIA E DIVERSIFICAZIONE DELLE FONTI ENERGETICHE,45,"Art. 55, comma 3, TUA","Pagamento dell'accisa con un canone forfetario per le forniture di energia elettrica ""a cottimo"" (piccole forniture)",ACCISA,A REGIME,REGIME FORFETARIO,Non quantificabile,"-554,2","-554,2",,,PERSONE FISICHE,X,30
2023,10: ENERGIA E DIVERSIFICAZIONE DELLE FONTI ENERGETICHE,46,"Art. 55, comma 5, TUA",Pagamento dell'accisa sull'energia elettrica con canone annuo di abbonamento (per l’energia elettrica ottenuta da officine non fornite di misuratori),ACCISA,A REGIME,REGIME FORFETARIO,Non quantificabile,"-554,2","-554,2",,,SOGGETTI E CATEGORIE PARTICOLARI,X,30
2023,10: ENERGIA E DIVERSIFICAZIONE DELLE FONTI ENERGETICHE,47,"Art. 55, comma 5, TUA","Pagamento dell'accisa sull'energia elettrica con canone annuo di abbonamento (energia elettrica ottenuta da impianti di produzione combinata di energia elettrica e calore, con potenza disponibile non superiore a 100 kW non forniti di misuratori)",ACCISA,A REGIME,REGIME FORFETARIO,Non quantificabile,"-554,2","-554,2",,,SOGGETTI E CATEGORIE PARTICOLARI,X,30
2023,10: ENERGIA E DIVERSIFICAZIONE DELLE FONTI ENERGETICHE,48,"Art. 62, comma 2, TUA","Esenzione dall'imposta di consumo per gli oli lubrificanti impiegati nella produzione e nella lavorazione della gomma naturale e sintetica per la fabbricazione dei relativi manufatti, nella produzione delle materie plastiche e delle resine artificiali o sintetiche, comprese le colle adesive, nella produzione degli antiparassitari per le piante da frutta",ALTRO,A REGIME,ESENZIONE,"-78,8","-78,8","-78,8",,,SOGGETTI E CATEGORIE PARTICOLARI,X,30
2023,10: ENERGIA E DIVERSIFICAZIONE DELLE FONTI ENERGETICHE,49,"Tabella A, punto 10, TUA","Riduzione dell'accisa sul gas naturale impiegato negli usi di cantiere, nei motori fissi e nelle operazioni di campo per la coltivazione di idrocarburi",ACCISA,A REGIME,RIDUZIONE DI ALIQUOTA,"-0,2","-0,2","-0,2",,,SOGGETTI E CATEGORIE PARTICOLARI,X,30
2023,10: ENERGIA E DIVERSIFICAZIONE DELLE FONTI ENERGETICHE,50,"Tabella A, punto 11-bis, TUA",Esenzione dall'accisa sull'energia elettrica prodotta da impianti di gasificazione,ACCISA,A REGIME,ESENZIONE,"-0,5","-0,5","-0,5",,,SOGGETTI E CATEGORIE PARTICOLARI,X,30
2023,10: ENERGIA E DIVERSIFICAZIONE DELLE FONTI ENERGETICHE,51,"Tabella A, punto 15 TUA",Riduzione dell'accisa sul GPL utilizzato negli impianti centralizzati per usi industriali,ACCISA,A REGIME,RIDUZIONE DI ALIQUOTA,"-15,7","-15,7","-15,7",,,SOGGETTI E CATEGORIE PARTICOLARI,X,30
2023,10: ENERGIA E DIVERSIFICAZIONE DELLE FONTI ENERGETICHE,52,"Tabella A, punto 15 TUA",Riduzione dell'accisa sul GPL impiegato come carburante per gli autobus urbani ed extraurbani adibiti al servizio pubblico,ACCISA,A REGIME,RIDUZIONE DI ALIQUOTA,"-0,4","-0,4","-0,4",,,SOGGETTI E CATEGORIE PARTICOLARI,X,30
2023,10: ENERGIA E DIVERSIFICAZIONE DELLE FONTI ENERGETICHE,53,"Tabella A, punto 16-bis, TUA",Riduzione dell'accisa su carburanti per motori (benzina e gasolio) e combustibili per riscaldamento (gasolio e gas naturale) impiegati dalle Forze armate nazionali,ACCISA,A REGIME,RIDUZIONE DI ALIQUOTA,"-3,9","-3,9","-3,9",,,SOGGETTI E CATEGORIE PARTICOLARI,X,30
2023,10: ENERGIA E DIVERSIFICAZIONE DELLE FONTI ENERGETICHE,54,"Tabella A, punto 16-bis, TUA",Esenzione dell'accisa su carburanti per motori (GPL e gas naturale) e combustibili per riscaldamento (GPL) impiegati dalle Forze armate nazionali,ACCISA,A REGIME,ESENZIONE,"-3,9","-3,9","-3,9",,,SOGGETTI E CATEGORIE PARTICOLARI,X,30
2023,10: ENERGIA E DIVERSIFICAZIONE DELLE FONTI ENERGETICHE,55,"Art. 8, comma 10, lett. f), L. 23 dicembre 1998, n. 448 e successive modificazioni e integrazioni",Credito d’imposta per la gestione di reti di teleriscaldamento alimentato con biomassa quale fonte energetica nei comuni ricadenti in determinate zone climatiche - E ed F - ovvero per gli impianti e le reti di teleriscaldamento alimentati da energia geotermica,CREDITO D'IMPOSTA,A REGIME,CREDITO D'IMPOSTA,"-24,2","-24,2","-24,2",,,SOGGETTI E CATEGORIE PARTICOLARI,X,30
2023,10: ENERGIA E DIVERSIFICAZIONE DELLE FONTI ENERGETICHE,56,"Art. 2, comma 11, L. 22 dicembre 2008, n. 203",Riduzione dell'accisa sul gas naturale impiegato per usi industriali da soggetti che registrano consumi superiori a 1.200.000 mc annui,ACCISA,A REGIME,RIDUZIONE DI ALIQUOTA,"-28,7","-28,7","-28,7",,,SOGGETTI E CATEGORIE PARTICOLARI,X,30
2023,10: ENERGIA E DIVERSIFICAZIONE DELLE FONTI ENERGETICHE,57,"Art. 129-bis, commi 3-5, D.L. 19 maggio 2020, n. 34","Concessione, per una durata di sei anni, previa autorizzazione del Consiglio dell’Unione Europea, dell’applicazione di aliquote ridotte di accisa per il comune di Campione d’Italia, sul gasolio usato come combustibile per riscaldamento e sull'energia elettrica. La misura è stata autorizzata con Decisione del Consiglio (UE) 2021/1777 del 5 ottobre 2021. Si applica dal 1° gennaio 2021 al 31 dicembre 2026",ACCISA,A REGIME,RIDUZIONE DI ALIQUOTA,"-0,1","-0,1","-0,1",,,PERSONE FISICHE,,31
2023,10: ENERGIA E DIVERSIFICAZIONE DELLE FONTI ENERGETICHE,58,"Art. 6, D.L. 30 marzo 2023, n. 34","È stata modificata, per il periodo d’imposta in corso al 31/12/22, la disciplina relativa alla tassazione delle energie agroforestali e fotovoltaiche di cui all’art. 1, co. 423 della legge n. 296/2005, per i redditi conseguiti da persone fisiche, società semplici e altri soggetti di cui all'art. 1, co. 1093, della legge n. 296/2006. In deroga al criterio di determinazione del reddito della quota eccedente la produzione il cui reddito è determinato in base alla rendita catastale - che prevede l'applicazione all'ammontare dei corrispettivi delle operazioni soggette a registrazione agli effetti dell'IVA il coefficiente di redditività del 25%- è stato stabilito che per il 2022, la componente riconducibile alla valorizzazione dell’energia ceduta, con esclusione della quota incentivo, è data dal minor valore tra il prezzo medio di cessione dell’energia elettrica e il valore di 120 euro/MWh.",IRPEF/IRES,2022,REGIME SPECIALE,"1,9","0,0","0,0",,,SOGGETTI E CATEGORIE PARTICOLARI,,31
2023,11: COMPETITIVITA’ E SVILUPPO DELLE IMPRESE,59,"Art. 16, L. 29 ottobre 1961, n. 1216","Applicazione dell'imposta sulle assicurazioni in luogo dell'imposta di registro sui contratti di assicurazione e riassicurazione, ricevute e quietanze","IMPOSTE DI REGISTRO, DI BOLLO E IPOCATASTALI",A REGIME,REGIME SOSTITUTIVO,"-531,6","-531,6","-531,6",,,BANCHE E ASSICURAZIONI,X,31
2023,11: COMPETITIVITA’ E SVILUPPO DELLE IMPRESE,60,"Art. 74, L. 22 ottobre 1971, n. 865",Gli atti di trasferimento della proprietà o di concessione del diritto di superficie relativi alle aree da destinare a insediamenti produttivi sono soggetti all'imposta fissa di registro e sono esenti da imposta ipotecaria.,"IMPOSTE DI REGISTRO, DI BOLLO E IPOCATASTALI",A REGIME,IMPOSTA IN MISURA FISSA,Non quantificabile,"-531,6","-531,6",,,IMPRESE E SOCIETA',X,31
2023,11: COMPETITIVITA’ E SVILUPPO DELLE IMPRESE,61,"Art. 10, d.P.R. 29 settembre 1973, n. 601 (norma istitutiva); Art. 2, comma 8, L. 24 dicembre 2003, n. 350 (modifica); Art. 1, commi 460 e 461, L. 30 dicembre 2004, n. 311 (limitazione)","Sono esenti da IRES i redditi conseguiti da società cooperative agricole e loro consorzi mediante l'allevamento di animali con mangimi ottenibili per almeno un quarto dai terreni dei soci nonché mediante la manipolazione, conservazione, valorizzazione, trasformazione e alienazione di prodotti agricoli e zootecnici e di animali conferiti prevalentemente dai soci. Iredditi conseguiti dalle cooperative della piccola pesca e dai loro consorzi sono esenti da IRES. Tali esenzioni non operano limitatamente al 20% degli utili netti annuali.",IRES,A REGIME,ESENZIONE,"-66,3","-66,3","-66,3",8.710,"-7.607,6",SOGGETTI E CATEGORIE PARTICOLARI,X,31
2023,11: COMPETITIVITA’ E SVILUPPO DELLE IMPRESE,62,"Art. 11, d.P.R. 29 settembre 1973, n. 601 (norma istitutiva); Art. 1, commi 462 e 463, L. 30 dicembre 2004, n. 311 (limitazione)","I redditi conseguiti dalle società cooperative di produzione e lavoro, limitatamente al reddito imponibile derivante dall'indeducibilità dell'imposta regionale sulle attività produttive, sono esenti da IRES se l'ammontare delle retribuzioni effettivamente corrisposte ai soci non è inferiore al cinquanta per cento dell'ammontare complessivo di tutti gli altri costi; se l'ammontare delle retribuzioni è inferiore al cinquanta per cento ma non al venticinque per cento dell'ammontare complessivo degli altri costi l'imposta sul reddito delle persone giuridiche e l'imposta locale sui redditi sono ridotte alla metà",IRES,A REGIME,ESENZIONE,"0,0","0,0","0,0",,,SOGGETTI E CATEGORIE PARTICOLARI,X,31
2023,11: COMPETITIVITA’ E SVILUPPO DELLE IMPRESE,63,"Art. 12, d.P.R. 29 settembre 1973, n. 601",Per le società cooperative e loro consorzi sono ammesse in deduzione dal reddito le somme ripartite tra i soci sotto forma di restituzione di una parte del prezzo dei beni e servizi acquistati o di maggiore compenso per i conferimenti effettuati.,IRES,A REGIME,DEDUZIONE,"-12,5","-12,5","-12,5",127,"-98.524,0",SOGGETTI E CATEGORIE PARTICOLARI,X,31
2023,11: COMPETITIVITA’ E SVILUPPO DELLE IMPRESE,64,"Art. 22, d.P.R. 29 settembre 1973, n. 601","I proventi dei fondi di garanzia di cui alle leggi n. 454/1961 e n. 1068/1964, e al decreto-legge n. 976/1966, convertito nella L. n. 1142/1966, derivanti da contributi a fondo perduto, periodici o una volta tanto, dello Stato o di altri enti, nonché quelli derivanti dalle somme che le aziende e istituti di credito trattengono sui finanziamenti assistiti da garanzie e versati successivamente ai fondi, non concorrono a formare il reddito dei fondi stessi, ai fini IRES, a condizione che il loro ammontare venga integralmente destinato a costituire o incrementare un fondo di garanzia.",IRES,A REGIME,ESCLUSIONE,Non quantificabile,"-12,5","-12,5",,,SOGGETTI E CATEGORIE PARTICOLARI,X,31
2023,11: COMPETITIVITA’ E SVILUPPO DELLE IMPRESE,65,"Art. 12, L. 16 dicembre 1977, n. 904; Art. 1, commi 460 e 464, L. 30 dicembre 2004, n. 311 (limitazione); Art. 82, comma 28, D.L. 25 giugno 2008, n. 112 e D.L. 13 agosto 2011, n. 138; D.L. 24 giugno 2014, n. 91 (modifica)","Non concorrono al reddito imponibile delle cooperative le somme destinate alle riserve indivisibili, a condizione che sia esclusa la possibilità di distribuirle tra i soci, sia durante la vita dell'ente che all'atto del suo scioglimento. Tale norma non si applica alle cooperative a mutualità prevalente: a) per la quota del 20% degli utili netti delle cooperative agricole; b) per la quota del 40% degli utili netti delle altre cooperative; c) per la quota del 65% degli utili netti delle società cooperative di consumo. La limitazione non si applica alle cooperative sociali. Per le cooperative NON a mutualità prevalente la detassazione è limitata al 30% degli utili netti annuali (23% per coop di consumo, dal 2015), a condizione che tale quota sia destinata ad una riserva indivisibile prevista dallo statuto.",IRES,A REGIME,ESCLUSIONE,"-65,7","-65,7","-65,7",26.869,"-2.444,0",SOGGETTI E CATEGORIE PARTICOLARI,X,31
2023,11: COMPETITIVITA’ E SVILUPPO DELLE IMPRESE,66,"Art. 24-ter, TUA, introdotto dall'art. 4-ter, comma 1, lett. f), D.L. 22 ottobre 2016, n. 193; art. 1, comma 630, L. 27 dicembre 2019, n. 160 (modifica)","Riduzione di accisa sul gasolio impiegato come carburante per l'autotrasporto merci ed altre categorie di trasporto passeggeri. (L'agevolazione deve intendersi come prosecuzione dell'art. 6, c. 2, D.Lgs. 26/2007). Con la modifica apportata all'articolo 24-ter dalla predetta Legge di Bilancio 2020 sono esclusi dal predetto beneficio, con decorrenza 1° ottobre 2020, anche i veicoli appartententi alla categoria euro 3 e, a decorrere dal 1° gennaio 2021, anche i veicoli di categoria euro 4.",ACCISA,A REGIME,RIDUZIONE DI ALIQUOTA,"-1.142,6","-1.142,6","-1.142,6",,,SOGGETTI E CATEGORIE PARTICOLARI,X,31
2023,11: COMPETITIVITA’ E SVILUPPO DELLE IMPRESE,67,"Art. 35, comma 3-bis, TUA (Comma sostituito dall'art. 1, comma 690, lett. a), L. 30 dicembre 2018, n. 145, a decorrere dal 1° gennaio 2019)","Riduzione del 40 per cento dell’aliquota di accisa sulla birra prodotta nei birrifici di cui all’articolo 2, comma 4-bis, della legge 16 agosto 1962, n. 1354, aventi una produzione annua non superiore a 10'000 ettolitri.",ACCISA,A REGIME,RIDUZIONE DI ALIQUOTA,"-8,9","-8,9","-8,9",,,SOGGETTI E CATEGORIE PARTICOLARI,,32
2023,11: COMPETITIVITA’ E SVILUPPO DELLE IMPRESE,68,"Tabella A, punto 9, TUA (numero sostituito dall'art. 4-ter, comma 1, lett. o), n. 2), D.L. 22 ottobre 2016, n. 193","Riduzione al 30% dell'aliquota di accisa sui prodotti energetici diversi dal gas naturale impiegati per la produzione di forza motrice con motori fissi, utilizzati all'interno di delimitati stabilimenti industriali, agricolo- industriali, laboratori, cantieri di ricerche di idrocarburi e di forze endogene e cantieri di costruzione e azionamento di macchine impiegate nei porti, non ammesse alla circolazione su strada, destinate alla movimentazione di merci per operazioni di trasbordo",ACCISA,A REGIME,RIDUZIONE DI ALIQUOTA,Non quantificabile,"-8,9","-8,9",,,SOGGETTI E CATEGORIE PARTICOLARI,X,32
2023,11: COMPETITIVITA’ E SVILUPPO DELLE IMPRESE,69,"Art. 4, comma 1, lett. a) n. 2, Tariffa, parte prima, allegata al d.P.R. 26 aprile 1986, n. 131",L'imposta di registro si applica nella misura ridotta del 4% per gli atti di conferimento societari di immobili strumentali,"IMPOSTE DI REGISTRO, DI BOLLO E IPOCATASTALI",A REGIME,RIDUZIONE DI ALIQUOTA,"-2,8","-2,8","-2,8",124,"22.397,9",IMPRESE E SOCIETA',X,32
2023,11: COMPETITIVITA’ E SVILUPPO DELLE IMPRESE,70,"Art. 66, comma 4, TUIR","Deduzione forfetaria per spese non documentate (per un importo pari a determinate percentuali dell’ammontare dei ricavi) a favore degli intermediari, dei rappresentanti di commercio e degli esercenti attività di somministrazione di pasti e bevande e di prestazioni alberghiere (di cui al co. 1 dell’art. 1 del DM 13 ottobre 1979).",IRPEF,A REGIME,DEDUZIONE,"-14,4","-14,4","-14,4",74.463,"-193,3",PERSONE FISICHE E GIURIDICHE,X,32
2023,11: COMPETITIVITA’ E SVILUPPO DELLE IMPRESE,71,"Art. 66, comma 5, TUIR; Art. 1, comma 652, L. 28 dicembre 2015, n. 208 (modifica)",Deduzione forfetaria per spese non documentate in base ai viaggi effettuati dagli esercenti autotrasporto c/terzi di minori dimensioni. Previsto un importo unico di deduzione forfetaria per i trasporti effettuati personalmente dall’imprenditore oltre i confini del Comune in cui ha sede l’impresa. Per i trasporti personalmente effettuati dall’imprenditore nell’ambito del Comune ove ha sede l’impresa viene prevista una deduzione pari al 35 per cento dell’importo spettante in caso di trasporto fuori Comune,IRPEF,A REGIME,DEDUZIONE,"-79,9","-79,9","-79,9",23.872,"-3.348,5",SOGGETTI E CATEGORIE PARTICOLARI,X,32
2023,11: COMPETITIVITA’ E SVILUPPO DELLE IMPRESE,72,"Art. 88, comma 3-bis, TUIR; Art. 14, D.L. 14 febbraio 2016, n. 18","Irrilevanza fiscale dei contributi volontari percepiti da soggetti sottoposti a procedure di crisi o che sono stati sottoposti a procedure di crisi nei 24 mesi antecedenti alla data in cui hanno ricevuto il contributo. Inserimento comma 3 bis all'art. 88 del Tuir. Non costituiscono sopravvenienze attive, in quanto escluse, i contributi percepiti a titolo di liberalità dai soggetti sottoposti ad alcune procedure concorsuali, alle procedure di crisi di cui all'art. 20 del D.lgs. n. 180/2015 (dissesto o rischio di dissesto bancario), alla procedura di amministrazione straordinaria di cui all'art. 70 e ss. del D.lgs. n.385/1993.",IRPEF/IRES,A REGIME,ESCLUSIONE,"-37,4","-37,4","-37,4",795,"-47.016,9",BANCHE E ASSICURAZIONI,X,32
2023,11: COMPETITIVITA’ E SVILUPPO DELLE IMPRESE,73,"Artt. da 155 a 161, TUIR (Art. 7, D.Lgs. 29 ottobre 2016, n. 221); Art. 10, L. 20 novembre 2017, n. 167","Tonnage tax: regime di determinazione del reddito dei soggetti di cui all'art. 73, comma 1, lettera a), del TUIR, derivante dall'utilizzo delle navi indicate nell'art. 8-bis, comma 1, lett. a), del D.P.R. n. 633/1972, iscritte nel registro internazionale di cui al D.L. n. 457/1997, convertito, con modificazioni, dalla L. n. 30/1998. Il regime è opzionale e comporta la determinazione del reddito in via forfetaria secondo i criteri previsti dall'art. 156 del TUIR (notifica ai sensi dell'art. 108 del TFUE)",IRES,A REGIME,REGIME FORFETARIO,"-166,0","-166,0","-166,0",70,"-2.371.428,6",PERSONE GIURIDICHE,X,32
2023,11: COMPETITIVITA’ E SVILUPPO DELLE IMPRESE,74,"Art. 176, comma 2-ter, TUIR; Art. 1, commi 46 e 47, L. 24 dicembre 2007, n. 244 (norma introduttiva e decorrenza)","Imposta sostitutiva sui maggiori valori attribuiti in bilancio agli elementi dell’attivo costituenti immobilizzazioni materiali e immateriali. Per le operazioni straordinarie (fusioni, scissioni, conferimenti di aziende) di cui agli articoli 172, 173 e 176 del TUIR, l’art. 176, comma 2-ter, del TUIR, prevede che, in alternativa al regime di neutralità fiscale, sia p d o el s l s ’ i a b t i t l i e vo op c ta o r s e ti p tu e e r n l t ’ i ap i p m li m ca o z b i i o l n iz e z , a i z n io t n u i tto m o at i e n ri p a a li rte e , su im i m m a a t g e g r i i o a r l i i, va i l n o c r l i u a so ttri l b ’ u a i v t v i i i a n m b e i n l t a o n , cio di ag u li n’ e i l m em po e s n t t a i sostitutiva. Misura dell'imposta sostitutiva: 12% fino a 5 milioni di euro; 14% da 5 milioni di euro e fino a 10 milioni di euro; 16% sulla parte che eccede i 10 milioni di euro.",IMPOSTA SOSTITUTIVA,A REGIME,REGIME SOSTITUTIVO,"31,0","45,3","30,0",1.955,"15.853,1",PERSONE FISICHE E GIURIDICHE,X,32
2023,11: COMPETITIVITA’ E SVILUPPO DELLE IMPRESE,75,"Art. 4, Tariffa, D.Lgs. 31 ottobre 1990, n. 347",Applicazione delle imposte ipotecaria e catastale in misura fissa per gli atti di fusione o di scissione di società di qualunque tipo e per gli atti di conferimento di aziende o di complessi aziendli relativi a singoli rami di impresa.,"IMPOSTE DI REGISTRO, DI BOLLO E IPOCATASTALI",A REGIME,IMPOSTA IN MISURA FISSA,Non quantificabile,"45,3","30,0",,,IMPRESE E SOCIETA',X,32
2023,11: COMPETITIVITA’ E SVILUPPO DELLE IMPRESE,76,"Art. 4, Tariffa, D.Lgs. 31 ottobre 1990, n. 347",Applicazione delle imposte ipotecaria e catastale in misura fissa per gli atti di regolarizzazione di società di fatto derivanti da comunione ereditaria di azienda registrati entro un anno dall'apertura della successione,"IMPOSTE DI REGISTRO, DI BOLLO E IPOCATASTALI",A REGIME,IMPOSTA IN MISURA FISSA,Non quantificabile,"45,3","30,0",,,PERSONE FISICHE,X,32
2023,11: COMPETITIVITA’ E SVILUPPO DELLE IMPRESE,77,"Art. 7, comma 3, L. 31 gennaio 1992, n. 59; Art. 17-bis, comma 1, D.L. 24 giugno 2014, n. 91","Non concorrono a formare il reddito imponibile ai fini delle imposte dirette le quote di utili destinate ad aumento gratuito del capitale sociale, anche in deroga ai limiti massimi di partecipazione, purché nei limiti della variazione dell'indice dei prezzi al consumo accertata dall'Istat. (de minimis per coop di consumo)",IRES,A REGIME,ESCLUSIONE,"-0,6","-0,6","-0,6",74,"-8.570,1",SOGGETTI E CATEGORIE PARTICOLARI,X,33
2023,11: COMPETITIVITA’ E SVILUPPO DELLE IMPRESE,78,"Art. 11, comma 9, L. 31 gennaio 1992, n. 59","I versamenti effettuati ai Fondi mutualistici per la promozione e lo sviluppo della cooperazione di cui all'art. 11, comma 1, della L. n. 59/1992, effettuati dai soggetti di cui all'art. 73, comma 1, lett. a) del TUIR sono esenti da imposte e sono deducibili, nei limiti del 3%, dalla base imponibile del soggetto che effettua l'erogazione.",IRES,A REGIME,ESENZIONE,"-13,5","-13,5","-13,5",26.869,"-501,2",SOGGETTI E CATEGORIE PARTICOLARI,X,33
2023,11: COMPETITIVITA’ E SVILUPPO DELLE IMPRESE,79,"Art. 14-bis, comma 11, L. 25 gennaio 1994, n. 86","Per l'insieme degli apporti immobiliari nei fondi immobiliari chiusi e delle eventuali successive retrocessioni si applica un'imposta sostitutiva fissa in luogo delle imposte di registro, ipotecaria e catastale","IMPOSTE DI REGISTRO, DI BOLLO E IPOCATASTALI",A REGIME,IMPOSTA IN MISURA FISSA,Non quantificabile,"-13,5","-13,5",,,SOGGETTI E CATEGORIE PARTICOLARI,X,33
2023,11: COMPETITIVITA’ E SVILUPPO DELLE IMPRESE,80,"Art. 15, L. 25 gennaio 1994, n. 86","Imposta sostitutiva dei fondi immobiliari chiusi - Le società di gestione del risparmio, relativamente ai fondi comuni d’investimento immobiliare già istituiti nel settembre 2001, possono assoggettare ad imposta sostitutiva IRES del 25% il reddito relativo alla gestione di ciascun fondo. Imposta sostitutiva dei fondi immobiliari chiusi - Le società di gestione del risparmio, relativamente ai fondi comuni d’investimento immobiliare già istituiti nel settembre 2001, sono assoggettati ad imposta sostitutiva IRES del 25% sul reddito relativo alla gestione di ciascun fondo immobiliare.",IRES,A REGIME,REGIME SOSTITUTIVO,Non quantificabile,"-13,5","-13,5",,,SOGGETTI E CATEGORIE PARTICOLARI,X,33
2023,11: COMPETITIVITA’ E SVILUPPO DELLE IMPRESE,81,"Art. 4, comma 1, D.L. 30 dicembre 1997, n. 457 e art. 13, commi 1 e 2, L. 23 dicembre 1999 n. 488; Art. 4, D.Lgs. 29 ottobre 2016, n. 221; Art. 10, L. 20 novembre 2017, n. 167","Credito d'imposta a favore delle imprese armatoriali. (notifica ai sensi dell'art. 108 del TFUE) in misura corrispondente all'imposta sul reddito delle persone fisiche dovuta sui redditi di lavoro dipendente e di lavoro autonomo corrisposti al personale di bordo imbarcato sulle navi iscritte nel Registro internazionale, da valere ai fini del versamento delle ritenute alla fonte relative a tali redditi.",CREDITO D'IMPOSTA,A REGIME,CREDITO D'IMPOSTA,"-207,6","-207,6","-207,6",846,"-245.390,1",SOGGETTI E CATEGORIE PARTICOLARI,X,33
2023,11: COMPETITIVITA’ E SVILUPPO DELLE IMPRESE,82,"Art. 4, comma 2, D.L. 30 dicembre 1997, n. 457 e art. 13, comma 3, L. 23 dicembre 1999 n. 488; Art. 4, D.Lgs. 29 ottobre 2016, n. 221; Art. 10, L. 20 novembre 2017, n. 167",Il reddito derivante dall'utilizzo di navi iscritte nel registro internazionale concorre in misura pari al 20% a formare il reddito complessivo ai fini IRES e IRPEF; (notifica ai sensi dell'art. 108 del TFUE),IRPEF/IRES,A REGIME,ESCLUSIONE,"-4,6","-4,6","-4,6",16,"-287.500,0",SOGGETTI E CATEGORIE PARTICOLARI,X,33
2023,11: COMPETITIVITA’ E SVILUPPO DELLE IMPRESE,83,"Art. 6-bis, comma 1 e 4, comma 1, D.L. 30 dicembre 1997, n. 457","Estensione dei benefici di cui all'art. 4, commi 1 e 2, del D.L. n. 457/1997, alle imprese che esercitano la pesca oltre gli stretti e, nel limite del 70%, a quelle che esercitano la pesca mediterranea.",CREDITO D'IMPOSTA,A REGIME,CREDITO D'IMPOSTA,Stima compresa nella misura 242,"-4,6","-4,6",,,SOGGETTI E CATEGORIE PARTICOLARI,X,33
2023,11: COMPETITIVITA’ E SVILUPPO DELLE IMPRESE,84,"Art. 21, comma 1, L. 23 dicembre 1998, n. 448; Art. 6, comma 3, L. 23 dicembre 2000, n. 388 (proroga); Art. 1, comma 129, L. 23 dicembre 2005, n. 266; Art. 1, comma 393, L. 27 dicembre 2006, n. 296; Art.1, comma 168, L. 24 dicembre 2007, n. 244; Art.1, comma 8, D.L. 30 dicembre 2009 n.194; Art. 2, comma 5, D.L. 29 dicembre 2010, n. 225; Art. 34 commi 1-3, L. 12 novembre 2011, n. 183 come modificato dall’art. 4, comma 7-bis, D.L. 21 giugno 2013, n. 69",Deduzione forfetaria dal reddito di impresa a favore degli esercenti impianti di distribuzione carburante,IRPEF/IRES,A REGIME,DEDUZIONE,"-45,0","-45,0","-45,0",10.639,"-4.229,8",SOGGETTI E CATEGORIE PARTICOLARI,X,33
2023,11: COMPETITIVITA’ E SVILUPPO DELLE IMPRESE,85,"Art. 7.1, comma 4-bis, L. 30 aprile 1999, n. 130","Nell'ambito della cartolarizzazione di crediti deteriorati da parte di banche e intermediari finanziari, si applicano le imposte di registro, ipotecaria e catastale in misura fissa sugli atti e le operazioni inerenti il trasferimento dei beni mobili e immobili in favore delle società veicolo.","IMPOSTE DI REGISTRO, DI BOLLO E IPOCATASTALI",A REGIME,IMPOSTA IN MISURA FISSA,"0,0","0,0","0,0",,,SOGGETTI E CATEGORIE PARTICOLARI,X,33
2023,11: COMPETITIVITA’ E SVILUPPO DELLE IMPRESE,86,"Art. 7.1, comma 4-ter, L. 30 aprile 1999, n. 130","Nell'ambito della cartolarizzazione di crediti deteriorati da parte di banche e intermediari finanziari, le trascrizioni nei pubblici registri e le volture catastali effettuate in relazione ai beni acquisiti dalle società veicolo le imposte di registro, ipotecaria e catastale sono dovute in misura fissa .","IMPOSTE DI REGISTRO, DI BOLLO E IPOCATASTALI",A REGIME,IMPOSTA IN MISURA FISSA,"0,0","0,0","0,0",,,SOGGETTI E CATEGORIE PARTICOLARI,X,33
2023,11: COMPETITIVITA’ E SVILUPPO DELLE IMPRESE,87,"Art. 7.1, comma 4-quater, L. 30 aprile 1999, n. 130","Nell'ambito della cartolarizzazione di crediti deteriorati da parte di banche e intermediari finanziari, gli atti e i provvedimenti riguardanti il successivo trasferimento, a favore di soggetti che svolgono attività d'impresa, della proprietà o di diritti reali sui beni immobili acquistati dalle società veicolo in relazione all'operazione di cartolarizzazione, le imposte di registro, ipotecaria e catastale sono dovute in misura fissa, a condizione che l'acquirente intenda trasferirli entro cinque anni dalla data di acquisto.","IMPOSTE DI REGISTRO, DI BOLLO E IPOCATASTALI",A REGIME,IMPOSTA IN MISURA FISSA,"0,0","0,0","0,0",,,SOGGETTI E CATEGORIE PARTICOLARI,X,34
2023,11: COMPETITIVITA’ E SVILUPPO DELLE IMPRESE,88,"Art. 7.1, comma 4-quinquies, L. 30 aprile 1999, n. 130","Nell'ambito della cartolarizzazione di crediti deteriorati da parte di banche e intermediari finanziari, gli atti e i provvedimenti riguardanti il successivo trasferimento,emessi a favore di privati per i quali ricorrano le condizioni per l'agevolazione prima casa, sono assoggettati alle imposte di registro, ipotecaria e catastale nella misura fissa .","IMPOSTE DI REGISTRO, DI BOLLO E IPOCATASTALI",A REGIME,IMPOSTA IN MISURA FISSA,"0,0","0,0","0,0",,,SOGGETTI E CATEGORIE PARTICOLARI,X,34
2023,11: COMPETITIVITA’ E SVILUPPO DELLE IMPRESE,89,"Artt. 3 e 4, L. 22 giugno 2000, n.193; art. 3-bis, comma 2, D.L. 1° luglio 2013, n. 78 (modifica)","Credito d’imposta assunzione di lavoratori detenuti. In particolare, sono previsti i seguenti due crediti d'imposta: 1) un credito d'imposta mensile a favore delle imprese che assumono per un periodo di tempo non inferiore a 30 giorni lavoratori detenuti o internati ovvero ammessi al lavoro all'esterno, o che svolgono attività formative nei loro confronti, nella misura massima di 700 euro per ogni lavoratore assunto; 2) un credito d'imposta mensile a favore delle imprese che assumono, per un periodo di tempo non inferiore a 30 giorni, detenuti semiliberi provenienti dalla detenzione, o che svolgono effettivamente attività formative nei loro confronti, nella misura massima di 350 euro per ogni lavoratore assunto.",CREDITO D'IMPOSTA,A REGIME,CREDITO D'IMPOSTA,"-4,6","-4,6","-4,6",287,"-15.952,2",SOGGETTI E CATEGORIE PARTICOLARI,X,34
2023,11: COMPETITIVITA’ E SVILUPPO DELLE IMPRESE,90,"Art. 118, comma 1, D.Lgs. 18 agosto 2000, n. 267","Esenzione dalle imposte di registro, bollo, ipotecaria e catastale per i trasferimenti di beni mobili e immobili riguardanti le reti effettuati dai Comuni, dalle Province e da consorzi a favore di aziende speciali o di società a capitale interamente pubblico","IMPOSTE DI RE B G O IS L T L R O O E , DI IPOCATASTALI",A REGIME,ESENZIONE,Non quantificabile,"-4,6","-4,6",,,STATO E ENTI PUBBLICI,X,34
2023,11: COMPETITIVITA’ E SVILUPPO DELLE IMPRESE,91,"Art. 8, L. 21 novembre 2000, n. 342","Previsione di un’imposta sostitutiva, con l'aliquota del 19%, delle imposte sui redditi sulle plusvalenze derivanti da conferimenti o cessioni di beni o aziende a favore dei Centri di assistenza fiscale (CAF).",IMPOSTA SOSTITUTIVA,A REGIME,REGIME SOSTITUTIVO,Effetti di trascurabile entità,"-4,6","-4,6",,,PERSONE FISICHE E GIURIDICHE,X,34
2023,11: COMPETITIVITA’ E SVILUPPO DELLE IMPRESE,92,"Art. 8, comma 1 bis, D.L. 25 settembre 2001, n. 351","Imposte di registro, ipotecaria e catastale in misura fissa per gli apporti ai fondi immobiliari chiusi","IMPOSTE DI REGISTRO, DI BOLLO E IPOCATASTALI",A REGIME,IMPOSTA IN MISURA FISSA,"-13,8","-13,8","-13,8",,,SOGGETTI E CATEGORIE PARTICOLARI,X,34
2023,11: COMPETITIVITA’ E SVILUPPO DELLE IMPRESE,93,"Art. 6, comma 1, D.L. 15 aprile 2002, n. 63 Art. 2, D.L. 13 agosto 2011, n. 138",Non concorre a formare il reddito imponibile delle società cooperative e dei loro consorzi la quota del 90 per cento degli utili netti annuali destinata a riserva minima obbligatoria.,IRES,A REGIME,ESCLUSIONE,"-197,1","-197,1","-197,1",26.869,"-7.335,2",SOGGETTI E CATEGORIE PARTICOLARI,X,34
2023,11: COMPETITIVITA’ E SVILUPPO DELLE IMPRESE,94,"Art. 6, comma 2, D.L. 15 aprile 2002, n. 63; Art. 2, D.L. 13 agosto 2011, n. 138","Le somme di cui all'articolo 3, comma 2, lettera b), della legge 142/2001 e all'articolo 12 del decreto del Presidente della Repubblica 601/1973 destinate ad aumento del capitale delle società cooperative non concorrono a formare il reddito imponibile",IRES,A REGIME,ESCLUSIONE,"-1,5","-1,5","-1,5",26.869,"-55,8",SOGGETTI E CATEGORIE PARTICOLARI,X,34
2023,11: COMPETITIVITA’ E SVILUPPO DELLE IMPRESE,95,"Art. 6, comma 3, D.L. 15 aprile 2002, n. 63; Art. 3, comma 1, D.L. 24 aprile 2014, n. 66 (misura dell'aliquota)","Applicazione di una ritenuta a titolo d'imposta, con aliquota pari al 26 per cento, sugli interessi corrisposti ai soci persone fisiche delle cooperative e di loro consorzi, che non soddisfano i requisiti di piccole e micro imprese di cui alla raccomandazione 2003/361/CE del 6 maggio 2003 (c.d. interessi su prestito sociale).",IRPEF,A REGIME,REGIME SOSTITUTIVO,"-4,8","-4,8","-4,8",1.067,"-4.457,7",SOGGETTI E CATEGORIE PARTICOLARI,X,34
2023,11: COMPETITIVITA’ E SVILUPPO DELLE IMPRESE,96,"Art. 8, comma 10, D.L. 15 aprile 2002, n. 63","Le cessioni a favore della società Infrastrutture Spa, e tutti i provvedimenti, atti, contratti, trasferimenti, prestazioni e formalita' inerenti alle cessioni sono esenti dalle imposte di registro, bollo, ipotecarie e catastali e da ogni altra imposta indiretta, nonché ogni altro tributo o diritto.","IMPOSTE DI REGISTRO, DI BOLLO E IPOCATASTALI",A REGIME,ESENZIONE,Non quantificabile,"-4,8","-4,8",,,SOGGETTI E CATEGORIE PARTICOLARI,X,34
2023,11: COMPETITIVITA’ E SVILUPPO DELLE IMPRESE,97,"Art. 50, commi 6 e 13-bis, D.L. 30 settembre 2003, n. 269",Credito d’imposta a favore delle farmacie pubbliche e private per acquisto di software certificato da utilizzare per la trasmissione dei dati delle ricette mediche in misura pari a 250 euro.,CREDITO D'IMPOSTA,A REGIME,CREDITO D'IMPOSTA,Effetti di trascurabile entità,"-4,8","-4,8",,,SOGGETTI E CATEGORIE PARTICOLARI,X,34
2023,11: COMPETITIVITA’ E SVILUPPO DELLE IMPRESE,98,"Art. 1, comma 126, L. 27 dicembre 2006, n. 296","Imposta d’ingresso nel regime SIIQ e SIINQ relativa agli immobili posseduti dalla società alla data di chiusura dell’ultimo esercizio in regime ordinario. L’ingresso nel regime speciale SIIQ e SIINQ comporta il realizzo a valore normale degli immobili, nonché dei diritti reali su immobili destinati alla locazione, posseduti dalla società alla data di chiusura dell’ultimo esercizio in regime ordinario. L’importo complessivo delle plusvalenze così realizzate, al netto di eventuali minusvalenze, è assoggettato a imposta sostitutiva con l’aliquota del 20 %.",IRES,A REGIME,REGIME SPECIALE,Effetti di trascurabile entità,2025,2026,,,SOGGETTI E CATEGORIE PARTICOLARI,X,35
2023,11: COMPETITIVITA’ E SVILUPPO DELLE IMPRESE,99,"Art. 1, comma 131, L. 27 dicembre 2006, n. 296","Esenzione dall'Ires del reddito d'impresa derivante dall'attività di locazione immobiliare. Esenzione dall’Irap della quota del valore della produzione proporzionalmente corrispondente al rapporto tra i componenti positivi imputabili alla gestione esente rilevanti ai fini Irap e l’ammontare complessivo dei componenti positivi rilevanti agli stessi effetti (Art. 10, D.M. 7 settembre 2007, n. 174 (Irap)",IRES,A REGIME,ESENZIONE,"-13,2","-13,2","-13,2",745,"-17.651,2",SOGGETTI E CATEGORIE PARTICOLARI,X,35
2023,11: COMPETITIVITA’ E SVILUPPO DELLE IMPRESE,100,"Art. 1, commi da 134 a 136, L. 27 dicembre 2006, n. 296","Tassazione sugli utili corrisposti da SIIQ o SIINQ agli azionisti mediante ritenuta con aliquota ridotta pari al 15 per cento in relazione alla parte dell’utile di esercizio riferibile a contratti di locazione di immobili ad uso abitativo stipulati ai sensi dell'articolo 2, comma 3, della legge 9 dicembre 1998, n. 431. La ritenuta è applicata a titolo d’acconto, nei confronti di: a) imprenditori individuali, se le partecipazioni sono relative all'impresa commerciale; b) società in nome collettivo, in accomandita semplice ed equiparate, società ed enti indicati nelle lettere a) e b) del comma 1 dell'articolo 73 del Tuir, e stabili organizzazioni nel territorio dello Stato delle società e degli enti di cui alla lettera d) del predetto articolo 73, comma 1. La ritenuta è applicata a titolo d'imposta in tutti gli altri casi.",IRPEF,A REGIME,REGIME SOSTITUTIVO,"-2,2","-2,2","-2,2",99,"-21.973,2",SOGGETTI E CATEGORIE PARTICOLARI,X,35
2023,11: COMPETITIVITA’ E SVILUPPO DELLE IMPRESE,101,"Art. 1, comma 137, L. 27 dicembre 2006, n. 296","Conferimenti immobili in SIIQ, SIINQ e Fondi immobiliari Imposta sostitutiva con aliquota del 20% per le plusvalenze realizzate all’atto del conferimento di immobili e di diritti reali su immobili: - in SIIQ; - in SIINQ; - in fondi comuni di investimento immobiliare istituiti ai sensi dell’articolo 37 del testo unico di cui al decreto legislativo 24 febbraio 1998, n. 58 (comma 140, art. 1 L. 296/2006).",IRPEF/IRES,A REGIME,REGIME SOSTITUTIVO,"28,7","16,5","4,3",11,"2.605.757,3",PERSONE FISICHE E GIURIDICHE,X,35
2023,11: COMPETITIVITA’ E SVILUPPO DELLE IMPRESE,102,"Art. 1, comma 172, L. 24 dicembre 2007, n. 244; Art. 2, comma 2, L. 22 dicembre 2008, n. 203","Estensione alle imprese che esercitano la pesca costiera, nonché alle imprese che esercitano la pesca nelle acque interne e lagunari dei benefici di cui all'art. 4, commi 1 e 2, D.L. n. 457/1997, nel limite dell'80%, che prevede un credito d'imposta in misura corrispondente all'imposta sul reddito delle persone fisiche dovuta sui redditi di lavoro dipendente e di lavoro autonomo corrisposti al personale di bordo imbarcato sulle navi iscritte nel Registro internazionale, da valere ai fini del versamento delle ritenute alla fonte relative a tali redditi. Il reddito derivante dall'utilizzazione di navi iscritte nel Registro internazionale concorre in misura pari al 20% a formare il reddito complessivo assoggettabile all'imposta sul reddito delle persone fisiche e all'imposta sul reddito delle persone giuridiche. L'art. 2, comma 2, L n. 203/2008 stabilizza a regime detto beneficio a decorrere dal periodo d'imposta 2009.",CREDITO D'IMPOSTA,A REGIME,CREDITO D'IMPOSTA,"-12,4","-12,4","-12,4",2.237,"-5.543,1",SOGGETTI E CATEGORIE PARTICOLARI,X,35
2023,11: COMPETITIVITA’ E SVILUPPO DELLE IMPRESE,103,"Art. 2, commi da 218 a 220, L. 24 dicembre 2007, n. 244","Procedura accelerata di ammortamento dei beni mobili registrati con costo ammortizzabile ai fini fiscali non inferiore a 10 anni ed equipaggio di almeno 6 persone qualora siano concessi in locazione finanziaria con obbligo di acquisto, da un Gruppo europeo di interesse economico (GEIE) o da una società per azioni o a responsabilità limitata per le quali sia stata esercitata l'opzione prevista dall'articolo 115, comma 4, del Tuir (trasparenza fiscale), ad un'impresa che li destini all'esercizio della propria attività abituale. Esclusione dall’applicazione delle disposizioni di cui all'articolo 102, commi 1, 2, 3 e 7, del Tuir.",IRPEF/IRES,A REGIME,ALTRO,Non quantificabile,"-12,4","-12,4",,,IMPRESE E SOCIETA',X,35
2023,11: COMPETITIVITA’ E SVILUPPO DELLE IMPRESE,104,"Art. 15, commi 10, 11 e 12, D.L. 29 novembre 2008, n. 185; Art. 23, commi 12-15, D.L. 6 luglio 2011, n. 98 (estensione); Art. 20, D.L. 6 dicembre 2011, n. 201 (proroga); Art. 1, commi 502, 503 e 505, L. 24 dicembre 2012, n. 228 (modifica); Art. 1, comma 150, L. 27 dicembre 2013, n. 147 (proroga); Art. 1, commi 95 e 96, L. 28 dicembre 2015, n. 208 (modifica); Art. 1, commi 81-83, L. 27 dicembre 2017, n. 205 (modifica)","Il soggetto beneficiario di una operazione straordinaria può ottenere il riconoscimento fiscale, in tutto o in parte, dei maggiori valori attribuiti in bilancio all’avviamento, ai marchi di impresa e alle altre attività immateriali, mediante assoggettamento ad imposta sostitutiva di cui al comma 2-ter dell’art. 176 del TUIR, con l’aliquota del 16%. Le suddette previsioni si applicano anche ai maggiori valori delle partecipazioni di controllo in società residenti e non residenti anche prive di stabile organizzazione in Italia, iscritti in bilancio a seguito dell'operazione a titolo di avviamento, marchi d'impresa e altre attività immateriali nonché ai maggiori valori - attribuiti ad avviamenti, marchi di impresa e altre attivita' immateriali nel bilancio consolidato - delle partecipazioni di controllo acquisite nell'ambito di operazioni di cessione di azienda ovvero di partecipazioni in societa' residenti e non residenti anche prive di stabile organizzazione in I d t a a l l l i ’ a i . ni I zi m o a d g e g l io p ri er v io al d o o ri d a ’ s im so p g o g s e t t a ta n ti el ad co i r m so po d st e a l s q o u s a t l i e tut è iv v a e s rs i a c t o a n l s ’ i i d m e p ra o n s o ta ri s c o o s n ti o t s u c ti i v u a ti . f E is ', ca i l n m ol e t n re te , p a o p ss a i r b ti i r l e e riallineare i minori valori fiscali ai maggiori valori contabili relativi ad attività diverse dalle immobilizzazioni materiali e immateriali (attivo circolante e immobilizzazioni finanziarie), assoggettando i maggiori valori a tassazione con aliquota ordinaria, separatamente dall’imponibile complessivo.",IRES,A REGIME,REGIME SOSTITUTIVO,"102,2","-3,6","-109,4",208,"491.118,2",PERSONE GIURIDICHE,X,36
2023,11: COMPETITIVITA’ E SVILUPPO DELLE IMPRESE,105,"Art. 20, D.Lgs. 4 marzo 2010, n. 28; art. 7, comma 1, lett. bb), D.Lgs. 10 ottobre 2022, n. 149 (modifica)","A seguito delle modifiche apportate nel 2022, la disposizione di cui all'articolo 20 del D.Lgs n. 28 del 2010 riconosce distinti crediti d'imposta: - un credito d'imposta commisurato all'indennità corrisposta ai soggetti abilitati a svolgere la mediazione fino a concorrenza di euro seicento per procedura, quando è raggunto l'accordo di mediazione; se la mediazione è condizione di procedibilità e quando è demandata dal giudice alle parti è altresì riconosciuto un credito d'imposta commisurato al compenso corrisposto al proprio avvocato per l'assistenza nella procedura di mediazione, nei limiti previsti dai parametri forensi e fino a concorrenza di euro seicento. Tali crediti d'imposta sono utilizzabili dalla parte nel limite complessivo di euro seicento per procedura ed in caso di insuccesso della mediazione sono ridotti della metà; - un credito d'imposta commisurato al contributo unificato versato dalla parte del giudizio estinto a seguito della conclusione di un accordo di conciliazione, nel limite dell'importo versato e fino a concorrenza di 518 euro; - un credito d'imposta a favore degli organismi di mediazione commisurato all'indennità non esigibile dalla parte ammessa al patrocinio a spese dello Stato. Le disposizioni del D.Lgs. n. 149/2022 hanno effetto a decorrere dal 28 febbraio 2023 e si applicano a decorrere dal 30 giugno 2023. Ai procedimenti pendenti alla data del 28 febbraio 2023 si applicano le disposizioni anteriormente vigenti.",CREDITO D'IMPOSTA,A REGIME,CREDITO D'IMPOSTA,Non quantificabile,"-3,6","-109,4",,,PERSONE FISICHE E GIURIDICHE,,36
2023,11: COMPETITIVITA’ E SVILUPPO DELLE IMPRESE,106,"Art. 32, comma 5-ter, D.L. 31 maggio 2010, n. 78","Le imposte di registro, ipotecaria e catastale si applicano in misura fissa agli atti di liquidazione del patrimonio immobilare di pertinenza dei fondi immobiliari chiusi","IMPOSTE DI REGISTRO, DI BOLLO E IPOCATASTALI",A REGIME,IMPOSTA IN MISURA FISSA,Non quantificabile,"-3,6","-109,4",,,SOGGETTI E CATEGORIE PARTICOLARI,X,36
2023,11: COMPETITIVITA’ E SVILUPPO DELLE IMPRESE,107,"Art. 31, D.L. 6 luglio 2011, n. 98; Art. 1, comma 219, L. 30 dicembre 2018, n. 145 (modifica)","Esenzione dei redditi di capitale da partecipazione ai fondi di venture capital (FVC), ossia i fondi comuni d'investimento che investono almeno l'85 per cento dei capitali raccolti in società non quotate nella fase di sperimentazione, di costituzione, di avvio dell'attività o di sviluppo del prodotto.",IMPOSTA SOSTITUTIVA,A REGIME,ESENZIONE,"-2,6","-2,6","-2,6",,,PERSONE FISICHE,X,36
2023,11: COMPETITIVITA’ E SVILUPPO DELLE IMPRESE,108,"Art. 18, L. 12 novembre 2011, n. 183","Misure di compensazione fiscale previste per il finanziamento di opere infrastrutturali, da realizzare o in corso di affidamento, con contratti di partenariato pubblico privato. La delibera del CIPE n. 1/2013 (RU Codice credito 94) ha definito le linee guida per l’applicazione delle misure agevolative. Le predette misure fiscali sono alternative al credito d’imposta di cui all’art. 33, D.L. n. 179/2012.",CREDITO D'IMPOSTA,A REGIME,CREDITO D'IMPOSTA,"-2,2","-2,2","-2,2",6,"-371.684,7",IMPRESE E SOCIETA',X,36
2023,11: COMPETITIVITA’ E SVILUPPO DELLE IMPRESE,109,"Art. 1, D.L. 22 giugno 2012, n. 83","Estensione del regime dei titoli di Stato alle obbligazioni e altri titoli di debito emessi dalle società di cui all'articolo 185 del D.Lgs. 18 aprile 2016, n. 50, recante codice dei contratti pubblici (c.d. project bond).",IMPOSTA SOSTITUTIVA,A REGIME,REGIME SOSTITUTIVO,"0,0","0,0","0,0",,,PERSONE FISICHE,X,36
2023,11: COMPETITIVITA’ E SVILUPPO DELLE IMPRESE,110,"Art. 27, D.L. 18 ottobre 2012, n. 179","Non concorrenza alla formazione del reddito imponibile dei redditi di lavoro derivante dall'assegnazione, da parte delle start-up innovative e degli incubatori certificati, ai propri amministratori, dipendenti o collaboratori continuativi di strumenti finanziari o di ogni altro diritto o incentivo, nonché dall'esercizio di diritti di opzione attribuiti per l'acquisto di tali strumenti finanziari. L'esenzione si applica esclusivamente con riferimento all'attribuzione di azioni, quote, strumenti finanziari partecipativi o diritti emessi dalla start-up innovativa e dall'incubatore certificato con i quali i soggetti suddetti intrattengono il proprio rapporto di lavoro, nonché di quelli emessi da società direttamente controllate da una start-up innovativa o da un incubatore certificato.",IRPEF,A REGIME,ESCLUSIONE,"-36,9","-36,9","-36,9",,,PERSONE FISICHE,X,36
2023,11: COMPETITIVITA’ E SVILUPPO DELLE IMPRESE,111,"Art. 29, D.L. 18 ottobre 2012, n. 179; Art. 9, comma 16-ter, D.L. 28 giugno 2013, n. 76 (proroga); Art. 1, commi 66-67, L. 11 dicembre 2016, n. 232 (modifica limiti, condizioni, aliquote; notifica 108 TFUE)","Incentivi all'investimento in start-up innovative. (notifica ai sensi dell'art. 108 del TFUE). Dall'imposta lorda sul reddito delle persone fisiche si detrae un importo pari al 30% della somma investita dal contribuente nel capitale sociale di una o più start-up innovative direttamente ovvero per il tramite di organismi di investimento collettivo del risparmio che investano prevalentemente in start-up innovative. L'investimento massimo detraibile non può eccedere, in ciascun periodo d'imposta, l'importo di euro 1.000.000 e deve essere mantenuto per almeno tre anni. Non concorre alla formazione del reddito dei soggetti passivi dell'imposta sul reddito delle società, diversi da imprese start-up innovative, il 30% della somma investita nel capitale sociale di una o più start-up innovative direttamente ovvero per il tramite di organismi di investimento collettivo del risparmio o altre società che investano prevalentemente in start-up innovative.L'investimento massimo deducibile non può eccedere, in ciascun periodo d'imposta, l'importo di euro 1.800.000 e deve essere mantenuto per almeno tre anni.",IRPEF/IRES,A REGIME,DETRAZIONE/DEDU ZIONE,"-55,3","-55,3","-55,3",10.969,"-5.039,6",PERSONE FISICHE E GIURIDICHE,X,37
2023,11: COMPETITIVITA’ E SVILUPPO DELLE IMPRESE,112,"Art. 29-bis, D.L. 18 ottobre 2012, n. 179 introdotto dall'art. 38, comma 7, D.L. 19 maggio 2020, n. 34","Incentivi in «de minimis» all'investimento in start-up innovative. In alternativa a quanto previsto dall'art. 29 del D.L. n. 179 del 2012, dall'imposta lorda sul reddito delle persone fisiche si detrae un importo pari al 50 per cento della somma investita dal contribuente nel capitale sociale di una o piu' start-up innovative direttamente ovvero per il tramite di organismi di investimento collettivo del risparmio che investano prevalentemente in start-up innovative. L'investimento massimo detraibile non puo' eccedere, in ciascun periodo d'imposta, l'importo di euro 100.000 e deve essere mantenuto per almeno tre anni.",IRPEF,A REGIME,DETRAZIONE,"-34,1","-34,1","-34,1",3.996,"-8.541,3",PERSONE FISICHE,,37
2023,11: COMPETITIVITA’ E SVILUPPO DELLE IMPRESE,113,"Art. 33, D.L. 18 ottobre 2012, n. 179","Credito d'imposta, a valere sull'IRES e sull'IRAP, per la realizzazione di nuove opere infrastrutturali, la cui progettazione definitiva sia approvata entro il 31 dicembre 2016, di importo superiore a 50 milioni di euro mediante l'utilizzazione di contratti di partenariato pubblico-privato.",CREDITO D'IMPOSTA,A REGIME PER I PROGETTI APPROVATI ENTRO IL 2016,CREDITO D'IMPOSTA,Effetti di trascurabile entità,"-34,1","-34,1",,,IMPRESE E SOCIETA',X,37
2023,11: COMPETITIVITA’ E SVILUPPO DELLE IMPRESE,114,"Art. 4, comma 9, D.L. 24 gennaio 2015, n. 3; art. 1, comma 68, L. 11 dicembre 2016, n. 232 (modifica)","Incentivi all'investimento in PMI innovative. (notifica ai sensi dell'art. 108 del TFUE) L'articolo 29 del D.L. n. 179/2012 si applica alle PMI innovative nel rispetto delle condizioni e dei limiti previsti dagli Orientamenti sugli aiuti di Stato destinati a promuovere gli investimenti per il finanziamento del rischio, di cui alla comunicazione 2014/C 19/04 della Commissione, del 22 gennaio 2014.",IRPEF/IRES,A REGIME,DETRAZIONE/DEDU ZIONE,"-20,1","-20,1","-20,1",4.299,"-4.669,7",PERSONE FISICHE E GIURIDICHE,X,37
2023,11: COMPETITIVITA’ E SVILUPPO DELLE IMPRESE,115,"Art. 4, comma 9-ter, D.L. 24 gennaio 2015, n. 3 , inserito dall'art.38, comma 8, D.L. 19 maggio 2020, n. 34","Incentivi in «de minimis» all'investimento in PMI innovative . Dall'imposta lorda sul reddito delle persone fisiche si detrae un importo pari al cinquanta per cento della somma investita dal contribuente nel capitale sociale di una o piu' PMI innovative direttamente ovvero per il tramite di organismi di investimento collettivo del risparmio che investano prevalentemente in PMI innovative; la detrazione si applica alle sole PMI innovative iscritte alla sezione speciale del Registro delle imprese al momento dell'investimento. L'investimento massimo detraibile non puo' eccedere, in ciascun periodo d'imposta, l'importo di euro 300.000 e deve essere mantenuto per almeno tre anni. La detrazione in esame spetta prioritariamente rispetto alla detrazione di cui all’articolo 29 del decreto-legge 18 ottobre 2012, n. 179, convertito, con modificazioni, dalla legge 17 dicembre 2012, n. 221, e fino all’ammontare di investimento di cui al periodo precedente. Sulla parte di investimento che eccede tale limite è fruibile esclusivamente la detrazione di cui al citato articolo 29 del decreto-legge n. 179 del 2012 nei limiti del regolamento (UE) n. 1407/2013 della Commissione, del 18 dicembre 2013.",IRPEF,A REGIME,DETRAZIONE,"-10,9","-10,9","-10,9",955,"-11.409,7",PERSONE FISICHE,,37
2023,11: COMPETITIVITA’ E SVILUPPO DELLE IMPRESE,116,"Art. 16, D.Lgs. 14 settembre 2015, n. 147 (Regime dei lavoratori impatriati) Art. 5, D.L. 30 aprile 2019, n. 34 e art. 13-ter, D.L. 26 ottobre 2019, n. 124 (riforma); Art. 1, comma 50, L. 30 dicembre 2020, n.178 a decorrere dal 1° gennaio 2021; Art. 12-quater, D.L. 21 marzo 2022, n. 21 (modifica)","Riduzione nella misura del 50 per cento dei redditi di lavoro dipendente e di lavoro autonomo prodotti in Italia. L'agevolazione spetta a decorrere dal periodo d'imposta del trasferimento della residenza in Italia e per i quattro periodi d’imposta successivi. Dal periodo d'imposta 2019 ai soggetti che a decorrere dal 30 aprile 2019 trasferiscono la residenza fiscale in Italia e risultano beneficiari del regime per i lavoratori impatriati di cui all'art. 16 del D.Lgs n.147 del 2015 l'agevolazione, estesa anche alle persone fisiche titolari di reddito d'impresa, consiste nella riduzione dell'imponibile nella misura del 70 per cento. Sono previste, inoltre, a determinate condizioni, ulteriori agevolazioni per il quinquennio successivo al primo. I soggetti che siano stati iscritti all'Anagrafe degli italiani residenti all'estero o che siano cittadini di Stati membri dell'Unione europea, che hanno già trasferito la residenza prima dell'anno 2020 e che alla data del 31 dicembre 2019 risultano beneficiari del regime previsto dall'articolo 16 del D.Lgs n. 147/2015 possono optare per l'applicazione delle agevolazioni relative al quinquennio successivo al primo previo pagamento di un importo pari al 10% o al 5% - a d e s l e l ’ c o o p n z d i a o n d e e . i A r e i q r u a i p s i p t i o r p t i o s d s i e d l u a t v i o - r o d e s i p o r e r d t i d v i o t i l a e g e d v i s o p l a o t s i i z r i e o l n a i t i v s i o p a r l a l ’ a c n i n t a u t a e l i s t à i a p p r e p c l e i c d a e n n o t , e l a i m q i u t e a l t l a a m d e i n t e e s e a r d c i z u i n o quinquennio, per i redditi prodotti in discipline professionistiche dai contribuenti con più di 20 anni di età e sempre che siano superiori ad euro 1.000.000 o 500.000 a seconda della disciplina. In tali circostanze i redditi concorrono alla formazione del reddito complessivo limitatamente al 50 per cento del loro ammontare e l'esercizio dell'opzione comporta il versamento di un contributo pari allo 0,5 per cento della base imponibile.",IRPEF -,A REGIME,ESCLUSIONE,"-1.333,9","-1.409,3","-1.320,3",20.421,"-65.320,5",PERSONE FISICHE,X,38
2023,11: COMPETITIVITA’ E SVILUPPO DELLE IMPRESE,117,"Art. 1, commi 89-90, L. 28 dicembre 2015, n. 208","Rientrano tra i soggetti per i quali l’Ires è ridotta alla metà di cui all’art. 6 del D.P.R. n. 601/1973, gli enti aventi le stesse finalità sociali degli Iacp, istituiti nella forma di società (con personalità giuridica) che rispondono ai requisiti della legislazione UE in materia di “in house providing” e che siano costituiti e operanti alla data del 31/12/13. Per tali soggetti è stato inoltre stabilito che non si considerano contributi o liberalità, e pertanto non sono sopravvenienze attive ai sensi dell’art. 88 del Tuir, i finanziamenti erogati dallo Stato, dalle Regioni e dalle Province autonome per la costruzione, ristrutturazione e manutenzione straordinaria e ordinaria di immobili di edilizia residenziale pubblica.",IRES,A REGIME,RIDUZIONE DI ALIQUOTA,Effetti di trascurabile entità,"-1.409,3","-1.320,3",,,SOGGETTI E CATEGORIE PARTICOLARI,X,38
2023,11: COMPETITIVITA’ E SVILUPPO DELLE IMPRESE,118,"Art. 1, commi 170 e 171, L. 28 dicembre 2015, n. 208","I maggiori o minori valori derivanti dalla riduzione o conversione di azioni disposta dalla Banca d'Italia per il risanamento o risoluzione di enti creditizi e delle imprese di investimento, disciplinata dal D.lgs. n. 180/2015 non concorrono a formare il reddito imponibile ai fini delle imposte dirette, né a formare la base imponibile Irap del soggetto che ha emesso gli strumenti stessi. I maggiori o minori valori derivanti dal cd. bail in, (ossia dalla misura di risoluzione delle banche che prevede la riduzione o la conversione in capitale dei diritti degli azionisti e dei creditori), nonché i conferimenti del Fondo di risoluzione e le somme corrisposte dal sistema di garanzia dei depositanti nel corso della procedura di risoluzione, non concorrono alla formazione del reddito imponibile ai fini Ires, per la parte che eccede le perdite pregresse e di periodo, né alla base imponibile Irap dell’ente sottoposto a risoluzione. In tale ipotesi non si applicano gli ordinari limiti di riportabilità delle perdite; rilevano anche le perdite trasferite al consolidato nazionale, non ancora utilizzate.",IRES,A REGIME,ESCLUSIONE,Effetti di trascurabile entità,"-1.409,3","-1.320,3",,,BANCHE E ASSICURAZIONI,X,38
2023,11: COMPETITIVITA’ E SVILUPPO DELLE IMPRESE,119,"Art. 1, comma 850, L. 28 dicembre 2015, n. 208","Nel caso in cui siano adottate azioni di risoluzione bancaria la trasformazione in credito d'imposta delle attività per imposte anticipate relative ai componenti negativi di cui al co. 55 dell'art. 2 del D.L. n. 225/2010, iscritte nella situazione contabile di riferimento dell'ente sottoposto a risoluzione decorre dalla data di avvio della risoluzione e opera sulla base dei dati della medesima situazione contabile. Con decorrenza dal periodo d'imposta in corso alla data di avvio della risoluzione non sono deducibili i componenti negativi corrispondenti alle attività per imposte anticipate trasformate in credito d'imposta .",IRES,A REGIME,ALTRO,"-0,1","-0,1","-0,1",10,"-10.000,0",BANCHE E ASSICURAZIONI,X,38
2023,11: COMPETITIVITA’ E SVILUPPO DELLE IMPRESE,120,"Art. 1, comma 853, L. 28 dicembre 2015, n. 208",Non si considerano sopravvenienze attive i versamenti effettuati dal fondo di risoluzione agli enti ponte.,IRES,A REGIME,ESCLUSIONE,Non quantificabile,"-0,1","-0,1",,,BANCHE E ASSICURAZIONI,X,38
2023,11: COMPETITIVITA’ E SVILUPPO DELLE IMPRESE,121,"Art. 1, commi 987-989, L. 28 dicembre 2015, n. 208 (si inserisce su art. 100, comma 2, lett. o-ter) del TUIR nonché sull'art. 11, comma 1, lett. a), D.Lgs. 15 dicembre 1997, n. 446)","Sono deducibili le somme corrisposte, anche su base volontaria, a consorzi cui le imprese aderiscono ottemperando a obblighi di legge, indipendentemente dal trattamento contabile e purché utilizzate agli scopi dei consorzi. Le medesime somme sono deducibili dall’IRAP. Tali disposizioni si applicano dall’esercizio in corso al 31/12/15.",IRPEF/IRES/IRAP,A REGIME,DEDUZIONE,"-37,7","-37,7","-37,7",699,"-53.934,2",PERSONE FISICHE E GIURIDICHE,X,38
2023,11: COMPETITIVITA’ E SVILUPPO DELLE IMPRESE,122,"Art. 1, commi da 91 a 94 e 97 e allegato n. 3, L. 28 dicembre 2015, n. 208","Maggiorazione del 40%, ai fini delle imposte sui redditi, del costo di acquisizione dei beni materiali strumentali nuovi, anche realizzati in economia o tramite appalto, con esclusivo riferimento alle quote di ammortamento e dei canoni di leasing. Ambito temporale: investimenti effettuati dal 15 ottobre 2015 al 31 dicembre 2016. Sono esclusi gli investimenti in beni con coefficiente di ammortamento inferiore al 6,5%, in fabbricati e costruzioni e in beni di cui all'allegato n. 3 della L. 28 dicembre 2015, n. 208. Sono compresi gli investimenti in veicoli e mezzi di trasporto di cui all'art. 164, comma 1, lettera b), del Tuir.",IRPEF/IRES,2016,DEDUZIONE,"-36,0","299,0","0,0",,,IMPRESE E SOCIETA',X,39
2023,11: COMPETITIVITA’ E SVILUPPO DELLE IMPRESE,123,"Art. 15, D.L. 14 febbraio 2016, n. 18","La cessione di diritti, attività e passività di una banca sottoposta a risoluzione a un ente ponte non costituisce realizzo di plusvalenze o minusvalenze ai fini Ires e Irap. I beni ricevuti dall'ente ponte sono valutati fiscalmente in base agli ultimi valori fiscali riconosciuti in capo all'ente cedente. Dalla data in cui ha effetto la cessione l'ente ponte subentra nella posizione dell'ente sottoposto a risoluzione in ordine ai diritti, attività o passività oggetto di cessione, incluse la deduzione o la tassazione dei componenti di reddito dell'ente sottoposto a risoluzione già imputati a conto economico e non ancora dedotti o tassati dallo stesso alla data della cessione, e nelle deduzioni derivanti da opzioni di riallineamento dell'avviamento e di altre attività immateriali esercitate dall'ente sottoposto a risoluzione. Le perdite dell'ente sottoposto a risoluzione sono portate in diminuzione del reddito dell'ente ponte.",IRES,A REGIME,ALTRO,Non quantificabile,"299,0","0,0",,,BANCHE E ASSICURAZIONI,X,39
2023,11: COMPETITIVITA’ E SVILUPPO DELLE IMPRESE,124,"Art. 1, commi 8 e 12-13, L. 11 dicembre 2016, n. 232","Maggiorazione del 40%, ai fini delle imposte sui redditi, del costo di acquisizione dei beni materiali strumentali nuovi anche realizzati in economia o tramite appalto, con esclusivo riferimento alle quote di ammortamento e dei canoni di leasing. Ambito temporale: investimenti effettuati dal 31 dicembre 2016 al 31 dicembre 2017, ovvero entro il 30 settembre 2018 a condizione che entro la data del 31 dicembre 2017 il relativo ordine risulti accettato dal venditore e sia avvenuto il pagamento di acconti in misura almeno pari al 20% del costo di acquisizione. Sono esclusi gli investimenti in beni con coefficiente di ammortamento inferiore al 6,5%, in fabbricati e costruzioni e in beni di cui all'allegato n. 3 della L. 28 dicembre 2015, n. 208. Sono esclusi anche gli investimenti in veicoli e mezzi di trasporto non utilizzati esclusivamente ad uso strumentale di cui all'art. 164, comma 1, lettera b) e b-bis), del Tuir.",IRPEF/IRES,2018,DEDUZIONE,"-147,0","-147,0","-18,4",,,IMPRESE E SOCIETA',X,39
2023,11: COMPETITIVITA’ E SVILUPPO DELLE IMPRESE,125,"Art. 1, commi 9-13, L. 11 dicembre 2016, n. 232; Art. 14, D.L. 20 giugno 2017, n. 91 (proroga termini)","Maggiorazione, ai fini delle imposte sui redditi, del costo di acquisizione di beni strumentali nuovi, materiali (150%) e immateriali (40%), compresi rispettivamente nell'Allegato A e nell'Allegato B annessi alla Legge 11 dicembre 2016, n. 232, con esclusivo riferimento alla determinazione delle quote di ammortamento e dei canoni di locazione finanziaria. Ambito temporale: investimenti effettuati dal 1 gennaio 2017 al 31 dicembre 2017, ovvero entro il 30 settembre 2018 a condizione che entro la data del 31 dicembre 2017 il relativo ordine risulti accettato dal venditore e sia avvenuto il pagamento di acconti in misura almeno pari al 20% del costo di acquisizione.",IRPEF/IRES,2018,DEDUZIONE,"-598,9","-284,2","112,7",,,IMPRESE E SOCIETA',X,39
2023,11: COMPETITIVITA’ E SVILUPPO DELLE IMPRESE,126,"Art. 1, commi da 88 a 91, L. 11 dicembre 2016, n. 232; Art. 1, comma 210, L. 30 dicembre 2018, n. 145 (modifica)","Agevolazione fiscale a favore delle casse previdenziali titolari di investimenti qualificati di cui all'articolo 1, comma 89, della legge 11 dicembre 2016, n. 232. Esenzione per i redditi di natura finanziaria prodotti dagli investimenti qualificati",IRES,A REGIME,ESENZIONE,"-41,6","-41,6","-41,6",,,SOGGETTI E CATEGORIE PARTICOLARI,X,39
2023,11: COMPETITIVITA’ E SVILUPPO DELLE IMPRESE,127,"Art. 1, commi da 92 a 94, L. 11 dicembre 2016, n. 232, Art. 1, comma 210, L. 30 dicembre 2018, n. 145 (modifica)","Agevolazione fiscale a favore delle forme di previdenza complementare titolari di investimenti qualificati di cui all'articolo 1, comma 89, della legge 11 dicembre 2016, n. 232. Esenzione per i redditi di natura finanziaria prodotti dagli investimenti qualificati",IMPOSTA SOSTITUTIVA,A REGIME,ESENZIONE,"0,0","0,0","0,0",,,SOGGETTI E CATEGORIE PARTICOLARI,X,39
2023,11: COMPETITIVITA’ E SVILUPPO DELLE IMPRESE,128,"Art. 1, comma 95, L. 11 dicembre 2016, n. 232 art. 1, comma 210, lett. d), L. 30 dicembre 2018, n. 145 (modifica)",Agevolazione fiscale a favore dei fondi pensione esteri istituiti negli Stati membri dell’Unione europea e negli Stati aderenti all’Accordo sullo spazio economico europeo inclusi nella white list. Esenzione per i redditi di natura finanziaria prodotti dagli investimenti qualificati,IMPOSTA SOSTITUTIVA,A REGIME,ESENZIONE,"0,0","0,0","0,0",,,SOGGETTI E CATEGORIE PARTICOLARI,X,39
2023,11: COMPETITIVITA’ E SVILUPPO DELLE IMPRESE,129,"Art. 1, commi da 100 a 114, L. 11 dicembre 2016, n. 232, art. 13-bis del D.L. 26 ottobre 2019, n. 124 (modifica)",Agevolazione in materia di piani individuali di risparmio a lungo termine. Esenzione per i redditi di natura finanziaria prodotti dagli investimenti qualificati conferiti nei PIR,IRPEF,A REGIME,ESENZIONE,"-103,0","-103,0","-103,0",,,PERSONE FISICHE,X,39
2023,11: COMPETITIVITA’ E SVILUPPO DELLE IMPRESE,130,"Art. 1, comma 91, L. 11 dicembre 2016, n. 232 Art. 57, comma 2, lett. a), D.L. 24 aprile 2017, n. 50 (modifica)","Agevolazione fiscale a favore delle casse previdenziali che investono nei piani individuali di risparmio di cui all'articolo 1, comma 102, della legge 11 dicembre 2016, n. 232.",IMPOSTA SOSTITUTIVA,A REGIME,ESENZIONE,"0,0","0,0","0,0",,,SOGGETTI E CATEGORIE PARTICOLARI,X,39
2023,11: COMPETITIVITA’ E SVILUPPO DELLE IMPRESE,131,"Art. 1, comma 94, L. 11 dicembre 2016, n. 232 Art. 57, comma 2, lett. b), D.L. 24 aprile 2017, n. 50 (modifica)","Agevolazione fiscale a favore delle forme di previdenza complementare che investono nei piani individuali di risparmio di cui all'articolo 1, comma 102, della legge 11 dicembre 2016, n. 232.",IRES,A REGIME,ESENZIONE,"0,0","0,0","0,0",,,SOGGETTI E CATEGORIE PARTICOLARI,X,40
2023,11: COMPETITIVITA’ E SVILUPPO DELLE IMPRESE,132,"Art. 57-bis, D.L. 24 aprile 2017, n. 50; Art. 4, comma 1, lett. 0a), D.L. 16 ottobre 2017, n. 148 (estensione); Art. 1, comma 762, L. 30 dicembre 2018, n. 145 (de minimis); Art. 3-bis, D.L. 28 giugno 2019, n. 59; Art. 98, comma 1, D.L. 17 marzo 2020, n. 18; Art. 186, D.L. 19 maggio 2020, n. 34; Art. 96, comma 1, lett. a), b), c) e d), D.L. 14 agosto 2020, n. 104; Art. 1, comma 608, L. 30 dicembre 2020, n. 178; Art. 67, commi 10, D.L. 25 maggio 2021, n. 73; Art. 25-bis, D.L. 1 marzo 2022, n. 17 (modifiche)","Credito d'imposta a favore di imprese, lavoratori autonomi ed enti non commerciali per investimenti pubblicitari. Il credito d'imposta - introdotto a decorrere dal 2018 - ha subito negli anni diverse modifiche. Per gli anni 2020, 2021 e 2022, l'incentivo è riconosciuto -nel rispetto del ""de minimis"" - in misura pari al 50% del valore degli investimenti pubblicitari sulla stampa quotidiana e periodica e sulle emittenti televisive e r A ad d i e o c f o o r n r i e c r h e e d l a o l c l a 'a l n i n . o 2023, il credito d'imposta è concesso nella misura del 75% del valore incrementale degli investimenti effettuati in campagne pubblicitarie esclusivamente sulla stampa quotidiana e periodica, anche on line, nel limite massimo di spesa di 30 milioni di euro in ragione d'anno, che costituisce tetto di spesa.",CREDITO D'IMPOSTA,A REGIME,CREDITO D'IMPOSTA,"-69,6","-69,6","-69,6",26.402,"-2.637,6",PERSONE FISICHE E GIURIDICHE,X,40
2023,11: COMPETITIVITA’ E SVILUPPO DELLE IMPRESE,133,"Art. 7, D.L. 25 giugno 2017, n. 99","Trattamento tributario delle operazioni poste in essere nell’ambito della liquidazione coatta amministrativa di Banca Popolare di Vicenza S.p.A. e di Veneto Banca S.p.A. La disposizione consente l'utilizzo da parte del cessionario, dei crediti d’imposta generati dalla trasformazione delle imposte differite attive (DTA), ai sensi dell’articolo 2, commi 55-56-ter, del DL n. 225/2010. Inoltre, viene assicurata al cedente e al cessionario la neutralità fiscale dell’operazione prevedendo, altresì, la continuità fiscale per quei componenti negativi o positivi di reddito la cui deducibilità/tassazione è sospesa in virtù dell’applicazione di norme fiscali nonché il trasferimento al cessionario dei diritti relativi all’utilizzo delle perdite. Viene prevista, infine, l’irrilevanza fiscale dei finanziamenti dello Stato.",IRPEF/IRES/IRAP,A REGIME,ALTRO,Non quantificabile,"-69,6","-69,6",,,BANCHE E ASSICURAZIONI,X,40
2023,11: COMPETITIVITA’ E SVILUPPO DELLE IMPRESE,134,"Art. 1, comma 29, L. 27 dicembre 2017, n. 205","Maggiorazione del 30%, ai fini delle imposte sui redditi, del costo di acquisizione dei beni materiali strumentali nuovi, anche realizzati in economia o tramite appalto, con esclusivo riferimento alle quote di ammortamento e dei canoni di leasing. Ambito temporale: investimenti effettuati dal 1 gennaio 2018 al 31 dicembre 2018, ovvero entro il 30 giugno 2019 a condizione che entro la data del 31 dicembre 2018 il relativo ordine risulti accettato dal venditore e sia avvenuto il pagamento di acconti in misura almeno pari al 20% del costo di acquisizione. Sono esclusi gli investimenti in beni con coefficiente di ammortamento inferiore al 6,5%, in fabbricati e costruzioni e in beni di cui all'allegato n. 3 della L. 28 dicembre 2015, n. 208. Sono esclusi anche gli investimenti in veicoli e mezzi di trasporto di cui all'art. 164, comma 1, del Tuir.",IRPEF/IRES,2019,DEDUZIONE,"-537,0","-487,0","-149,0",,,IMPRESE E SOCIETA',X,40
2023,11: COMPETITIVITA’ E SVILUPPO DELLE IMPRESE,135,"Art. 1, comma 30, L. 27 dicembre 2017, n. 205","Maggiorazione, ai fini delle imposte sui redditi, del costo di acquisizione di beni strumentali nuovi, materiali (150%) e immateriali (40%), compresi rispettivamente nell'Allegato A e nell'Allegato B annessi alla Legge 11 dicembre 2016, n. 232, con esclusivo riferimento alla determinazione delle quote di ammortamento e e dei canoni di locazione finanziaria. Ambito temporale: investimenti effettuati dal 1 gennaio 2018 al 31 dicembre 2018, ovvero entro il 31 dicembre 2019 a condizione che entro la data del 31 dicembre 2018 il relativo ordine risulti accettato dal venditore e sia avvenuto il pagamento di acconti in misura almeno pari al 20% del costo di acquisizione.",IRPEF/IRES,2019,DEDUZIONE,"-311,0","146,0","95,0",,,IMPRESE E SOCIETA',X,40
2023,11: COMPETITIVITA’ E SVILUPPO DELLE IMPRESE,136,"Art. 1, commi 89-92, L. 27 dicembre 2017, n. 205; Art. 1, comma 230, lett. a), L. 30 dicembre 2020, n. 178 (modifica termine) Art. 1, comma 46, L. 30 dicembre 2021, n. 234 (modifica importo massimo e termine); Art. 1, comma 395, L. 29 dicembre 2022, n. 197 (modifica importo massimo e termine)","Credito d'imposta per le spese di consulenza sostenute fino al 31 dicembre 2023 per la quotazione delle PMI, riconosciuto nella misura del 50% e concesso nel rispetto del Reg. UE 651/2014 (art. 18) utilizzabile esclusivamente in compensazione, attuato con decreto del MISE di concerto MEF",CREDITO D'IMPOSTA,2023,CREDITO D'IMPOSTA,"0,0","0,0","0,0",,,IMPRESE E SOCIETA',X,40
2023,11: COMPETITIVITA’ E SVILUPPO DELLE IMPRESE,137,"Art. 1, commi 502-503, L. 27 dicembre 2017, n. 205","Ai fini delle imposte dirette, all’attività enoturistica si applicano le medesime disposizioni dell’agriturismo di cui all’art. 5, comma 1, della legge n. 413/1991 sull’agriturismo. Quindi, per quanto concerne le imposte dirette, i soggetti - diversi da società di capitali ed enti commerciali (art. 73 co. 1, lett. a) e b) del Tuir) - determinano il reddito imponibile applicando all'ammontare dei ricavi conseguiti con l'esercizio di tale attività, al netto dell’Iva, il coefficiente di redditività del 25%.",IRPEF/IRES,A REGIME,ALTRO,"-1,1","-1,1","-1,1",,,PERSONE FISICHE E GIURIDICHE,X,41
2023,11: COMPETITIVITA’ E SVILUPPO DELLE IMPRESE,138,"Art.1, commi 60-65, L. 30 dicembre 2018, n. 145","Maggiorazione, ai fini delle imposte sui redditi, del costo di acquisizione di beni strumentali nuovi, materiali (170% investimenti fino al 2,5 milioni di euro, 100% investimenti compresi tra 2,5 milioni di euro e 10 milioni di euro, 50% per gli investimenti compresi tra 10 milioni di euro e 20 milioni di euro, nessuna maggiorazione per investimenti oltre i 20 milioni di euro) e immateriali (40%), compresi rispettivamente nell'Allegato A e nell'Allegato B annessi alla Legge 11 dicembre 2016, n. 232, con esclusivo riferimento alla determinazione delle quote di ammortamento e e dei canoni di locazione finanziaria. Ambito temporale: investimenti effettuati dal 1 gennaio 2019 al 31 dicembre 2019, ovvero entro il 31 dicembre 2020 a condizione che entro la data del 31 dicembre 2019 il relativo ordine risulti accettato dal venditore e sia avvenuto il pagamento di acconti in misura almeno pari al 20% del costo di acquisizione.",IRPEF/IRES,2020,DEDUZIONE,Stima compresa nella misura 125,"-1,1","-1,1",,,IMPRESE E SOCIETA',,41
2023,11: COMPETITIVITA’ E SVILUPPO DELLE IMPRESE,139,"Art. 9, D.L. 30 aprile 2019, n. 34",I maggiori o i minori valori derivanti dall'attuazione di specifiche previsioni contrattuali che determinano svalutazioni del valore nominale di strumenti finanziari con determinate caratteristiche ovvero la loro conversione in azioni non concorrono alla formazione del reddito dei soggetti emittenti (AT1),IRPEF/IRES/IRAP,A REGIME,ESENZIONE,"0,0","0,0","0,0",,,IMPRESE E SOCIETA',,41
2023,11: COMPETITIVITA’ E SVILUPPO DELLE IMPRESE,140,"Art. 1, D.L. 30 aprile 2019, n. 34; Art. 50, D.L. 19 maggio 2020, n. 34 (proroga)","Maggiorazione del 30%, per investimenti entro i 2,5 milioni di euro, ai fini delle imposte sui redditi, del costo di acquisizione dei beni materiali strumentali nuovi, anche realizzati in economia o tramite appalto, con esclusivo riferimento alle quote di ammortamento e dei canoni di leasing. Ambito temporale: investimenti effettuati dal 1 aprile 2019 al 31 dicembre 2019, ovvero entro il 31 dicembre 2020 a condizione che entro la data del 31 dicembre 2019 il relativo ordine risulti accettato dal venditore e sia avvenuto il pagamento di acconti in misura almeno pari al 20% del costo di acquisizione. Sono esclusi gli investimenti in beni con coefficiente di ammortamento inferiore al 6,5%, in fabbricati e costruzioni e in beni di cui all'allegato n. 3 della L. 28 dicembre 2015, n. 208. Sono esclusi anche gli investimenti in veicoli e mezzi di trasporto di cui all'art. 164, comma 1, del Tuir.",IRPEF/IRES,2020,DEDUZIONE,Stima compresa nella misura 124,"0,0","0,0",,,IMPRESE E SOCIETA',,41
2023,11: COMPETITIVITA’ E SVILUPPO DELLE IMPRESE,141,"Art. 11, D.L. 30 aprile 2019, n. 34 (norma istitutiva); Art. 1, comma 71, L. 30 dicembre 2021, n. 234 (modifica)","Le operazioni di aggregazione tra imprese sono agevolate: in particolare per fusioni e scissioni è previsto il riconoscimento fiscale gratuito del disavanzo da concambio, per i conferimenti di azienda è previsto il riconoscimento fiscale gratuito del maggior valore iscritto dalla conferitaria.",IRPEF/IRES/IRAP,2021,DEDUZIONE,"0,0","0,0","0,0",,,IMPRESE E SOCIETA',,41
2023,11: COMPETITIVITA’ E SVILUPPO DELLE IMPRESE,142,"Art. 32-ter, comma 1, D.L. 26 ottobre 2019, n. 124 e per il 2023 art.1 , comma 72, L. 29 dicembre 2022, n. 197","Riduzione di aliquota IVA dal 22% al 5%, per i prodotti per la protezione dell'igiene femminile compostabili secondo la norma UNI EN 13432:2002 o lavabili; coppette mestruali (tabella A, parte II-bis, n. 1-quinques, allegata al DPR n. 633 del 1972, introdotto dall'art. 32-ter del D.L. n. 124 del 2020). Successivamente l'art.1 , comma 72, della legge n. 197 del 2022 ha ridotto dal 10 al 5 % l'aliquota IVA applicabile ai prodotti per l'igiene femminile diversi da quelli compostabili (a tal fine è stato modificato il numero 1-quinquies) della Tabella A, Parte II-bis, allegata al d. P.R. 26 ottobre 1972, n. 633, ed è stato abrogato il numero 114-bis) della Tabella A, Parte III, allegata al medesimo d. P.R 633 del 1972).",IVA,A REGIME,RIDUZIONE DI ALIQUOTA,"-33,2","-33,2","-33,2",,,PERSONE FISICHE,,41
2023,11: COMPETITIVITA’ E SVILUPPO DELLE IMPRESE,143,"Art. 1, comma 13, L. 30 dicembre 2021, n. 234","Riduzione dell'aliquota IVA dal 22% al 10% per i prodotti assorbenti e tamponi, destinati alla protezione dell’igiene femminile, diversi da quelli compostabili secondo la norma UNI EN 13432:2002 o lavabili e dalle coppette mestruali (i prodotti compostabili o lavabili e le coppette mestruali sono assoggettate all'aliquota del 5%). Abrogato dal 1° gennaio 2023 dall'articolo 1, comma 72, della legge 197 del 2022 che, a partire dal 1° gennaio 2023, ha ridotto l'aliquota dal 10% al 5%.",IVA,2022,RIDUZIONE DI ALIQUOTA,"0,0","0,0","0,0",,,PERSONE FISICHE,,41
2023,11: COMPETITIVITA’ E SVILUPPO DELLE IMPRESE,144,"Art. 53-bis, D.L. 26 ottobre 2019, n. 124","Applicazione dell'aliquota ridotta del 4% agli autoveicoli con motore ibrido o con motore elettrico adattati per la locomozione degli invalidi. L'agevolaizone si applica ai veicoli con motore ibrido a benzina di cilindrata fino a 2.000 centimetri cubici, ai veicoli con motore ibrido diesel di cilindarata fino a 2.800 centimetri cubici, ai veicoli elettrici di potenza non superiore a 150 kW. La medesima aliquota era già prevista, dalla tabella A, parte II, n. 31), allegata al D.P.R. n. 633 del 1972, per gli autoveicoli adattati per la locomozione degli invalidi di cilindrata fino a 2.000 centimetri cubici se con motore a benzina e fino a 2.800 centimetri cubici se con motore diesel.",IVA,A REGIME,RIDUZIONE DI ALIQUOTA,"-24,2","-24,2","-24,2",,,PERSONE FISICHE,,41
2023,11: COMPETITIVITA’ E SVILUPPO DELLE IMPRESE,145,"Art. 1, comma 225, L. 27 dicembre 2019, n. 160","È introdotto un regime di determinazione forfetario del reddito d’impresa degli imprenditori florovivaistici derivante dall’attività di commercializzazione di piante vive e prodotti della floricoltura acquistate da altri imprenditori agricoli florovivaistici, nei limiti del 10% del loro volume di affari. Il reddito si determina applicando all’ammontare dei corrispettivi il coefficiente di redditività del 5 per cento",IRPEF/IRES,A REGIME,RIDUZIONE DI IMPOSTA,Non quantificabile,2025,2026,,,IMPRESE E SOCIETA',,42
2023,11: COMPETITIVITA’ E SVILUPPO DELLE IMPRESE,146,"Art. 1, comma 690, L. 27 dicembre 2019, n. 160","Estromissione agevolata immobili strumentali dell'imprenditore individuale: entro il 31 maggio 2020 gli imprenditori individuali potranno estromettere in regime agevolato tutti gli immobili strumentali posseduti al 31 ottobre 2019, pagando un'imposta sostitutiva dell’Irpef e dell’Irap dell'8%.",IMPOSTA SOSTITUTIVA,2020,REGIME SOSTITUTIVO,"-2,0","-2,0","-2,0",1.029,"-1.913,7",IMPRESE E SOCIETA',,42
2023,11: COMPETITIVITA’ E SVILUPPO DELLE IMPRESE,147,"Art. 1, commi 696-704, L. 27 dicembre 2019, n. 160; Art. 12-ter, D.L. 8 aprile 2020, n. 23 convertito con L. 5 giugno 2020, n. 40","La disposizione consente alle imprese: a) la rivalutazione dei beni d’impresa e delle partecipazioni, b) il riallineamento dei valori fiscali dei beni a quelli di bilancio. La rivalutazione va effettuata nel bilancio 2019 e deve riguardare tutti i beni risultanti dal bilancio al 31 dicembre 2018 appartenenti alla stessa categoria omogenea. Il maggior valore dei beni è riconosciuto ai fini fiscali a partire dal 3° esercizio successivo a quello della rivalutazione (in generale, dal 2022) tramite il versamento di un’imposta sostitutiva determinata nelle seguenti misure: - 12% per i beni ammortizzabili; - 10% per i beni non ammortizzabili. Limitatamente agli immobili, il maggior valore è riconosciuto ai fini fiscali dal periodo d’imposta in corso all’1 dicembre 2021. È possibile l’affrancamento, anche parziale, della riserva di rivalutazione mediante il pagamento di un’imposta sostitutiva ai fini IRES/IRAP in misura pari al 10%. L'articolo 12-ter del DL 23 del 2020 ha previsto che la rivalutazione dei beni d'impresa può essere effettuata nel bilancio dell'esercizio successivo a quello in corso al 31/12/19, al 31/12/20 o al 31/12/21. I maggiori valori iscritti in bilancio per i beni immobili si considerano riconosciuti, rispettivamente, con effetto dal periodo di imposta in corso alla data del 1/12/22 del 1/12/23 o del 1/12/24.",IMPOSTA SOSTITUTIVA,"2019, 2020, 2021 e 2022",REGIME SOSTITUTIVO,"-30,6","-32,2","-32,2",1.127,"-27.107,8",IMPRESE E SOCIETA',,42
2023,11: COMPETITIVITA’ E SVILUPPO DELLE IMPRESE,148,"Art. 6-bis, D.L. 8 aprile 2020, n. 23; Art. 5-bis, D.L. 22 marzo 2021, n. 41 (norma di interpretazione autentica)","Le imprese che operano nei settori alberghiero e termale possono rivalutare i beni di impresa e le partecipazioni, ad esclusione degli immobili alla cui produzione o al cui scambio è diretta l'attività di impresa, risultanti dal bilancio dell'esercizio in corso al 31/12/19, sul modello della rivalutazione disciplinata dall’art. 1, commi da 696 a 704, della legge n. 160 del 2019 (legge di bilancio 2020).La rivalutazione consentita dalla disposizione si applica anche agli immobili a destinazione alberghiera concessi in locazione o affitto di azienda a soggetti operanti nei settori alberghiero e termale ovvero per gli immobili in corso di costruzione, rinnovo o completamento. La rivalutazione deve essere eseguita in uno o entrambi i bilanci o rendiconti relativi ai 2 esercizi successivi a quello in corso al 31/12/19 (2020 e 2021). Sui maggiori valori dei beni e delle partecipazioni iscritti in bilancio non è dovuta alcuna imposta sostitutiva o altra imposta. Il maggior valore attribuito ai beni e alle partecipazioni si considera riconosciuto, ai fini Ires e Irap, a decorrere dall'esercizio nel cui bilancio la rivalutazione è eseguita.",IMPOSTA SOSTITUTIVA,2020 e 2021,REGIME SOSTITUTIVO,"-1,8","-1,8","-1,8",,,SOGGETTI E CATEGORIE PARTICOLARI,,42
2023,11: COMPETITIVITA’ E SVILUPPO DELLE IMPRESE,149,"Art. 48-bis, D.L. 19 maggio 2020, n. 34; art. 8, D.L. 25 maggio 2021, n. 73 (proroga e modifica limite di spesa); Art. 3, comma 3, D.L. 27 gennaio 2022, n. 4 (estensione applicabilità e modifica limite di spesa) Art. 10-sexies, D.L. 21 marzo 2022, n. 21 (modifica fruizione)","Credito d’imposta, pari al 30% del valore delle rimanenze finali di magazzino che eccede la media del medesimo valore registrato nei tre periodi d’imposta precedenti a quello di spettanza del beneficio, riconosciuto ai soggetti esercenti attività d’impresa che operano nell'industria del tessile e della moda, del calzaturiero e della pelletteria (TMA), nel rispetto dei limiti e delle condizioni previsti dal quadro normativo dell’Unione Europea sugli aiuti di Stato.",CREDITO D'IMPOSTA,2021,CREDITO D'IMPOSTA,"0,0","0,0","0,0",,,SOGGETTI E CATEGORIE PARTICOLARI,,42
2023,11: COMPETITIVITA’ E SVILUPPO DELLE IMPRESE,150,"Art. 136, D.L. 19 maggio 2020, n. 34",Agevolazione in materia di piani individuali di risparmio a lungo termine dedicati alle piccole e medie imprese. Esenzione per i redditi di natura finanziaria prodotti dagli investimenti qualificati conferiti nei PIR- PMI.,IRPEF,A REGIME,ESENZIONE,"0,0","0,0","0,0",,,PERSONE FISICHE,,42
2023,11: COMPETITIVITA’ E SVILUPPO DELLE IMPRESE,151,"Art. 136, D.L. 19 maggio 2020, n. 34",Agevolazione fiscale a favore delle casse previdenziali che investono nei piani di risparmio a lungo termine dedicati alle piccole e medie imprese. Esenzione per i redditi di natura finanziaria prodotti dagli investimenti qualificati conferiti nei PIR-PMI.,IRES,A REGIME,ESENZIONE,"-183,6","-239,8","-291,7",,,SOGGETTI E CATEGORIE PARTICOLARI,,43
2023,11: COMPETITIVITA’ E SVILUPPO DELLE IMPRESE,152,"Art. 136, D.L. 19 maggio 2020, n. 34",Agevolazione a favore delle forme di previdenza complementare che investono nei piani individuali di risparmio a lungo termine dedicati alle piccole e medie imprese. Esenzione per i redditi di natura finanziaria prodotti dagli investimenti qualificati conferiti nei PIR-PMI.,IMPOSTA SOSTITUTIVA,A REGIME,ESENZIONE,"-183,6","-239,8","-291,7",,,SOGGETTI E CATEGORIE PARTICOLARI,,43
2023,11: COMPETITIVITA’ E SVILUPPO DELLE IMPRESE,153,"Art. 136-bis, D.L. 19 maggio 2020, n. 34","La disposizione consente alle cooperative agricole e loro consorzi la possibilità di rivalutare i beni mobili e immobili, ai sensi dell'art. 1, comma 697 della legge n. 160 del 2019, senza assolvere le imposte sostitutive fino a concorrenza delle perdite fiscali pregresse riportate a nuovo nel limite del 70% del loro ammontare. Tali perdite non potranno più essere utilizzate in diminuzione del reddito ai sensi dell'articolo 84 del TUIR. L’efficacia della misura è subordinata all’autorizzazione della Commissione europea. Il maggior valore attribuito ai beni in sede di rivalutazione si considera riconosciuto ai fini delle imposte sui redditi e dell'Irap a decorrere dal terzo esercizio (2022) successivo a quello con riferimento al quale la rivalutazione è stata eseguita.",IMPOSTA SOSTITUTIVA,2019,REGIME SOSTITUTIVO,"-1,2","-1,2","-1,2",,,SOGGETTI E CATEGORIE PARTICOLARI,,43
2023,11: COMPETITIVITA’ E SVILUPPO DELLE IMPRESE,154,"Art. 188, D.L. 19 maggio 2020, n. 34; Art. 1, comma 378, L. 30 dicembre 2021, n. 234","Estensione del ""credito d'imposta per l'acquisto della carta dei giornali"" in favore delle imprese editrici di quotidiani e di periodici di cui all'articolo 188 del decreto-legge 19 maggio 2020, n. 34, anche per gli anni 2022 e 2023 nella misura del 30 per cento delle spese sostenute, rispettivamente negli anni 2021 e 2022, entro il limite di 60 milioni di euro per ciascuno degli anni 2022 e 2023, che costituisce limite massimo di spesa.",CREDITO D'IMPOSTA,2023,CREDITO D'IMPOSTA,"0,0","0,0","0,0",,,SOGGETTI E CATEGORIE PARTICOLARI,,43
2023,11: COMPETITIVITA’ E SVILUPPO DELLE IMPRESE,155,"Art. 110, D.L. 14 agosto 2020, n. 104 convertito in legge, con modifiche, dall'art. 1, comma 1, L. 13 ottobre 2020, n. 126; Art. 1, comma 83, L. 30 dicembre 2020, n. 178 (estensione oggettiva); Art. 1-bis, comma 1, D.L. 22 marzo 2021, n. 41 (estensione temporale); Art. 1, commi 623 - 624, L. 30 dicembre 2021, n. 234 (modifica); Art. 3, comma 3-bis, D.L. 27 gennaio 2022, n. 4 (modifica).","La disposizione prevede la possibilità per le imprese di rivalutare, con valenza solo contabile, i beni materiali e immateriali, con esclusione di quelli alla cui produzione e al cui scambio è diretta l’attività d’impresa, nonché le partecipazioni in società controllate e collegate ai sensi dell’art. 2359 del codice civile costituenti immobilizzazioni, risultanti dal bilancio dell'esercizio in corso al 31 dicembre 2019. Il maggior valore attribuito ai beni in contabilità per effetto della rivalutazione può, tuttavia, essere riconosciuto anche ai fini fiscali a decorrere dall’esercizio successivo a quello con riferimento al quale la rivalutazione è stata eseguita mediante il versamento di un'imposta sostitutiva delle imposte sui redditi e dell'imposta regionale sulle attività produttive e di eventuali addizionali nella misura del 3 per cento per i beni ammortizzabili e non ammortizzabili. Con il comma 83 della L. n. 178/2020 si è consentito di riallineare, ai sensi dell’art. 14 della legge n. 342/2000, le divergenze tra valori contabili e fiscali dell’avviamento e delle altre attività immateriali già risultanti dal bilancio dell’esercizio in corso al 31/12/19. Con la L. n. 234/2021 è stato stabilito che la deduzione ai fini delle imposte sui redditi e dell’Irap del maggior valore imputato alle attività immateriali le cui quote di ammortamento, ai sensi dell’art. 103 del TUIR, sono deducibili in misura non superiore a un 1/18 del costo o del valore, è effettuata, in ogni caso, in misura non superiore, per ciascun periodo d’imposta, a un 1/50 di detto importo. In alternativa, è possibile mantenere la deduzione del maggior valore imputato in misura non superiore, per ciascun periodo d’imposta, a un 1/18 di detto importo, mediante il versamento integrativo della imposta sostitutiva delle imposte sui redditi e dell’Irap e di eventuali addizionali nella misura corrispondente a quella stabilita dall’articolo 176, comma 2-ter, del TUIR, al netto dell’imposta sostitutiva ovvero revocare gli effetti fiscali della rivalutazione.",IMPOSTA SOSTITUTIVA,2020,REGIME SOSTITUTIVO,"-2.423,5","-2.423,5","-2.423,5",,,IMPRESE E SOCIETA',,43
2023,11: COMPETITIVITA’ E SVILUPPO DELLE IMPRESE,156,"Art. 10-bis, D.L. 28 ottobre 2020, n. 137","I contributi e le indennita' di qualsiasi natura erogati in via eccezionale a seguito dell'emergenza epidemiologica da COVID-19 e diversi da quelli esistenti prima della medesima emergenza, da chiunque erogati e indipendentemente dalle modalita' di fruizione e contabilizzazione, spettanti ai soggetti esercenti impresa, arte o professione, nonche' ai lavoratori autonomi, non concorrono alla formazione del reddito imponibile ai fini delle imposte sui redditi e del valore della produzione ai fini dell'imposta regionale sulle attivita' produttive (IRAP) e non rilevano ai fini del rapporto di cui agli articoli 61 e 109, comma 5, del TUIR.",IRPEF/IRES/IRAP,A REGIME,ESENZIONE,"0,0","0,0","0,0",,,PERSONE FISICHE E GIURIDICHE,,43
2023,11: COMPETITIVITA’ E SVILUPPO DELLE IMPRESE,157,"Art. 1, comma 42, L. 30 dicembre 2020, n. 178","Applicazione di una ritenuta a titolo d'imposta del 12,5 per cento sulle somme destinate ad aumento di capitale a favore dei soci persone fisiche delle cooperative (c.d. ristorni).",IRPEF,A REGIME,REGIME SOSTITUTIVO,"1,3","0,8","0,4",,,PERSONE FISICHE,,43
2023,11: COMPETITIVITA’ E SVILUPPO DELLE IMPRESE,158,"Art. 1, commi da 219 a 225-bis, L. 30 dicembre 2020, n. 178",Credito d'imposta in favore dei titolari dei PIR-PMI che realizzano minusvalenze derivanti dagli strumenti finanziari detenuti nel piano di risparmio.,CREDITO D'IMPOSTA,2022,CREDITO D'IMPOSTA,"0,0","0,0","-42,2",,,PERSONE FISICHE,,44
2023,11: COMPETITIVITA’ E SVILUPPO DELLE IMPRESE,159,"Art. 1, comma 631, L. 30 dicembre 2020, n. 178; Art. 27, comma 3, d.P.R. 29 settembre 1973, n. 600","Esenzione applicazione della ritenuta a titolo d'imposta sugli utili percepiti da OICR di diritto estero conformi alla direttiva 2009/65/CE del Parlamento europeo e del Consiglio, del 13 luglio 2009, e a OICR, non conformi alla citata direttiva 2009/65/CE, il cui gestore sia soggetto a forme di vigilanza nel Paese estero nel quale è istituito ai sensi della direttiva 2011/61/UE del Parlamento europeo e del Consiglio, dell'8 giugno 2011, istituiti negli Stati membri dell'Unione europea e negli Stati aderenti all'Accordo sullo spazio economico europeo che consentono un adeguato scambio di informazioni .",IMPOSTA SOSTITUTIVA,A REGIME,ESENZIONE,"-386,1","-386,1","-386,1",,,SOGGETTI E CATEGORIE PARTICOLARI,,44
2023,11: COMPETITIVITA’ E SVILUPPO DELLE IMPRESE,160,"Art. 1, commi da 1051 a 1063 e comma 1065, L. 30 dicembre 2020, n. 178; Art. 21, comma 1, D.L. 17 maggio 2022, n. 50 (Maggiorazione, per il 2022, del credito di imposta per investimenti in beni immateriali compresi nell'allegato B annesso alla legge 11 dicembre 2016, n. 232)","Credito d’imposta per investimenti in beni strumentali nuovi. L'agevolazione varia, sia in termini di aliquote applicabili che di costo massimo ammissibile, in relazione alla tipologia di beni acquistati e al periodo in cui gli investimenti sono effettuati. Per gli investimenti in beni strumentali materiali, diversi da quelli indicati nell'allegato A annesso alla legge n. 232 del 2016, effettuati: - dal 16 novembre 2020 al 31 dicembre 2021, il credito d'imposta spetta nella misura del 10% nel limite massimo di costi ammissibili pari a 2 milioni di euro; - dal 1 gennaio 2022 al 31 dicembre 2022, il credito d'imposta spetta nella misura del6% nel limitemassimo dicostiammissibiliparia 2 milionidi euro. Per gliinvestimenti in beni strumentali immateriali, diversi da quelli indicati nell'allegato B annesso alla medesima legge n. 232 del 2016, effettuati: - dal 16 novembre 2020 al 31 dicembre 2021, il credito d'imposta spetta nella misura del 10% nel limite massimo di costi ammissibili pari a 1 milione di euro; - dal 1 gennaio 2022 al 31 dicembre 2022, il credito d'imposta spetta nella misura del 6% nel limite massimo di costi ammissibili pari a 1 milione di euro. Per gli investimenti in strumenti e dispositivi tecnologici destinati dall'impresa alla realizzazione di modalità di lavoro agile, effettuati dal 16 novembre 2020 al 31 dicembre 2021, la misura del credito d'imposta è elevata al 15%, fermi restando i limiti di costi ammissibili. Per gli investimenti in beni strumentali nuovi indicati nell'allegato A annesso alla legge n. 232 del 2016 (Transizione 4.0), effettuati: - dal 16 novembre 2020 al 31 dicembre 2021, il credito d'imposta spetta nella misura del 50% per la quota di investimentifino a 2,5 milioni di euro, nella misura del 30% per la quota di investimenti superiori a 2,5 milioni e fino a 10 milioni di euro, nella misura del 10% per la quota di investimenti superiori a 10 milioni e fino a 20 milioni di euro; - dal 1 gennaio 2022 al 31 dicembre 2022, il credito d'imposta spetta nella misura del 40% per la quota di investimenti fino a 2,5 milioni di euro, nella misura del 20% per la quota di investimenti superioria 2,5 milioni e fino a 10 milioni di euro, nella misura del 10% per la quota di investimenti superiori a 10 milioni e fino a 20 milionidi euro; - dal 1° gennaio 2023 al 31 dicembre 2025, il credito d'imposta spetta nella misura del 20% per la quota di investimenti fino a 2,5 milioni di euro, nella misura del 10% per la quota di investimenti superiori a 2,5 milioni e fino a 10 milionidi euro, nella misura del5% per la quota diinvestimenti superiori a 10 milioni efino a 20 milioni di euro (per gli investimenti inclusi nel PNRR superiori a 10 milioni di euro, diretti alla realizzazione di obiettivi di transizione ecologica, il credito d'imposta è riconosciuto nella misura del 5% del costo fino a 50 milioni di euro). Per gli investimenti aventi ad oggetto beni compresi nell'allegato B annesso alla legge 11 dicembre 2016, n. 232 (Transizione 4.0), effettuati: - dal 16 novembre 2020 al 31 dicembre 2023, il credito d'imposta spetta nella misura del 20% (elevato al 50% per l'anno 2022) nel limite massimo di costi ammissibili pari a 1 milione di euro; - dal 1° gennaio 2024 al 31 dicembre 2024 nella misura del 15% nel limite di costi pari a 1 milione di euro; - dal 1° gennaio 2025 al 31 dicembre 2025 nella misura del 10% nel limite di costi pari a 1 milione di euro.",CREDITO D'IMPOSTA,2025,CREDITO D'IMPOSTA,"-3.302,6","-379,4","37,8",,,IMPRESE E LAVORATORI AUTONOMI,,44
2023,11: COMPETITIVITA’ E SVILUPPO DELLE IMPRESE,161,"Art. 14, comma 1, D.L. 25 maggio 2021, n. 73","Esenzione tassazione capital gain realizzati dalla cessione a titolo oneroso di partecipazioni in imprese start up innovative, acquisite mediante sottoscrizione di capitale sociale.",IRPEF,2025,ESENZIONE,"0,0","-18,6","-31,8",,,PERSONE FISICHE,,44
2023,11: COMPETITIVITA’ E SVILUPPO DELLE IMPRESE,162,"Art. 14, comma 2, D.L. 25 maggio 2021, n. 73","Esenzione tassazione capital gain realizzati dalla cessione a titolo oneroso di partecipazioni in PMIinnovative, acquisite mediante sottoscrizione di capitale sociale.",IRPEF,2025,ESENZIONE,"0,0","-18,6","-31,8",,,PERSONE FISICHE,,44
2023,11: COMPETITIVITA’ E SVILUPPO DELLE IMPRESE,163,"Art. 14, comma 3, D.L. 25 maggio 2021, n. 73",Esenzione tassazione capital gain realizzati dalla cessione a titolo oneroso di partecipazioni qualora il ricavato venga investito in start up innovative o PMI innovative mediante sottoscrizione di capitale sociale.,IRPEF,2025,ESENZIONE,"-3,2","-3,2","-3,2",,,PERSONE FISICHE,,44
2023,11: COMPETITIVITA’ E SVILUPPO DELLE IMPRESE,164,"Art. 18, D.L. 25 maggio 2021, n. 73",Modifica della disciplina delle note di variazione in diminuzione ai fini Iva per crediti non riscossi in caso di assoggettamento del debitore a procedure concorsuali. La modifica consente di emettere le note di variazioni al momento della apertura della procedure senza attendere la definitiva infruttuosità della stessa.,IVA,A REGIME,ALTRO,"-393,0","-393,0","-393,0",,,PERSONE FISICHE E GIURIDICHE,,44
2023,11: COMPETITIVITA’ E SVILUPPO DELLE IMPRESE,165,"Art. 1, commi 112-113, L. 29 dicembre 2022, n. 197","Le disposizioni prevedono la facoltà, ai fini della determinazione dei redditi di capitale e dei redditi diversi di natura finanziaria di sostituire, previo pagamento di un’imposta sostitutiva con aliquota del 14 per cento, il costo di acquisto delle quote o azioni di partecipazione a organismi di investimento collettivo del risparmio (OICR), con il valore determinato dalla differenza tra il valore delle quote o azioni rilevato dai prospetti periodici alla data del 31 dicembre 2022 e il costo o valore di acquisto o di sottoscrizione.",IMPOSTA SOSTITUTIVA,2023,RIDUZIONE DI ALIQUOTA,"-393,0","-393,0","-393,0",,,PERSONE FISICHE,,44
2023,11: COMPETITIVITA’ E SVILUPPO DELLE IMPRESE,166,"Art. 1, comma 114, L. 29 dicembre 2022, n. 197","La norma prevede la facoltà di affrancare i redditi derivanti dai contratti di assicurazione sulla vita di cui ai rami I e V, mediante la corresponsione di un’imposta sostitutiva nella misura del 14 per cento. Ai fini dell’affrancamento, la misura ha previsto che i redditi di capitale siano determinati forfettariamente, in misura corrispondente alla differenza tra il valore della riserva matematica alla data del 31 dicembre 2022 e i premi versati dal contraente.",IMPOSTA SOSTITUTIVA,2023,RIDUZIONE DI ALIQUOTA,,,,,,PERSONE FISICHE,,45
2023,11: COMPETITIVITA’ E SVILUPPO DELLE IMPRESE,167,"Art. 7-quater, D.L. 30 marzo 2023, n. 34","Contributo, sotto forma di credito d'imposta, fino ad un importo massimo di 200.000 euro, in misura non superiore al 20 per cento delle spese sostenute per attività di ricerca e sviluppo volte alla creazione di soluzioni innovative per la realizzazione di strumenti e servizi tecnologici avanzati al fine di garantire la sostenibilità ambientale e la riduzione dei consumi energetici, riconosciuto a favore delle start-up innovative, costituite a decorrere dal 1° gennaio 2020, operanti nei settori dell'ambiente, dell'energia da fonti rinnovabili e della sanità è concesso, nel limite complessivo di 2 milioni di euro per l'anno 2023.",CREDITO D'IMPOSTA,2023,CREDITO D'IMPOSTA,"0,0","0,0","0,0",,,SOGGETTI E CATEGORIE PARTICOLARI,,45
2023,13: DIRITTO ALLA MOBILITA' E SVILUPPO DEI SISTEMI DI TRASPORTO,168,"Art. 9, comma 1, n. 1), d.P.R. 26 ottobre 1972, n. 633",Trasporti internazionali di persone eseguiti in parte nel territorio dello Stato e in parte in territorio estero in dipendenza di unico contratto. Non imponibilità con diritto alla detrazione a monte,IVA,A REGIME,REGIME SPECIALE,"-6,5","-6,5","-6,5",,,PERSONE FISICHE,X,45
2023,13: DIRITTO ALLA MOBILITA' E SVILUPPO DEI SISTEMI DI TRASPORTO,169,"Art. 10, comma 1, n. 14), d.P.R. 26 ottobre 1972, n. 633",Esenzione delle prestazioni di trasporto urbano di persone effettuate mediante taxi. Esenzione senza diritto a detrazione dell’IVA a monte. Si considerano urbani i trasporti effettuati nel territorio di un comune o tra comuni non distanti tra loro oltre cinquanta chilometri.,IVA,A REGIME,REGIME SPECIALE,"-8,5","-8,5","-8,5",5.955,"-1.419,7",SOGGETTI E CATEGORIE PARTICOLARI,X,45
2023,13: DIRITTO ALLA MOBILITA' E SVILUPPO DEI SISTEMI DI TRASPORTO,170,"Art. 74, comma 1, lett. e), d.P.R. 26 ottobre 1972, n. 633",Regime speciale monofase per i documenti di viaggio relativi ai trasporti pubblici urbani di persone e per i documenti di sosta relativi ai parcheggi di veicoli,IVA,A REGIME,REGIME SPECIALE,Non quantificabile,"-8,5","-8,5",,,SOGGETTI E CATEGORIE PARTICOLARI,X,45
2023,13: DIRITTO ALLA MOBILITA' E SVILUPPO DEI SISTEMI DI TRASPORTO,171,"Tabella A, punto 8, TUA",Riduzione dell'accisa sui carburanti per le prove sperimentali e collaudo di motori di aviazione e marina,ACCISA,A REGIME,RIDUZIONE DI ALIQUOTA,"-0,5","-0,5","-0,5",,,SOGGETTI E CATEGORIE PARTICOLARI,X,45
2023,13: DIRITTO ALLA MOBILITA' E SVILUPPO DEI SISTEMI DI TRASPORTO,172,"Tabella A, punto 12, TUA",Riduzione dell'accisa sui carburanti per i Taxi,ACCISA,A REGIME,RIDUZIONE DI ALIQUOTA,"-12,0","-12,0","-12,0",,,SOGGETTI E CATEGORIE PARTICOLARI,X,45
2023,13: DIRITTO ALLA MOBILITA' E SVILUPPO DEI SISTEMI DI TRASPORTO,173,"Art. 9-quater, comma 1, D.L. 30 dicembre 1997, n. 457","Riduzione dell'imposta sulle assicurazioni dal 7,5% allo 0,05% a decorrere dal 1° gennaio 1998 per le navi immatricolate o registrate in Italia",ALTRO,A REGIME,RIDUZIONE DI ALIQUOTA,Non quantificabile,"-12,0","-12,0",,,SOGGETTI E CATEGORIE PARTICOLARI,X,45
2023,13: DIRITTO ALLA MOBILITA' E SVILUPPO DEI SISTEMI DI TRASPORTO,174,"Art. 1, comma 5-bis, D.L. 10 settembre 2021, n. 121 (norma istitutiva); Art. 10, comma 3-terdecies, D.L. 30 dicembre 2021, n. 228 (modifica)","Non concorrenza al reddito imponibile del beneficiario del ""buono patente autotrasporto"", che consiste in un contributo, pari all'80% della spesa sostenuta e comunque di importo non superiore a 2.500 euro, riconosciuto, per il periodo dal 1° luglio 2022 al 31 dicembre 2026 e per una sola volta, in favore dei cittadini di età compresa fra diciotto e trentacinque anni per il conseguimento della patente e delle abilitazioni professionali per la guida dei veicoli destinati all'esercizio dell'attività di autotrasporto di persone e di merci.",IRPEF,2026,ESCLUSIONE,"0,0","0,0","0,0",,,PERSONE FISICHE,,45
2023,13: DIRITTO ALLA MOBILITA' E SVILUPPO DEI SISTEMI DI TRASPORTO,175,"Art. 35, D.L. 17 maggio 2022, n. 50 (norma istitutiva)","Esclusione dal reddito imponibile del buono da utilizzare per l'acquisto di abbonamenti per i servizi di trasporto pubblico locale, regionale e interregionale ovvero per i servizi di trasporto ferroviario nazionale. Il valore del buono è pari alla spesa sostenuta per l'acquisto dell'abbonamento e, comunque, entro euro 60. Il buono è riconosciuto alle persone fisiche che, nell'anno precedente, hanno conseguito un reddito complessivo non superiore a 35.000 euro.",IRPEF,2022,ESCLUSIONE,"0,0","0,0","0,0",,,PERSONE FISICHE,,45
2023,17: RICERCA E INNOVAZIONE,176,"Art. 54, comma 8, primo periodo, TUIR (norma istitutiva); Art.1, comma 318, L. 27 dicembre 2006, n. 296 (modifica)","Deduzione forfetaria del 25% per i redditi derivanti dalla utilizzazione economica, da parte dell'autore o inventore, di opere dell'ingegno, di brevetti industriali e di processi, formule o informazioni relativi ad esperienze acquisite in campo industriale, commerciale o scientifico, se non sono conseguiti nell'esercizio di imprese commerciali. La deduzione è elevata al 40% se il percettore non ha superato i 35 anni di età",IRPEF,A REGIME,DEDUZIONE,"-62,8","-62,8","-62,8",104.408,"-601,3",PERSONE FISICHE,X,45
2023,17: RICERCA E INNOVAZIONE,177,"Art. 1, comma 353, L. 23 dicembre 2005 n. 266;","Integrale deducibilità dei fondi trasferiti per il finanziamento della ricerca, a titolo di contributo o liberalità",IRES,A REGIME,DEDUZIONE,"-12,1","-12,1","-12,1",70,"-173.359,4",PERSONE GIURIDICHE,X,45
2023,17: RICERCA E INNOVAZIONE,178,"Art. 1, commi da 37 a 45, L. 23 dicembre 2014, n. 190 (norma istitutiva) Art. 5, D.L. 24 gennaio 2015, n. 3 Art. 1, comma 148, L. 28 dicembre 2015, n. 208 Art. 56, D.L. 24 aprile 2017, n. 50 (modifiche) Art. 4, D.L. 30 aprile 2019, n. 34 (modifica) Art. 6, comma 10, D.L. 21 ottobre 2021, n. 146 (modifica)","Patent Box. Tassazione agevolata per i redditi derivanti dall’utilizzo di: software protetto da copyright; brevetti industriali; disegni e modelli; processi, formule e informazioni relativi ad esperienze acquisite nel campo industriale, commerciale o scientifico giuridicamente tutelabili. Il regime è valevole per 5 esercizi sociali in base a opzione irrevocabile. Esclusione dal reddito del 50% (a regime) dei redditi derivanti dall'utilizzo di alcuni beni immateriali. DL 50/2017 Esclusione dei marchi d’impresa dal gruppo dai beni agevolabili con la cd. Patent box. Sono, invece, agevolabili anche i redditi derivanti dall’utilizzo congiunto di beni immateriali, legati da vincoli di complementarietà, ai fini della realizzazione di un prodotto o di una famiglia di prodotti o di un processo o di un gruppo di processi. Le nuove disposizioni si applicano a partire dal 3° periodo d’imposta successivo a quello in corso al 31/12/14 (in linea generale dal 2017). Conserva i benefici patent box secondo la disciplina originaria (dunque anche per i marchi) - per tutto il quinquennio di validità delle stesse e, comunque, non oltre il 30/6/21 - chi ha esercitato l’opzione per i primi 2 periodi d'imposta di applicazione dell’agevolazione (2015 e 2016). A decorrere dal 2019 è prevista la possibilità di optare per l'autodeterminazione del reddito agevolabile da ripartire in tre quote annuali di pari importo.",IRPEF/IRES,2021,ESCLUSIONE,"-547,7","-602,3","-619,6",1.168,"-468.921,2",IMPRESE E SOCIETA',X,46
2023,17: RICERCA E INNOVAZIONE,179,"Art. 1, commi da 198 a 209, L. 27 dicembre 2019, n. 160","Credito d'imposta per investimenti in ricerca e sviluppo riconosciuto: - fino al periodo d'imposta in corso al 31 dicembre 2022 nella misura del 20% e importo massimo di 4 milioni di euro; - dal periodo d'imposta successivo a quello in corso al 31 dicembre 2022 e fino a quello in corso al 31 dicembre 2031 nella misura del 10 per cento nel limite massimo annuale di 5 milioni di euro. Credito d'imposta per investimenti in innovazione tecnologica e altre attività innovative per la competitività delle imprese. In particolare, la misura prevede un credito d’imposta per attività di innovazione tecnologica: - fino al periodo d'imposta in corso al 31 dicembre 2023 nella misura del 10% e importo massimo di 2 milioni di euro; - dal periodo d'imposta successivo a quello in corso al 31 dicembre 2023 e fino al periodo d'imposta in corso al 31 dicembre 2025 nella misura del 5 per cento nel limite massimo annuale di 2 milioni di euro; Un credito d'imposta per attività di design e ideazione estetica: - fino al periodo d'imposta in corso al 31 dicembre 2023 nella misura del 10% e importo massimo di 2 milioni di euro; - dal periodo d'imposta successivo a quello in corso al 31 dicembre 2023 e fino al periodo d'imposta in corso al 31 dicembre 2025 nella misura del 5 per cento nel limite massimo annuale di 2 milioni di euro; Un credito d'imposta per attività di innovazione tecnologica finalizzate alla realizzazione di prodotti o processi di produzione nuovi o sostanzialmente migliorati per il raggiungimento di un obiettivo di transizione ecologica o di innovazione digitale 4.0: - fino al periodo d'imposta in corso al 31 dicembre 2022 nella misura del 15% e importo massimo di 2 milioni di euro; - per il periodo d'imposta successivo a quello in corso al 31 dicembre 2022 e fino a quello in corso al 31 dicembre 2023, nella misura del 10 per cento nel limite massimo annuale di 4 milioni di euro; - dal periodo d'imposta successivo a quello in corso al 31 dicembre 2023 e fino a quello in corso al 31 dicembre 2025, in misura pari al 5 per cento nel limite massimo annuale di 4 milioni di euro.",CREDITO D'IMPOSTA,2031,CREDITO D'IMPOSTA,"-1.021,3","-808,9","-596,4",15.379,"-66.411,1",IMPRESE E SOCIETA',,46
2023,17: RICERCA E INNOVAZIONE,180,"Art. 25, commi 4-duodecies e ss., D.L. 30 dicembre 2019 n. 162 (norma istitutiva); Art. 4, comma 8-septies, lett. b), D.L. 31 dicembre 2020, n. 183 (modifica); art. 4, comma 8-quater, D.L. 29 dicembre 2022, n. 198 (modifica)","Credito d'imposta riconosciuto ai policlinici universitari non costituiti in azienda, nell'ambito delle attività istituzionali esercitate non in regime d'impresa, per gli anni dal 2020 al 2023, finalizzato a promuovere le attività di ricerca scientifica e a favorire la stabilizzazione di figure professionali nell'ambito clinico e della ricerca, attraverso l'instaurazione di rapporti di lavoro a tempo indeterminato presso le strutture sanitarie che svolgono attività di ricerca e didattiche. Il contributo, sotto forma di credito d'imposta, è attribuito nel limite massimo di spesa di 5 milioni di euro per il 2020 e di 10 milioni di euro per ciascuno degli anni dal 2021 al 2023 ed è subordinato alla condizione che tali enti si avvalgano di personale assunto a tempo indeterminato in misura non inferiore all'85% del personale in servizio. Per l'anno 2023, il credito d'imposta di cui al primo periodo è attribuito, alle medesime condizioni ivi previste, anche nell'ambito delle attività istituzionali esercitate in regime d'impresa, fermo restando il limite massimo di 10 milioni di euro per l'anno 2023. L'efficacia delle misure previste dalle disposizioni di cui al periodo precedente è subordinata, ai sensi dell'articolo 108, paragrafo 3, del Trattato sul funzionamento dell'Unione europea, all'autorizzazione della Commissione europea su richiesta del Ministero della salute.",CREDITO D'IMPOSTA,2023,CREDITO D'IMPOSTA,"0,0","0,0","0,0",,,ASSOCIAZIONI E ENTI DEL TERZO SETTORE,,46
2023,17: RICERCA E INNOVAZIONE,181,"Art. 6, D.L. 21 ottobre 2021, n. 146; Art. 1, commi 10 e 11, L. 30 dicembre 2021, n. 234 (modifica).","Nuovo Patent Box. Regime opzionale di maggiorazione del 110% delle spese relative alle attività di ricerca e sviluppo afferenti ai beni immateriali oggetto dell’agevolazione, ai fini delle imposte sui redditi e dell’Irap. Possono esercitare l’opzione, avente efficacia per cinque periodi d’imposta e rinnovabile, tutti i soggetti titolari di reddito d’impresa che siano titolari del diritto allo sfruttamento economico dei beni immateriali. Sono oggetto della nuova disciplina le spese relative al software protetto da copyright, ai brevetti industriali e ai disegni e modelli, che siano dagli stessi soggetti utilizzati direttamente o indirettamente nello svolgimento della propria attività di impresa. Per poter beneficiare del regime agevolativo è necessario che su tali beni siano svolte attività di ricerca industriale e sviluppo sperimentale, innovazione tecnologica, design e ideazione estetica, nonché le attività di tutela legale dei diritti sui beni immateriali.Il primo periodo d’imposta in relazione al quale è possibile esercitare l’opzione e da cui, quindi, l’agevolazione esplica i suoi effetti è il periodo 2021.",IRPEF/IRES,A REGIME,DEDUZIONE,Stima compresa nella misura 178,2025,2026,,,IMPRESE E SOCIETA',,47
2023,18: SVILUPPO SOSTENIBILE E TUTELA DEL TERRITORIO E DELL’AMBIENTE,182,"Art. 15, comma 1, lett. i-decies), TUIR, introdotta dall'art.1, comma 28, lettera a), L. 27 dicembre 2017 n. 205. Art. 15, comma 2, TUIR","Detraibilità delle spese sostenute per l'acquisto di abbonamenti ai servizi di trasporto pubblico locale, regionale e interregionale per un importo non superiore a 250 euro, anche se sostenute per i familiari a carico.",IRPEF,A REGIME,DETRAZIONE,"-29,0","-29,0","-29,0",747.966,"-38,8",PERSONE FISICHE,X,47
2023,18: SVILUPPO SOSTENIBILE E TUTELA DEL TERRITORIO E DELL’AMBIENTE,183,"Art, 100, comma 2, lett. n), TUIR",Deducibilità delle erogazioni liberali in denaro a favore di organismi di gestione di parchi e riserve naturali e zone di speciale tutela paesistico-ambientale,IRPEF/IRES,A REGIME,DEDUZIONE,Stima compresa nelle misure da 279 a 282,"-29,0","-29,0",,,STATO E ENTI PUBBLICI,X,47
2023,18: SVILUPPO SOSTENIBILE E TUTELA DEL TERRITORIO E DELL’AMBIENTE,184,"Art. 4, comma 23, D.L. 1 ottobre 1996, n. 510","Le cessioni gratuite di beni relativi ad attivita' produttive dismesse, effettuate gratuitamente nei confronti degli enti territoriali, ASI, societa' di promozione a prevalente partecipazione pubblica, sono esenti dall'imposta sulle successioni e donazioni e sono soggette alla misura fissa delle imposte ipotecaria e catastale",IMPOSTE SU SUCCESSIONI E DONAZIONI,A REGIME,IMPOSTA IN MISURA FISSA,Non quantificabile,"-29,0","-29,0",,,STATO E ENTI PUBBLICI,X,47
2023,18: SVILUPPO SOSTENIBILE E TUTELA DEL TERRITORIO E DELL’AMBIENTE,185,"Art. 31, comma 22, L. 23 dicembre 1998, n. 448","Esenzione da imposte di registro, ipotecaria e catastale per i provvedimenti comunali di accorpamento al demanio stradale delle porzioni di terreno utilizzate ad uso pubblico da oltre venti anni","IMPOSTE DI REGISTRO, DI BOLLO E IPOCATASTALI",A REGIME,ESENZIONE,Non quantificabile,"-29,0","-29,0",,,ENTI PUBBLICI,X,47
2023,18: SVILUPPO SOSTENIBILE E TUTELA DEL TERRITORIO E DELL’AMBIENTE,186,"Art. 1, comma 57, L. 28 dicembre 2015, n. 208","Esenzione dalle imposte di registro, ipotecaria e catastale e bollo su atti e provvedimenti in esecuzione dei piani di ricomposizione fondiaria promossi da regioni, province, comuni e comunità montane","IMPOSTE DI REGISTRO, DI BOLLO E IPOCATASTALI",A REGIME,ESENZIONE,"0,0","0,0","0,0",,,STATO E ENTI PUBBLICI,X,47
2023,18: SVILUPPO SOSTENIBILE E TUTELA DEL TERRITORIO E DELL’AMBIENTE,187,"Art. 1, commi 156-161, L. 30 dicembre 2018, n. 145","Credito d'imposta, nella misura del 65%, per erogazioni liberali in denaro effettuate per interventi su edifici e terreni pubblici ai fini della bonifica ambientale, prevenzione e risanamento del dissesto idrogeologico, sistemazione di parchi e aree verdi e recupero di aree dismesse di proprietà pubblica.",CREDITO D'IMPOSTA,A REGIME,CREDITO D'IMPOSTA,"-10,0","-10,0","-10,0",,,PERSONE FISICHE E GIURIDICHE,,47
2023,18: SVILUPPO SOSTENIBILE E TUTELA DEL TERRITORIO E DELL’AMBIENTE,188,"Art. 1, commi 1057-1064, L. 30 dicembre 2018, n. 145 (istitutiva); Art. 10-bis, comma 1, lett. a), b), D.L. 30 aprile 2019, n. 34; Art. 12, comma 1, D.L. 30 dicembre 2019, n. 162; Art. 44-bis, comma 1, D.L. 19 maggio 2020, n. 34 convertito, con modificazioni, dalla L. 17 luglio 2020, n. 77; Art. 1, comma 691, L. 30 dicembre 2020, n. 178; Art. 5, comma 15-bis, D.L. 22 marzo 2021, n. 41 convertito, con modificazioni, dalla L. 21 maggio 2021, n. 69 (modifiche)",Credito d'imposta incentivi rottamazione acquisto veicoli a due ruote non inquinanti,CREDITO D'IMPOSTA,2026,CREDITO D'IMPOSTA,"-30,0","-30,0","-30,0",,,PERSONE FISICHE E GIURIDICHE,,47
2023,18: SVILUPPO SOSTENIBILE E TUTELA DEL TERRITORIO E DELL’AMBIENTE,189,"Art. 1, comma 642, L. 27 dicembre 2019, n. 160; Art. 1, comma 12, L. 30 dicembre 2021, n. 234 (modifica) Art. 1, comma 64, lett. a), L. 29 dicembre 2022, n. 197 (modifica)","Esclusione dal pagamento dell’imposta di consumo sui manufatti con singolo impiego (MACSI) istituita dall'articolo 1, comma 634, della Legge 27 dicembre 2019 , n. 160 (Legge di Bilancio 2020). L'efficacia delle disposizioni recanti la disciplina dell'imposta in argomento entrano in vigore il 1° gennaio 2024",ALTRO,A REGIME,ESCLUSIONE,"0,0","0,0","0,0",,,IMPRESE E SOCIETA',,47
2023,18: SVILUPPO SOSTENIBILE E TUTELA DEL TERRITORIO E DELL’AMBIENTE,190,"Art. 34-bis, D.L. 30 dicembre 2019, n. 162, convertito L. 28 febbraio 2020, n. 8","All'energia elettrica erogata, da impianti di terra, alle navi ormeggiate in porto dotate di impianti elettrici con potenza installata nominale superiore a 35 kW, è applicata un'aliquota di accisa ridotta. La disposizione agevolativa avrà efficacia solo successivamente all'adozione di una decisione del Consiglio dell'Unione europea che autorizzi, ai sensi dell'articolo 19 della direttiva 2003/96/CE del Consiglio, del 27 ottobre 2003, lo Stato ad applicare un'aliquota di accisa ridotta all'energia elettrica fornita per l'impiego in questione. La misura è stata autorizzata con Decisione del Consiglio (UE) 2021/2058 del 23 novembre 2021. Si applica dal 1° gennaio 2022 al 31 dicembre 2027.",ACCISA,A REGIME,RIDUZIONE DI ALIQUOTA,"0,0","0,0","0,0",,,IMPRESE E SOCIETA',,48
2023,18: SVILUPPO SOSTENIBILE E TUTELA DEL TERRITORIO E DELL’AMBIENTE,191,"Art 1, commi 1087-1089, L. 30 dicembre 2020, n. 178; Art. 1, comma 713, lett. a) e b), L. 30 dicembre 2021, n. 234","Credito d’imposta per l’acquisto di sistemi di filtraggio acqua potabile riconosciuto ,al fine di razionalizzare l'uso dell'acqua e di ridurre il consumo di contenitori di plastica per acque destinate ad uso potabile, alle persone fisiche nonché ai soggetti esercenti attività d'impresa, arti e professioni e agli enti non commerciali, compresi gli enti del Terzo settore e gli enti religiosi civilmente riconosciuti, dal 1° gennaio 2021 al 31 dicembre 2023 nella misura del 50% delle spese sostenute per l'acquisto e l'installazione di sistemi di filtraggio, mineralizzazione, raffreddamento e addizione di anidride carbonica alimentare E 290, per il miglioramento qualitativo delle acque destinate al consumo umano erogate da acquedotti, fino a un ammontare complessivo delle stesse non superiore, per le persone fisiche non esercenti attività economica, a 1.000 euro per ciascuna unità immobiliare e, per gli altri soggetti, a 5.000 euro per ciascun immobile adibito all'attività commerciale o istituzionale.",CREDITO D'IMPOSTA,2023,CREDITO D'IMPOSTA,"0,0","0,0","0,0",,,PERSONE FISICHE E GIURIDICHE,,48
2023,18: SVILUPPO SOSTENIBILE E TUTELA DEL TERRITORIO E DELL’AMBIENTE,192,"Art. 4, comma 7, D.Lgs. 8 novembre 2021, n. 196","Contributo, sotto forma di credito d'imposta, per gli anni 2022, 2023 e 2024, nella misura del 20 per cento a favore delle imprese per promuovere l'acquisto e l'utilizzo di materiali e prodotti alternativi a quelli di plastica monouso.",CREDITO D'IMPOSTA,2024,CREDITO D'IMPOSTA,"-3,0","0,0","0,0",,,IMPRESE E SOCIETA',,48
2023,18: SVILUPPO SOSTENIBILE E TUTELA DEL TERRITORIO E DELL’AMBIENTE,193,"Art. 1, commi da 686 a 690, L. 29 dicembre 2022, n. 197","Credito d'imposta riconosciuto a favore di tutte le imprese che acquistano prodotti realizzati con materiali provenienti dalla raccolta differenziata degli imballaggi in plastica ovvero che acquistano imballaggi biodegradabili e compostabili secondo la normativa UNI EN 13432:2002 o derivati dalla raccolta differenziata della carta, dell'alluminio e del vetro, per ciascuno degli anni 2023 e 2024, nella misura del 36 per cento delle spese sostenute e documentate.",CREDITO D'IMPOSTA,2024,CREDITO D'IMPOSTA,"-5,0","-5,0","0,0",,,IMPRESE E SOCIETA',,48
2023,19: CASA E ASSETTO URBANISTICO,194,"Art. 1, Tariffa speciale (Allegato B), L. 29 ottobre 1961, n. 1216",Sui premi relativi ai contratti di assicurazione sulla vita umana a garanzia della casa l'imposta sulle assicurazioni si applica in misura ridotta a un quarto.,ALTRO,A REGIME,RIDUZIONE DI ALIQUOTA,"-56,9","-56,9","-56,9",,,PERSONE FISICHE,X,48
2023,19: CASA E ASSETTO URBANISTICO,195,"Artt. 15 e seguenti, d.P.R. 29 settembre 1973 n. 601 (norma istitutiva) Art. 2-bis, comma 5, D.L. 24 luglio 2003, n. 192 (norma interpretativa)","Le operazioni relative ai finanziamenti a medio e lungo termine sono soggette ad un'imposta sostitutiva delle imposte di registro, di bollo, ipotecaria e catastale e tassa sulle concessioni governative","IMPOSTE DI REGISTRO, DI BOLLO E IPOCATASTALI",A REGIME,REGIME SOSTITUTIVO,"-2.484,6","-2.484,6","-2.484,6",,,BANCHE E ASSICURAZIONI,X,48
2023,19: CASA E ASSETTO URBANISTICO,196,"Art. 32, d.P.R. 29 settembre 1973, n. 601 (norma istitutiva); Art. 1, comma 58, L. 28 dicembre 2015, n. 208 (norma interpretativa) art. 1, comma 730, L. 30 dicembre 2021, n. 234 (norma interpretativa)",Sui premi relativi ai contratti di assicurazione danni relativi alle cooperative edilizie sovvenzionate dallo Stato l'imposta sulle assicurazioni si applica in misura ridotta a un quinto,ALTRO,A REGIME,RIDUZIONE DI ALIQUOTA,Non quantificabile,"-2.484,6","-2.484,6",,,SOGGETTI E CATEGORIE PARTICOLARI,X,48
2023,19: CASA E ASSETTO URBANISTICO,197,"Art. 32, d.P.R. 29 settembre 1973, n. 601 (norma istitutiva); Art. 1, comma 58, L. 28 dicembre 2015, n. 208 (norma interpretativa) Art. 1, comma 730, L. 30 dicembre 2021, n. 234 (norma interpretativa)",Sono esenti dalle imposte ipotecarie e catastali e l'imposta di registro si applica in misura fissa per gli atti di trasferimento della proprietà delle aree comprese nei piani di edilizia residenziale pubblica o nei piani da destinare a insediamenti produttivi,"IMPOSTE DI REGISTRO, DI BOLLO E IPOCATASTALI",A REGIME,IMPOSTA IN MISURA FISSA,"-7,9","-7,9","-7,9",,,SOGGETTI E CATEGORIE PARTICOLARI,X,48
2023,19: CASA E ASSETTO URBANISTICO,198,"Art. 5, L. 22 aprile 1982, n.168","Le imposte di registro, ipotecaria e catastale si applicano in misura fissa in relazione a trasferimenti o permute di immobili compresi in piani di recupero","IMPOSTE DI REGISTRO, DI BOLLO E IPOCATASTALI",A REGIME,IMPOSTA IN MISURA FISSA,"-0,6","-0,6","-0,6",36,"-16.988,5",SOGGETTI E CATEGORIE PARTICOLARI,X,48
2023,19: CASA E ASSETTO URBANISTICO,199,"Art. 1, Tariffa, parte prima, allegata al d.P.R. 26 aprile 1986, n. 131",Gli atti di trasferimento a titolo oneroso aventi a oggetto la prima casa di abitazione sono soggetti all'imposta di registro all'aliquota ridotta del 2%,"IMPOSTE DI REGISTRO, DI BOLLO E IPOCATASTALI",A REGIME,RIDUZIONE DI ALIQUOTA,"-2.402,0","-2.402,0","-2.402,0",561.962,"-4.274,3",PERSONE FISICHE,X,48
2023,19: CASA E ASSETTO URBANISTICO,200,"Art. 10, comma 1, lett. a), TUIR","Deduzione di canoni, livelli, censi, ed altri oneri gravanti sui redditi degli immobili che concorrono a formare il reddito complessivo, compresi i contributi ai consorzi obbligatori per legge o in dipendenza di provvedimenti della pubblica amministrazione",IRPEF,A REGIME,DEDUZIONE,"-5,0","-5,0","-5,0",105.613,"-47,1",PERSONE FISICHE,X,49
2023,19: CASA E ASSETTO URBANISTICO,201,"Art. 10, comma 3-bis), TUIR",Deduzione della rendita catastale dell'unità immobiliare adibita ad abitazione principale e delle relative pertinenze rapportata al periodo dell'anno durante il quale sussiste tale destinazione ed in proporzione alla quota di possesso,IRPEF,A REGIME,DEDUZIONE,"-3.653,8","-3.653,8","-3.653,8",27.000.000,"-135,3",PERSONE FISICHE,X,49
2023,19: CASA E ASSETTO URBANISTICO,202,"Art. 15, comma 1, lett. b) e comma 1-ter, TUIR (norma istitutiva); Art. 66, L. 21 novembre 2000, n. 342 (integrazione)","Detrazione, nella misura del 19%, degli interessi passivi e relativi oneri accessori, per un importo non superiore a 4.000 euro, sostenuti in dipendenza di mutui ipotecari per l'acquisto o la costruzione dell'abitazione principale. Per i mutui stipulati dal personale appartenente alle Forze armate e alle Forze di polizia la detrazione è ammessa prescindendo dal requisito della dimora abituale se l'immobile è unica abitazione di proprietà .",IRPEF,A REGIME,DETRAZIONE,"-909,9","-909,9","-909,9",4.180.200,"-217,7",PERSONE FISICHE,X,49
2023,19: CASA E ASSETTO URBANISTICO,203,"Art. 15, comma 1, lett. b-bis), TUIR, introdotta dall'art. 35, comma 22-bis, D.L. 4 luglio 2006, n. 223","Detrazione, nella misura del 19%, dei compensi pagati agli intermediari per l'acquisto dell'abitazione principale per un importo non superiore a euro 1.000 per ciascuna annualità",IRPEF,A REGIME,DETRAZIONE,"-26,9","-26,9","-26,9",154.762,"-174,1",PERSONE FISICHE,X,49
2023,19: CASA E ASSETTO URBANISTICO,204,"Art. 15, comma 1, lett. f-bis), TUIR, (lettera introdotta dall'art. 1, comma 768, L. 27 dicembre 2017, n. 205; (norma istitutiva) Art. 119, comma 4, D.L. 19 maggio 2020, n. 34 (integrazione)","Detrazione, nella misura del 19%, dei premi per assicurazioni aventi per oggetto il rischio di eventi calamitosi stipulate relativamente a unità immobiliari ad uso abitativo. Ai sensi dell'art. 119, comma 4, D.L. n. 34/2020, la detrazione in oggetto spetta nella misura del 90 per cento nel caso di polizza che copre il rischio di eventi calamitosi stipulata contestualmente alla cessione del credito ad un'impresa di assicurazione, in conseguenza della realizzazione degli interventi di cui ai commi da 1-bis a 1-septies dell'art. 16 del D.L. n. 63/2013.",IRPEF,A REGIME,DETRAZIONE,"-9,7","-10,4","-10,4",,,PERSONE FISICHE,X,49
2023,19: CASA E ASSETTO URBANISTICO,205,"Art. 15, comma 1, lett. g), TUIR","Detrazione per spese di manutenzione, protezione e restauro delle cose vincolate ai sensi della legge n. 1089 del 1939 e del D.P.R. n. 1409 del 1963",IRPEF,A REGIME,DETRAZIONE,"-2,2","-2,2","-2,2",1.382,"-1.569,5",PERSONE FISICHE,X,49
2023,19: CASA E ASSETTO URBANISTICO,206,"Art. 16, commi 01, 1, 1-bis, 1-ter e 1-sexies, TUIR","Detrazione per canoni di locazione di unità immobiliari adibite ad abitazione principale. Detrazione più favorevole per i giovani di età fra i 20 e i 31 anni non compiuti, con un reddito complessivo non superiore a 15.493,71 euro, che stipulano un contratto di locazione da destinare a propria residenza.",IRPEF,A REGIME,DETRAZIONE,"-350,2","-350,2","-350,2",1.686.711,"-207,6",PERSONE FISICHE,X,49
2023,19: CASA E ASSETTO URBANISTICO,207,"Art. 16-bis, TUIR, introdotto dall'art. 4, comma 1, lettera c), D.L. 6 dicembre 2011, n. 201","Detrazione, nella misura del 36%, delle spese per interventi di recupero del patrimonio edilizio e di riqualificazione energetica degli edifici fino ad un ammontare complessivo delle stesse non superiore a 48.000 euro per unità immobiliare.",IRPEF,A REGIME,DETRAZIONE,"0,0","0,0","-167,4",,,PERSONE FISICHE,X,49
2023,19: CASA E ASSETTO URBANISTICO,208,"Art. 16-bis, comma 3-bis, TUIR, comma inserito dall'art. 1, comma 60, L. 30 dicembre 2020, n. 178","La detrazione di cui al comma 1, art. 16-bis del TUIR spetta, nella misura del 50%, anche per interventi di sostituzione del gruppo elettrogeno di emergenza esistente con generatori di emergenza a gas di ultima generazione",IRPEF,A REGIME,DETRAZIONE,Stima ricompresa nella misura 229,"0,0","-167,4",,,PERSONE FISICHE,,49
2023,19: CASA E ASSETTO URBANISTICO,209,"Art. 26, TUIR, come modificato dall'art. 3- quinquies, comma 1, D.L. 30 aprile 2019, n. 34 (norma istitutiva); Art. 6-septies, comma 2, D.L. 22 marzo 2021, n. 41 (decorrenza)","Non concorrenza alla formazione del reddito dei redditi derivanti da contratti di locazione di immobili ad uso abitativo, se non percepiti, purchè la mancata percezione sia comprovata dall'intimazione di sfratto per morosità o dall'ingiunzione di pagamento.",IRPEF,A REGIME,ESCLUSIONE,"-18,6","-4,4","6,8",,,PERSONE FISICHE,,49
2023,19: CASA E ASSETTO URBANISTICO,210,"Art. 37, comma 4-bis, TUIR (norma istitutiva); Art. 4, comma 74, L. 28 giugno 2012, n. 92 (modifica)","Riduzione forfetaria del canone di locazione qualora il canone risultante dal contratto sia superiore al reddito medio ordinario determinato ai sensi del comma 1, dell'art. 37, del TUIR. La riduzione è pari al 5% in via ordinaria, al 25% per la città di Venezia, al 35% per gli immobili di interesse storico o artistico",IRPEF,A REGIME,ESCLUSIONE,"-386,9","-386,9","-386,9",2.541.268,"-152,3",PERSONE FISICHE,X,49
2023,19: CASA E ASSETTO URBANISTICO,211,"Art. 42, TUIR","Non sono produttive di redditi di fabbricati le costruzioni o porzioni di costruzioni rurali, e relative pertinenze, appartenenti al possessore o all'affittuario dei terreni e destinate a specifici utilizzi",IRPEF,A REGIME,ESCLUSIONE,Non quantificabile,"-386,9","-386,9",,,PERSONE FISICHE,X,49
2023,19: CASA E ASSETTO URBANISTICO,212,"Nota all'Art. 1, Tariffa allegata al D.lgs 31 ottobre 1990, n. 347",Sugli atti di trasferimento della prima casa di abitazione l'imposta ipotecaria si applica in misura fissa,"IMPOSTE DI REGISTRO, DI BOLLO E IPOCATASTALI",A REGIME,IMPOSTA IN MISURA FISSA,"-444,2","-444,2","-444,2",624.400,"711,4",PERSONE FISICHE,X,49
2023,19: CASA E ASSETTO URBANISTICO,213,"Nota all'Art. 1, Tariffa allegata al D.lgs 31 ottobre 1990, n. 347",Sugli atti di trasferimento della prima casa di abitazione l'imposta catastale si applica in misura fissa,"IMPOSTE DI REGISTRO, DI BOLLO E IPOCATASTALI",A REGIME,IMPOSTA IN MISURA FISSA,"-973,2","-973,2","-973,2",624.400,"-1.558,7",PERSONE FISICHE,X,50
2023,19: CASA E ASSETTO URBANISTICO,214,"Art. 66, comma 6-bis, D.L. 30 agosto 1993, n. 331","Gli atti costitutivi e modificativi delle società cooperative edilizie di abitazione e loro consorzi sono esenti dall'imposta di bollo e dall'imposta di registro. Gli atti di ammissione e recesso dei soci e gli atti, documenti e registri relativi alle operazioni previste dai rispettivi statuti sono esenti da bollo e assoggettati alla misura fissa dell'imposta di registro.","IMPOSTE DI REGISTRO, DI BOLLO E IPOCATASTALI",A REGIME,IMPOSTA IN MISURA FISSA,Non quantificabile,"-973,2","-973,2",,,SOGGETTI E CATEGORIE PARTICOLARI,X,50
2023,19: CASA E ASSETTO URBANISTICO,215,"Art. 3, comma 7, D.L. 31 maggio 1994, n. 330",Detrazione per interessi passivi e oneri accessori relativi a mutui ipotecari per l'acquisto di immobili adibiti ad abitazione principale spettante per mutui contratti entro il 31/12/1992,IRPEF,A REGIME,DETRAZIONE,"-4,3","-4,3","-4,3",23.270,"-184,3",PERSONE FISICHE,X,50
2023,19: CASA E ASSETTO URBANISTICO,216,"Art. 1, comma 4, D.L. 31 dicembre 1996, n. 669",Detrazione per interessi passivi relativi a mutui contratti nel 1997 per interventi di recupero del patrimonio edilizio,IRPEF,A REGIME,DETRAZIONE,"-0,2","-0,2","-0,2",1.278,"-145,9",PERSONE FISICHE,X,50
2023,19: CASA E ASSETTO URBANISTICO,217,"Art. 8, comma 1, L. 9 dicembre 1998, n. 431","Ulteriore riduzione del 30% del reddito imponibile che deriva al proprietario dai contratti stipulati o rinnovati ai sensi del comma 3 dell'art. 2 (contratti a canone concordato), ai sensi del comma 2 dell'articolo 5 (contratti di natura transitoria a studenti universitari) nonchè del comma 3 dell'art. 1(contratti di locazione stipulati dagli enti locali in qualità di conduttori per soddisfare esigenze abitative di carattere transitorio).",IRPEF,A REGIME,ESCLUSIONE,"-36,0","-36,0","-36,0",129.126,"-278,8",PERSONE FISICHE,X,50
2023,19: CASA E ASSETTO URBANISTICO,218,"Art. 8, comma 1, L. 9 dicembre 1998, n. 431",Sui contratti di locazione di immobili a canone concordato adibiti ad uso abitativo nei comuni ad alta densità abitativa l'imposta di registro si applica su una base imponibile ridotta al 70%,"IMPOSTE DI REGISTRO, DI BOLLO E IPOCATASTALI",A REGIME,RIDUZIONE DI IMPOSTA,"-2,1","-2,1","-2,1",,,PERSONE FISICHE E GIURIDICHE,X,50
2023,19: CASA E ASSETTO URBANISTICO,219,"Art. 2, comma 1-bis, D.L. 3 agosto 2004, n. 220","Applicabilità delle disposizioni di cui agli artt. 15, 17 e 18 del D.P.R. 29 settembre 1973 n. 601 per i mutui concessi da istituti ed enti previdenziali per l'acquisto di abitazioni",IMPOSTA SOSTITUTIVA,A REGIME,REGIME SOSTITUTIVO,Non quantificabile,"-2,1","-2,1",,,PERSONE FISICHE,X,50
2023,19: CASA E ASSETTO URBANISTICO,220,"Art. 1, comma 496, L. 23 dicembre 2005, n. 266 (norma istitutiva); Art. 1, comma 695, L. 27 dicembre 2019, n. 160 (modifica)","Applicazione di un'imposta sostitutiva delle imposte sui redditi, nella misura del 26%, sulle plusvalenze realizzate a seguito di cessioni a titolo oneroso di beni immobili acquistati o costruiti da non più di cinque anni",IMPOSTA SOSTITUTIVA,A REGIME,REGIME SOSTITUTIVO,"-61,4","-61,4","-61,4",,,PERSONE FISICHE,X,50
2023,19: CASA E ASSETTO URBANISTICO,221,"Art 1, commi da 344 a 349, L. 27 dicembre 2006, n. 296 (norma istitutiva); Art. 1, comma 48, L. 13 dicembre 2010, n. 220 (estensione); Art. 14 del D.L. 4 giugno 2013, n. 63 (modifica); Art. 1, comma 37, lett. a), L. 30 dicembre 2021, n. 234 (proroga); Art. 1, comma 88, L. 28 dicembre 2015, n. 208 (estensione); Art. 119, commi 1, 2 e 3, D.L. 19 maggio 2020, n. 34 (estensione); Art. 119, comma 8-bis, modificato, da ultimo, dall'art. 01, comma 1, D.L. 16 febbraio 2023, n. 11 (proroga)","Detrazione, nella misura del 55% e 65%, delle spese sostenute per vari interventi di riqualificazione energetica degli edifici esistenti di qualsiasi categoria catastale, anche rurale (""ecobonus""). La medesima detrazione si applica anche alle spese per l'acquisto, l'installazione e la messa in opera di dispositivi multimediali per il controllo a distanza degli impianti di riscaldamento, produzione di acqua calda o di climatizzazione delle unità abitative. Per le spese sostenute dal 1° luglio 2020 per specifici interventi indicati ai commi 1 e 2 dell'art. 119, D.L. n. 34 del 2020 la detrazione si applica nella misura del 110 per cento, fatto salvo il décalage previsto per gli interventi sui condomini.",IRPEF/IRES,"2024 2022, 2023, 2025 A SECONDA DELLA TIPOLOGIA DI BENEFICIARIO",DETRAZIONE,"-11.597,4","-11.550,3","-11.250,5",,,PERSONE FISICHE E GIURIDICHE,X,50
2023,19: CASA E ASSETTO URBANISTICO,222,"Art. 35, comma 10-ter1, D.L. 4 luglio 2006, n. 223","Le imposte di registro, ipotecaria e catastale sono dovute in misura fissa per le cessioni effettuate dalle banche e dagli intermediari finanziari in occasione dell'esercizio, da parte dell'utilizzatore, dell'opzione di acquisto dell'immobile concesso in locazione finanziaria, ovvero nel caso di retrocessione dell'immobile riveniente da contratti di locazione finanziaria risolti per inadempienza dell'utilizzatore.","IMPOSTE DI REGISTRO, DI BOLLO E IPOCATASTALI",A REGIME,IMPOSTA IN MISURA FISSA,Non quantificabile,"-11.550,3","-11.250,5",,,BANCHE E ASSICURAZIONI,X,50
2023,19: CASA E ASSETTO URBANISTICO,223,"Art. 8, comma 4-bis, D.L. 31 gennaio 2007, n. 7","Gli atti relativi alla portabilità del mutuo sono esenti dall'imposta sostitutiva di cui all'art. 17 del D.P.R. n. 601 del 1973 e dalle imposte di registro, bollo, ipotecaria e catastale","IMPOSTE DI REGISTRO, DI BOLLO E IPOCATASTALI",A REGIME,ESENZIONE,Non quantificabile,"-11.550,3","-11.250,5",,,PERSONE FISICHE,X,50
2023,19: CASA E ASSETTO URBANISTICO,224,"Art. 3, D.Lgs. 14 marzo 2011, n. 23 (norma istitutiva) Art.1, comma 6, L. 27 dicembre 2019, n. 160 (modifica)","Cedolare secca. Applicazione di un'imposta sostitutiva dell'IRPEF e delle addizionali all'IRPEF nonché dell'imposta di registro e di bollo, con aliquota del 21% sui canoni derivanti dalla locazione di immobili a uso abitativo. L'aliquota è ridotta al 10% nell'ipotesi di locazione a canone concordato",IMPOSTA SOSTITUTIVA,A REGIME,REGIME SOSTITUTIVO,"-2.866,2","-2.866,2","-2.866,2",2.892.986,"-937,0",PERSONE FISICHE,X,51
2023,19: CASA E ASSETTO URBANISTICO,225,"Art. 19, comma 15-bis, D.L. 6 dicembre 2011, n. 201","Esenzione dal pagamento dell’imposta sul valore degli immobili situati all'estero (IVIE) per l'abitazione principale se di categoria catastale diversa dalle categorie A/1, A/8 e A/9",ALTRO,A REGIME,ESENZIONE,"-0,7","-0,7","-0,7",1.451,"-449,5",PERSONE FISICHE,X,51
2023,19: CASA E ASSETTO URBANISTICO,226,"Art. 19, comma 15-bis, D.L. 6 dicembre 2011, n. 201","Aliquota ridotta dell’imposta sul valore degli immobili situati all'estero (IVIE) per l'abitazione principale se di categoria catastale A/1, A/8 o A/9",ALTRO,A REGIME,RIDUZIONE DI ALIQUOTA,"-0,7","-0,7","-0,7",1.451,"-449,5",PERSONE FISICHE,X,51
2023,19: CASA E ASSETTO URBANISTICO,227,"Art. 14, comma 2-quater, D.L. 4 giugno 2013, n. 63, inserito dall'art. 1, comma 2, lett. a), L. 11 dicembre 2016, n. 232 (norma istitutiva); Art. 1, comma 37, lett. a), L. 30 dicembre 2021, n. 234 (proroga); Art. 119, commi 1, 2 e 3, D.L. 19 maggio 2020, n. 34 (estensione); Art. 119, comma 8-bis, modificato, da ultimo, dall'art. 01, comma 1, D.L. 16 febbraio 2023, n. 11 (proroga)","Detrazione, nella misura del 70% o del 75%, per interventi di riqualificazione energetica sulle parti comuni condominiali. Per le spese sostenute dal 1° luglio 2020 per specifici interventi indicati ai commi 1 e 2 dell'art. 119, D.L. n. 34 del 2020 la detrazione si applica nella misura del 110 per cento, fatto salvo il décalage previsto per gli interventi sui condomini.",IRPEF,"2024 2022, 2023, 2025 A SECONDA DELLA TIPOLOGIA DI BENEFICIARIO",DETRAZIONE,"-8.298,9","-9.843,4","-11.271,3",,,PERSONE FISICHE E GIURIDICHE,X,51
2023,19: CASA E ASSETTO URBANISTICO,228,"Art. 14, comma 2-quater.1, D.L. 4 giugno 2013, n. 63, introdotto dall'art. 1, comma 3, lett. a), L. 27 dicembre 2017, n. 205 (norma istitutiva); Art. 1, comma 37, lett. a), L. 30 dicembre 2021, n. 234 (proroga)","Detrazione, nella misura dell'80% o dell'85%, per interventi su parti comuni di edifici condominiali finalizzati congiuntamente alla riduzione del rischio sismico e alla riqualificazione energetica.",IRPEF,2024,DETRAZIONE,"-3,0","-3,5","-3,5",,,PERSONE FISICHE E GIURIDICHE,X,51
2023,19: CASA E ASSETTO URBANISTICO,229,"Art. 16, comma 1, D.L. 4 giugno 2013, n. 63; Art. 1, comma 37, lett. b), L. 30 dicembre 2021, n. 234 (proroga); Art. 119, commi 5 e 6, D.L. 19 maggio 2020, n. 34 (estensione); Art. 119, comma 8-bis, modificato, da ultimo, dall'art. 01, comma 1, D.L. 16 febbraio 2023, n. 11 (proroga)","Detrazione, nella misura del 50%, per gli interventi di recupero del patrimonio edilizio esistente nonché per gli altri interventi previsti dall'art. 16-bis del TUIR. Per l'installazione di impianti solari fotovoltaici connessi alla rete elettrica su edifici o su strutture pertinenziali agli edifici nonché per l'installazione contestuale o successiva di sistemi di accumulo integrati negli impianti solari fotovoltaici agevolati spetta una detrazione nella misura del 110 per cento, fatto salvo il décalage previsto per gli interventi sui condomini, qualora tali interventi vengano effettuati congiuntamente a uno degli interventi trainanti previsti dai commi 1 e 4 dell'art. 119 del D.L. n. 34 del 2020.",IRPEF,"2024 2022, 2023, 2025 A SECONDA DELLA TIPOLOGIA DI BENEFICIARIO",DETRAZIONE,"-11.096,9","-11.123,6","-10.174,3",,,PERSONE FISICHE,X,51
2023,19: CASA E ASSETTO URBANISTICO,230,"Art. 16, commi da 1-bis a 1-septies, D.L. 4 giugno 2013, n. 63, inserito dalla legge di conversione n. 90 del 2013 (norma istitutiva); Art. 1, comma 2, lettera c), L. 11 dicembre 2016, n. 232 (modifica); Art. 46-quater, comma 1, D.L. 24 aprile 2017, n. 50 (integrazione); Art. 1, comma 68, L. 30 dicembre 2020, n. 178 (modifica); Art. 8, D.L. 30 aprile 2019, n. 34 (modifica); Art. 119, comma 4, D.L. 19 maggio 2020, n. 34 (estensione); Art. 119, comma 8-bis, modificato, da ultimo, dall'art. 01, comma 1, D.L. 16 febbraio 2023, n. 11 (proroga)","Detrazione del 50% per l'adozione di misure antisismiche di cui all'articolo 16-bis, comma 1, lettera i), del TUIR realizzate su edifici ricadenti nelle zone sismiche 1, 2 e 3 di cui all'ordinanza del Presidente del Consiglio dei Ministri n. 3274 del 20 marzo 2003, riferiti a costruzioni adibite ad abitazione o ad attività produttive (Sismabonus). La detrazione spetta in maggior misura in relazione a specifici interventi nonché in relazione agli interventi realizzati su parti comuni di edifici condominiali. La detrazione spetta anche con riferimento alle spese effettuate per la classificazione e la verifica sismica degli immobili. La detrazione spetta anche in caso di demolizione e ricostruzione di interi edifici allo scopo di ridurne il rischio sismico eseguiti da imprese di costruzione o ristrutturazione immobiliare, che provvedano, entro trenta mesi dalla data di conclusione dei lavori, alla successiva alienazione dell'immobile. Per le spese sostenute dal 1° luglio 2020 l'aliquota delle detrazioni spettanti e' elevata al 110 per cento, salvo il décalage previsto per gli interventi sui condomini.",IRPEF,"2024 2022, 2023, 2025 A SECONDA DELLA TIPOLOGIA DI BENEFICIARIO",DETRAZIONE,"-6.225,0","-7.227,9","-8.151,6",,,PERSONE FISICHE,X,51
2023,19: CASA E ASSETTO URBANISTICO,231,"Art. 16, comma 2, D.L. 4 giugno 2013, n. 63 (norma istitutiva); Art. 1, comma 37, lett. b), L. 30 dicembre 2021, n. 234 (modifica e proroga) Art. 1, comma 277, L. 29 dicembre 2022, n. 197 (modifica)","Detrazione, nella misura del 50%, per l'acquisto di mobili e grandi elettrodomestici di classe non inferiore alla classe A per i forni, alla classe E per le lavatrici, le lavasciugatrici e le lavastoviglie, alla classe F per i frigoriferi e i congelatori, per le apparecchiature per le quali sia prevista l'etichetta energetica, finalizzati all'arredo degli immobili oggetto di ristrutturazioni. La detrazione è calcolata su un ammontare complessivo non superiore a 10.000 euro per l'anno 2022, a 8.000 euro per l'anno 2023 e a 5.000 euro per l'anno 2024.",IRPEF,2024,DETRAZIONE,"-756,4","-760,6","-701,3",,,PERSONE FISICHE,X,51
2023,19: CASA E ASSETTO URBANISTICO,232,"Art. 119, comma 8, D.L. 19 maggio 2020, n. 34; Art. 119, comma 8-bis, modificato, da ultimo, dall'art. 01, comma 1, D.L. 16 febbraio 2023, n. 11 (proroga)","Per gli interventi di installazione di infrastrutture per la ricarica di veicoli elettrici negli edifici, eseguita congiuntamente a uno degli interventi trainanti di cui al comma 1 dell'art. 119 del d.l. n. 34/2020, la detrazione spetta nella misura del 110%, fatto salvo il décalage previsto per gli interventi sui condomini.",IRPEF/IRES,"2022, 2023, 2025 A SECONDA DELLA TIPOLOGIA DI BENEFICIARIO",DETRAZIONE,"-134,3","-143,7","-152,5",,,PERSONE FISICHE E GIURIDICHE,,52
2023,19: CASA E ASSETTO URBANISTICO,233,"Art. 9, comma 2-bis, D.L. 28 marzo 2014, n. 47 (norma istitutiva) Art. 4, comma 3-nonies, D.L. 30 dicembre 2019, n. 162 (modifica)","L'aliquota della cedolare secca (imposta sostitutiva dell'IRPEF e delle addizionali all'IRPEF nonché dell'imposta di registro e di bollo) ridotta al 10% si applica ai contratti stipulati nei comuni per i quali sia stato deliberato, nei cinque anni precedenti la data di entrata in vigore della L. n. 8 del 2020, lo stato di emergenza a seguito del verificarsi degli eventi calamitosi di cui all'art. 2, comma 1, lett. c), della L. n. 225 del 1992. Per l'anno 2020 l'agevolazione si applica esclusivamente ai contratti di locazione stipulati nei predetti comuni con popolazione fino a 10.000 abitanti.",IMPOSTA SOSTITUTIVA,A REGIME,REGIME SOSTITUTIVO,Stima compresa nella misura 224,"-143,7","-152,5",,,PERSONE FISICHE,,52
2023,19: CASA E ASSETTO URBANISTICO,234,"Art. 9, comma 2-bis.1, D.L. 28 marzo 2014, n. 47, inserito dall'art. 4, comma 3-nonies, D.L. 30 dicembre 2019, n. 162","L'aliquota della cedolare secca (imposta sostitutiva dell'IRPEF e delle addizionali all'IRPEF nonché dell'imposta di registro e di bollo) ridotta al 10% si applica ai contratti stipulati nei comuni di cui all'art. 1, comma 1, del D.L. n. 189 del 2016 (comuni colpiti dagli eventi sismici del centro Italia) in cui sia stata individuata con ordinanza sindacale una ""zona rossa""",IMPOSTA SOSTITUTIVA,A REGIME,REGIME SOSTITUTIVO,Stima compresa nella misura 224,"-143,7","-152,5",,,PERSONE FISICHE,,52
2023,19: CASA E ASSETTO URBANISTICO,235,"Art. 4, D.L. 24 aprile 2017, n. 50 (norma istitutiva); Art.1, comma 595, L. 30 dicembre 2020, n. 178 (modifica)","Applicazione, per i redditi derivanti dai contratti di locazione breve, dell'aliquota del 21 % in caso di opzione per l'imposta sostitutiva nella forma della cedolare secca (imposta sostitutiva dell'IRPEF e delle addizionali all'IRPEF nonché dell'imposta di registro e di bollo). Dall'anno 2021 il regime fiscale delle locazioni brevi di cui all'articolo 4, commi 2 e 3, del D.L. n. 50/2017 è riconosciuto solo in caso di destinazione alla locazione breve di non più di quattro appartamenti per ciascun periodo d'imposta. Negli altri casi l'attività di locazione, da chiunque esercitata, si presume svolta in forma imprenditoriale ai sensi dell'articolo 2082 del codice civile.",IMPOSTA SOSTITUTIVA,A REGIME,REGIME SOSTITUTIVO,Stima compresa nella misura 224,"-143,7","-152,5",,,PERSONE FISICHE,,52
2023,19: CASA E ASSETTO URBANISTICO,236,"Art. 1, commi 12-15, L. 27 dicembre 2017, n. 205 (norma istitutiva); Art. 1, comma 38, L. 30 dicembre 2021, n. 234 (proroga)","Detrazione, nella misura del 36 per cento, delle spese documentate, fino ad un ammontare complessivo delle stesse non superiore a 5.000 euro per unità immobiliare ad uso abitativo, sostenute per sistemazione a verde e per la realizzaizone di coperture a verde e di giardini pensili. La detrazione spetta anche per interventi effettuati sulle parti comuni esterne degli edifici condominiali.",IRPEF,2024,DETRAZIONE,"-27,3","-32,3","-32,3",,,PERSONE FISICHE,X,52
2023,19: CASA E ASSETTO URBANISTICO,237,"Art. 1, commi 219-224, L. 27 dicembre 2019, n. 160 (norma istitutiva); Art. 1, comma 39, L. 30 dicembre 2021, n. 234 (modifica e proroga)","Detrazione, nella misura del 90%, ridotta al 60% per l'anno 2022, delle spese documentate relative agli interventi, ivi inclusi quelli di sola pulitura o tinteggiatura esterna, finalizzati al recupero o restauro della facciata esterna degli edifici esistenti ubicati in zona A e B. Sono agevolabili esclusivamente gli interventi sulle strutture opache della facciata, su balconi o su ornamenti e fregi (bonus facciate).",IRPEF/IRES,2022,DETRAZIONE,"-2.991,0","-2.991,0","-2.991,0",,,PERSONE FISICHE E GIURIDICHE,,52
2023,19: CASA E ASSETTO URBANISTICO,238,"Art. 119, comma 1-ter, D.L. 19 maggio 2020, n. 34, comma inserito dall'art. 57-bis, comma 1, lett. a), D.L. 14 agosto 2020, n. 104 (norma istitutiva); Art. 119, comma 8-ter, modificato dall'art. 1, comma 28, lett. f), L. 30 dicembre 2021, n. 234 (proroga)","Nei comuni dei territori colpiti da eventi sismici, l'incentivo di cui al comma 1, art. 119, D.L. n.34 del 2020 spetta per l'importo eccedente il contributo previsto per la ricostruzione.",IRPEF,2025,DETRAZIONE,Stima compresa nella misura 230,"-2.991,0","-2.991,0",,,PERSONE FISICHE E GIURIDICHE,,52
2023,19: CASA E ASSETTO URBANISTICO,239,"Art. 119, comma 4-bis, D.L. 19 maggio 2020, n. 34 (norma istitutiva); Art. 119, comma 8-bis, modificato, da ultimo, dall'art. 01, comma 1, D.L. 16 febbraio 2023, n. 11 (proroga)","Per la realizzazione di sistemi di monitoraggio strutturale continuo a fini antisismici spetta la detrazione del 110% di cui al comma 4, art. 119 del D.L. n. 34 del 2020, fatto salvo il décalage previsto per gli interventi sui condomini, a condizione che i lavori siano eseguiti congiuntamente a uno degli interventi di cui ai commi da 1- bis a 1-septies dell’articolo 16 del decreto-legge 4 giugno 2013, n. 63, convertito, con modificazioni, dalla legge 3 agosto 2013, n. 90, nel rispetto dei limiti di spesa previsti dalla legislazione vigente per i medesimi interventi.",IRPEF,"2022, 2023, 2025 A SECONDA DELLA TIPOLOGIA DI BENEFICIARIO",DETRAZIONE,Stima compresa nella misura 230,"-2.991,0","-2.991,0",,,PERSONE FISICHE E GIURIDICHE,,52
2023,19: CASA E ASSETTO URBANISTICO,240,"Art. 119, comma 4-ter, D.L. 19 maggio 2020, n. 34, comma inserito dall'art. 57-bis, comma 1, lett. b), D.L. 14 agosto 2020, n. 104 (norma istitutiva); Art. 119, comma 8-ter, D.L. 19 maggio 2020, n. 34, inserito dall'art. 1, comma 28, lett. f), L. 30 dicembre 2021, n. 234 (proroga)","I limiti delle spese ammesse alla fruizione degli incentivi fiscali eco bonus e sisma bonus di cui ai commi da 1 a 4-bis, art. 119, del D.L. n.34 del 2020 sono aumentati del 50 per cento per gli interventi di ricostruzione riguardanti i fabbricati danneggiati dal sisma nei comuni di cui agli elenchi allegati al D.L n. 189 del 2016 e di cui al D.L. n. 39 del 2009 nonché nei comuni interessati da tutti gli eventi sismici verificatisi dopo l'anno 2008 dove sia stato dichiarato lo stato di emergenza",IRPEF,2025,DETRAZIONE,Stima compresa nella misura 230,2025,2026,,,PERSONE FISICHE E GIURIDICHE,,53
2023,19: CASA E ASSETTO URBANISTICO,241,"Art. 119, comma 8-bis, terzo periodo, D.L. 19 maggio 2020, n. 34, introdotto dall'art. 9, comma 1, lett. a), D.L. 18 novembre 2022, n. 176 (norma istitutiva)","Detrazione nella misura del 90% per gli interventi di cui all'art. 119, D.L. n. 34 del 2020 avviati a partire dal 1° gennaio 2023 su unità immobiliari dalle persone fisiche al di fuori dell'esercizio di attività di impresa, arti e professioni, a condizione che il contribuente soddisfi specifici requisiti reddituali e familiari.",IRPEF,2023,DETRAZIONE,Stima compresa nella misura 230,2025,2026,,,PERSONE FISICHE,,53
2023,19: CASA E ASSETTO URBANISTICO,242,"Art. 119, comma 16-ter, D.L. 19 maggio 2020, n. 34; Art. 119, comma 8-bis, modificato dall'art. 1, comma 28, lett. e), L. 30 dicembre 2021, n. 234 (proroga) Art. 1, comma 10, L. 29 dicembre 2022, n. 197 (estensione)","La detrazione del 110%, di cui all'art. 119, comma 5, del D.L. n. 34/2020, fatto salvo il décalage previsto per gli interventi sui condomini, spetta anche in relazione all’installazione degli impianti fino a 200 kW appartenenti a comunità energetiche rinnovabili costituite in forma di enti non commerciali o da parte di condomìni che aderiscono alle configurazioni di cui all’articolo 42-bis del decreto-legge 30 dicembre 2019, n. 162. Per gli interventi contemplati nel comma 10-bis, art. 119, D.L. n. 34 del 2020, in relazione agli impianti fino alla soglia di 200 kW la detrazione spetta comunque nella misura del 110%.",IRPEF,"2022, 2023, 2025 A SECONDA DELLA TIPOLOGIA DI BENEFICIARIO",DETRAZIONE,Stima compresa nella misura 230,2025,2026,,,PERSONE FISICHE E GIURIDICHE,,53
2023,19: CASA E ASSETTO URBANISTICO,243,"Art. 64, commi 6-10, D.L. 25 maggio 2021, n. 73","Esenzione dall’imposta di registro e dalle imposte ipotecaria e castale a favore degli under 36 che acquistano la prima casa non di lusso e che hanno un indicatore ISEE non superiore a 40.000 euro annui. A favore dei suddetti soggetti che acquistano la prima casa con atto soggetto all’IVA, è previsto un credito d’imposta pari all’IVA pagata.","IMPOSTE DI REGISTRO, DI BOLLO E IPOCATASTALI",2022,ESENZIONE,"0,0","0,0","0,0",,,PERSONE FISICHE,,53
2023,19: CASA E ASSETTO URBANISTICO,244,"Art. 64, comma 7, D.L. 25 maggio 2021, n. 73 (norma istitutiva); Art. 1, comma 151, L. 30 dicembre 2021, n. 234 (proroga)","Per gli atti traslativi a titolo oneroso della proprieta' di ""prime case"" di abitazione, relativi a cessioni soggette all'imposta sul valore aggiunto, e' attribuito agli acquirenti che non hanno ancora compiuto trentasei anni di eta' nell'anno in cui l'atto e' stipulato un credito d'imposta di ammontare pari all'imposta sul valore aggiunto corrisposta in relazione all'acquisto. Il credito d' imposta puo' essere portato in diminuzione dalle imposte di registro, ipotecaria, catastale, sulle successioni e donazioni dovute sugli atti e sulle denunce presentati dopo la data di acquisizione del credito, ovvero puo' essere utilizzato in diminuzione delle imposte sui redditi delle persone fisiche dovute in base alla dichiarazione da presentare successivamente alla data dell'acquisto; puo' altresi' essere utilizzato in compensazione ai sensi del decreto legislativo 9 luglio 1997, n. 241. Il credito d'imposta in ogni caso non da' luogo a rimborsi.",CREDITO D'IMPOSTA,2022,CREDITO D'IMPOSTA,"0,0","0,0","0,0",,,PERSONE FISICHE,,53
2023,19: CASA E ASSETTO URBANISTICO,245,"Art. 64, commi 8 e 9, D.L. 25 maggio 2021, n. 73; art. 1, comma 151, lett. b), L. 30 dicembre 2021, n. 234","L’esenzione dal pagamento dell’imposta sostitutiva sui finanziamenti, che ordinariamente sarebbe dovuta in ragione dello 0,25 % ai sensi dell’articolo 18 del decreto del Presidente della Repubblica 29 settembre 1973, n. 601, per i finanziamenti concessi per l'acquisto della prima casa non di lusso da parte di soggetti che non hanno ancora compiuto trentasei anni di età nell’anno in cui l’atto è rogitato e che hanno un valore dell'indicatore della situazione economica equivalente, stabilito ai sensi del regolamento di cui al decreto del Presidente del Consiglio dei ministri 5 dicembre 2013, n. 159, non superiore a 40.000 euro annui.",IMPOSTA SOSTITUTIVA,2022,ESENZIONE,"0,0","0,0","0,0",,,PERSONE FISICHE,,53
2023,19: CASA E ASSETTO URBANISTICO,246,"Art. 119, comma 8-ter, primo periodo, D.L. 19 maggio 2020, n. 34, introdotto dall'art. 1, comma 28, lett. f), L. 30 dicembre 2021, n. 234","Per gli interventi effettuati nei comuni dei territori colpiti da eventi sismici verificatisi a far data dal 1° aprile 2009 dove sia stato dichiarato lo stato di emergenza, la detrazione di cui ai commi 1-ter, 4-ter e 4-quater d ell'art. 119, d.l. n.34/2020 spetta, in tutti i casi disciplinati dal comma 8-bis, nella misura del 110 per cento.",IRPEF,2025,DETRAZIONE,Stima compresa nella misura 230,"0,0","0,0",,,PERSONE FISICHE E GIURIDICHE,,53
2023,19: CASA E ASSETTO URBANISTICO,247,"Art. 119, comma 8-ter, secondo periodo, D.L. 19 maggio 2020, n. 34, introdotto dall'art. 9, comma 1, lett. c), D.L. 18 novembre 2022, n. 176","Per gli interventi effettuati sulle strutture socio-sanitarie ed assistenziali di cui al comma 10-bis, art. 119, D.L. n. 34 del 2020, la detrazione spetta comunque nella misura del 110 per cento.",IRPEF,2025,DETRAZIONE,Stima compresa nella misura 230,"0,0","0,0",,,ASSOCIAZIONI E ENTI DEL TERZO SETTORE,,53
2023,19: CASA E ASSETTO URBANISTICO,248,"Art. 119-ter, D.L. 19 maggio 2020, n. 34, introdotto dall'art. 1, comma 42, lett. f), L. 30 dicembre 2021, n. 234 Art. 1, comma 365, lett. a), L. 29 dicembre 2022, n. 197 (proroga)","Detrazione, nella misura del 75%, delle spese sostenute per la realizzazione di interventi direttamente finalizzati al superamento e all'eliminazione di barriere architettoniche in edifici già esistenti. La detrazione è c u a n l i c t o à l i a m ta m s o u b u il n ia a r m i c m he o n c t o a m re p c o o n m go p n le o s l s 'e iv d o ifi n c o i n o. superiore a specifiche soglie che variano in relazione al numero di",IRPEF,2025,DETRAZIONE,"-20,4","-30,0","-38,9",,,PERSONE FISICHE E GIURIDICHE,,54
2023,19: CASA E ASSETTO URBANISTICO,249,"Art. 1, comma 10, D.L. 1° giugno 2023, n. 61","Estensione al 31 dicembre 2023 della detrazione del 110% di cui all'articolo 119, comma 8-bis, secondo periodo, del decreto-legge 19 maggio 2020, n. 34 (""superbonus"") per le spese relative agli interventi effettuati su unità immobiliari ubicate nei territori colpiti dagli eventi alluvionali in Emilia-Romagna, Marche e Toscana.",IRPEF,2023,DETRAZIONE,Stima compresa nella misura 230,"-30,0","-38,9",,,PERSONE FISICHE,,54
2023,19: CASA E ASSETTO URBANISTICO,250,"Art. 1, comma 812, L. 30 dicembre 2021, n. 234","Credito d'imposta, nel limite massimo complessivo di 3 milioni di euro per l'anno 2022, per le spese relative all'installazione di sistemi di accumulo integrati in impianti di produzione elettrica alimentati da fonti rinnovabili, anche se già esistenti e beneficiari degli incentivi per lo scambio sul posto di cui all'art. 25-bis del d.l. n. 91/2014.",IRPEF,2022,DETRAZIONE,"0,0","0,0","0,0",,,PERSONE FISICHE,,54
2023,19: CASA E ASSETTO URBANISTICO,251,"Art. 1, comma 76, L. 29 dicembre 2022, n. 197","Detrazione, fino alla concorrenza del suo ammontare, del 50 per cento dell’importo corrisposto per il pagamento dell’imposta sul valore aggiunto in relazione all’acquisto, effettuato entro il 31 dicembre 2023, di unità immobiliari a destinazione residenziale, di classe energetica A o B ai sensi della normativa vigente, cedute da organismi di investimento collettivo del risparmio (OICR) immobiliari o dalle imprese che le hanno costruite.",IRPEF,2023,DETRAZIONE,"-5,2","-3,0","-3,0",,,PERSONE FISICHE,,54
2023,20: TUTELA DELLA SALUTE,252,"Art. 10, comma 1, n. 18), d.P.R. 26 ottobre 1972, n. 633; Art. 18, commi 2 e 3, D.L. 21 giugno 2022, n. 73","Esenzione senza diritto a detrazione dell’IVA a monte delle prestazioni sanitarie di diagnosi, cura e riabilitazione rese alla persona nell’esercizio delle professioni e arti sanitarie soggette a vigilanza, di cui all’art. 10, primo comma, n. 18. L’articolo 18, comma 2 e 3, del d.l. n. 73 del 2022 ha esteso il regime di esenzione di cui all'articolo 10, primo comma, n. 18), del d.p.r. n. 633 del 1972 anche alle ipotesi in cui le prestazioni sanitarie siano rese dalla casa di ricovero e cura non convenzionata con il sistema sanitario, e quest’ultima acquisti la suddetta prestazione sanitaria presso un professionista che applica il regime di esenzione di cui al citato numero 18; in tal caso, l’esenzione opera per la prestazione di ricovero e cura fino a concorrenza del corrispettivo dovuto dalla struttura non convenzionata al professionista sanitario. Per completezza, si fa presente che la successiva lettera b) dell'articolo 18, del d.l. n. 73 del 2022 modifica il n. 120 della Tabella A, parte III, allegata al DPR n. 633 del 1972 per estendere l’applicazione dell’aliquota IVA del 10 per cento, alle prestazioni di ricovero e cura, comprese le prestazioni di maggiore comfort alberghiero, diverse da quelle esenti ai sensi dell’articolo 10, primo comma, n. 18) e n. 19), del medesimo DPR n. 633, nonché alle prestazioni di alloggio rese agli accompagnatori delle persone ricoverate. Esenzione prevista dalla Direttiva 2006/112/CE, art. 132, lettera c).",IVA,A REGIME,ESENZIONE,Non quantificabile,"-3,0","-3,0",,,PERSONE FISICHE,X,54
2023,20: TUTELA DELLA SALUTE,253,"Art. 10, comma 1, n. 19), d.P.R. 26 ottobre 1972 n. 633","Esenzione delle prestazioni di ricovero e cura rese da enti ospedalieri o da cliniche e case di cura convenzionate senza diritto a detrazione dell’IVA a monte, come da Direttiva 2006/112/CE, art. 132, lettera b).",IVA,A REGIME,ESENZIONE,Non quantificabile,"-3,0","-3,0",,,PERSONE FISICHE,X,54
2023,20: TUTELA DELLA SALUTE,254,"Art. 10, comma 1, n. 24), d.P.R. 26 ottobre 1972, n 633","Esenzione delle cessioni di organi, sangue e latte umani e di plasma sanguigno, come da Direttiva 2006/112/CE, art. 132, lettera d).",IVA,A REGIME,ESENZIONE,Non quantificabile,"-3,0","-3,0",,,PERSONE FISICHE E GIURIDICHE,X,54
2023,20: TUTELA DELLA SALUTE,255,"Art. 10, comma 1, n. 27-ter), d.P.R. 26 ottobre 1972, n 633","Esenzione, senza diritto a detrazione dell’IVA a monte, delle prestazioni socio-sanitarie, di assistenza domiciliare o ambulatoriale, in comunita' e simili, in favore di persone disagiate rese da organismi di diritto pubblico organismi di diritto pubblico, da istituzioni sanitarie riconosciute che erogano assistenza pubblica, previste dall'articolo 41 della legge 23 dicembre 1978, n. 833, o da enti aventi finalità di assistenza sociale e da enti del Terzo settore di natura non commerciale, come da Direttiva 2006/112/CE, art. 132, lettere g) e h).",IVA,A REGIME,ESENZIONE,Non quantificabile,"-3,0","-3,0",,,PERSONE FISICHE,X,54
2023,20: TUTELA DELLA SALUTE,256,"Art. 10, comma 1, lett. b), e comma 2, TUIR",Deduzione delle spese mediche e di quelle di assistenza specifica necessarie nei casi di grave e permanente invalidità o menomazione. Tali spese sono deducibili anche se sono state sostenute per le persone indicate nell'articolo 433 del codice civile.,IRPEF,A REGIME,DEDUZIONE,"-353,7","-353,7","-353,7",270.981,"-1.305,2",PERSONE FISICHE,X,54
2023,20: TUTELA DELLA SALUTE,257,"Art. 10, comma 1, lett. e-ter), TUIR","Deduzione dei contributi versati, fino ad un massimo di euro 3.615,20, ai fondi integrativi del servizio sanitario nazionale istituiti o adeguati ai sensi del d.lgs 502 del 1992",IRPEF,A REGIME,DEDUZIONE,"-714,3","-714,3","-714,3",8.839.384,"80,8",PERSONE FISICHE,X,54
2023,20: TUTELA DELLA SALUTE,258,"Art. 15, comma 1, lett. c) e comma 2, TUIR","Detrazione, nella misura del 19%, per la parte che eccede euro 129,11, delle spese sanitarie, spese mediche e di assistenza specifica diverse da quelle di cui all'art. 10, comma 1, lett. b), del Tuir, spese per prestazioni mediche specialistiche. La detrazione spetta anche se gli oneri sono sostenuti nell'interesse dei familiari fiscalmente a carico.",IRPEF,A REGIME,DETRAZIONE,"-3.996,8","-3.996,8","-3.996,8",20.078.452,"-199,1",PERSONE FISICHE,X,55
2023,20: TUTELA DELLA SALUTE,259,"Art. 100, comma 2, lett. o), TUIR",Deducibilità delle erogazioni liberali in denaro effettuate per la realizzazione di programmi di ricerca scientifica nel settore della sanità,IRPEF/IRES,A REGIME,DEDUZIONE,Stima compresa nelle misure da 279 a 282,"-3.996,8","-3.996,8",,,PERSONE FISICHE E GIURIDICHE,X,55
2023,20: TUTELA DELLA SALUTE,260,"Art. 5, comma 3, D.lgs. 30 giugno 1993, n. 269","Esenzione da imposta di donazione, ipotecarie e catastali per le donazioni a favore degli istituti di ricovero e cura a carattere scientifico di immobili con specifica destinazione a finalità sanitarie",IMPOSTE SU SUCCESSIONI E DONAZIONI,A REGIME,ESENZIONE,"-0,2","-0,2","-0,2",,,ASSOCIAZIONI E ENTI DEL TERZO SETTORE,X,55
2023,20: TUTELA DELLA SALUTE,261,"Tabella A, punto 13, TUA",Riduzione dell'accisa sui carburanti per le autoambulanze -,ACCISA,A REGIME,RIDUZIONE DI ALIQUOTA,"-2,4","-2,4","-2,4",,,ASSOCIAZIONI E ENTI DEL TERZO SETTORE,X,55
2023,20: TUTELA DELLA SALUTE,262,"Art. 8, comma 3, L. 6 marzo 2001, n. 52","Detrazione dall'imposta sul reddito per un importo non superiore al 30% dell'imposta lorda dovuta per le donazioni effettuate da enti o privati all'ente ospedaliero ""Ospedale Galliera"" di Genova",IRPEF/IRES,A REGIME,DETRAZIONE,Effetti di trascurabile entità,"-2,4","-2,4",,,PERSONE FISICHE E GIURIDICHE,X,55
2023,20: TUTELA DELLA SALUTE,263,"Art. 1, commi 960-963, L. 28 dicembre 2015, n. 208","Aliquota IVA ridotta del 5% per le prestazioni socio-sanitarie, assistenziali ed educative rese dalle cooperative sociali e loro consorzi dal 1° gennaio 2016",IVA,A REGIME,RIDUZIONE DI ALIQUOTA,"-662,5","-662,5","-662,5",,,PERSONE FISICHE,X,55
2023,20: TUTELA DELLA SALUTE,264,"Art. 1, comma 666, L. 27 dicembre 2019, n. 160 (norma istitutiva); Art. 1, comma 1086, L. 30 dicembre 2020, n. 178 (modifica); Art. 1, comma 12, lett. b), L. 30 dicembre 2021, n. 234 (proroga); Art. 1, comma 64, lett. b), L. 29 dicembre 2022, n. 197 (modifica)","Esenzione dal pagamento dell’imposta di consumo sulle bevande edulcorate istituita dall'articolo 1, comma 661, della Legge 27 dicembre 2019 , n. 160 (Legge di Bilancio 2020). L'efficacia delle disposizioni recanti la disciplina dell'imposta in argomento entrano in vigore il 1° gennaio 2024",ALTRO,A REGIME,ESENZIONE,"-24,1","-24,1","-24,1",,,IMPRESE E SOCIETA',,55
2023,20: TUTELA DELLA SALUTE,265,"Art. 1, comma 452, L. 30 dicembre 2020, n. 178","La misura esenta dall'IVA, fino al 31 dicembre 2022, con riconoscimento del diritto alla detrazione di quella assolta a monte, le cessioni della strumentazione per diagnostica per COVID-19 e le prestazioni di servizi strettamente connesse a detta strumentazione.Si segnala che l’articolo 3-ter della legge 26 febbraio 2021, n. 21 di conversione in legge, con modificazioni, del decreto-legge 31 dicembre 2020, n. 183, recante “Disposizioni in materia di esenzione dall'imposta sul valore aggiunto per le cessioni di beni necessari per il contenimento e la gestione dell'emergenza epidemiologica da COVID-19”, è intervenuto al fine di prevedere che il richiamo del Regolamento (UE) 2017/745 del Parlamento europeo e del Consiglio, del 5 aprile 2017, deve intendersi riferito al Regolamento (UE) 2017/746 del Parlamento europeo e del Consiglio, del 5 aprile 2017, in conformità alla direttiva (UE) 2020/2020 del Consiglio, del 7 dicembre 2020. Il suddetto Regolamento (UE) 2017/746 stabilisce le norme relative all'immissione sul mercato, la messa a disposizione sul mercato o la messa in servizio dei dispositivi medico-diagnostici in vitro per uso umano e degli accessori per tali dispositivi nell'Unione. Il Regolamento si applica inoltre agli studi delle prestazioni riguardanti tali dispositivi medico- diagnostici in vitro e relativi accessori condotti nell'Unione.",IVA,2020/2022,ESENZIONE,"0,0","0,0","0,0",,,PERSONE FISICHE E GIURIDICHE,,55
2023,20: TUTELA DELLA SALUTE,266,"Art. 1, comma 453, L. 30 dicembre 2020, n. 178","La norma stabilisce, in deroga al numero 114) della tabella A, parte III, allegata al D.P.R. n. 633/1973, che le cessioni di vaccini contro il Covid-19 e le prestazioni di servizi strettamente connesse a tali vaccini sono esenti dall’IVA, con diritto alla detrazione dell’imposta, dal 20 dicembre 2020 al 31 dicembre 2022",IVA,2020/2022,ESENZIONE,"0,0","0,0","0,0",,,PERSONE FISICHE E GIURIDICHE,,55
2023,20: TUTELA DELLA SALUTE,267,"Art. 27, DL 8 aprile 2020, n. 23","Cessione gratuita di farmaci ad uso compassionevole individuati ai sensi del decreto del Ministero della salute 7 settembre 2017, per contrastare l’emergenza epidemiologica da COVID‐19. E' previsto che: -il valore normale dei farmaci ceduti non concorra alla formazione dei ricavi del soggetto cedente ai fini delle imposte dirette; - non operi la presunzione di cessione di cui all’art. 1 del DPR n. 441/1997 e pertanto le cessioni sono escluse da IVA con diritto a detrazione dell'imposta pagata a monte",IMPOSTE DIRETTE E IVA,A REGIME,ESCLUSIONE,"0,0","0,0","0,0",,,IMPRESE E SOCIETA',,55
2023,20: TUTELA DELLA SALUTE,268,"Art. 124, comma 1, D.L. 19 maggio 2020, n. 34","Applicazione aliquota IVA del 5% alle cessioni di beni funzionali a contrastare la pandemia di Covid 19 - Ventilatori polmonari per terapia intensiva e subintensiva; monitor multiparametrico anche da trasporto; pompe infusionali per farmaci e pompe peristaltiche per nutrizione enterale; tubi endotracheali; caschi per ventilazione a pressione positiva continua; maschere per la ventilazione non invasiva; sistemi di aspirazione; umidificatori; laringoscopi; strumentazione per accesso vascolare; aspiratore elettrico; centrale di monitoraggio per terapia intensiva; ecotomografo portatile; elettrocardiografo; tomografo computerizzato; mascherine chirurgiche; mascherine Ffp2 e Ffp3; articoli di abbigliamento protettivo per finalità sanitarie quali guanti in lattice, in vinile e in nitrile, visiere e occhiali protettivi, tute di protezione, calzari e soprascarpe, cuffie copricapo, camici impermeabili, camici chirurgici; termometri; detergenti disinfettanti per mani; dispenser a muro per disinfettanti; soluzione idroalcolica in litri; perossido al 3 per cento in litri; carrelli per emergenza; estrattori RNA; strumentazione per diagnostica per COVID-19; tamponi per analisi cliniche; provette sterili; attrezzature per la realizzazione di ospedali da campo.",IVA,A REGIME,RIDUZIONE DI ALIQUOTA,"-666,1","-666,1","-666,1",,,PERSONE FISICHE E CATEGORIE PARTICOLARI,,56
2023,20: TUTELA DELLA SALUTE,269,"Art. 31, D.L. 25 maggio 2021, n. 73; Art. 23, D.L. 21 giugno 2022, n. 73 (modifica ambito oggettivo)","Credito d'imposta alle imprese che effettuano attività di ricerca e sviluppo per farmaci inclusi i vaccini, nella misura del 20 per cento dei costi sostenuti dal 1° giugno 2021 al 31 dicembre 2030 nel rispetto dei limiti e delle condizioni previsti dal regolamento (UE) n. 651/2014 della Commissione.",CREDITO D'IMPOSTA,2030,CREDITO D'IMPOSTA,"-7,7","-7,7","-7,7",,,SOGGETTI E CATEGORIE PARTICOLARI,,56
2023,20: TUTELA DELLA SALUTE,270,"Art. 12, L. 10 novembre 2021, n. 175","Contributo, sotto forma di credito d'imposta, nella misura del 65 per cento, a favore dei soggetti pubblici e privati che svolgono attività di ricerca o che finanziano progetti di ricerca sulle malattie rare o sui farmaci orfani svolti da enti di ricerca pubblici o privati",CREDITO D'IMPOSTA,A REGIME,CREDITO D'IMPOSTA,"-10,0","-10,0","-10,0",,,SOGGETTI E CATEGORIE PARTICOLARI,,56
2023,20: TUTELA DELLA SALUTE,271,"Art. 1, comma 72, L. 29 dicembre 2022, n. 197","Prodotti per l’infanzia: latte in polvere o liquido per l’alimentazione dei lattanti o dei bambini nella prima infanzia, condizionato per la vendita al minuto; preparazioni alimentari di farine, semole, semolini, amidi, fecole o estratti di malto per l'alimentazione dei lattanti o dei bambini, condizionate per la vendita al minuto; pannolini per bambini; seggiolini per lattanti o per bambini da installare negli autoveicoli.",IVA,A REGIME,RIDUZIONE DI ALIQUOTA,"-124,9","-124,9","-124,9",,,PERSONE FISICHE,,56
2023,21: TUTELA E VALORIZZAZIONE DEI BENI E ATTIVITA’ CULTURALI E PAESAGGISTICI,272,"Art. 3, comma 3, d.P.R. 26 ottobre 1972, n. 633",Non assoggettamento ad IVA delle operazioni di divulgazione pubblicitaria svolte a beneficio delle attivita' istituzionali di enti del Terzo settore di natura non commerciale.,IVA,A REGIME,ESCLUSIONE,Non quantificabile,"-124,9","-124,9",,,ASSOCIAZIONI E ENTI DEL TERZO SETTORE,X,56
2023,21: TUTELA E VALORIZZAZIONE DEI BENI E ATTIVITA’ CULTURALI E PAESAGGISTICI,273,"Art. 3, comma 4, lett. a), d.P.R. 26 ottobre 1972, n. 633",Non assoggettamento ad IVA delle cessioni di diritti d'autore effettuate dagli autori o dai loro eredi,IVA,A REGIME,ESCLUSIONE,Non quantificabile,"-124,9","-124,9",,,PERSONE FISICHE,X,56
2023,21: TUTELA E VALORIZZAZIONE DEI BENI E ATTIVITA’ CULTURALI E PAESAGGISTICI,274,"Nota sub punto 1 all’art. 18 della Tariffa, allegata al d.P.R. 26 ottobre 1972, n. 641",Tasse sulle concessioni governative ridotte al 25% ai concessionari privati per la radiodiffusione sonora a carattere comunitario,ALTRO,A REGIME,RIDUZIONE DI ALIQUOTA,"-2,0","-2,0","-2,0",,,SOGGETTI E CATEGORIE PARTICOLARI,X,56
2023,21: TUTELA E VALORIZZAZIONE DEI BENI E ATTIVITA’ CULTURALI E PAESAGGISTICI,275,"Art. 5-bis, d.P.R. 29 settembre 1973, n. 601","Non concorrenza alla formazione del reddito complessivo dei redditi catastali degli immobili destinati ad usi culturali (totalmente adibiti a sedi aperte al pubblico di musei , biblioteche, archivi, cineteche)",IRPEF/IRES,A REGIME,ESCLUSIONE,Non quantificabile,"-2,0","-2,0",,,PERSONE FISICHE,X,56
2023,21: TUTELA E VALORIZZAZIONE DEI BENI E ATTIVITA’ CULTURALI E PAESAGGISTICI,276,"Art. 5, comma 13, D.L. 30 dicembre 1982, n. 953",I contratti di assicurazione dei beni di interesse storico e artistico sono esenti dall'imposta sulle assicurazioni,ALTRO,A REGIME,ESENZIONE,Non quantificabile,"-2,0","-2,0",,,PERSONE FISICHE E GIURIDICHE,X,56
2023,21: TUTELA E VALORIZZAZIONE DEI BENI E ATTIVITA’ CULTURALI E PAESAGGISTICI,277,"Art. 15, comma 1, lett. h) e h-bis), TUIR","Detrazione, nella misura del 19%, per erogazioni liberali in denaro e in natura a favore dello Stato, delle regioni, degli enti locali territoriali, di enti o istituzioni pubbliche, di comitati organizzatori, di fondazioni e associazioni legalmente riconosciute che, senza scopo di lucro, svolgono attività di studio, ricerca e documentazione di rilevante valore culturale e artistico, nonché per le erogazioni effettuate per l’organizzazione di mostre ed esposizioni di rilevante interesse scientifico-culturale.",IRPEF,A REGIME,DETRAZIONE,"-2,4","-2,4","-2,4",7.794,"-311,8",PERSONE FISICHE,X,56
2023,21: TUTELA E VALORIZZAZIONE DEI BENI E ATTIVITA’ CULTURALI E PAESAGGISTICI,278,"Art. 15, comma 1, lett. i), TUIR","Detrazione, nella misura del 19%, per le erogazioni liberali in denaro, per importo non superiore al 2% del reddito complessivo dichiarato, in favore di enti o istituzioni pubbliche, fondazioni e associazioni legalmente riconosciute che, senza scopo di lucro, svolgono esclusivamente attività nello spettacolo",IRPEF,A REGIME,DETRAZIONE,Effetti di trascurabile entità,"-2,4","-2,4",,,PERSONE FISICHE,X,56
2023,21: TUTELA E VALORIZZAZIONE DEI BENI E ATTIVITA’ CULTURALI E PAESAGGISTICI,279,"Art. 100, comma 1 e comma 2, lett. a), b), d), e), TUIR","Deduzione dal reddito d'impresa con limiti determinati per le singole fattispecie - tra cui: - a) opere o servizi destinati ai dipendenti per finalità di educazione, istruzione, ricreazione, assistenza sociale e sanitaria o culto; - b) erogazioni liberali in favore di persone giuridiche che perseguono le finalità di cui alla lettera a), ovvero di ricerca scientifica, nonché contributi, donazioni e oblazioni in favore delle O.N.G; - c) erogazioni liberali in favore di persone giuridiche aventi sede nel Mezzogiorno aventi esclusiva finalità di ricerca scientifica; - d) erogazioni liberali a favore di concessionari privati per la radiodiffusione sonora a carattere comunitario; - e) spese sostenute dai soggetti obbligati alla manutenzione, protezione e restauro delle cose vincolate.",IRPEF/IRES,A REGIME,DEDUZIONE,"-46,5","-46,5","-46,5",14.097,"-3.298,8",PERSONE FISICHE E GIURIDICHE,X,57
2023,21: TUTELA E VALORIZZAZIONE DEI BENI E ATTIVITA’ CULTURALI E PAESAGGISTICI,280,"Art. 100, comma 2, lett. f), TUIR","Deducibilità delle erogazioni liberali in denaro favore dello Stato, di enti o istituzioni pubbliche, associazioni e fondazioni riconosciute con finalità di studio, ricerca e documentazione di rilevante valore culturale e artistico, nonché per le erogazioni effettuate per l’organizzazione di mostre ed esposizioni di rilevante interesse scientifico-culturale.",IRPEF/IRES,A REGIME,DEDUZIONE,"-46,5","-46,5","-46,5",14.097,"-3.298,8",PERSONE FISICHE E GIURIDICHE,X,57
2023,21: TUTELA E VALORIZZAZIONE DEI BENI E ATTIVITA’ CULTURALI E PAESAGGISTICI,281,"Art. 100, comma 2, lett. g), TUIR","Deducibilità per un importo non superiore al 2% del reddito d'impresa delle erogazioni liberali in denaro a favore di enti o istituzioni pubbliche, associazioni e fondazioni che, senza scopo di lucro, svolgono esclusivamente attività nello spettacolo",IRPEF/IRES,A REGIME,DEDUZIONE,"-46,5","-46,5","-46,5",14.097,"-3.298,8",PERSONE FISICHE E GIURIDICHE,X,57
2023,21: TUTELA E VALORIZZAZIONE DEI BENI E ATTIVITA’ CULTURALI E PAESAGGISTICI,282,"Art. 100, comma 2, lett. m), TUIR","Deducibilità delle erogazioni liberali in denaro a favore dello Stato, delle regioni, degli enti locali territoriali, di enti o istituzioni pubbliche, di fondazioni e di associazioni legalmente riconosciute, per lo svolgimento dei loro compiti istituzionali e per la realizzazione di programmi culturali nei settori dei beni culturali e dello spettacolo",IRPEF/IRES,A REGIME,DEDUZIONE,"-46,5","-46,5","-46,5",14.097,"-3.298,8",PERSONE FISICHE E GIURIDICHE,X,57
2023,21: TUTELA E VALORIZZAZIONE DEI BENI E ATTIVITA’ CULTURALI E PAESAGGISTICI,283,"Art. 13, comma 1, D.Lgs. 31 ottobre 1990, n. 346","I beni culturali di cui agli articoli 1, 2 e 5 della legge 1° giugno 1939, n. 1089, e all'art. 36 del decreto del Presidente della Repubblica 30 settembre 1963, n. 1409, sono esclusi dall'attivo ereditario se sono stati sottoposti al vincolo ivi previsto anteriormente all'apertura della successione e sono stati assolti i conseguenti obblighi di conservazione e protezione.",IMPOSTE SU SUCCESSIONI E DONAZIONI,A REGIME,ESCLUSIONE,Non quantificabile,"-46,5","-46,5",,,PERSONE FISICHE,X,57
2023,21: TUTELA E VALORIZZAZIONE DEI BENI E ATTIVITA’ CULTURALI E PAESAGGISTICI,284,"Art. 25, commi 1 e 2, D.lgs. 29 giugno 1996, n. 367","Detrazione e deducibilità dal reddito d'impresa per le erogazioni liberali a favore degli enti operanti nel settore della musica, del teatro e della danza, nonché innalzamento al 30% del limite del reddito complessivo ai fini della detraibilità e della deducibilità delle somme versate al patrimonio delle fondazioni musicali al momento della partecipazione.",IRPEF/IRES,A REGIME,DETRAZIONE/DEDU ZIONE,Stima compresa nelle misure da 279 a 282,"-46,5","-46,5",,,PERSONE FISICHE E GIURIDICHE,X,57
2023,21: TUTELA E VALORIZZAZIONE DEI BENI E ATTIVITA’ CULTURALI E PAESAGGISTICI,285,"Art. 1, commi 1 e 2, L. 18 febbraio 1999, n. 28","Detrazione, nella misura del 19%, e deducibilità delle erogazioni liberali in denaro effettuate in favore della Fondazione ""La Biennale di Venezia"". Il limite massimo su cui calcolare la detrazione è pari al 30% del reddito complessivo.",IRPEF/IRES,A REGIME,DETRAZIONE/DEDU ZIONE,Effetti di trascurabile entità,"-46,5","-46,5",,,PERSONE FISICHE E GIURIDICHE,X,57
2023,21: TUTELA E VALORIZZAZIONE DEI BENI E ATTIVITA’ CULTURALI E PAESAGGISTICI,286,"Art. 1, comma 3, L. 18 febbraio 1999, n. 28",I proventi percepiti dalla Fondazione La Biennale di Venezia nell’esercizio di attività commerciali svolte in conformità agli scopi istituzionali sono esclusi dalle imposte sui redditi,IRES,A REGIME,ESCLUSIONE,Effetti di trascurabile entità,"-46,5","-46,5",,,SOGGETTI E CATEGORIE PARTICOLARI,X,57
2023,21: TUTELA E VALORIZZAZIONE DEI BENI E ATTIVITA’ CULTURALI E PAESAGGISTICI,287,"Art.1, commi 185-187, L. 27 dicembre 2006, n. 296","Equiparazione ai soggetti esenti dall’Ires indicati dall’articolo 74, comma 1 del Tuir per le associazioni operanti nelle manifestazioni in ambito locale ma di particolare interesse storico, artistico e culturale",IRES,A REGIME,ESCLUSIONE,Non quantificabile,"-46,5","-46,5",,,ASSOCIAZIONI E ENTI DEL TERZO SETTORE,X,57
2023,21: TUTELA E VALORIZZAZIONE DEI BENI E ATTIVITA’ CULTURALI E PAESAGGISTICI,288,"Art. 7, D.L. 8 agosto 2013, n. 91; Art. 5, L. 22 novembre 2017, n. 175 (applicabilità); Art. 80, comma 6-bis, D.L. 14 agosto 2020, n. 104 (modifiche); Art. 5, comma 4-bis, D.L. 28 ottobre 2020, n. 137 (modifica) Art. 23, D.L. 17 maggio 2022, n. 50 (modifica)","Credito d’imposta per cento per la promozione della musica nonché degli eventi di spettacolo dal vivo di portata minore (previa autorizzazione della Commissione europea ai sensi dell'articolo 108, paragrafo 3, TFUE).",CREDITO D'IMPOSTA,A REGIME,CREDITO D'IMPOSTA,"-1,7","-1,7","-1,7",37,"-46.600,2",IMPRESE E SOCIETA',X,57
2023,21: TUTELA E VALORIZZAZIONE DEI BENI E ATTIVITA’ CULTURALI E PAESAGGISTICI,289,"Art. 1, D.L. 31 maggio 2014, n. 83; Art. 17, D.L. 17 ottobre 2016, n. 189 (estensione)","Credito di imposta, nella misura del 65 per cento, a favore delle persone fisiche, enti non commerciali e soggetti titolari di reddito d'impresa, per le erogazioni liberali in denaro per interventi a favore della cultura e dello spettacolo ART-BONUS",CREDITO D'IMPOSTA,A REGIME,CREDITO D'IMPOSTA,"-34,9","-34,9","-34,9",4.107,"-8.501,0",PERSONE FISICHE E GIURIDICHE,X,57
2023,21: TUTELA E VALORIZZAZIONE DEI BENI E ATTIVITA’ CULTURALI E PAESAGGISTICI,290,"Art. 15, L. 14 novembre 2016, n. 220; Art. 1, comma 583, lett. b), L. 30 dicembre 2020, n. 178 (modifica)","Credito d'imposta riconosciuto in favore delle imprese di produzione cinematografica e audiovisiva in relazione al costo complessivo di produzione di opere cinematografiche e audiovisive (nel rispetto della normativa UE). Per favorire l'attrazione di investimenti nel settore cinematografico e audiovisivo, nonché al fine di supportare la realizzazione dei piani di sviluppo dell'Istituto Luce Cinecittà, l'efficacia delle disposizioni attuative dell'articolo 183, comma 7, del decreto-legge 19 maggio 2020, n. 34, convertito, con modificazioni, dalla legge 17 luglio 2020, n. 77, di cui al decreto del Ministro per i beni e le attività culturali e per il turismo di concerto con il Ministro dell'economia e delle finanze 8 luglio 2020, recante ""Misure straordinarie per l'anno 2020 in materia di credito di imposta per le imprese di produzione cinematografica ed audiovisiva di cui all'articolo 15 della legge 14 novembre 2016, n. 220, a séguito dell'emergenza sanitaria da COVID-19"", è prorogata sino al 31 gennaio 2021.",CREDITO D'IMPOSTA,A REGIME,CREDITO D'IMPOSTA,"-461,4","-461,4","-461,4",1.453,"-317.532,8",SOGGETTI E CATEGORIE PARTICOLARI,X,58
2023,21: TUTELA E VALORIZZAZIONE DEI BENI E ATTIVITA’ CULTURALI E PAESAGGISTICI,291,"Art. 16, L. 14 novembre 2016, n. 220; art. 1, comma 583, lett. c), n. 1 e n. 2, L. 30 dicembre 2020, n. 178 (modifica)",Credito d'imposta riconosciuto in favore delle imprese di distribuzione cinematografica e audiovisiva per le spese complessivamente sostenute per la distribuzione nazionale e internazionale di opere cinematografiche e audiovisive (nel rispetto della normativa UE).,CREDITO D'IMPOSTA,A REGIME,CREDITO D'IMPOSTA,"-461,4","-461,4","-461,4",1.453,"-317.532,8",SOGGETTI E CATEGORIE PARTICOLARI,X,58
2023,21: TUTELA E VALORIZZAZIONE DEI BENI E ATTIVITA’ CULTURALI E PAESAGGISTICI,292,"Art. 17, comma 1, L. 14 novembre 2016, n. 220; Art. 23, D.L. 17 maggio 2022, n. 50 (modifica)","Credito d'imposta riconosciuto in favore delle imprese di esercizio cinematografico in relazione alle spese complessivamente sostenute per la realizzazione di nuove sale o il ripristino di sale inattive, per la ristrutturazione e l'adeguamento strutturale e tecnologico delle sale cinematografiche, per l'installazione, la ristrutturazione, il rinnovo di impianti, apparecchiature, arredi e servizi accessori delle sale (nel rispetto della normativa UE).",CREDITO D'IMPOSTA,A REGIME,CREDITO D'IMPOSTA,"-461,4","-461,4","-461,4",1.453,"-317.532,8",SOGGETTI E CATEGORIE PARTICOLARI,X,58
2023,21: TUTELA E VALORIZZAZIONE DEI BENI E ATTIVITA’ CULTURALI E PAESAGGISTICI,293,"Art. 17, comma 2, L. 14 novembre 2016, n. 220","Credito d'imposta riconosciuto in favore delle industrie tecniche e di post-produzione, ivi inclusi i laboratori di restauro in relazione alle spese sostenute per l'adeguamento tecnologico e strutturale del settore (nel rispetto della normativa UE).",CREDITO D'IMPOSTA,A REGIME,CREDITO D'IMPOSTA,"-461,4","-461,4","-461,4",1.453,"-317.532,8",SOGGETTI E CATEGORIE PARTICOLARI,X,58
2023,21: TUTELA E VALORIZZAZIONE DEI BENI E ATTIVITA’ CULTURALI E PAESAGGISTICI,294,"Art. 19, L. 14 novembre 2016, n. 220; art. 1, c. 583, lett. d), L. 30 dicembre 2020, n. 178 (modifica)",Credito d'imposta riconosciuto in favore delle imprese italiane di produzione esecutiva e di post-produzione in relazione ad opere cinematografiche ed audiovisive o a parti di esse realizzate sul territorio nazionale e con manodopera italiana su commissione di produzioni estere e commisurato alla spesa sostenuta nel territorio nazionale (nel rispetto della normativa UE).,CREDITO D'IMPOSTA,A REGIME,CREDITO D'IMPOSTA,"-461,4","-461,4","-461,4",1.453,"-317.532,8",SOGGETTI E CATEGORIE PARTICOLARI,X,58
2023,21: TUTELA E VALORIZZAZIONE DEI BENI E ATTIVITA’ CULTURALI E PAESAGGISTICI,295,"Art. 20, L. 14 novembre 2016, n. 220; Art. 183, comma 7, D.L. 19 maggio 2020, n. 34","Credito d'imposta riconosciuto in favore dei soggetti di cui all'art. 73 del TUIR ed ai titolari di reddito d'impresa ai fini IRPEF non appartenenenti al settore cinematografico ed audiovisivo, associati in partecipazione, commisurato all'apporto in denaro effettuato per la produzione e distribuzione di opere (nel rispetto della normativa UE) cinematografiche e audiovisive.",CREDITO D'IMPOSTA,A REGIME,CREDITO D'IMPOSTA,"-461,4","-461,4","-461,4",1.453,"-317.532,8",SOGGETTI E CATEGORIE PARTICOLARI,X,58
2023,21: TUTELA E VALORIZZAZIONE DEI BENI E ATTIVITA’ CULTURALI E PAESAGGISTICI,296,"Art. 18, L. 14 novembre 2016, n. 220; riduzione ex art. 1, comma 805, L. 30 dicembre 2018, n. 145 Art. 23, D.L. 17 maggio 2022, n. 50 (modifica)","Credito d'imposta riconosciuto in favore degli esercenti sale cinematografiche per il potenziamento dell'offerta cinematografica e commisurato agli introiti derivanti dalla programmazione di opere audiovisive effettuate nelle rispettive sale (nel rispetto della normativa UE). Per gli anni 2022 e 2023, il credito di imposta è commisurato ai costi di funzionamento delle sale cinematografiche.",CREDITO D'IMPOSTA,A REGIME,CREDITO D'IMPOSTA,"-0,3","-0,3","-0,3",59,"-4.818,9",SOGGETTI E CATEGORIE PARTICOLARI,X,58
2023,21: TUTELA E VALORIZZAZIONE DEI BENI E ATTIVITA’ CULTURALI E PAESAGGISTICI,297,"Art. 1, commi 319-321, della L. 27 dicembre 2017, n. 205; provvedimento 12 dicembre 2018 (modalità e termini di fruizione); riduzione ex art. 1, comma 805, L. 30 dicembre 2018, n. 145; art. 10, comma 1, L. 13 febbraio 2020, n. 15 (incremento di spesa); art. 1, comma 351, L. 30 dicembre 2021, n. 234 (incremento di spesa)","Credito d'imposta per gli esercenti attività commerciale che operano nel settore della vendita dei libri al dettaglio parametrato agli importi pagati a titolo di IMU, TASI e TARI (nel rispetto del de minimis) utilizzabile esclusivamente in compensazione, attuato con decreto MIBACT di concerto MEF",CREDITO D'IMPOSTA,A REGIME,CREDITO D'IMPOSTA,"-8,6","-8,6","-8,6",1.282,"-6.691,4",SOGGETTI E CATEGORIE PARTICOLARI,X,58
2023,21: TUTELA E VALORIZZAZIONE DEI BENI E ATTIVITA’ CULTURALI E PAESAGGISTICI,298,"Art. 1, comma 328, L. 27 dicembre 2017, n. 205, come modificato dall'art. 58-quater, comma 1, D.L. 26 ottobre 2019, n. 124 convertito, con modificazioni, dalla L. 19 dicembre 2019, n. 157.","Esenzione fiscale in favore dell’Accademia dei Lincei ex articolo 3 del decreto luogotenenziale n. 359 del 1944, per tutti i tributi erariali, regionali e locali vigenti, nonché per ogni altro tributo di nuova istituzione, fatta salva espressa deroga legislativa, nell’ambito delle attività istituzionali e strumentali svolte dalla medesima Accademia non in regime di impresa.",ALTRO,A REGIME,ESENZIONE,Non quantificabile,"-8,6","-8,6",,,SOGGETTI E CATEGORIE PARTICOLARI,X,58
2023,21: TUTELA E VALORIZZAZIONE DEI BENI E ATTIVITA’ CULTURALI E PAESAGGISTICI,299,"Art. 1, comma 340, L. 27 dicembre 2017, n. 205","L’applicazione dell'aliquota ridotta, nella misura del 10%, è estesa alle prestazioni di servizi relative ad attività spettacolistiche, anche se rese per il tramite di intermediari. L’applicazione dell'aliquota ridotta, nella misura del 10%, è estesa alle prestazioni di servizi relative ad attività spettacolistiche, anche se rese per il tramite di intermediari.",IVA,A REGIME,RIDUZIONE DI ALIQUOTA,"-1,0","-1,0","-1,0",,,PERSONE FISICHE,X,59
2023,21: TUTELA E VALORIZZAZIONE DEI BENI E ATTIVITA’ CULTURALI E PAESAGGISTICI,300,"Art. 4, L. 13 agosto 1984, n. 476",Esenzione dall'IRPEF delle borse di studio corrisposte agli studenti universitari,IRPEF,A REGIME,ESENZIONE,"-13,4","-13,4","-13,4",,,PERSONE FISICHE,X,59
2023,21: TUTELA E VALORIZZAZIONE DEI BENI E ATTIVITA’ CULTURALI E PAESAGGISTICI,301,"Art. 3, comma 3, lett. d-ter), TUIR, lettera aggiunta dall'art. 1, comma 336, L. 27 dicembre 2006, n. 296",Esclusione dalla base imponibile delle somme corrisposte a titolo di borsa di studio dal Governo italiano a cittadini stranieri in forza di accordi e intese internazionali,IRPEF,A REGIME,ESCLUSIONE,Non quantificabile,"-13,4","-13,4",,,PERSONE FISICHE,X,59
2023,21: TUTELA E VALORIZZAZIONE DEI BENI E ATTIVITA’ CULTURALI E PAESAGGISTICI,302,"Art.10, comma 1, lett. l-quater), TUIR (norma istitutiva); Art. 4, comma 10, L.30 dicembre 2010, n. 240 (estensione oggettiva)","Deduzione delle erogazioni liberali in denaro effettuate a favore di università, fondazioni universitarie, istituzioni universitarie pubbliche, enti di ricerca pubblici e vigilati dal Ministero dell'Istruzione, nonché degli enti parco regionali e nazionali",IRPEF,A REGIME,DEDUZIONE,"-2,1","-2,1","-2,1",12.061,"-175,6",PERSONE FISICHE,X,59
2023,21: TUTELA E VALORIZZAZIONE DEI BENI E ATTIVITA’ CULTURALI E PAESAGGISTICI,303,"Art. 15, comma 1, lettera e), TUIR, (norma istitutiva) Art. 1, comma 954, lettera b), L. 28 dicembre 2015, n. 208 (modifica) Art. 15, comma 1, lettera e-bis), TUIR, inserita dall'art. 1, comma 151, lettera b), L. 13 luglio 2015, n. 107 (norma istitutiva) Art. 1, comma 617, L. 11 dicembre 2016, n. 232 (modifica) Art. 15, comma 2, TUIR","Detrazione, nella misura del 19%, delle spese per la frequenza di corsi di istruzione universitaria, di scuole dell'infanzia del primo ciclo di istruzione e della scuola secondaria di secondo grado. La detrazione spetta anche se le spese sono state sostenute nell'interesse delle persone fiscalmente a carico.",IRPEF,A REGIME,DETRAZIONE,"-613,5","-613,5","-613,5",3.317.622,"-184,9",PERSONE FISICHE,X,59
2023,21: TUTELA E VALORIZZAZIONE DEI BENI E ATTIVITA’ CULTURALI E PAESAGGISTICI,304,"Art. 15, comma 1, lettera e-quater), TUIR, inserita dall'art.1, comma 346, lettera a), L. 27 dicembre 2019, n. 160 Art. 15, comma 2, TUIR","Detrazione, dall'anno 2021, delle spese per l'iscrizione annuale e l'abbonamento di ragazzi di età compresa tra 5 e 18 anni a conservatori di musica, a istituzioni di alta formazione artistica, musicale e coreutica legalmente riconosciute, a scuole di musica iscritte nei registri regionali nonchè a cori, bande e scuole di musica riconosciuti da una pubblica amministrazione per lo studio e la pratica della musica. Sono detraibili le spese, per un importo non superiore a 1.000 euro, sostenute dai contribuenti con reddito complessivo non superiore a 36.000 euro.",IRPEF,A REGIME,DETRAZIONE,"-1,9","-1,9","-1,9",20.886,"-90,4",PERSONE FISICHE,,59
2023,21: TUTELA E VALORIZZAZIONE DEI BENI E ATTIVITA’ CULTURALI E PAESAGGISTICI,305,"Art. 15, comma 1, lett. i- sexies) del TUIR (norma istitutiva) Art 1, comma 23, L. 27 dicembre 2017, n. 205 (modifica) Art. 15, comma 2, TUIR","Detrazione, nella misura del 19%, per canoni di locazione (contratti ex lege n. 431 del 1998) stipulati da studenti universitari. La detrazione spetta anche se le spese sono state sostenute nell'interesse delle persone fiscalmente a carico.",IRPEF,A REGIME,DETRAZIONE,"-78,6","-78,6","-78,6",230.821,"-340,3",PERSONE FISICHE,X,59
2023,21: TUTELA E VALORIZZAZIONE DEI BENI E ATTIVITA’ CULTURALI E PAESAGGISTICI,306,"Art. 15, comma 1, lett. i-octies), TUIR (norma istitutiva), Art. 1, comma 294, lett. a), L. 11 dicembre 2016, n. 232 (estensione soggettiva)","Detrazione, nella misura del 19%, per erogazioni liberali, a favore degli istituti scolastici di ogni ordine e grado statali e paritari senza scopo di lucro, nonché a favore degli istituti tecnici superiori di cui al decreto del Presidente del Consiglio dei ministri 25 gennaio 2008, pubblicato nella Gazzetta Ufficiale n. 86 dell'11 aprile 2008, delle istituzioni dell'alta formazione artistica, musicale e coreutica e delle università, finalizzate a innovazione tecnologica, edilizia scolastica e ampliamento offerta formativa",IRPEF,A REGIME,DETRAZIONE,"-2,7","-2,7","-2,7",83.093,"-32,2",PERSONE FISICHE,X,59
2023,21: TUTELA E VALORIZZAZIONE DEI BENI E ATTIVITA’ CULTURALI E PAESAGGISTICI,307,"Art. 100, comma 2, lett. o-bis), TUIR (norma istitutiva); modificato da art. 1, comma 294, lettera b), L. 11 dicembre 2016, n. 232 (estensione soggettiva)","Deducibilità delle erogazioni liberali, nel limite del 2% del reddito d'impresa dichiarato e comunque nella misura massima di 70.000 € annui, a favore degli istituti scolastici di ogni ordine e grado e degli istituti tecnici superiori, finalizzate all'innovazione tecnologica all'edilizia scolastica e all'ampliamento dell'offerta formativa",IRPEF/IRES,A REGIME,DETRAZIONE,Stima compresa nelle misure da 279 a 282,"-2,7","-2,7",,,IMPRESE E SOCIETA',X,59
2023,21: TUTELA E VALORIZZAZIONE DEI BENI E ATTIVITA’ CULTURALI E PAESAGGISTICI,308,"Art. 8, comma 3, D.L. 27 aprile 1990, n. 90","Non costituiscono attività commerciali le prestazioni aventi per oggetto lo svolgimento di attività didattiche e culturali a carattere nazionale o internazionale svolte da collegi universitari legalmente riconosciuti e posti sotto la vigilanza del Ministero dell’università e della ricerca, comprese le prestazioni relative all’alloggio, al vitto e alla fornitura di libri e materiale didattico.",IRES,A REGIME,ESCLUSIONE,Non quantificabile,"-2,7","-2,7",,,IMPRESE E SOCIETA',X,59
2023,21: TUTELA E VALORIZZAZIONE DEI BENI E ATTIVITA’ CULTURALI E PAESAGGISTICI,309,"Art. 4, L. 3 luglio 1998, n. 210","Esenzione dall'IRPEF delle borse di studio corrisposte da Università e istituti di istruzione universitaria per la frequenza dei corsi di perfezionamento e scuole di specializzazione, corsi di dottorato di ricerca, attività di ricerca post dottorato e corsi di perfezionamento all'estero.",IRPEF,A REGIME,ESENZIONE,"-396,2","-396,2","-396,2",84.330,"4.697,7",PERSONE FISICHE,X,60
2023,21: TUTELA E VALORIZZAZIONE DEI BENI E ATTIVITA’ CULTURALI E PAESAGGISTICI,310,"Art. 4, L. 23 novembre 1998, n. 407",Esenzione dall'IRPEF delle borse di studio corrisposte alle vittime del terrorismo e della criminalità organizzata nonché agli orfani ed ai figli di questi ultimi.,IRPEF,A REGIME,ESENZIONE,"-0,8","-0,8","-0,8",,,PERSONE FISICHE,X,60
2023,21: TUTELA E VALORIZZAZIONE DEI BENI E ATTIVITA’ CULTURALI E PAESAGGISTICI,311,"Art. 6, comma 13, L. 23 dicembre 1999, n. 488","Esenzione dall'IRPEF delle borse di studio corrisposte nell'ambito del programma Socrates di cui alla Decisione 819/95/CE del Parlamento Europeo e del Consiglio del 14 marzo 1995 nonché le somme aggiuntive corrisposte dalle Università a condizione che l'importo complessivo annuo non superi euro 7746,85",IRPEF,A REGIME,ESENZIONE,Effetti di trascurabile entità,"-0,8","-0,8",,,PERSONE FISICHE,X,60
2023,21: TUTELA E VALORIZZAZIONE DEI BENI E ATTIVITA’ CULTURALI E PAESAGGISTICI,312,"Art. 1, comma 10, L. 10 marzo 2000, n. 62",Detrazione di un importo equivalente a quello della borsa di studio erogata dalle Regioni e dalle Province autonome di Trento e Bolzano,IRPEF,A REGIME,DETRAZIONE,Effetti di trascurabile entità,"-0,8","-0,8",,,PERSONE FISICHE,X,60
2023,21: TUTELA E VALORIZZAZIONE DEI BENI E ATTIVITA’ CULTURALI E PAESAGGISTICI,313,"Art. 44, D.L.31 maggio 2010, n. 78 (norma istitutiva) Art. 5, comma 4, D.L. 30 aprile 2019, n. 34 (riforma) Art. 5, comma 5-ter, D.L. 30 aprile 2019, n. 34, introdotto dall'art. 1, comma 763, L. 30 dicembre 2021, n. 234 (estensione)","Detassazione ai fini Irpef sugli emolumenti percepiti da docenti e ricercatori che rientrano in Italia per svolgere la loro attività lavorativa. La misura spetta per il periodo d'imposta in cui si acquisisce la residenza fiscale e per i tre periodi di imposta successivi. Le disposizioni si applicano nel rispetto delle condizioni e dei limiti dei regolamenti comunitari sugli Aiuti di Stato. Per coloro che acquiscono la residenza fiscale in Italia a partire dal 2020 l'agevolazione si applica nel periodo d'imposta in cui si acquisisce la residenza e nei successivi 5. Sono, inoltre, previste ulteriori agevolazioni per i periodi d'imposta successivi al verificarsi di prestabilite condizioni (presenza di figli minorenni o a carico, acquisto di abitazione in Italia). Opzione per fruire di tali ulteriori agevolazioni per i docenti e ricercatori che hanno trasferito la residenza prima dell'anno 2020 e che alla data del 31 dicembre 2019 risultano beneficiari del regime di favore, previo versamento di un importo pari al 10% o al 5% (in relazione alla sussistenza dei requisiti suddetti) dei redditi di lavoro dipendente e di lavoro autonomo prodotti in Italia.",IRPEF,A REGIME,ESCLUSIONE,"-36,6","-36,6","-36,6",1.701,"-21.531,8",PERSONE FISICHE,X,60
2023,21: TUTELA E VALORIZZAZIONE DEI BENI E ATTIVITA’ CULTURALI E PAESAGGISTICI,314,"Art. 1, comma 50, L. 28 dicembre 2015, n. 208","Esenzione dall'IRPEF delle borse di studio erogate nell'ambito del programma ""Erasmus +""",IRPEF,A REGIME,ESENZIONE,"-2,2","-2,2","-2,2",,,PERSONE FISICHE,X,60
2023,21: TUTELA E VALORIZZAZIONE DEI BENI E ATTIVITA’ CULTURALI E PAESAGGISTICI,315,"Art. 1, comma 51, L. 28 dicembre 2015, n. 208","Esenzione dall'IRPEF delle borse di studio per la frequenza dei corsi di perfezionamento, specializzazione ecc. erogate dalla Provincia autonoma di Bolzano.",IRPEF,A REGIME,ESENZIONE,"-0,2","-0,2","-0,2",,,PERSONE FISICHE,X,60
2023,21: TUTELA E VALORIZZAZIONE DEI BENI E ATTIVITA’ CULTURALI E PAESAGGISTICI,316,"Art. 2-bis, D.L. 24 aprile 2017, n. 50",Esenzione IVA dei servizi di vitto e di alloggio resi in favore degli studenti universitari dagli istituti o enti per il diritto allo studio universitario istituiti dalle regioni- Interpretazione autentica,IVA,A REGIME,ESENZIONE,"-1,0","-1,0","-1,0",,,PERSONE FISICHE,X,60
2023,21: TUTELA E VALORIZZAZIONE DEI BENI E ATTIVITA’ CULTURALI E PAESAGGISTICI,317,"Art. 4, comma 6, L. 15 luglio 2022, n. 99","Credito d'imposta in favore dei soggetti che effettuano erogazioni liberali in denaro nei confronti delle fondazioni ITS Academy, nella misura del 30 per cento delle stesse. Qualora l'erogazione sia effettuata in favore di fondazioni ITS Academyoperanti nelle province in cui il tasso di disoccupazione è superiore a quello medio nazionale, il credito d'imposta di cui al primo periodo è pari al 60 per cento delle erogazioni effettuate.",CREDITO D'IMPOSTA,A REGIME,CREDITO D'IMPOSTA,"-2,4","-2,4","-2,4",,,PERSONE FISICHE E GIURIDICHE,,60
2023,21: TUTELA E VALORIZZAZIONE DEI BENI E ATTIVITA’ CULTURALI E PAESAGGISTICI,318,"Art. 1-bis, comma 9, L. 14 novembre 2000, n. 338 (introdotto dall'art. 25, D.L. 23 settembre 2022, n. 144)","Con decorrenza dall'anno di imposta 2024, le somme corrisposte per i primi tre anni destinate al pagamento del corrispettivo, o parte di esso, dovuto per il godimento dei posti letto resi disponibili, non concorrono alla formazione del reddito ai fini dell'imposta sul reddito delle persone fisiche e dell'imposta sul reddito delle società, nonché alla formazione del valore netto della produzione ai fini dell'imposta regionale sulle attività produttive. I redditi derivanti dalla messa a disposizione di posti letto presso alloggi o residenze per studenti universitari di cui al presente articolo, salvo quanto previsto al primo periodo, non concorrono alla formazione del reddito ai fini dell'imposta sul reddito delle persone fisiche e dell'imposta sul reddito delle società, nonché alla formazione del valore della produzione netta ai fini dell'imposta regionale sulle attività produttive, nella misura del 40 per cento, a condizione che tali redditi rappresentino più della metà del reddito complessivamente derivante dall'immobile.",IRPEF/IRES/IRAP,A REGIME,ESCLUSIONE,"0,0","-19,1","-10,8",,,PERSONE FISICHE E GIURIDICHE,,60
2023,21: TUTELA E VALORIZZAZIONE DEI BENI E ATTIVITA’ CULTURALI E PAESAGGISTICI,319,"Art. 25, comma 11, D.L. 23 settembre 2022, n. 144","Contributo, sotto forma di credito d'imposta, finanziato tramite PNRR, per una quota massima pari all'importo versato a titolo di IMU in relazione agli immobili destinati ad alloggio residenza per studenti (c.d.housing universitario)",CREDITO D'IMPOSTA,A REGIME,CREDITO D'IMPOSTA,"-5,0","-5,0","-5,0",,,PERSONE FISICHE E GIURIDICHE,,61
2023,"24: DIRITTI SOCIALI, POLITICHE SOCIALI E FAMIGLIA",320,"Art. 1-bis, comma 3, L. 29 ottobre 1961, n. 1216",Esenzione da qualsiasi imposta indiretta per le operazioni di risarcimento del Fondo di garanzia vittime della strada e correlati rapporti tra il Fondo e le imprese assicuratrici,"IMPOSTE DI REGISTRO, DI BOLLO E IPOCATASTALI",A REGIME,ESENZIONE,"-1,0","-1,0","-1,0",,,PERSONE FISICHE,X,61
2023,"24: DIRITTI SOCIALI, POLITICHE SOCIALI E FAMIGLIA",321,"Art. 13-bis, comma 1, d.P.R. 26 ottobre 1972, n. 641; art. 90, comma 7, L. 27 dicembre 2002, n. 289 (modifica)",E so s c e i n e z tà io e n e as d s a o l c l i e az t i a o s n se i s s p u o l r le tiv c e o n d c il e e s t s t i a o n n t i is g ti o c v h e e r native per gli atti e i provvedimenti concernenti le ONLUS e le,ALTRO,A REGIME,ESENZIONE,"-1,0","-1,0","-1,0",,,ASSOCIAZIONI E ENTI DEL TERZO SETTORE,X,61
2023,"24: DIRITTI SOCIALI, POLITICHE SOCIALI E FAMIGLIA",322,"Art. 13-bis, comma 1-bis, d.P.R. 26 ottobre 1972, n. 641","Esenzione dalle tasse sulle concessioni governative per gli atti costitutivi, statuti ed ogni altro atto necessario per l’adempimento di obblighi dei movimenti o partiti politici",ALTRO,A REGIME,ESENZIONE,"-1,0","-1,0","-1,0",,,ASSOCIAZIONI E ENTI DEL TERZO SETTORE,X,61
2023,"24: DIRITTI SOCIALI, POLITICHE SOCIALI E FAMIGLIA",323,"Nota n. 3 all’art. 21, tariffa, d.P.R. 26 ottobre 1972, n. 641","Esenzione da tasse sulle concessioni governative per le licenze per l'impiego di apparecchiature terminali per il servizio radiomobile pubblico terrestre di comunicazione a favore di invalidi, non vedenti e sordi",ALTRO,A REGIME,ESENZIONE,"-0,5","-0,5","-0,5",,,PERSONE FISICHE,X,61
2023,"24: DIRITTI SOCIALI, POLITICHE SOCIALI E FAMIGLIA",324,"Art. 6, d.P.R. 29 settembre 1973, n. 601 [articolo abrogato dall'art. 1, comma 51, L. 30 dicembre 2018, n. 145, a decorrere dal 1° gennaio 2019; per l'applicabilità di tale disposizione vedi l'art. 1, comma 52, della medesima L. n. 145/2018 e successive modificazioni","L'IRES è ridotta alla metà nei confronti di: a) enti e istituti di assistenza sociale, società di mutuo soccorso, enti ospedalieri, enti di assistenza e beneficenza; b) istituti di istruzione e istituti di studio e sperimentazione di interesse generale che non hanno fine di lucro, corpi scientifici, accademie, fondazioni e associazioni storiche, letterarie, scientifiche, di esperienze e ricerche aventi scopi esclusivamente culturali; c) enti il cui fine è equiparato per legge ai fini di beneficenza o di istruzione; d) istituti autonomi per le case popolari, comunque denominati, e loro consorzi nonché enti aventi le stesse finalità sociali dei predetti Istituti, istituiti nella forma di società che rispondono ai requisiti della legislazione dell'Unione europea in materia di ""in house providing"" e che siano costituiti e operanti alla data del 31 dicembre 2013",IRES,"A REGIME FINO ALL'ADOZIONE DELLE NORME DI CUI ALL'ART 1, COMMA 52- BIS DELLA L. 145/2018",RIDUZIONE DI ALIQUOTA,"-159,3","-159,3","-159,3",14.630,"-10.888,2",ASSOCIAZIONI E ENTI DEL TERZO SETTORE,X,61
2023,"24: DIRITTI SOCIALI, POLITICHE SOCIALI E FAMIGLIA",325,"Art. 3, comma 3, lett. b), TUIR","Esclusione dalla base imponibile degli assegni periodici destinati al mantenimento dei figli spettanti al coniuge in conseguenza di separazione legale ed effettiva o di annullamento, scioglimento o cessazione degli effetti civili del matrimonio, nella misura in cui risultano da provvedimenti del giudice",IRPEF,A REGIME,ESCLUSIONE,"-322,2","-322,2","-322,2",89.211,"-3.611,1",PERSONE FISICHE,X,61
2023,"24: DIRITTI SOCIALI, POLITICHE SOCIALI E FAMIGLIA",326,"Art. 3, comma 3, lett. d), TUIR; Art. 10, comma 3, D.Lgs. 29 dicembre 2021, n. 230",Esclusione dalla base imponibile dell'assegno per il nucleo familiare. A decorrere dal 1° marzo 2022 detto assegno è erogato solo ai nuclei familiari senza figli.,IRPEF,A REGIME,ESCLUSIONE,"-709,6","-709,6","-709,6",,,PERSONE FISICHE,X,61
2023,"24: DIRITTI SOCIALI, POLITICHE SOCIALI E FAMIGLIA",327,"Art. 8, D.Lgs. 29 dicembre 2021, n. 230",Non concorrenza alla formazione del reddito complessivo dell'assegno unico e universale per i figli a carico,IRPEF,A REGIME,ESCLUSIONE,"-5.499,0","-5.563,8","-5.681,8",,,PERSONE FISICHE,,61
2023,"24: DIRITTI SOCIALI, POLITICHE SOCIALI E FAMIGLIA",328,"Art. 10, comma 1, lett. c), TUIR","Deduzione degli assegni periodici corrisposti al coniuge, ad esclusione di quelli destinati al mantenimento dei figli, in conseguenza di separazione legale ed effettiva, di scioglimento o annullamento del matrimonio, o di cessazione dei suoi effetti civili",IRPEF,A REGIME,DEDUZIONE,"-261,0","-261,0","-261,0",129.794,"-2.011,1",PERSONE FISICHE,X,61
2023,"24: DIRITTI SOCIALI, POLITICHE SOCIALI E FAMIGLIA",329,"Art. 10, comma 1, lett. d), TUIR","Deduzione degli assegni periodici, corrisposti in forza di testamento o donazione modale e, se risultanti da provvedimenti di autorità giudiziaria, gli assegni alimentari corrisposti alle persone indicate nell'art. 433 del codice civile",IRPEF,A REGIME,DEDUZIONE,"-4,9","-4,9","-4,9",,,PERSONE FISICHE,X,61
2023,"24: DIRITTI SOCIALI, POLITICHE SOCIALI E FAMIGLIA",330,"Art. 10, comma 1, lett. g), TUIR; art. 89, comma 12, D.Lgs. 3 luglio 2017, n. 117","Deduzione delle oblazioni, donazioni e contributi in favore delle organizzazioni non governative",IRPEF,A REGIME,DEDUZIONE,"-2,8","-2,8","-2,8",32.057,"-87,8",PERSONE FISICHE,X,61
2023,"24: DIRITTI SOCIALI, POLITICHE SOCIALI E FAMIGLIA",331,"Art. 10, comma 1, lett. h), TUIR",Deduzione delle indennità per perdita di avviamento corrisposte per disposizioni di legge al conduttore in caso di cessazione di locazione di immobili urbani adibiti ad usi diversi da quello di abitazione,IRPEF,A REGIME,DEDUZIONE,"-4,9","-4,9","-4,9",,,PERSONE FISICHE,X,62
2023,"24: DIRITTI SOCIALI, POLITICHE SOCIALI E FAMIGLIA",332,"Art. 10, comma 1, lett. l-bis), TUIR","Deduzione, nella misura del 50%, delle spese sostenute dai genitori adottivi per l'espletamento della procedura di adozione",IRPEF,A REGIME,DEDUZIONE,"-4,9","-4,9","-4,9",,,PERSONE FISICHE,X,62
2023,"24: DIRITTI SOCIALI, POLITICHE SOCIALI E FAMIGLIA",333,"Art. 10, comma 1, lett. l-ter), TUIR",Deduzione delle erogazioni liberali in denaro per il pagamento degli oneri difensivi dei soggetti ammessi al patrocinio a spese dello Stato,IRPEF,A REGIME,DEDUZIONE,"-4,9","-4,9","-4,9",,,PERSONE FISICHE,X,62
2023,"24: DIRITTI SOCIALI, POLITICHE SOCIALI E FAMIGLIA",334,"Art. 10, comma 2-bis, TUIR (comma inserito dall'art. 150, D.L. 19 maggio 2020, n. 34)","Le somme di cui alla lettera d-bis), comma 1, art. 10 del TUIR, se assoggettate a ritenuta, sono restituite al netto della ritenuta subita e non costituiscono oneri deducibili",IRPEF,A REGIME,DEDUZIONE,"0,0","0,0","0,0",,,PERSONE FISICHE,,62
2023,"24: DIRITTI SOCIALI, POLITICHE SOCIALI E FAMIGLIA",335,"Art. 11, comma 2, TUIR","Esenzione dall'IRPEF se alla formazione del reddito complessivo concorrono soltanto redditi di terreni fino a euro 185,92, redditi di pensione fino a 7.500 euro e il reddito dell'unità immobiliare adibita ad abitazione principale e delle relative pertinenze",IRPEF,A REGIME,ESENZIONE,"-3,8","-3,8","-3,8",,,PERSONE FISICHE,X,62
2023,"24: DIRITTI SOCIALI, POLITICHE SOCIALI E FAMIGLIA",336,"Art. 11, comma 2-bis, TUIR",Esenzione dall'IRPEF in presenza di soli redditi fondiari di importo non superiore a 500 euro,IRPEF,A REGIME,ESENZIONE,"-3,3","-3,3","-3,3",,,PERSONE FISICHE,X,62
2023,"24: DIRITTI SOCIALI, POLITICHE SOCIALI E FAMIGLIA",337,"Art. 15, comma 1, lett. c) e lett. c-ter), TUIR","Detrazione, nella misura del 19%, per spese relative a mezzi necessari all'accompagnamento e a facilitare l'autosufficienza dei soggetti disabili; detrazione per spese relative a cani guida per non vedenti; detrazione per servizi di interpretariato sostenute dai soggetti riconosciuti sordomuti",IRPEF,A REGIME,DETRAZIONE,"-63,2","-63,2","-63,2",55.280,"-1.143,2",PERSONE FISICHE,X,62
2023,"24: DIRITTI SOCIALI, POLITICHE SOCIALI E FAMIGLIA",338,"Art. 15, comma 1, lett. c-bis), TUIR; art. 1, comma 361, L. 27 dicembre 2019, n. 160; art. 1, comma 333, L. 30 dicembre 2020, n. 178 (modifiche)","Detrazione spese veterinarie fino all’importo di euro 550, limitatamente alla parte che eccede euro 129,11",IRPEF,A REGIME,DETRAZIONE,"-61,8","-61,8","-61,8",1.397.713,"-44,2",PERSONE FISICHE,X,62
2023,"24: DIRITTI SOCIALI, POLITICHE SOCIALI E FAMIGLIA",339,"Art. 15, comma 1, lett. d), TUIR, sostituita dall'art. 1, comma 954, lettera a), L. 28 dicembre 2015, n. 208","Detrazione, nella misura del 19%, delle spese funebri per importo non superiore a euro 1.550 per ciascuna persona",IRPEF,A REGIME,DETRAZIONE,"-158,9","-158,9","-158,9",512.239,"-310,1",PERSONE FISICHE,X,62
2023,"24: DIRITTI SOCIALI, POLITICHE SOCIALI E FAMIGLIA",340,"Art. 15, comma 1, lett. e-ter), TUIR, introdotta dall'art. 1 comma 665, L. 27 dicembre 2017, n. 205",Detrazione per l'acquisto di strumenti compensativi e di sussidi tecnici e informatici necessari all'apprendimento per studenti affetti da disturbo specifico dell'apprendimento (DSA).,IRPEF,A REGIME,DETRAZIONE,"-0,9","-0,9","-0,9",5.893,"-159,0",PERSONE FISICHE,X,62
2023,"24: DIRITTI SOCIALI, POLITICHE SOCIALI E FAMIGLIA",341,"Art. 15, comma 1, lett. f), e comma 2, TUIR; art. 12, comma 1, D.L. 31 agosto 2013, n. 102; art. 5, comma 1, L. 22 giugno 2016, n. 112 (modifiche)","Detrazione, nella misura del 19%, per spese relative a premi assicurativi per morte, invalidità permanente, non autosufficienza",IRPEF,A REGIME,DETRAZIONE,"-271,5","-271,5","-271,5",4.821.580,"-56,3",PERSONE FISICHE,X,62
2023,"24: DIRITTI SOCIALI, POLITICHE SOCIALI E FAMIGLIA",342,"Art. 15, comma 1, lett. f), e comma 2, TUIR; art. 12, comma 1, D.L. 31 agosto 2013, n. 102; art. 5, comma 1, L. 22 giugno 2016, n. 112 (modifiche)","Detraibilità, nella misura del 19%, delle spese sostenute per le polizze assicurative finalizzate alla tutela delle persone con disabilità grave (cd. DOPO DI NOI)",IRPEF,A REGIME,DETRAZIONE,"-0,4","-0,4","-0,4",7.642,"-57,6",PERSONE FISICHE,X,62
2023,"24: DIRITTI SOCIALI, POLITICHE SOCIALI E FAMIGLIA",343,"Art. 15, comma 1, lett. i-quater), TUIR, abrogata dall'art.102, comma 1, lettera f), D.Lgs. 3 luglio 2017, n. 117, salvo quanto previsto dall'art. 104, comma 1, del medesimo D.Lgs. 3 luglio 2017, n. 117",Detrazione per erogazioni liberali in denaro a favore delle associazioni di promozione sociale iscritte negli appositi registri,IRPEF,A REGIME FINO ALLA PIENA OPERATIVITA' DELLA RIFORMA DEL TERZO SETTORE,DETRAZIONE,"0,0","0,0","0,0",,,PERSONE FISICHE,X,62
2023,"24: DIRITTI SOCIALI, POLITICHE SOCIALI E FAMIGLIA",344,"Art. 15, comma 1, lett. i-septies) e comma 2, TUIR","Detrazione, nella misura del 19%, delle spese, per un importo non superiore a 2.100 euro, sostenute per addetti all'assistenza personale nei casi di non autosufficienza nel compimento degli atti della vita quotidiana, se il reddito complessivo non supera 40.000 euro. La detrazione spetta anche se le spese sono state sostenute nell'interesse delle persone fiscalmente a carico.",IRPEF,A REGIME,DETRAZIONE,"-46,4","-46,4","-46,4",115.963,"-400,1",PERSONE FISICHE,X,63
2023,"24: DIRITTI SOCIALI, POLITICHE SOCIALI E FAMIGLIA",345,"Art. 15, comma 1-quater, TUIR, sostituito dall'art. 1, comma 27, L. 30 dicembre 2018, n. 145","Detrazione, nella misura forfetaria di euro 1.000, delle spese sostenute dai non vedenti per il mantenimento di cani guida",IRPEF,A REGIME,DETRAZIONE,"-2,3","-2,3","-2,3",2.335,"-1.000,0",PERSONE FISICHE,X,63
2023,"24: DIRITTI SOCIALI, POLITICHE SOCIALI E FAMIGLIA",346,"Art. 15, comma 1.1, TUIR; art. 1, comma 137, lettera a), L. 23 dicembre 2014, n. 190 (modifica)","Detrazione, nella misura del 26%, per erogazioni liberali in denaro, per importo non superiore a 30.000 euro annui, a favore delle ONLUS e di altre persone giuridiche individuate con apposito decreto che svolgono attività umanitarie.",IRPEF,A REGIME,DETRAZIONE,"-38,4","-38,4","-38,4",455.173,"-84,3",PERSONE FISICHE,X,63
2023,"24: DIRITTI SOCIALI, POLITICHE SOCIALI E FAMIGLIA",347,"Art. 100, comma 2, lett. h), TUIR","Deducibilità delle erogazioni liberali in denaro per un importo non superiore a 30.000 euro o al 2% del reddito d'impresa dichiarato, a favore delle ONLUS e di altre persone giuridiche individuate con apposito decreto, che svolgono attività umanitarie",IRPEF/IRES,A REGIME,DEDUZIONE,Stima compresa nelle misure da 279 a 282,"-38,4","-38,4",,,PERSONE FISICHE E GIURIDICHE,X,63
2023,"24: DIRITTI SOCIALI, POLITICHE SOCIALI E FAMIGLIA",348,"Art. 100, comma 2, lett. i), TUIR","Deducibilità delle spese relative all'impiego di lavoratori dipendenti, nel limite del 5‰ dell'ammontare complessivo delle spese per prestazioni di lavoro dipendente, utilizzati per prestazioni di servizi erogate a favore di ONLUS",IRPEF/IRES,A REGIME,DEDUZIONE,Stima compresa nelle misure da 279 a 282,"-38,4","-38,4",,,PERSONE FISICHE E GIURIDICHE,X,63
2023,"24: DIRITTI SOCIALI, POLITICHE SOCIALI E FAMIGLIA",349,"Art. 100, comma 2, lett. l), TUIR, abrogata dall'art.102, comma 1, lettera e), D.Lgs. 3 luglio 2017, n. 117, salvo quanto previsto dall'art. 104, comma 1, del medesimo D.Lgs. 3 luglio 2017, n. 117","Deducibilità delle erogazioni liberali in denaro per un importo non superiore a 1.549,37 euro o al 2% del reddito di impresa, a favore delle associazioni di promozione sociale iscritte negli appositi registri",IRPEF/IRES,A REGIME FINO ALLA PIENA OPERATIVITA' DELLA RIFORMA DEL TERZO SETTORE,DEDUZIONE,Stima compresa nelle misure da 279 a 282,"-38,4","-38,4",,,PERSONE FISICHE E GIURIDICHE,X,63
2023,"24: DIRITTI SOCIALI, POLITICHE SOCIALI E FAMIGLIA",350,"Art. 100, comma 2, lett. m-bis), TUIR (lettera inserita dall'art. 17-bis, D.L. 17 ottobre 2016, n. 189)",Deducibilità delle erogazioni liberali in denaro a favore dello Stato e dei comuni per contributi volontari versati in seguito ad eventi sismici o calamitosi che hanno colpito l'ente in favore del quale si effettua il versamento,IRPEF/IRES,A REGIME,DEDUZIONE,Stima compresa nelle misure da 279 a 282,"-38,4","-38,4",,,PERSONE FISICHE E GIURIDICHE,X,63
2023,"24: DIRITTI SOCIALI, POLITICHE SOCIALI E FAMIGLIA",351,"Art. 10, comma 1, lett. i), TUIR",Deduzione delle erogazioni liberali in denaro a favore dell'Istituto centrale per il sostentamento del clero della Chiesa Cattolica italiana,IRPEF,A REGIME,DEDUZIONE,Stima compresa nelle misure da 279 a 282,"-38,4","-38,4",,,PERSONE FISICHE,X,63
2023,"24: DIRITTI SOCIALI, POLITICHE SOCIALI E FAMIGLIA",352,"Art. 10, comma 1, lett. l), TUIR","Deduzione delle erogazioni liberali in denaro a favore dell'Unione delle Chiese Avventiste del 7° giorno, delle Assemblee di Dio in Italia e della Tavola Valdese",IRPEF,A REGIME,DEDUZIONE,Stima compresa nelle misure da 279 a 282,"-38,4","-38,4",,,PERSONE FISICHE,X,63
2023,"24: DIRITTI SOCIALI, POLITICHE SOCIALI E FAMIGLIA",353,"Art. 16, L. 12 aprile 1995, n. 116",Deduzione erogazioni liberali in denaro in favore dell'Unione Cristiana Evangelica Battista d'Italia,IRPEF,A REGIME,DEDUZIONE,Stima compresa nelle misure da 279 a 282,"-38,4","-38,4",,,PERSONE FISICHE,X,63
2023,"24: DIRITTI SOCIALI, POLITICHE SOCIALI E FAMIGLIA",354,"Art. 26, comma 2, L. 29 novembre 1995, n. 520",Deduzione erogazioni liberali in denaro in favore della Chiesa Evangelica Luterana in Italia,IRPEF,A REGIME,DEDUZIONE,Stima compresa nelle misure da 279 a 282,"-38,4","-38,4",,,PERSONE FISICHE,X,63
2023,"24: DIRITTI SOCIALI, POLITICHE SOCIALI E FAMIGLIA",355,"Art. 30, comma 2, L. 8 marzo 1989, n. 101, sostituito dall'art. 4, L. 20 dicembre 1996, n. 638",Deduzione dei contributi annuali versati alle Unioni Comunità Ebraiche Italiane,IRPEF,A REGIME,DEDUZIONE,Stima compresa nelle misure da 279 a 282,"-38,4","-38,4",,,PERSONE FISICHE,X,63
2023,"24: DIRITTI SOCIALI, POLITICHE SOCIALI E FAMIGLIA",356,"Art. 20, comma 2, L. 30 luglio 2012, n. 126","Deduzione erogazioni liberali in denaro a favore della Sacra arcidiocesi ortodossa d’Italia ed Esarcato per l’Europa Meridionale, degli enti da essa controllati e delle comunità locali",IRPEF,A REGIME,DEDUZIONE,Stima compresa nelle misure da 279 a 282,"-38,4","-38,4",,,PERSONE FISICHE,X,63
2023,"24: DIRITTI SOCIALI, POLITICHE SOCIALI E FAMIGLIA",357,"Art. 24, comma 2, L. 30 luglio 2012, n. 127",Deduzione erogazioni liberali in denaro a favore dell'Ente patrimoniale della Chiesa di Gesù Cristo dei Santi degli ultimi giorni,IRPEF,A REGIME,DEDUZIONE,Stima compresa nelle misure da 279 a 282,"-38,4","-38,4",,,PERSONE FISICHE,X,63
2023,"24: DIRITTI SOCIALI, POLITICHE SOCIALI E FAMIGLIA",358,"Art. 24, comma 2, L. 30 luglio 2012, n. 128",Deduzione erogazioni liberali in denaro a favore della Chiesa Apostolica in Italia e degli enti ed opere da essa controllati,IRPEF,A REGIME,DEDUZIONE,,,,,,PERSONE FISICHE,X,64
2023,"24: DIRITTI SOCIALI, POLITICHE SOCIALI E FAMIGLIA",359,"Art. 19, comma 2, L. 31 dicembre 2012, n. 245",Deduzione erogazioni liberali in denaro a favore dell'Unione Buddhista Italiana (UBI) e degli organismi civilmente riconosciuti da essa rappresentati,IRPEF,A REGIME,DEDUZIONE,,,,,,PERSONE FISICHE,X,64
2023,"24: DIRITTI SOCIALI, POLITICHE SOCIALI E FAMIGLIA",360,"Art. 20, comma 2, L. 31 dicembre 2012, n. 246",Deduzione erogazioni liberali in denaro a favore dell'Unione Induista Italiana (UII) e degli organismi civilmente riconosciuti da essa rappresentati,IRPEF,A REGIME,DEDUZIONE,,,,,,PERSONE FISICHE,X,64
2023,"24: DIRITTI SOCIALI, POLITICHE SOCIALI E FAMIGLIA",361,"Art. 17, comma 2, L. 28 giugno 2016, n. 130",Deduzione erogazioni liberali in denaro a favore dell'Istituto Buddista Italiano Soka Gakkai (IBISG),IRPEF,A REGIME,DEDUZIONE,,,,,,PERSONE FISICHE,X,64
2023,"24: DIRITTI SOCIALI, POLITICHE SOCIALI E FAMIGLIA",362,"Art. 14, comma 2, L. 29 dicembre 2021, n. 240","Deduzione erogazioni liberali in denaro a favore dell'Associazione Chiesa d'Inghilterra, degli enti da essa controllati e delle comunità locali",IRPEF,A REGIME,DEDUZIONE,,,,,,PERSONE FISICHE,,64
2023,"24: DIRITTI SOCIALI, POLITICHE SOCIALI E FAMIGLIA",363,"Art. 1, comma 4, D.Lgs. 31 ottobre 1990, n. 346","Esenzione dall'imposta nei casi di donazione e liberalità effettuate per assistenza, matrimonio o comunque per meriti del donatario, nonché di modico valore (artt. 742 e 783 c.c.)",IMPOSTE SU SUCCESSIONI E DONAZIONI,A REGIME,ESENZIONE,"-1,0","-1,0","-1,0",,,PERSONE FISICHE,X,64
2023,"24: DIRITTI SOCIALI, POLITICHE SOCIALI E FAMIGLIA",364,"Art. 3, commi 1-4, D.Lgs. 31 ottobre 1990, n. 346","Esenzione dall'imposta sulle successioni sugli atti relativi a trasferimenti a favore dello Stato, regioni , province, comuni, enti pubblici di ricerca e fondazioni, ONLUS, movimenti e partiti politici",IMPOSTE SU SUCCESSIONI E DONAZIONI,A REGIME,ESENZIONE,"-12,3","-12,3","-12,3",,,ASSOCIAZIONI E ENTI DEL TERZO SETTORE,X,64
2023,"24: DIRITTI SOCIALI, POLITICHE SOCIALI E FAMIGLIA",365,"Art. 1 e 10, D.Lgs. 31 ottobre 1990, n. 347","Esenzione dalle imposte ipotecaria e catastale sugli atti relativi a trasferimenti effettuati a favore dello Stato, regioni , province , comuni, enti di ricerca e fondazioni, ONLUS, movimenti e partiti politici","IMPOSTE DI REGISTRO, DI BOLLO E IPOCATASTALI",A REGIME,ESENZIONE,"-4,6","-4,6","-4,6",,,ASSOCIAZIONI E ENTI DEL TERZO SETTORE,X,64
2023,"24: DIRITTI SOCIALI, POLITICHE SOCIALI E FAMIGLIA",366,"Art. 8, comma 4, L. 11 agosto 1991, n. 266; abrogato dall'art. 102, c. 2, lett. d), D.Lgs. 3 luglio 2017, n. 117 a decorrere dal periodo di imposta successivo all'autorizzazione della Commissione europea","Non imponibilità ai fini delle imposte sui redditi dei proventi derivanti da attività commerciali e produttive marginali come individuate con D.M. 25 maggio 1995, qualora sia documentato il loro totale impiego per i fini istituzionali dell’organizzazione di volontariato.",IRES,A REGIME,ESCLUSIONE,Non quantificabile,"-4,6","-4,6",,,ASSOCIAZIONI E ENTI DEL TERZO SETTORE,X,64
2023,"24: DIRITTI SOCIALI, POLITICHE SOCIALI E FAMIGLIA",367,"Art. 54, comma 1, L. 21 novembre 2000, n. 342","Non si considerano destinati a finalità estranee all’esercizio d’impresa e sono considerati distrutti ai fini IVA (esenzione con diritto alla detrazione dell'IVA a monte), i prodotti editoriali e le dotazioni informatiche ceduti gratuitamente a enti locali, agli istituti di prevenzione e pena, alle istituzioni scolastiche, agli orfanotrofi ed enti religiosi",IMPOSTE DIRETTE E IVA,A REGIME,ESCLUSIONE,Non quantificabile,"-4,6","-4,6",,,SOGGETTI E CATEGORIE PARTICOLARI,X,64
2023,"24: DIRITTI SOCIALI, POLITICHE SOCIALI E FAMIGLIA",368,"Art. 20, L. 7 dicembre 2000, n. 383 abrogata dall'art. 102, comma 2, lett. g), D.Lgs. 3 luglio 2017, n. 117, salvo quanto previsto dall'art. 104, comma 2, del medesimo D.Lgs. 3 luglio 2017, n. 117","Non è considerata commerciale, così come per gli associati, la cessione di beni e la prestazione di servizi resa da associazioni di promozione sociale nei confronti dei familiari conviventi degli associati.",IRES,A REGIME,ESCLUSIONE,Non quantificabile,"-4,6","-4,6",,,ASSOCIAZIONI E ENTI DEL TERZO SETTORE,X,64
2023,"24: DIRITTI SOCIALI, POLITICHE SOCIALI E FAMIGLIA",369,"Art. 92, L. 27 dicembre 2002, n. 289",Esenzione dal pagamento dell’imposta sugli intrattenimenti per lo svolgimento occasionale delle attività svolte dai centri sociali per anziani,ALTRO,A REGIME,ESENZIONE,Non quantificabile,"-4,6","-4,6",,,ASSOCIAZIONI E ENTI DEL TERZO SETTORE,X,64
2023,"24: DIRITTI SOCIALI, POLITICHE SOCIALI E FAMIGLIA",370,"Art. 92, L. 27 dicembre 2002, n. 289",Esenzione dal pagamento del canone per le radioaudizioni a favore dei centri sociali per anziani,ALTRO,A REGIME,ESENZIONE,Non quantificabile,"-4,6","-4,6",,,ASSOCIAZIONI E ENTI DEL TERZO SETTORE,X,64
2023,"24: DIRITTI SOCIALI, POLITICHE SOCIALI E FAMIGLIA",371,"Art. 14, comma 1, D.L. 14 marzo 2005, n. 35, modificato dall'art. 99, comma 3, D.Lgs. 3 luglio 2017, n. 117 e da ultimo dall'art. 5-sexies, comma 1, D.L. 16 ottobre 2017, n. 148","Deduzione delle erogazioni liberali in denaro e in natura a favore degli enti del cd. terzo settore (Onlus, Ong, organismi di volontariato etc.) nel limite del 10 per cento del reddito complessivo e comunque nella misura massima di 70.000 euro annui",IRPEF/IRES,A REGIME,DEDUZIONE,"-27,8","-27,8","-27,8",254.652,"-109,0",PERSONE FISICHE E GIURIDICHE,X,64
2023,"24: DIRITTI SOCIALI, POLITICHE SOCIALI E FAMIGLIA",372,"Art. 1, comma 335, L. 23 dicembre 2005, n. 266; Art. 2, comma 6, L. 22 dicembre 2008, n. 203 (proroga)",Detrazione del 19% per le spese di frequenza degli asili nido,IRPEF,A REGIME,DETRAZIONE,"-9,6","-9,6","-9,6",88.379,"-108,2",PERSONE FISICHE,X,65
2023,"24: DIRITTI SOCIALI, POLITICHE SOCIALI E FAMIGLIA",373,"Art. 1, comma 132, L. 24 dicembre 2007, n. 244; art. 1, comma 1, del D.M. 16 febbraio 2018",Esenzione dal canone di abbonamento radiotelevisivo in favore dei soggetti di età pari o superiore a 75 anni con reddito inferiore a 8.000 euro,ALTRO,A REGIME,ESENZIONE,"-33,8","-33,8","-33,8",375.300,"-90,1",PERSONE FISICHE,X,65
2023,"24: DIRITTI SOCIALI, POLITICHE SOCIALI E FAMIGLIA",374,"Art. 2, comma 26, L. 23 dicembre 2009, n. 191",Esenzione dall'imposta di registro e da ogni altra imposta per gli atti giudiziari per i quali siano stati parti in causa le vittime di atti di terrorismo e delle stragi,"IMPOSTE DI REGISTRO, DI BOLLO E IPOCATASTALI",A REGIME,ESENZIONE,"-0,2","-0,2","-0,2",,,PERSONE FISICHE,X,65
2023,"24: DIRITTI SOCIALI, POLITICHE SOCIALI E FAMIGLIA",375,"Art. 11, comma 1, D.L. 28 dicembre 2013, n. 149","Detrazione, nella misura del 26%, per erogazioni liberali in denaro, per importi compresi tra 30 euro e 30.000 euro annui, a favore di partiti politici iscritti nella prima sezione del registro nazionale dei partiti politici",IRPEF,A REGIME,DETRAZIONE,"-5,2","-5,2","-5,2",6.699,"-780,1",PERSONE FISICHE,X,65
2023,"24: DIRITTI SOCIALI, POLITICHE SOCIALI E FAMIGLIA",376,"Art. 11, comma 6, D.L. 28 dicembre 2013, n. 149","Detrazione del 26% delle erogazioni liberali in denaro ai partiti politici per importi compresi tra 30 euro e 30.000 euro annui. Sono esclusi gli enti nei quali vi sia una partecipazione pubblica o i cui titoli siano negoziati in mercati regolamentati nonché le società ed enti che controllano tali soggetti, nonché le società concessionarie dello Stato o di enti pubblici, per la durata del rapporto di concessione.",IRES,A REGIME,DETRAZIONE,Effetti di trascurabile entità,"-5,2","-5,2",,,PERSONE GIURIDICHE,X,65
2023,"24: DIRITTI SOCIALI, POLITICHE SOCIALI E FAMIGLIA",377,"Art. 1, commi 392-395, L. 28 dicembre 2015, n. 208; D.M. 1 giugno 2016 (modalità applicative); art. 1, commi 478, 479 e 480, L. 30 dicembre 2018, n. 145 (proroghe e modifiche); art. 63, comma 5, del D.L. 25 maggio 2021, n. 73 (proroga e modifiche); art. 5, comma 3, lett. a) e b), D.L. 23 luglio 2021, n. 105 (proroga e modifiche); art. 1, comma 135, lett. a) e b), L. 30 dicembre 2021, n. 234 (proroga e modifiche);","Credito d'imposta riconosciuto a favore delle fondazioni bancarie per i versamenti effettuati nel ""Fondo per il contrasto della povertà educativa minorile"" di cui al comma 392 dell'articolo 1 della legge n. 208 del 2015. Il credito d'imposta è riconosciuto in misura pari al 75% dei versamenti effettuati al predetto Fondo negli anni 2016, 2017, 2018 e 2024 e pari al 65% negli anni 2019, 2020, 2021, 2022 e 2023, fino ad esaurimento delle risorse disponibili, pari a 100 milioni di euro annui per ciascuno degli anni 2016, 2017 e 2018, a 55 milioni di euro per ciascuno degli anni dal 2019 al 2022, a 45 milioni di euro per l'anno 2023 e a 25 milioni di euro per l'anno 2024, secondo l'ordine temporale in cui le fondazioni comunicano l'impegno a finanziare i progetti individuati.",CREDITO D'IMPOSTA,2024,CREDITO D'IMPOSTA,"-25,0","0,0","0,0",,,BANCHE E ASSICURAZIONI,X,65
2023,"24: DIRITTI SOCIALI, POLITICHE SOCIALI E FAMIGLIA",378,"Art. 6, comma 1, L. 22 giugno 2016, n. 112","Esenzione imposta sulle successioni e donazioni, sui conferimenti in trust, ovvero sulle costituzioni di vincoli di destinazione di cui all'art. 2645-ter c.c. ovvero sulle destinazione a fondi speciali, in favore delle persone con disabilita' grave",IMPOSTE SU SUCCESSIONI E DONAZIONI,A REGIME,ESENZIONE,"-9,2","-9,2","-9,2",,,SOGGETTI E CATEGORIE PARTICOLARI,X,65
2023,"24: DIRITTI SOCIALI, POLITICHE SOCIALI E FAMIGLIA",379,"Art. 6, comma 4, L. 22 giugno 2016, n. 112","Esenzione dall'imposta sulle successioni e donazioni, imposte di registro, ipotecaria e catastale in misura fissa in caso di premorienza del beneficiario rispetto ai soggetti che hanno istituito il trust, ovvero stipulato i fondi speciali o costituito il vincolo di destinazione di cui all'art. 2645-ter del codice civile, sui trasferimenti di beni a favore dei suddetti soggetti.",IMPOSTE SU SUCCESSIONI E DONAZIONI,A REGIME,ESENZIONE,"-9,2","-9,2","-9,2",,,SOGGETTI E CATEGORIE PARTICOLARI,X,65
2023,"24: DIRITTI SOCIALI, POLITICHE SOCIALI E FAMIGLIA",380,"Art. 6, comma 6, L. 22 giugno 2016, n. 112","Applicazione delle imposte di registro, ipotecaria e catastale in misura fissa sugli atti traslativi a titolo oneroso a favore di trust, vincoli di destinazione e fondi speciali istituiti in favore delle persone con disabilita' grave","IMPOSTE DI REGISTRO, DI BOLLO E IPOCATASTALI",A REGIME,IMPOSTA IN MISURA FISSA,"-9,2","-9,2","-9,2",,,SOGGETTI E CATEGORIE PARTICOLARI,X,65
2023,"24: DIRITTI SOCIALI, POLITICHE SOCIALI E FAMIGLIA",381,"Art. 6, comma 7, L. 22 giugno 2016, n. 112","Gli atti, i documenti, le istanze e i contratti e ogni altro documento posto in essere o richiesto dal trustee ovvero dal fiduciario del fondo speciale ovvero dal gestore del vincolo di destinazione istituiti in favore delle persone con disabilità grave sono esenti dall'imposta di bollo.","IMPOSTE DI REGISTRO, DI BOLLO E IPOCATASTALI",A REGIME,ESENZIONE,"-9,2","-9,2","-9,2",,,SOGGETTI E CATEGORIE PARTICOLARI,X,65
2023,"24: DIRITTI SOCIALI, POLITICHE SOCIALI E FAMIGLIA",382,"Art. 6, comma 9, L. 22 giugno 2016, n. 112 (norma istitutiva); Art. 89, comma 10, D.Lgs. 3 luglio 2017, n. 117 (modifica); Art. 31, comma 2, lett. b), D.Lgs. 3 agosto 2018, n. 105 (sostituzione)","Applicazione delle agevolazioni di cui all'articolo 83, commi 1, secondo periodo (detrazione del 35%), e comma 2 (deduzione dal reddito complessivo netto nel limite del 10 per cento del reddito complessivo dichiarato), del D.Lgs. 117/2017 alle erogazioni liberali, alle donazioni e agli altri atti a titolo gratuito effettuati dai privati nei confronti dei trust ovvero dei fondi speciali per il sostegno delle persone con disabilità grave (cd. ""DOPO DI NOI"").",IRPEF/IRES,A REGIME,DETRAZIONE/DEDU ZIONE,"-0,8","-0,8","-0,8",1.715,"-452,6",PERSONE FISICHE E GIURIDICHE,X,65
2023,"24: DIRITTI SOCIALI, POLITICHE SOCIALI E FAMIGLIA",383,"Art. 38, D.L. 17 ottobre 2016, n. 189 per l'attuazione vedi D.P.C.M. di concerto con MEF 26 ottobre 2018","Credito d'imposta riconosciuto ai datori di lavoro pubblici e privati in relazione agli emolumenti versati al lavoratore legittimamente impegnato come volontario di protezione civile, in misura pari agli importi effettivamente spettanti (cedibile) e utilizzabile esclusivamente in compensazione",CREDITO D'IMPOSTA,A REGIME,CREDITO D'IMPOSTA,"-0,8","-0,8","-0,8",135,"-5.566,1",IMPRESE E SOCIETA',X,66
2023,"24: DIRITTI SOCIALI, POLITICHE SOCIALI E FAMIGLIA",384,"Art. 1, comma 51, L. 11 dicembre 2016, n. 232","Regime fiscale agevolato per gli operatori bancari di finanza etica e sostenibile (nel de minimis) Non concorre a formare il reddito imponibile ai sensi dell'articolo 81 del testo unico delle imposte sui redditi, di cui al decreto del Presidente della Repubblica 22 dicembre 1986, n. 917, degli operatori bancari di finanza etica e sostenibile una quota pari al 75 per cento delle somme destinate a incremento del capitale proprio.",IRES,A REGIME,ESCLUSIONE,Effetti di trascurabile entità,"-0,8","-0,8",,,SOGGETTI E CATEGORIE PARTICOLARI,X,66
2023,"24: DIRITTI SOCIALI, POLITICHE SOCIALI E FAMIGLIA",385,"Art. 1, comma 249, L. 11 dicembre 2016, n. 232","Le pensioni a favore dei superstiti di assicurato o pensionato percepite dagli orfani, concorrono alla formazione del reddito complessivo per l'importo eccedente 1.000 Euro.",IRPEF,A REGIME,ESCLUSIONE,"-17,4","-17,4","-17,4",69.500,"-250,7",PERSONE FISICHE,X,66
2023,"24: DIRITTI SOCIALI, POLITICHE SOCIALI E FAMIGLIA",386,"Art. 16, D.Lgs. 3 luglio 2017, n. 112","Deducibilità ai fini dell'imposta sui redditi della quota non superiore al 3 per cento degli utili netti annuali, dedotte eventuali perdite maturate negli esercizi precedenti, erogata dalle imprese sociali a fondi istituiti dagli enti rappresentativi delle imprese sociali e dalle associazioni nazionali di rappresentanza, assistenza, tutela e revisione del movimento cooperativo, nonché dalla Fondazione Italia Sociale, specificamente ed esclusivamente destinati alla promozione e allo sviluppo delle imprese sociali attraverso azioni ed iniziative di varia natura, quali il finanziamento di progetti di studio e di ricerca in tema di impresa sociale o di attività di formazione dei lavoratori dell'impresa sociale, la promozione della costituzione di imprese sociali o di loro enti associativi, o il finanziamento di specifici programmi di sviluppo di imprese sociali o di loro enti associativi",IRPEF/IRES,A REGIME (IN ATTESA DI AUTORIZZAZIO NE CE),DEDUZIONE,Effetti di trascurabile entità,"-17,4","-17,4",,,ASSOCIAZIONI E ENTI DEL TERZO SETTORE,X,66
2023,"24: DIRITTI SOCIALI, POLITICHE SOCIALI E FAMIGLIA",387,"Art. 18, comma 1, D.Lgs. 3 luglio 2017, n. 112, così come sostituito dall'art. 7, comma 1, lett. a), D.Lgs. 20 luglio 2018, n. 95",Non concorrenza alla formazione reddito imponibile imprese sociali degli utili e degli avanzi di gestione destinati ad apposita riserva,IRPEF/IRES,A REGIME (IN ATTESA DI AUTORIZZAZIO NE CE),ESCLUSIONE,"-0,6","-0,6","-0,6",,,ASSOCIAZIONI E ENTI DEL TERZO SETTORE,X,66
2023,"24: DIRITTI SOCIALI, POLITICHE SOCIALI E FAMIGLIA",388,"Art. 18, comma 2, D.Lgs. 3 luglio 2017, n. 112, così come sostituito dall'art. 7, comma 1, lett. a), D.Lgs. 20 luglio 2018, n. 95",Non concorrenza alla formazione reddito imponibile degli utili e degli avanzi di gestione destinati ad aumento gratuito del capitale sociale,IRPEF/IRES,A REGIME (IN ATTESA DI AUTORIZZAZIO NE CE),ESCLUSIONE,"-0,6","-0,6","-0,6",,,ASSOCIAZIONI E ENTI DEL TERZO SETTORE,X,66
2023,"24: DIRITTI SOCIALI, POLITICHE SOCIALI E FAMIGLIA",389,"Art. 18, commi da 3 a 5, D.Lgs. 3 luglio 2017, n. 112; art. 7, comma 1, lett. b), c), d), e), f), D.Lgs. 20 luglio 2018, n. 95 (modifica) art. 26, comma 2, lett. b), D.L. 21 giugno 2022, n. 73 (modifica)","Incentivi fiscali all’investimento nelle imprese sociali: - detrazione dall'imposta lorda sul reddito delle persone fisiche pari al 30% della somma investita dal contribuente nel capitale sociale di una o più società, incluse società cooperative, che abbiano acquisito la qualifica di impresa sociale da non più di cinque anni; - non concorre alla formazione del reddito dei soggetti passivi dell'imposta sul reddito delle società il 30% della somma investita nel capitale sociale di una o più società, incluse società cooperative, che abbiano acquisito la qualifica di impresa sociale da non più di cinque anni. Analoghi incentivi sono previsti per gli atti di dotazione e i contributi di qualsiasi natura in favore di fondazioni che abbiano acquisito la qualifica di impresa sociale da non più di cinque anni.",IRPEF/IRES,A REGIME (IN ATTESA DI AUTORIZZAZIO NE CE),DETRAZIONE/DEDU ZIONE,"-2,0","-2,0","-2,0",,,PERSONE FISICHE E GIURIDICHE,X,66
2023,"24: DIRITTI SOCIALI, POLITICHE SOCIALI E FAMIGLIA",390,"Art. 62, comma 6, D.Lgs. 3 luglio 2017, n. 117","Credito d'imposta in favore delle fondazioni bancarie, per versamenti al FUN (Fondo Unico Nazionale) per il finanziamento dei CVS (Centri di Servizio per il Volontariato) nella misura del 100% (cedibile) utilizzabile esclusivamente in compensazione",CREDITO D'IMPOSTA,A REGIME,CREDITO D'IMPOSTA,"-7,6","-7,6","-7,6",61,"-123.865,3",BANCHE E ASSICURAZIONI,X,66
2023,"24: DIRITTI SOCIALI, POLITICHE SOCIALI E FAMIGLIA",391,"Art. 77, comma 9, D.Lgs. 3 luglio 2017, n. 117","Assoggettamento alla ritenuta agevolata prevista per i titoli di cui all’articolo 31 del d.P.R. n. 601/1973, degli interessi, dei premi e di ogni altro provento prodotti dai titoli di solidarietà.",IMPOSTA SOSTITUTIVA,A REGIME,RIDUZIONE DI ALIQUOTA,"-1,0","-1,0","-1,0",,,PERSONE FISICHE E GIURIDICHE,X,66
2023,"24: DIRITTI SOCIALI, POLITICHE SOCIALI E FAMIGLIA",392,"Art. 77, comma 10, D.Lgs. 3 luglio 2017, n. 117",Credito d'imposta pari al 50% delle erogazioni liberali in danaro effettuate in favore degli enti del terzo settore dagli istituti di credito emittenti i titoli di solidarietà e commisurate all'ammontare nominale collocato di detti titoli di solidarietà utilizzabile esclusivamente in compensazione,CREDITO D'IMPOSTA,A REGIME (IN ATTESA DI AUTORIZZAZIO NE CE),CREDITO D'IMPOSTA,"-0,6","-0,6","-0,6",,,BANCHE E ASSICURAZIONI,X,67
2023,"24: DIRITTI SOCIALI, POLITICHE SOCIALI E FAMIGLIA",393,"Art. 77, comma 12, D.Lgs. 3 luglio 2017, n. 117",I titoli di solidarietà sono esclusi dalla base imponibile dell'imposta sulle successioni e donazioni,IMPOSTE SU SUCCESSIONI E DONAZIONI,A REGIME,ESCLUSIONE,Effetti di trascurabile entità,"-0,6","-0,6",,,PERSONE FISICHE,X,67
2023,"24: DIRITTI SOCIALI, POLITICHE SOCIALI E FAMIGLIA",394,"Art. 77, comma 13, D.Lgs. 3 luglio 2017, n. 117",I titoli di solidarietà sono esclusi dalla base imponibile dell'imposta di bollo sulle comunicazioni relative ai dossier titoli.,"IMPOSTE DI REGISTRO, DI BOLLO E IPOCATASTALI",A REGIME,ESCLUSIONE,"-1,4","-1,4","-1,4",,,PERSONE FISICHE E GIURIDICHE,X,67
2023,"24: DIRITTI SOCIALI, POLITICHE SOCIALI E FAMIGLIA",395,"Art. 78, D.Lgs. 3 luglio 2017, n. 117, come modificato dall'art. 22, comma 1, D.Lgs. 3 agosto 2018, n. 105.","Assoggettamento a ritenuta alla fonte a titolo di imposta, con l'aliquota agevolata prevista per i titoli di cui all'articolo 31 del d.P.R. n. 601 del 1973 degli importi percepiti a titolo di remunerazione dai soggetti che prestano fondi attraverso portali on line che svolgono attività di social lending, finalizzato al finanziamento e al sostegno delle attività di interesse generale svolte dagli enti del terzo settore.",IRPEF,A REGIME,RIDUZIONE DI ALIQUOTA,Effetti di trascurabile entità,"-1,4","-1,4",,,PERSONE FISICHE E GIURIDICHE,X,67
2023,"24: DIRITTI SOCIALI, POLITICHE SOCIALI E FAMIGLIA",396,"Art. 79, comma 2-bis), D.Lgs. 3 luglio 2017, n. 117 (comma inserito dall'art. 24-ter, comma 3, D.L. 23 ottobre 2018, n. 119) Art. 26, comma 1, lett. a), n. 2), D.L. 21 giugno 2022, n. 73 (modifica)","Non commercialità delle attività di cui all'art. 79, comma 2, qualora i ricavi non superino di oltre il 6 per cento i relativi costi per ciascun periodo d'imposta e per non oltre tre periodi d'imposta consecutivi.",IRES,A REGIME (IN ATTESA DI AUTORIZZAZIO NE CE),ESENZIONE,Non quantificabile,"-1,4","-1,4",,,ASSOCIAZIONI E ENTI DEL TERZO SETTORE,,67
2023,"24: DIRITTI SOCIALI, POLITICHE SOCIALI E FAMIGLIA",397,"Art. 79, comma 3, lett. b-bis), D.Lgs. 3 luglio 2017, n. 117 [lettera aggiunta dall'art. 1, comma 82, L. 30 dicembre 2018, n. 145; per l'applicabilità delle agevolazioni (nel de minimis) vedi l'art. 1, comma 83, L. 30 dicembre 2018, n. 145]","Non commercialità delle attività delle ex Ipab di cui alle lettere a), b), e c) dell'articolo 5 del d.lgs. 117/2017 (nel de minimis)",IRES,A REGIME,ESENZIONE,Non quantificabile,"-1,4","-1,4",,,ASSOCIAZIONI E ENTI DEL TERZO SETTORE,,67
2023,"24: DIRITTI SOCIALI, POLITICHE SOCIALI E FAMIGLIA",398,"Art. 80, D.Lgs. 3 luglio 2017, n. 117",Regime forfetario di determinazione del reddito d'impresa da parte di enti del terzo settore che svolgono in via principale o prevalente attività non commerciali,IRES,A REGIME (IN ATTESA DI AUTORIZZAZIO NE CE),REGIME FORFETARIO,Stima compresa nelle misure da 405 a 409,"-1,4","-1,4",,,ASSOCIAZIONI E ENTI DEL TERZO SETTORE,X,67
2023,"24: DIRITTI SOCIALI, POLITICHE SOCIALI E FAMIGLIA",399,"Art. 81, D.Lgs. 3 luglio 2017, n. 117; art. 25, comma 1, lett. a) e b), D.Lgs. 3 agosto 2018, n. 105 (modifiche)","Credito d'imposta (""Social bonus"") pari al 65 per cento delle erogazioni liberali in denaro effettuate da persone fisiche e al 50% delle erogazioni liberali in denaro effettuate da enti o società in favore degli enti del terzo settore, che hanno presentato al Ministero del lavoro e delle politiche sociali un progetto per sostenere il recupero degli immobili pubblici inutilizzati e dei beni mobili e immobili confiscati alla criminalità organizzata assegnati ai suddetti enti del terzo settore e da questi utilizzati esclusivamente per lo svolgimento di attività di interesse generale con modalità non commerciali, utilizzabile in compensazione.",CREDITO D'IMPOSTA,A REGIME,CREDITO D'IMPOSTA,"-33,8","-33,8","-33,8",,,PERSONE GIURIDICHE,X,67
2023,"24: DIRITTI SOCIALI, POLITICHE SOCIALI E FAMIGLIA",400,"Art. 82, comma 2, D.lgs. 3 luglio 2017, n. 117","Esenzione imposta sulle successioni e donazioni, ipotecaria e catastale, sui trasferimenti a titolo gratuito a favore degli enti del terzo settore.",IMPOSTE SU SUCCESSIONI E DONAZIONI,A REGIME,ESENZIONE,Non quantificabile,"-33,8","-33,8",,,ASSOCIAZIONI E ENTI DEL TERZO SETTORE,X,67
2023,"24: DIRITTI SOCIALI, POLITICHE SOCIALI E FAMIGLIA",401,"Art. 82, comma 3, D.lgs. 3 luglio 2017, n. 117","Le imposte di registro, ipotecaria e catastale sono dovute in misura fissa sugli atti costitutivi e le modifiche statutarie, comprese le operazioni di fusione, scissione o trasformazione, poste in essere da enti del Terzo settore. Le modifiche statutarie sono esenti dall'imposta di registro se hanno lo scopo di adeguare gli atti a modifiche normative. Gli atti costitutivi e quelli connessi allo svolgimento delle attivita'delle organizzazioni di volontariato sono esenti dall'imposta di registro.","IMPOSTE DI REGISTRO, DI BOLLO E IPOCATASTALI",A REGIME,IMPOSTA IN MISURA FISSA,Non quantificabile,"-33,8","-33,8",,,ASSOCIAZIONI E ENTI DEL TERZO SETTORE,X,67
2023,"24: DIRITTI SOCIALI, POLITICHE SOCIALI E FAMIGLIA",402,"Art. 82, comma 4, D.lgs. 3 luglio 2017, n. 117","Le imposte di registro, ipotecaria e catastale si applicano in misura fissa per gli atti traslativi a titolo oneroso di beni immobili a favore degli enti del Terzo settore","IMPOSTE DI REGISTRO, DI BOLLO E IPOCATASTALI",A REGIME,IMPOSTA IN MISURA FISSA,Non quantificabile,2025,2026,,,ASSOCIAZIONI E ENTI DEL TERZO SETTORE,X,68
2023,"24: DIRITTI SOCIALI, POLITICHE SOCIALI E FAMIGLIA",403,"Art. 82, comma 5, D.lgs. 3 luglio 2017, n. 117","Gli atti, i documenti, le istanze e i contratti e ogni altro documento posto in essere o richiesto dagli enti del Terzo settore sono esenti dall'imposta di bollo.","IMPOSTE DI REGISTRO, DI BOLLO E IPOCATASTALI",A REGIME,ESENZIONE,Non quantificabile,2025,2026,,,ASSOCIAZIONI E ENTI DEL TERZO SETTORE,X,68
2023,"24: DIRITTI SOCIALI, POLITICHE SOCIALI E FAMIGLIA",404,"Art. 83, commi 1-4, D.Lgs. 3 luglio 2017, n. 117; art. 27, comma 1, D.Lgs. 3 agosto 2018, n. 105 e art. 24-ter, comma 4, D.L. n. 119/2018 (modifiche) art. 26 comma 1, D.L. 21 giugno 2022, n. 73 (modifica)","Dall'imposta lorda sul reddito delle persone fisiche si detrae un importo pari al 30 per cento degli oneri sostenuti dal contribuente per le erogazioni liberali in denaro o in natura a favore degli enti del Terzo settore, comprese le cooperative sociali ed escluse le imprese sociali costituite in forma di società, per un importo complessivo in ciascun periodo d'imposta non superiore a 30.000 euro. L'importo è elevato al 35 per cento degli oneri sostenuti dal contribuente, qualora l'erogazione liberale sia a favore di organizzazioni di volontariato. Le liberalità in denaro o in natura erogate a favore degli enti del Terzo settore, comprese le cooperative sociali ed escluse le imprese sociali costituite in forma di società, da persone fisiche, enti e società sono deducibili dal reddito complessivo netto del soggetto erogatore nel limite del 10 per cento del reddito complessivo dichiarato.",IRPEF/IRES,A REGIME,DETRAZIONE/DEDU ZIONE,"-34,5","-34,5","-34,5",48.896,"-705,4",PERSONE FISICHE E GIURIDICHE,X,68
2023,"24: DIRITTI SOCIALI, POLITICHE SOCIALI E FAMIGLIA",405,"Art. 83, comma 5, D.Lgs. 3 luglio 2017, n. 117; art. 5-quater, comma 1, D.L. 16 ottobre 2017, n. 148 (modifica)","Detrazioni per contributi associativi versati alle società di mutuo soccorso. Dall'imposta lorda si detrae un importo pari al 19 per cento dei contributi associativi per un importo non superiore a 1.300 euro versati dai soci alle società di mutuo soccorso che operano esclusivamente nei settori di cui all'articolo 1 della legge 15 aprile 1886, n. 3818, al fine di assicurare ai soci un sussidio nei casi di malattia, di impotenza al lavoro o di vecchiaia, ovvero, in caso di decesso, un aiuto alle loro famiglie",IRPEF/IRES,A REGIME,DETRAZIONE,"-28,5","-28,5","-28,5",,,PERSONE FISICHE E GIURIDICHE,X,68
2023,"24: DIRITTI SOCIALI, POLITICHE SOCIALI E FAMIGLIA",406,"Art. 84, comma 2, D.Lgs. 3 luglio 2017, n. 117 Art. 84, comma 2-bis come aggiunto dall'art. 28, comma 1, lett. c), D.Lgs. 3 agosto 2018, n. 105, e successivamente sostituito dall'art. 26, comma 1, lett. d), n. 2), D.L. 21 giugno 2022, n. 73, (estensione soggettiva)",Non concorrenza dei redditi degli immobili destinati in via esclusiva o principale allo svolgimento di attività non commerciale da parte delle organizzazioni di volontariato e dagli enti filantropici.,IRES,A REGIME,ESCLUSIONE,"-28,5","-28,5","-28,5",,,ASSOCIAZIONI E ENTI DEL TERZO SETTORE,X,68
2023,"24: DIRITTI SOCIALI, POLITICHE SOCIALI E FAMIGLIA",407,"Art. 85, commi 2 e 4, D.Lgs. 3 luglio 2017, n. 117",Decommercializzazione di determinate attività effettuate dalle associazioni di promozione sociale (in de minimis),IRES,A REGIME,ESCLUSIONE,"-28,5","-28,5","-28,5",,,ASSOCIAZIONI E ENTI DEL TERZO SETTORE,X,68
2023,"24: DIRITTI SOCIALI, POLITICHE SOCIALI E FAMIGLIA",408,"Art. 85, comma 7, D.Lgs. 3 luglio 2017, n. 117",Non concorrenza dei redditi degli immobili destinati in via esclusiva o principale allo svolgimento di attività non commerciale da parte delle associazioni di promozione sociale,IRES,A REGIME,ESCLUSIONE,"-28,5","-28,5","-28,5",,,ASSOCIAZIONI E ENTI DEL TERZO SETTORE,X,68
2023,"24: DIRITTI SOCIALI, POLITICHE SOCIALI E FAMIGLIA",409,"Art. 86, D.Lgs. 3 luglio 2017, n. 117; art. 29, comma 1, D.Lgs. 3 agosto 2018, n. 105 (modifica)",Regime forfetario di determinazione del reddito per attività commerciali svolte dalle organizzazioni di volontariato e dalle associazioni di promozione sociale,IRES,A REGIME (IN ATTESA DI AUTORIZZAZIO NE CE),REGIME FORFETARIO,"-28,5","-28,5","-28,5",,,ASSOCIAZIONI E ENTI DEL TERZO SETTORE,X,68
2023,"24: DIRITTI SOCIALI, POLITICHE SOCIALI E FAMIGLIA",410,"Art. 1, commi 13-16, L. 30 dicembre 2018, n. 145","Imposta sostitutiva sui compensi da lezioni private e ripetizioni A decorrere dal 1° gennaio 2019, ai compensi derivanti dall'attività di lezioni private e ripetizioni, svolta dai docenti titolari di cattedre nelle scuole di ogni ordine e grado, si applica un'imposta sostitutiva dell'imposta sul reddito delle persone fisiche e delle addizionali regionali e comunali con l'aliquota del 15 per cento, salva opzione per l'applicazione dell'imposta sul reddito nei modi ordinari.",IRPEF,A REGIME,REGIME SOSTITUTIVO,"-0,1","-0,1","-0,1",,,PERSONE FISICHE,,68
2023,"24: DIRITTI SOCIALI, POLITICHE SOCIALI E FAMIGLIA",411,"Art. 19, comma 1, D.L. 26 ottobre 2019, n. 124",I premi attribuiti dalla lotteria nazionale degli scontrini non concorrono a formare il reddito del percipiente per l'intero ammontare corrisposto nel periodo d'imposta e non sono assoggettati ad alcun prelievo erariale.,IRPEF,A REGIME,ESCLUSIONE,"0,0","0,0","0,0",,,PERSONE FISICHE,,68
2023,"24: DIRITTI SOCIALI, POLITICHE SOCIALI E FAMIGLIA",412,"Art. 29. commi 5 e 6, D.L. 6 novembre 2021, n. 152","Contributo, sotto forma di credito d'imposta, riconosciuto a favore delle fondazioni bancarie, che nell'ambito della propria attività istituzionale effettuano versamenti al «Fondo per la Repubblica Digitale»istituito ai sensi del comma 1 dell'articolo 29 del D.L. n. 152 del 2021. In particolare, il credito d'imposta spetta in misura pari al 65% dei versamenti effettuati al Fondo per gli anni 2022 e 2023 e al 75 per cento per gli anni 2024, 2025 e 2026. Le risorse disponibili vengono individuate con uno o più decreti del Presidente del consiglio dei ministri o del Ministro delegato per l'innovazione tecnologica o la transizione digitale.",CREDITO D'IMPOSTA,2026,CREDITO D'IMPOSTA,"-10,5","-10,5","-10,5",29,"-362.069,0",BANCHE E ASSICURAZIONI,,69
2023,"24: DIRITTI SOCIALI, POLITICHE SOCIALI E FAMIGLIA",413,"Art. 2-bis, D.L. 17 maggio 2022 n. 50, inserito dalla legge di conversione 15 luglio 2022, n. 91",Esclusione dal reddito dell'indennità una tantum pari a 550 euro erogata nel 2022 a favore dei lavoratori dipendenti di aziende private titolari nell'anno 2021 di un contratto di lavoro a tempo parziale ciclico verticale che preveda periodi non interamente lavorati di almeno un mese in via continuativa e complessivamente non inferiori a sette settimane e non superiori a venti settimane e che non siano titolari di altro rapporto di lavoro dipendente né percettori della NASpI o di un trattamento pensionistico.,IRPEF,2022,ESCLUSIONE,"0,0","0,0","0,0",,,PERSONE FISICHE,,69
2023,"24: DIRITTI SOCIALI, POLITICHE SOCIALI E FAMIGLIA",414,"Art. 31, D.L. 17 maggio 2022, n. 50 (norma istitutiva); art. 22, comma 1, D.L. 9 agosto 2022, n. 115 (estensione)","Esclusione dal reddito dell'indennità una tantum pari a 200 euro erogata nel 2022 a favore dei lavoratori dipendenti, sia pubblici che privati, che non sono titolari di trattamenti pensionistici né di altre specifiche tipologie di trattamenti e che rientrano in specifici limiti reddituali.",IRPEF,2022,ESCLUSIONE,"0,0","0,0","0,0",,,PERSONE FISICHE,,69
2023,"24: DIRITTI SOCIALI, POLITICHE SOCIALI E FAMIGLIA",415,"Art. 32, commi da 1 a 6, D.L. 17 maggio 2022, n. 50 (norma istitutiva); art. 22, comma 2, D.L. 9 agosto 2022, n. 115 (modifica)",Esclusione dal reddito dell'indennità una tantum pari a 200 euro erogata nel 2022 a favore dei pensionati con reddito non superiore per l'anno 2021 a 35.000 euro.,IRPEF,2022,ESCLUSIONE,"0,0","0,0","0,0",,,PERSONE FISICHE,,69
2023,"24: DIRITTI SOCIALI, POLITICHE SOCIALI E FAMIGLIA",416,"Art. 32, comma 8, D.L. 17 maggio 2022, n. 50 (norma istitutiva)",Esclusione dal reddito dell'indennità una tantum pari a 200 euro erogata nel 2022 a favore dei lavoratori domestici.,IRPEF,2022,ESCLUSIONE,"0,0","0,0","0,0",,,PERSONE FISICHE,,69
2023,"24: DIRITTI SOCIALI, POLITICHE SOCIALI E FAMIGLIA",417,"Art. 32, commi da 1 a 6, D.L. 17 maggio 2022, n. 50 (norma istitutiva); art. 22, comma 2, D.L. 9 agosto 2022, n. 115 (modifica)","Esclusione dal reddito dell'indennità una tantum pari a 200 euro erogata nel 2022 a favore di: percettori di NASPI, DIS-COLL e indennità di disoccupazione agricola; titolari di rapporti di collaborazione coordinata e continuativa; lavoratori stagionali del turismo, degli stabilimenti termali, dello spettacolo e dello sport; lavoratori stagionali che nel 2021 abbiano svolto la prestazione per almeno 50 giornate e abbiano avuto un reddito di importo non superiore a 35.000 euro; lavoratori iscritti al Fondo pensione lavoratori dello spettacolo che, nel 2021 abbiano almeno 50 contributi giornalieri versati e un reddito di importo non superiore a 35.000 euro; lavoratori autonomi, privi di partita IVA, che nel 2021 siano stati titolari di contratti di lavoro autonomo occasionale e per i quali ricorrano specifiche condizioni; incaricati delle vendite a domicilio con reddito nell'anno 2021 superiore a 5.000 euro; percettori di reddito di cittadinanza.",IRPEF,2022,ESCLUSIONE,"0,0","0,0","0,0",,,PERSONE FISICHE,,69
2023,"24: DIRITTI SOCIALI, POLITICHE SOCIALI E FAMIGLIA",418,"Art. 12, D.L. 9 agosto 2022, n. 115 (norma istitutiva); Art. 3, comma 10, D.L. 18 novembre 2022, n. 176 (modifica)","Non concorrenza alla formazione del reddito del valore dei beni ceduti e dei servizi prestati ai lavoratori dipendenti nonché delle somme erogate o rimborsate ai medesimi dai datori di lavoro per il pagamento delle utenze domestiche del servizio idrico integrato, dell'energia elettrica e del gas naturale entro il limite complessivo di euro 3.000.",IRPEF,2022,ESCLUSIONE,"0,0","0,0","0,0",,,PERSONE FISICHE,,69
2023,"24: DIRITTI SOCIALI, POLITICHE SOCIALI E FAMIGLIA",419,"Art. 18, D.L. 23 settembre 2022, n. 144 (norma istitutiva)",Non concorrenza alla formazione del reddito di una indennità una tantum di importo pari a euro 150 a favore dei lavoratori dipendenti aventi una retribuzione imponibile nella competenza del mese di novembre 2022 non eccedente l'importo di 1.538 euro.,IRPEF,2022,ESCLUSIONE,"0,0","0,0","0,0",,,PERSONE FISICHE,,69
2023,"24: DIRITTI SOCIALI, POLITICHE SOCIALI E FAMIGLIA",420,"Art. 19, D.L. 23 settembre 2022, n. 144 (norma istitutiva)","Non concorrenza alla formazione del reddito di una indennità una tantum di importo pari a euro 150 a favore dei soggetti residenti in Italia titolari di trattamenti pensionistici, di pensione, assegno sociale, assegno per invalidi civili, ciechi e sordomuti, trattamenti di accompagnamento alla pensione, con reddito personale IRPEF non superiore per l'anno 2021 a 20.000 euro.",IRPEF,2022,ESCLUSIONE,"0,0","0,0","0,0",,,PERSONE FISICHE,,69
2023,"24: DIRITTI SOCIALI, POLITICHE SOCIALI E FAMIGLIA",421,"Art. 1, commi da 396 a 401, L. 29 dicembre 2022, n. 197","Credito d'imposta, riconosciuto alle fondazioni bancarie incorporanti, nel caso di operazioni di fusione poste in essere dalle fondazioni di cui al decreto legislativo 17 maggio 1999, n. 153, nella misura del 75 per cento delle erogazioni in denaro previste nei relativi progetti di fusione per incorporazione e successivamente effettuate a beneficio dei territori di operatività delle fondazioni incorporate, le quali versino in gravi difficoltà in quanto non in grado di raggiungere, per le loro ridotte dimensioni patrimoniali, una capacità tecnica, erogativa e operativa adeguata, ai sensi dell'articolo 12 del protocollo d'intesa del 22 aprile 2015 tra il Ministero dell'economia e delle finanze e l'Associazione di fondazioni e casse di risparmio Spa (ACRI).",CREDITO D'IMPOSTA,2027,CREDITO D'IMPOSTA,"-6,0","-6,0","-6,0",,,BANCHE E ASSICURAZIONI,,69
2023,25: POLITICHE PREVIDENZIALI,422,"Art. 2, Tariffa speciale-Allegato B, L. 29 ottobre 1961, n. 1216",Sui premi relativi ai contratti di assicurazione integrativa degli impiegati civili e militari dello Stato l'imposta sulle assicurazioni si applica in misura ridotta a un quarto,ALTRO,A REGIME,RIDUZIONE DI ALIQUOTA,Non quantificabile,2025,2026,,,SOGGETTI E CATEGORIE PARTICOLARI,X,70
2023,25: POLITICHE PREVIDENZIALI,423,"Art. 10, comma 2, TUIR (norma istitutiva); Art. 30, commi 1 e 2, L. 21 novembre 2000, n. 342",Deduzione delle spese mediche e di assistenza specifica necessarie nei casi di grave e permanente invalidita'o menomazione e deduzione dei contributi previdenziali versati per gli addetti ai servizi domestici e all'assistenza personale e familiare,IRPEF,A REGIME,DEDUZIONE,"-156,1","-156,1","-156,1",683.234,"-228,4",PERSONE FISICHE,X,70
2023,25: POLITICHE PREVIDENZIALI,424,"Art. 52, comma 1, lett. d-bis, TUIR","Sui lavori socialmente utili svolti da soggetti che hanno raggiunto l'età per la pensione di vecchiaia e che hanno un reddito complessivo non superiore a € 9296,22 al netto del reddito derivante dall'abitazione principale, si applica, sulla parte dei lavori socialmente utili che eccede € 3098,74, l'aliquota del 23%, maggiorata delle addizionali vigenti",IRPEF,A REGIME,RIDUZIONE DI ALIQUOTA,Effetti di trascurabile entità,"-156,1","-156,1",,,PERSONE FISICHE,X,70
2023,25: POLITICHE PREVIDENZIALI,425,"Art. 76, comma 1, L. 30 dicembre 1991, n. 413","Le rendite corrisposte in Italia da parte della assicurazione invalidità, vecchiaia e superstiti Svizzera (AVS), maturata sulla base anche di contributi previdenziali tassati alla fonte in Svizzera, sono assoggettate a ritenuta unica a titolo d'imposta del 5 per cento da parte degli istituti italiani, quali sostituti d'imposta, per il cui tramite l'AVS Svizzera le eroga ai beneficiari in Italia",IMPOSTA SOSTITUTIVA,A REGIME,REGIME SOSTITUTIVO,"-526,1","-526,1","-526,1",62.388,"-8.433,3",SOGGETTI E CATEGORIE PARTICOLARI,X,70
2023,25: POLITICHE PREVIDENZIALI,426,"Art. 76, comma 1-bis, L. 30 dicembre 1991, n. 413 introdotto dall'art. 55-quinquies, D.L. 24 aprile 2017 n. 50 convertito, con modificazioni, dalla L. 21 giugno 2017, n. 96","Applicazione della ritenuta a titolo d'imposta del 5 per cento, a cura degli intermediari finanziari italiani che intervengono nel pagamento, sulle somme corrisposte in Italia da parte della gestione della previdenza professionale per la vecchiaia, i superstiti e l'invalidita' svizzera (LPP), ivi comprese le prestazioni erogate dagli enti o istituti svizzeri di prepensionamento, maturate sulla base anche di contributi previdenziali tassati alla fonte in Svizzera e in qualunque forma erogate",IMPOSTA SOSTITUTIVA,A REGIME,REGIME SOSTITUTIVO,"-526,1","-526,1","-526,1",62.388,"-8.433,3",SOGGETTI E CATEGORIE PARTICOLARI,X,70
2023,25: POLITICHE PREVIDENZIALI,427,"Art. 2, comma 5-bis, D.Lgs. 30 aprile 1997, n. 184; art. 1, comma 77, L. 24 dicembre 2007, n. 247 (norma istitutiva)","Deduzione a favore dell'interessato dei contributi versati per il riscatto del periodo di corso di laurea ovvero detrazione, nella misura del 19 per cento, degli stessi contributi versati a favore dei soggetti di cui l'interessato risulta essere a carico",IRPEF,A REGIME,DETRAZIONE/DEDU ZIONE,"-1,2","-1,2","-1,2",1.858,"-640,7",PERSONE FISICHE,X,70
2023,25: POLITICHE PREVIDENZIALI,428,"Art. 3, comma 2, art. 4, comma 4 e art. 8, comma 2, L. 3 agosto 2004, n. 206",Esenzione dall'IRPEF delle pensioni e delle indennità corrisposte alle vittime del terrorismo e delle stragi di tale matrice. Esenzione dall'imposta di bollo per i documenti e gli atti delle procedure di liquidazione dei benefici previsti dalla presente legge. Esenzione da ogni imposta indiretta per l'erogazione delle indennità previste.,IRPEF,A REGIME,ESENZIONE,"-3,6","-3,6","-3,6",,,PERSONE FISICHE,X,70
2023,25: POLITICHE PREVIDENZIALI,429,"Art. 8, comma 4, D.Lgs. 5 dicembre 2005, n. 252 (norma istitutiva); Art. 10, comma 1, lett. e-bis), TUIR","Deduzione dal reddito imponibile, per un importo non superiore ad euro 5.164,57, dei contributi versati alle forme di previdenza complementari italiane ed estere localizzate nei Paesi dell'UE e del SEE.",IRPEF,A REGIME,DEDUZIONE,"-2.605,0","-2.605,0","-2.605,0",4.922.913,"-529,1",PERSONE FISICHE,X,70
2023,25: POLITICHE PREVIDENZIALI,430,"Art. 1, comma 219, L. 27 dicembre 2017, n. 205",Esenzione IRPEF per le pensioni di reversibilità percepite dai familiari delle vittime dell'attentato terroristico a Dacca,IRPEF,A REGIME,ESENZIONE,Effetti di trascurabile entità,"-2.605,0","-2.605,0",,,PERSONE FISICHE,X,70
2023,25: POLITICHE PREVIDENZIALI,431,"Art. 1, comma 156, L. 27 dicembre 2017, n. 205",Applicazione ai dipendenti pubblici delle disposizioni concernenti la deducibilità dei premi e contributi versati e il regime di tassazione delle prestazioni previste per la previdenza complementare nel settore privato.,IRPEF,A REGIME,REGIME SOSTITUTIVO,Stima compresa nella misura 429,"-2.605,0","-2.605,0",,,PERSONE FISICHE,X,70
2023,25: POLITICHE PREVIDENZIALI,432,"Art. 10, comma 1, lett. e-bis), TUIR, come modificato dall'art. 16, comma 1, lett. a), D.Lgs. 3 agosto 2022, n. 114 (norma istitutiva)","Deduzione dal reddito imponibile, per un importo non superiore ad euro 5.164,57, dei contributi versati ai sottoconti italiani ed esteri di prodotti pensionistici individuali paneuropei (PEPP) di cui al regolamento (UE) 2019/1238.",IRPEF,A REGIME,DEDUZIONE,Non quantificabile,"-2.605,0","-2.605,0",,,PERSONE FISICHE,,70
2023,25: POLITICHE PREVIDENZIALI,433,"Art. 76, comma 1-ter, L. 30 dicembre 1991, n. 413, aggiunto dall'art. 1, comma 77, L. 29 dicembre 2022, n. 197","Imposizione sostitutiva del 5 per cento delle somme corrisposte da parte dell'assicurazione per l'invalidità, la vecchiaia e i superstiti (AVS) svizzera e dalla gestione della previdenza professionale per la vecchiaia, i superstiti e l'invalidità (LPP) svizzera, ivi comprese le prestazioni erogate dagli enti o istituti svizzeri di prepensionamento, percepite da soggetti residenti senza l'intervento nel pagamento da parte di intermediari finanziari italiani.",IMPOSTA SOSTITUTIVA,A REGIME,REGIME SOSTITUTIVO,"-6,3","-3,0","-3,0",,,SOGGETTI E CATEGORIE PARTICOLARI,,70
2023,25: POLITICHE PREVIDENZIALI,434,"Art. 1, comma 79, L. 29 dicembre 2022, n. 197","A decorrere dal 1° gennaio 2023, imposizione sostitutiva del 5 per cento delle somme corrisposte da parte dell’assicurazione di invalidità, vecchiaia e superstiti della gestione della previdenza professionale per la vecchiaia, i superstiti e l’invalidità del Principato di Monaco, comprese le prestazioni di prepensionamento erogate da enti o istituti del Principato di Monaco, percepite da soggetti residenti senza l'intervento nel pagamento da parte di intermediari finanziari italiani.",IMPOSTA SOSTITUTIVA,A REGIME,REGIME SOSTITUTIVO,"-6,3","-3,0","-3,0",,,SOGGETTI E CATEGORIE PARTICOLARI,,71
2023,26: POLITICHE PER IL LAVORO,435,"Art. 3, comma 3, d.P.R. 26 ottobre 1972, n. 633","Non assoggettamento ad IVA delle somministrazioni gratuite nelle mense aziendali, delle prestazioni di trasporto, didattiche, educative e ricreative, di assistenza sociale e sanitaria, a favore del personale dipendente.",IVA,A REGIME,ESCLUSIONE,Non quantificabile,"-3,0","-3,0",,,PERSONE FISICHE,X,71
2023,26: POLITICHE PER IL LAVORO,436,"Art. 3, d.P.R. 29 settembre 1973, n. 601","Esenzione dall'IRPEF delle retribuzioni di qualsiasi natura, le pensioni e le indennità di fine rapporto corrisposte dalla Santa Sede e dagli enti dalla stessa gestiti ai propri dipendenti",IRPEF,A REGIME,ESENZIONE,"-10,2","-10,2","-10,2",,,SOGGETTI E CATEGORIE PARTICOLARI,X,71
2023,26: POLITICHE PER IL LAVORO,437,"Art. 4, comma 1, d.P.R. 29 settembre 1973, n. 601",Esenzione dall'IRPEF dei redditi derivanti dall'esercizio della funzione di ambasciatori e agenti diplomatici degli Stati esteri accreditati in Italia.,IRPEF,A REGIME,ESENZIONE,"-11,0","-11,0","-11,0",,,SOGGETTI E CATEGORIE PARTICOLARI,X,71
2023,26: POLITICHE PER IL LAVORO,438,"Art. 34, commi 1, 2, 3, d.P.R. 29 settembre 1973 n. 601","Esenzione dall'IRPEF: - delle pensioni di guerra di ogni tipo, delle relative indennità accessorie, degli assegni connessi alle pensioni privilegiate ordinarie, delle pensioni connesse alle decorazioni dell'ordine militare d'Italia, nonché delle pensioni privilegiate ordinarie corrisposte ai militari di leva e delle pensioni tabellari spettanti per menomazioni subite durante il servizio di leva obbligatorio (comma 1); - della pensione reversibile, della tredicesima mensilità e delle indennità di accompagnamento, percepite dai ciechi civili ai sensi della legge 27 maggio 1970, n. 382 (comma 2); - dei sussidi corrisposti dallo Stato e da altri enti pubblici a titolo assistenziale (comma 3).",IRPEF,A REGIME,ESENZIONE,"-3.495,3","-3.495,3","-3.495,3",4.033.210,"-866,6",PERSONE FISICHE,X,71
2023,26: POLITICHE PER IL LAVORO,439,"L. 26 luglio 1975, n. 386, articolo 1 Accordo Italo Svizzero",La remunerazione che un lavoratore frontaliero (residente entro 20 KM dal confine svizzero) riceve in corrispettivo di una attività dipendente è imponibile soltanto nello Stato in cui tale attività è svolta,IRPEF,A REGIME,ESCLUSIONE,"-338,7","-338,7","-338,7",58.813,"-5.758,2",SOGGETTI E CATEGORIE PARTICOLARI,X,71
2023,26: POLITICHE PER IL LAVORO,440,"Art. 10, comma 1, lett. f), TUIR","Deduzione delle somme corrisposte ai dipendenti, chiamati ad adempiere funzioni presso gli uffici elettorali",IRPEF,A REGIME,DEDUZIONE,"-4,9","-4,9","-4,9",,,PERSONE FISICHE,X,71
2023,26: POLITICHE PER IL LAVORO,441,"Art. 24, comma 3-bis, TUIR, inserito dall'art. 7, comma 1, L. 30 ottobre 2014, n. 161 e modificato dall'art. 1, comma 954, lettera c), L. 28 dicembre 2015, n. 208",Riconoscimento di tutte le agevolazioni fiscali previste per i residenti in Italia ai soggetti non residenti che producono in Italia almeno il 75% del loro reddito complessivo e che non godono di analoghe agevolazioni nel Paese di residenza. Procedura di infrazione n. 2013/2027,IRPEF,A REGIME,DETRAZIONE/DEDU ZIONE,"-3,5","-3,5","-3,5",3.020,"-1.150,3",PERSONE FISICHE,X,71
2023,26: POLITICHE PER IL LAVORO,442,"Art. 51, comma 2, lett. c), TUIR (norma istitutiva), come da ultimo modificata dall' art. 1, comma 677, L. 27 dicembre 2019 n. 160","Non concorrono a formare il reddito le somministrazioni di vitto da parte del datore di lavoro, quelle in mense organizzate direttamente dal datore di lavoro o gestite da terzi, le prestazioni sostitutive delle somministrazioni di vitto nel limite di 4,00 euro aumentato a 8,00 euro nel caso in cui le stesse siano rese in forma elettronica, nonché le indennita' sostitutive delle somministrazioni di vitto corrisposte agli addetti ai cantieri edili, ad altre strutture lavorative a carattere temporaneo o ad unità produttive ubicate in zone dove manchino strutture o servizi di ristorazione fino all'importo complessivo giornaliero di euro 5,29",IRPEF,A REGIME,ESCLUSIONE,"-641,6","-641,6","-641,6",2.800.000,"-229,1",PERSONE FISICHE,X,71
2023,26: POLITICHE PER IL LAVORO,443,"Art. 51, comma 2, lett. d), TUIR",Non concorrono a formare il reddito le prestazioni di servizi di trasporto collettivo rese alla generalità o a categorie di dipendenti; anche se affidate a terzi ivi compresi gli esercenti servizi pubblici.,IRPEF,A REGIME,ESCLUSIONE,Non quantificabile,"-641,6","-641,6",,,PERSONE FISICHE,X,71
2023,26: POLITICHE PER IL LAVORO,444,"Art. 51, comma 2, lett. d-bis), TUIR, lettera inserita dall’ art. 1, comma 28, lett. b), L. 27 dicembre 2017 n. 205","Non concorrono a formare il reddito le somme erogate o rimborsate alla generalità o a categorie di dipendenti dal datore di lavoro o le spese da quest'ultimo direttamente sostenute, volontariamente o in conformità a disposizioni di contratto, di accordo o di regolamento aziendale, per l'acquisto degli abbonamenti per il trasporto pubblico locale, regionale e interregionale del dipendente e dei familiari fiscalmente a carico.",IRPEF,A REGIME,ESCLUSIONE,"-2,5","-2,5","-2,5",,,PERSONE FISICHE,X,71
2023,26: POLITICHE PER IL LAVORO,445,"Art. 51, comma 2, lett. e), TUIR","Non concorrono a formare il reddito i compensi reversibili delle indennità e dei compensi percepiti a carico di terzi dai prestatori di lavoro dipendente per incarichi svolti in relazione a tale qualità, nonché delle indennità, dei gettoni di presenza e degli altri compensi corrisposti dallo Stato, dalle regioni, dalle province e dai comuni per l'esercizio di pubbliche funzioni.",IRPEF,A REGIME,ESCLUSIONE,"-67,9","-67,9","-67,9",51.426,"-1.321,1",PERSONE FISICHE,X,72
2023,26: POLITICHE PER IL LAVORO,446,"Art. 51, comma 2, lett. f), TUIR, lettera sostituita dall'art. 1, comma 190, lettera a), n. 1, L. 28 dicembre 2015, n. 208, come interpretata autenticamente dall'art. 1, comma 162, L. 11 dicembre 2016 n. 232.","Non concorrono a formare il reddito l'utilizzazione delle opere e dei servizi riconosciuti dal datore di lavoro volontariamente o in conformità di disposizioni di contratto, accordo o regolamento aziendale, offerti alla generalità dei dipendenti, categorie di dipendenti o familiari di cui all'art. 12 del TUIR per le finalità di cui al comma 1 dell'art. 100 del citato TUIR.",IRPEF,A REGIME,ESCLUSIONE,Non quantificabile,"-67,9","-67,9",,,PERSONE FISICHE,X,72
2023,26: POLITICHE PER IL LAVORO,447,"Art. 51, comma 2, lett. f-bis), TUIR, lettera sostituita, da ultimo, dall'art. 1, comma 190, lettera a), n. 2, L. 28 dicembre 2015, n. 208","Non concorrono a formare il reddito le somme, i servizi e le prestazioni erogati dal datore di lavoro alla generalità dei dipendenti o a categorie di dipendenti per la fruizione, da parte dei familiari indicati nell'articolo 12, dei servizi di educazione e istruzione anche in età prescolare, compresi i servizi integrativi e di mensa ad essi connessi, nonché per la frequenza di ludoteche e di centri estivi e invernali e per borse di studio a favore dei medesimi familiari",IRPEF,A REGIME,ESCLUSIONE,"-31,3","-31,3","-31,3",130.364,"-240,2",PERSONE FISICHE,X,72
2023,26: POLITICHE PER IL LAVORO,448,"Art. 51, comma 2, lett. f-ter), del TUIR lettera inserita dall'art. 1, comma 190, lettera a), n. 3, L. 28 dicembre 2015, n. 208",Non concorrono a formare il reddito le somme e le prestazioni erogate dal datore di lavoro alla generalità dei dipendenti o a categorie di dipendenti per la fruizione dei servizi di assistenza ai familiari anziani o non autosufficienti indicati nell'articolo 12,IRPEF,A REGIME,ESCLUSIONE,"-0,9","-0,9","-0,9",2.898,"-324,2",PERSONE FISICHE,X,72
2023,26: POLITICHE PER IL LAVORO,449,"Art. 51, comma 2, lett. f-quater), TUIR lettera inserita dall’art. 1, comma 161, L. 11 dicembre 2016, n. 232","Non concorrono a formare il reddito i contributi e i premi versati dal datore di lavoro a favore della generalità dei dipendenti o di categorie di dipendenti per prestazioni, anche in forma assicurativa, aventi per oggetto il rischio di non autosufficienza nel compimento degli atti della vita quotidiana o il rischio di gravi patologie.",IRPEF,A REGIME,ESCLUSIONE,"-1,0","-1,0","-1,0",,,PERSONE FISICHE,X,72
2023,26: POLITICHE PER IL LAVORO,450,"Art. 51, comma 2, lett. g), TUIR (norma istitutiva) Art. 1, comma 184-bis, lett. c), L. 28 dicembre 2015, n. 208 come modificato dall'art. 1, comma 161, L. 27 dicembre 2017, n. 205","Non concorrono a formare il reddito il valore delle azioni offerte alla generalità dei dipendenti per un importo annuo non superiore a € 2065,83",IRPEF,A REGIME,ESCLUSIONE,Non quantificabile,"-1,0","-1,0",,,PERSONE FISICHE,X,72
2023,26: POLITICHE PER IL LAVORO,451,"Art. 51, comma 2, lett. h), TUIR","Non concorrono a formare il reddito le somme trattenute al dipendente per oneri di cui all'art. 10 TUIR alle condizioni ivi previste, nonché le erogazioni effettuate dal datore di lavoro in conformità a contratti collettivi o ad accordi e regolamenti aziendali a fronte delle spese sanitarie di cui allo stesso articolo 10, comma 1, lettera b)",IRPEF,A REGIME,ESCLUSIONE,Non quantificabile,"-1,0","-1,0",,,PERSONE FISICHE,X,72
2023,26: POLITICHE PER IL LAVORO,452,"Art. 51, comma 2, lett. i), TUIR",Non concorrono a formare il reddito le mance percepite dai croupiers nella misura del 25% dell'ammontare percepito nell'anno,IRPEF,A REGIME,ESCLUSIONE,Non quantificabile,"-1,0","-1,0",,,PERSONE FISICHE,X,72
2023,26: POLITICHE PER IL LAVORO,453,"Art. 51, comma 3, TUIR","Non concorrono a formare il reddito il valore dei beni ceduti e dei servizi prestati se complessivamente di importo non superiore nell'anno a € 258,23",IRPEF,A REGIME,ESCLUSIONE,"-104,6","-104,6","-104,6",2.124.541,"-49,2",PERSONE FISICHE,X,72
2023,26: POLITICHE PER IL LAVORO,454,"Art. 51, comma 4, lett. a), TUIR sostituita da ultimo dall'art. 1, comma 632, L. 27 dicembre 2019, n. 160","Ai fini della determinazione del fringe benefit per gli autoveicoli, i motocicli e i ciclomotori concessi in uso promiscuo con contratti stipulati a partire dal 1° luglio 2020 si applica una percentuale variabile sul calcolo dei fringe benefit oggetto di tassazione. Fermo restando la modalità di calcolo basata sulla percorrenza convenzionale di 15.000 chilometri calcolata sulla base del costo chilometrico ACI, al netto delle somme eventualmente trattenute al dipendente, la percentuale da applicare a tale valore numerico ai fini della tassazione varia in funzione del grado di inquinamento del veicolo. Resta ferma l'applicazione della disciplina nel testo dell'articolo 51, comma 4, lettera a), del TUIR vigente al 31 dicembre 2019 per i veicoli concessi in uso promiscuo con contratti stipulati entro il 30 giugno 2020.",IRPEF,A REGIME,ESCLUSIONE,Non quantificabile,"-104,6","-104,6",,,PERSONE FISICHE,X,72
2023,26: POLITICHE PER IL LAVORO,455,"Art. 51, comma 4, lett. b), TUIR","Ai fini della determinazione del fringe benefit, in caso di concessione di prestiti, si assume il 50% della differenza tra l'importo degli interessi calcolato al tasso ufficiale di sconto vigente al termine di ciascun anno e l'importo degli interessi calcolato al tasso applicato sugli stesssi",IRPEF,A REGIME,ESCLUSIONE,Non quantificabile,"-104,6","-104,6",,,PERSONE FISICHE,X,72
2023,26: POLITICHE PER IL LAVORO,456,"Art. 51, comma 4, lett. c), TUIR","Ai fini della determinazione del fringe benefit, per i fabbricati concessi in locazione, in uso o in comodato, si assume la differrenza tra la rendita catastale del fabbricato aumentata di tutte le spese inerenti e quanto corrisposto per il godimento del fabbricato stesso",IRPEF,A REGIME,ESCLUSIONE,Non quantificabile,2025,2026,,,PERSONE FISICHE,X,73
2023,26: POLITICHE PER IL LAVORO,457,"Art. 51, comma 4, lett. c-bis), TUIR","Ai fini della determinazione del fringe benefit, per i servizi di trasporto ferroviario di persone prestati gratuitamente, si assume, al netto degli importi trattenuti, l'ammontare corrispondente all'introito medio per passeggero/chilometro, per una percorrenza media convenzionale di 2.600 km",IRPEF,A REGIME,ESCLUSIONE,Non quantificabile,2025,2026,,,PERSONE FISICHE,X,73
2023,26: POLITICHE PER IL LAVORO,458,"Art. 51, comma 5, TUIR","Le indennità percepite per le trasferte o le missioni fuori del territorio comunale concorrono a formare il reddito per la parte che eccede € 46,48 al giorno, elevati a € 77,47 per le trasferte all'estero",IRPEF,A REGIME,ESCLUSIONE,Non quantificabile,2025,2026,,,PERSONE FISICHE,X,73
2023,26: POLITICHE PER IL LAVORO,459,"Art. 51, comma 6, TUIR, così come interpretato autenticamente dall'art. 7-quinquies, commi 1 e 2, D.L. 22 ottobre 2016 n. 193 convertito, con modificazioni, dalla L. 1 dicembre 2016, n. 225",Le indennità e le maggiorazioni di retribuzione spettanti ai trasfertisti concorrono a formare il reddito nella misura del 50%,IRPEF,A REGIME,ESCLUSIONE,Non quantificabile,2025,2026,,,PERSONE FISICHE,X,73
2023,26: POLITICHE PER IL LAVORO,460,"Art. 51, comma 7, TUIR","Le indennità di trasferimento, quelle di prima sistemazione e quelle equipollenti non concorrono a formare il reddito nella misura del 50% per un importo complessivo annuo non superiore a € 1549,37 per i trasferimenti all'interno del territorio nazionale ed € 4648,11 per quelli fuori del territorio nazionale o in destinazione a quest'ultimo.",IRPEF,A REGIME,ESCLUSIONE,Non quantificabile,2025,2026,,,PERSONE FISICHE,X,73
2023,26: POLITICHE PER IL LAVORO,461,"Art. 51, comma 8, TUIR; art. 1, comma 271, L. 27 dicembre 2017, n. 205 (interpretazione autentica); art. 5-bis, D.L. 21 ottobre 2021, n. 146 (modifica)","Gli assegni di sede e le altre indennità percepite per servizi prestati all'estero, presso le rappresentanze diplomatiche, gli uffici consolari di prima categoria, gli istituti italiani di cultura e le delegazioni diplomatiche speciali nonchè le scuole statali all'estero, costituiscono reddito nella misura del 50%. Le maggiorazioni collegate alle indennità base concorrono a formare il reddito nella misura del 50% fino alla concorrenza di ottantasette quarantesimi dell'indennità base o, limitatamente alle indennità di cui all'art. 1808, comma 1, lettera b), del codice dell'ordinamento militare di cui al d.lgs 15 marzo 2010, n. 66, fino alla concorrenza di due volte l'indennità base.",IRPEF,A REGIME,ESCLUSIONE,Non quantificabile,2025,2026,,,PERSONE FISICHE,X,73
2023,26: POLITICHE PER IL LAVORO,462,"Art. 51, comma 8-bis, TUIR, così come autenticamente interpretato dall'art. 5, comma 5, L. 16 marzo 2001, n. 88","Il reddito di lavoro dipendente, prestato all'estero in via continuativa e come oggetto esclusivo del rapporto da dipendenti che nell'arco di dodici mesi soggiornano nello Stato estero per un periodo superiore a 183 giorni, è determinato sulla base di retribuzioni convenzionali. La disposizione non è applicabile al reddito derivante dall'attività prestata per un periodo superiore a 183 giorni nell'arco di dodici mesi sulle navi battenti bandiera estera. Tale reddito continua a essere escluso dalla base imponibile fiscale.",IRPEF,A REGIME,ESCLUSIONE,Non quantificabile,2025,2026,,,PERSONE FISICHE,X,73
2023,26: POLITICHE PER IL LAVORO,463,"Art. 52, comma 1, lett. a-bis, TUIR",I compensi percepiti per attività libero professionale intramuraria costituiscono reddito nella misura del 75%,IRPEF,A REGIME,ESCLUSIONE,"-114,7","-114,7","-114,7",62.608,"-1.831,6",PERSONE FISICHE,X,73
2023,26: POLITICHE PER IL LAVORO,464,"Art. 52, comma 1, lett. b), TUIR","Non concorrono a formare il reddito le somme erogate a titolo di rimborso di spese ai titolari di cariche elettive, nonché a coloro che esercitano le funzioni di cui agli artt. 114 e 135 della Costituzione . Gli assegni vitalizi sono assoggettati a tassazione per la quota parte che non deriva da fonti riferibili a trattenute effettuate al percettore già assoggettate a ritenute fiscali. Detta quota parte è determinata per ciascun periodo d'imposta.",IRPEF,A REGIME,ESCLUSIONE,"-62,1","-62,1","-62,1",66.349,"-935,7",PERSONE FISICHE,X,73
2023,26: POLITICHE PER IL LAVORO,465,"Art. 67, comma 1, lett. m), e Art. 69, comma 2, TUIR; (norme istitutive) Art. 1, comma 1121, L. 30 dicembre 2020, n. 178; Art. 1, comma 1006, L. 30 dicembre 2021, n. 234; (modifiche) Art. 52, comma 2-bis, D.Lgs. 28 febbraio 2021, n. 36, come modificato dall'art. 30, comma 1, lett. b), D.Lgs. 5 ottobre 2022, n. 163; (abrogazione parziale)","Non concorrenza alla formazione del reddito, fino all'importo di euro 10.000, delle indennità di trasferta, dei rimborsi forfetari di spesa, dei premi e dei compensi erogati ai direttori artistici e ai collaboratori tecnici per prestazioni di natura non professionale da parte di cori, bande e filodrammatiche che perseguono finalità dilettantistiche. Fino al 30 giugno 2023 la disposizione agevolativa si applica anche ai compensi erogati nell'esercizio diretto di attività sportive dilettantistiche dal CONI, dalla societa' Sport e salute Spa, dalle federazioni sportive nazionali, dall'UNIRE, dagli enti di promozione sportiva e da qualunque organismo comunque denominato che persegua finalità sportive dilettantistiche, nonché ai rapporti di collaborazione coordinata e continuativa di carattere amministrativo-gestionale di natura non professionale resi in favore di società e associazioni sportive dilettantistiche.",IRPEF,A REGIME,ESCLUSIONE,"-62,1","-62,1","-62,1",66.349,"-935,7",PERSONE FISICHE,,73
2023,26: POLITICHE PER IL LAVORO,466,"Art. 36, comma 6, D.Lgs. 28 febbraio 2021, n. 36, modificato dall'art. 24, comma 1, lett. b), D.Lgs. 5 ottobre 2022, n. 163. Art. 37, comma 4, D.Lgs. 28 febbraio 2021, n. 36","A partire dal 1° luglio 2023, non concorrenza alla determinazione del reddito dei compensi di lavoro sportivo erogati nell'area del dilettantismo fino all'importo di euro 15.000. I compensi di ammontare superiore a tale soglia concorrono a formare il reddito solo per la parte eccedente. L'agevolazione si applica anche ai rapporti di collaborazione coordinata e continuativa di carattere amministrativo-gestionale.",IRPEF,A REGIME,ESCLUSIONE,,,,,,PERSONE FISICHE,X,74
2023,26: POLITICHE PER IL LAVORO,467,"Art. 9, comma 2, L. 21 marzo 1990, n. 53",Gli onorari corrisposti ai membri dei seggi elettorali costituiscono rimborso spese fisso forfetario non assoggettabile a ritenute o imposte e non concorrono alla formazione della base imponibile ai fini fiscali,IRPEF,A REGIME,ESCLUSIONE,Non quantificabile,,,,,PERSONE FISICHE,X,74
2023,26: POLITICHE PER IL LAVORO,468,"Art. 11, comma 3, D. Lgs. 18 febbraio 2000, n. 47; art. 1, comma 623, L. 23 dicembre 2014, n. 190 (modifica)",Applicazione dell'imposta sostitutiva del 17% sulle rivalutazioni del TFR maturate dal 2001,IRPEF,A REGIME,REGIME SOSTITUTIVO,"-363,5","-269,2","-269,2",,,PERSONE FISICHE,X,74
2023,26: POLITICHE PER IL LAVORO,469,"Art.11, commi 4 - 4-quinquies, D.lgs 5 dicembre 2005, n. 252; art. 1, comma 168, L. 27 dicembre 2017, n. 205 (modifica)","Rendita integrativa temporanea anticipata (RITA) erogata ai lavoratori pubblici e privati aderenti alla previdenza complementare che, in tutto o in parte, la richiedano, a seguito della cessazione del rapporto di lavoro. La rendita integrativa anticipata è assoggettata a ritenuta a titolo d'imposta con aliquota pari, nel massimo, al 15 per cento e, nel minimo, al 9 per cento, con un decalage dello 0,3 per cento annuo per ciascun anno di adesione al fondo pensione superiore al quindicesimo.",IRPEF,A REGIME,REGIME SOSTITUTIVO,"-17,8","-17,8","-17,8",,,PERSONE FISICHE,,74
2023,26: POLITICHE PER IL LAVORO,470,"Art. 1, comma 9, L. 27 dicembre 2006, n. 296","Clausola di salvaguardia per le indennità di fine rapporto di cui all'art. 17, comma 1, lett. a), del TUIR con blocco delle aliquota a quelle del 31 dicembre 2006",IRPEF,A REGIME,RIDUZIONE DI ALIQUOTA,"-71,8","-71,8","-71,8",324.725,"-221,2",PERSONE FISICHE,X,74
2023,26: POLITICHE PER IL LAVORO,471,"Art. 2, comma 514, L. 24 dicembre 2007 n. 244",Detrazione sulle indennità di fine rapporto di importo minimo.,IRPEF,A REGIME,DETRAZIONE,"-210,1","-210,1","-210,1",3.542.870,"-59,3",PERSONE FISICHE,X,74
2023,26: POLITICHE PER IL LAVORO,472,"Art. 1, comma 175, L. 27 dicembre 2013, n. 147 (norma istitutiva); Art. 4, comma 1, L. 13 giugno 2023, n. 83 (innalzamento soglia).","Esclusione dalla tassazione, fino a 10.000 euro, dei redditi da lavoro dipendente prestato all'estero in zona di frontiera o in altri paesi limitrofi al territorio nazionale da soggetti residenti in Italia",IRPEF,A REGIME,ESCLUSIONE,"-35,3","-35,3","-35,3",16.870,"-2.094,9",SOGGETTI E CATEGORIE PARTICOLARI,X,74
2023,26: POLITICHE PER IL LAVORO,473,"Art. 24-bis, comma 4, D.Lgs. 14 settembre 2015, n. 148 introdotto dall'art. 1, comma 136, L. 27 dicembre 2017, n. 205","Esenzione dall'IRPEF dell'indennità di fine rapporto erogata al lavoratore ""ricollocato"" entro il limite massimo di nove mensilità della retribuzione di rifeirmento per il calcolo del TFR.",IRPEF,A REGIME,ESENZIONE,Non quantificabile,"-35,3","-35,3",,,PERSONE FISICHE,X,74
2023,26: POLITICHE PER IL LAVORO,474,"Art. 1, commi da 182 a 189, L. 28 dicembre 2015, n. 208 Art. 1, comma 63, L. 29 dicembre 2022, n. 197 (riduzione aliquota per l'anno 2023)","Applicazione di una imposta sostitutiva del 10 per cento, fino ad un massimo di 3000 euro, sulle somme corrisposte a titolo di premi di produttività ai lavoratori dipendenti del settore privato con reddito non superiore a 80.000 euro. Per l'anno 2023 l'aliquota dell'imposta sostitutiva è ridotta al 5 per cento.",IRPEF,A REGIME,REGIME SOSTITUTIVO,"-593,4","-593,4","-593,4",,,PERSONE FISICHE,X,74
2023,26: POLITICHE PER IL LAVORO,475,"Art. 54-bis, comma 4, D.L. 24 aprile 2017, n. 50, inserito dalla legge di conversione 21 giugno 2017, n. 96","Esenzione dei redditi derivanti da prestazioni di lavoro occasionali come di seguito definite: a) per ciascun prestatore, con riferimento alla totalità degli utilizzatori, i compensi non superano 5.000 euro; b) per ciascun utilizzatore, con riferimento alla totalità dei prestatori, i compensi non superano 10.000 euro, ovvero 15.000 euro per gli utilizzatori che operano nei settori dei congressi, delle fiere, degli eventi, degli stabilimenti termali e dei parchi divertimento; c) per le prestazioni complessivamente rese da ogni prestatore in favore del medesimo utilizzatore, i compensi non superano 2.500 euro; c-bis) per ciascun prestatore, per le attività di cui al decreto del Ministro dell'interno 8 agosto 2007, svolte nei confronti di ciascun utilizzatore di cui alla legge 23 marzo 1981, n. 91, i compensi non superano 5.000 euro",IRPEF,A REGIME,ESENZIONE,Non quantificabile,"-593,4","-593,4",,,PERSONE FISICHE,X,74
2023,26: POLITICHE PER IL LAVORO,476,"Art. 45, comma 2, D.Lgs 29 maggio 2017, n. 95 (norma istitutiva); Art. 40, comma 1, lett. b), D.Lgs. 27 dicembre 2019, n. 172 (modifica)",Riduzione dell'IRPEF e relative addizionali sul trattamento economico accessorio del personale delle Forze di polizia e Forze armate con reddito non superiore a una soglia definita annualmente con DPCM,IRPEF,A REGIME,ESCLUSIONE,"-48,5","-48,5","-48,5",80.805,"-600,1",PERSONE FISICHE,X,75
2023,26: POLITICHE PER IL LAVORO,477,"Art. 1, comma 468, L. 27 dicembre 2017, n. 205","Ai consiglieri di Stato spetta il rimborso delle spese, ai sensi della legge 18 dicembre 1973, n. 836, o, a scelta dell'interessato, l'indennita' di trasferta, ai sensi dell'articolo 3, comma 79, della legge 24 dicembre 2003, n. 350, e successive modificazioni, a titolo risarcitorio indennitario, in relazione al mantenimento della residenza nel territorio della provincia di Bolzano, nel limite di spesa pari a 50.000 euro annui a decorrere dal 2018.",IRPEF,A REGIME,ESCLUSIONE,Non quantificabile,"-48,5","-48,5",,,PERSONE FISICHE,X,75
2023,26: POLITICHE PER IL LAVORO,478,"Art. 1, comma 511, L. 27 dicembre 2017, n. 205",Esclusione dall'IRPEF dei proventi dell'apicoltura condotta da apicoltori con meno di 20 alveari e ricadenti nei comuni classificati montani.,IRPEF,A REGIME,ESCLUSIONE,"-1,1","-1,1","-1,1",,,PERSONE FISICHE,X,75
2023,26: POLITICHE PER IL LAVORO,479,"Art. 1, comma 12, L. 27 dicembre 2019, n. 160","Non imponiblità ai fini IRPEF della liquidazione anticipata, in un’unica soluzione, della NASpI destinata alla sottoscrizione di capitale sociale da parte del socio lavoratore di cooperativa.",IRPEF,A REGIME,ESCLUSIONE,"-0,6","-0,6","-0,6",,,PERSONE FISICHE,,75
2023,26: POLITICHE PER IL LAVORO,480,"Art.1, comma 288 L. 27 dicembre 2019 n. 160 (norma istitutiva); art. 1, comma 1097, lett. a), L. 30 dicembre 2020, n. 178","I rimborsi relativi agli acquisti effettuati, mediante strumenti di pagamento elettronici, dalle persone fisiche maggiorenni residenti nel territorio dello Stato, al di fuori dell'esercizio di attività d'impresa, arte o professione non concorrono a formare il reddito del percipiente.",IRPEF,A REGIME,ESCLUSIONE,"0,0","0,0","0,0",,,PERSONE FISICHE,,75
2023,26: POLITICHE PER IL LAVORO,481,"Art. 1, D.L. 5 febbraio 2020, n. 3; art. 1, comma 3, L. 30 dicembre 2021, n. 234 (modifica)",Non concorrenza alla formazione del reddito del trattamento integrativo riservato ai titolari di reddito di lavoro dipendente e di taluni redditi assimilati per i quali ricorrano specifiche condizioni.,IRPEF,A REGIME,ESCLUSIONE,"-382,2","-382,2","-382,2",3.681.270,"-103,8",PERSONE FISICHE,,75
2023,26: POLITICHE PER IL LAVORO,482,"Art. 41, comma 3, D.L. 8 aprile 2020, n. 23","In materia di cassa integrazione in deroga, le domande presentate ai sensi dell’art. 22, comma 4, Decreto- Legge n. 18/2020, sono esenti dall'imposta di bollo.","IMPOSTE DI REGISTRO, DI BOLLO E IPOCATASTALI",A REGIME,ESENZIONE,"0,0","0,0","0,0",,,PERSONE FISICHE E GIURIDICHE,,75
2023,26: POLITICHE PER IL LAVORO,483,"Art. 1, comma 271, L. 30 dicembre 2020, n. 178","Esenzione IRPEF per importi del TFR dei lavoratori destinati alla sottoscrizione di capitale sociale delle cooperative costituite ai sensi dell’art. 23, co. 3-quater, del D.L. n. 83 del 2012.",IPOCATASTALI IRPEF,A REGIME,ESCLUSIONE,"-1,2","-1,2","-1,2",,,PERSONE FISICHE,,75
2023,26: POLITICHE PER IL LAVORO,484,"Art. 1, comma 272, L. 30 dicembre 2020, n. 178","Le operazioni di cessione a titolo gratuito di aziende da parte dei titolari ai lavoratori provenienti dalle aziende medesime sono esenti dall'imposta sulle successioni e donazioni ex art. 3, comma 4-ter, del d.lgs. 31 ottobre 1990, n. 346.",IMPOSTE SU SUCCESSIONI E DONAZIONI,A REGIME,ESENZIONE,"-1,8","-1,8","-1,8",25,"-72.000,0",SOGGETTI E CATEGORIE PARTICOLARI,,75
2023,26: POLITICHE PER IL LAVORO,485,"Art.1, commi 386-396, L. 30 dicembre 2020, n. 178",Non concorrenza alla formazione del reddito dell'indennità straordinaria di continuità reddituale e operativa (ISCRO) a favore dei soggetti iscritti alla Gestione separata che esercitano per professione abituale attività di lavoro autonomo e che siano in possesso di determinati requisiti oggettivi e soggettivi.,IRPEF,2023,ESCLUSIONE,"0,0","0,0","0,0",,,PERSONE FISICHE,,75
2023,26: POLITICHE PER IL LAVORO,486,"Art. 12-quinquies, comma 2, D.L. 21 ottobre 2021, n. 146",Non concorrenza alla formazione del reddito imponibile della retribuzione percepita dal lavoratore con disturbi dello spettro autistico assunto da start-up a vocazione sociale.,IRPEF,A REGIME,ESCLUSIONE,"-0,7","-0,7","-0,7",,,PERSONE FISICHE,,75
2023,26: POLITICHE PER IL LAVORO,487,"Art. 12-quinquies, commi 3 e 4, D.L. 21 ottobre 2021, n. 146","Gli utili di esercizio derivanti dall'attività di impresa della start-up a vocazione sociale non sono imponibili ai fini delle imposte sul reddito e dell'imposta regionale sulle attività produttive (IRAP) per cinque esercizi successivi alla data di inizio di attività. L'efficacia della misura è subordinata, ai sensi dell'articolo 108, paragrafo 3, del Trattato sul funzionamento dell'Unione europea, all'autorizzazione della Commissione europea.",IRPEF/IRES/IRAP,A REGIME,NON IMPONIBILITA',"-4,8","-6,7","-9,1",,,SOGGETTI E CATEGORIE PARTICOLARI,,75
2023,26: POLITICHE PER IL LAVORO,488,"Art. 2, D.L. 21 marzo 2022, n. 21","Per l'anno 2022, non concorrenza alla formazione del reddito dei buoni benzina o analoghi titoli ceduti dai datori di lavoro privati ai lavoratori dipendenti per l'acquisto di carburanti, nel limite di 200 euro per lavoratore.",IRPEF,2022,ESCLUSIONE,"0,0","0,0","0,0",,,PERSONE FISICHE,,75
2023,26: POLITICHE PER IL LAVORO,489,"Art. 1 e art. 3, D.L. 4 maggio 2023, n. 48","Esenzione dall'IRPEF dell'Assegno di inclusione, quale misura nazionale di contrasto alla povertà, alla fragilità e all'esclusione sociale delle fasce deboli .",IRPEF,A REGIME,ESENZIONE,Non quantificabile,2025,2026,,,PERSONE FISICHE,,76
2023,26: POLITICHE PER IL LAVORO,490,"Art. 12, D.L. 4 maggio 2023, n. 48","Esenzione dall'IRPEF del Supporto alla formazione quale misura di attivazione al lavoro mediante la partecipazione a progetti di formazione, di qualificazione e riqualificazione professionale, di orientamento, di accompagnamento al lavoro e di politiche attive del lavoro comunque denominate.",IRPEF,A REGIME,ESENZIONE,Non quantificabile,2025,2026,,,PERSONE FISICHE,,76
2023,26: POLITICHE PER IL LAVORO,491,"Art. 39-bis, D.L. 4 maggio 2023, n. 48",Non concorrenza alla formazione del reddito imponibile del trattamento integrativo speciale erogato nel 2023 a favore dei lavoratori del comparto del turismo in relazione al lavoro notturno e alle prestazioni di lavoro straordinario effettuato nei giorni festivi.,IRPEF,2023,ESCLUSIONE,"0,0","0,0","0,0",,,PERSONE FISICHE,,76
2023,26: POLITICHE PER IL LAVORO,492,"Art. 40, D.L. 4 maggio 2023, n. 48","Non concorrenza alla formazione del reddito imponibile, per l'anno 2023, entro il limite complessivo di euro 3.000, del valore dei beni ceduti e dei servizi prestati ai lavoratori dipendenti con figli fiscalmente a carico, compresi i figli nati fuori del matrimonio riconosciuti, i figli adottivi o affidati, nonché le somme erogate o rimborsate ai medesimi lavoratori dai datori di lavoro per il pagamento delle utenze domestiche del servizio idrico integrato, dell'energia elettrica e del gas naturale.",IRPEF,2023,ESCLUSIONE,"0,0","0,0","0,0",,,PERSONE FISICHE,,76
2023,26: POLITICHE PER IL LAVORO,493,"Art. 1, D.L. 14 gennaio 2023, n. 5","Non concorrenza alla formazione del reddito, per l'anno 2023, dei buoni benzina o analoghi titoli ceduti dai datori di lavoro privati ai lavoratori dipendenti per l'acquisto di carburanti, nel limite di 200 euro per lavoratore.",IRPEF,2023,ESCLUSIONE,"0,0","0,0","0,0",,,PERSONE FISICHE,,76
2023,28: SVILUPPO E RIEQUILIBRIO TERRITORIALE,494,"Art. 28, L. 5 ottobre 1962, n. 1431",Esenzione da imposte e tributi per gli atti relativi alla ricostruzione delle zone colpite dal terremoto dell'agosto del 1962,"IMPOSTE DI REGISTRO, DI BOLLO E IPOCATASTALI",A REGIME,ESENZIONE,"-0,5","-0,5","-0,5",,,PERSONE FISICHE E GIURIDICHE,X,76
2023,28: SVILUPPO E RIEQUILIBRIO TERRITORIALE,495,"Art. 73, L. 14 maggio 1981, n. 219",Esenzione da imposte e tributi per gli atti e provvedimenti relativi alla ricostruzione e sviluppo delle zone colpite dal terremoto del novembre 1980 e del febbraio 1981,"IMPOSTE DI REGISTRO, DI BOLLO E IPOCATASTALI",A REGIME,ESCLUSIONE,"-0,5","-0,5","-0,5",,,PERSONE FISICHE E GIURIDICHE,X,76
2023,28: SVILUPPO E RIEQUILIBRIO TERRITORIALE,496,"Art. 8, comma 10, lettera c), L. 23 dicembre 1998, n. 448; art.2, comma 12, L. 22 dicembre 2008, n. 203","Gasolio e GPL impiegati per riscaldamento in aree geograficamente o climaticamente svantaggiate (zone montane, Sardegna, isole minori) - Riduzione di prezzo",ACCISA,La misura agevolativa ha natura temporanea ed è stata prorogata fino al 31/12/2024 dal Consiglio dell'Unione europea con Decisione di esecuzione (UE) 2019/814 del 17 maggio 2019,RIDUZIONE DI ALIQUOTA,"-142,8","-142,8","-142,8",,,SOGGETTI E CATEGORIE PARTICOLARI,X,76
2023,28: SVILUPPO E RIEQUILIBRIO TERRITORIALE,497,"Art. 10, comma 1-bis, D.L. 28 aprile 2009, n. 39; art. 70, D.L. 24 gennaio 2012, n. 1 (attuazione)","ZFU per il sisma L’Aquila. Agevolazione concessa nel ""de minimis"" consiste in una esenzione dalle imposte sui redditi, dall'IRAP e dall'IMU, nonché in un esonero dai contributi previdenziali e assistenziali, da fruirsi sotto forma di credito d'imposta.",CREDITO D'IMPOSTA,2026,REGIME SPECIALE,"-0,3","-0,3","-0,3",112,"-2.575,1",IMPRESE E SOCIETA',X,76
2023,28: SVILUPPO E RIEQUILIBRIO TERRITORIALE,498,"Art. 1, Ordinanza P.C.M. 13 agosto 2010, n. 3892","Esenzione da imposta sulle successioni, ipotecaria e catastale, di bollo e dalle altre tasse e diritti per le successioni a favore del coniuge e dei parenti di primo grado delle persone decedute a causa del sisma del 6 aprile 2009 nella regione Abruzzo",IMPOSTE SU SUCCESSIONI E DONAZIONI,A REGIME,ESENZIONE,"-0,5","-0,5","-0,5",,,PERSONE FISICHE,X,76
2023,28: SVILUPPO E RIEQUILIBRIO TERRITORIALE,499,"Art.8, comma 4, lett. c), D.L. 13 maggio 2011, n. 70","Tassazione con aliquota agevolata al 5 per cento dei proventi derivanti dai titoli obbligazionari, emessi per il finanziamento degli investimenti a medio-lungo termine delle piccole e medie imprese del Mezzogiorno (c.d. TREM).",IMPOSTA SOSTITUTIVA,A REGIME,RIDUZIONE DI ALIQUOTA,"-7,8","-7,8","-7,8",,,PERSONE FISICHE,X,77
2023,28: SVILUPPO E RIEQUILIBRIO TERRITORIALE,500,"Art. 37, D.L. 18 ottobre 2012, n. 179; art. 1 commi 603- 604, L. 28 dicembre 2015, n. 208 (finanziamento)","ZFU Obiettivo Convergenza, Sulcis e Pelagie, nonché nuove ZFU non ricomprese nell'Obiettivo Convergenza (ZFU di Pescara, Matera, Velletri, Sora, Ventimiglia, Campobasso, Cagliari, Iglesias, Quartu Sant'Elena, Massa-Carrara) individuate dalla delibera CIPE n. 14 dell'8 maggio 2009 in ""de minimis"". L’agevolazione consiste in una esenzione dalle imposte sui redditi, dall'IRAP e dall'IMU, nonché in un esonero dai contributi previdenziali e assistenziali, da fruirsi sotto forma di credito d'imposta.",CREDITO D'IMPOSTA,2027,REGIME SPECIALE,"-3,6","-3,6","-3,6",1.190,"-3.059,7",IMPRESE E LAVORATORI AUTONOMI,X,77
2023,28: SVILUPPO E RIEQUILIBRIO TERRITORIALE,501,"Art. 1, commi 98-108, L. 28 dicembre 2015, n. 208; art. 7-quater, D.L. 29 dicembre 2016, n. 243 (modifica); art. 12, comma 1, D.L. 24 aprile 2017, n. 50 (rimodulazione autorizzazione di spesa); art. 1, comma 892, L. 27 dicembre 2017, n. 205 (autorizzazione di spesa); art. 1, comma 319, L. 27 dicembre 2019, n. 160 (proroga); art. 199, comma 5, D.L. 19 maggio 2020, n. 34 (estensione); art. 1, comma 171, lett. a) e b), L. 30 dicembre 2020, n. 178 (proroga); Art. 1, comma 175, L. 30 dicembre 2021, n. 234 (modifica) Art. 1, comma 265, L. 29 dicembre 2022, n. 197 (proroga)","Credito d'imposta per nuovi investimenti nel Mezzogiorno, concesso ai sensi del regolamento (UE) n. 651/2014, utilizzabile esclusivamente in compensazione nella misura massima consentita dalla Carta degli aiuti a finalità regionale.",CREDITO D'IMPOSTA,2023,CREDITO D'IMPOSTA,"0,0","0,0","0,0",,,IMPRESE E SOCIETA',X,77
2023,28: SVILUPPO E RIEQUILIBRIO TERRITORIALE,502,"Art. 48, comma 7, D.L. 17 ottobre 2016, n. 189; art. 43, comma 1, lett. a-bis), D.L. 24 aprile 2017, n. 50 (proroga); art. 15, comma 7-bis, D.L. 30 dicembre 2019, n. 162 (proroga); art. 17-ter, comma 3, D.L. 31 dicembre 2020, n. 183 (proroga) Art. 1, comma 750, lett. a), L. 29 dicembre 2022, n. 197 (proroga fino al 31 dicembre 2023)","Esenzione dall'imposta di bollo e di registro per le istanze, i contratti e i documenti presentati alla P.A. fino al 31 dicembre 2023 in esecuzione delle ordinanze commissariali per la ricostruzione.","IMPOSTE DI REGISTRO, DI BOLLO E IPOCATASTALI",2023,ESENZIONE,"0,0","0,0","0,0",,,PERSONE FISICHE E GIURIDICHE,X,77
2023,28: SVILUPPO E RIEQUILIBRIO TERRITORIALE,503,"Art. 48, comma 7-bis, D.L. 17 ottobre 2016, n. 189","Esenzione dall'imposta di successione, dalle imposte e tasse ipotecarie e catastali, dall'imposta di registro e di bollo per gli immobili demoliti o dichiarati inagibili a seguito degli eventi sismici verificatisi nei territori delle regioni Abruzzo, Lazio, Marche ed Umbria a far data dal 24 agosto 2016",IMPOSTE SU SUCCESSIONI E DONAZIONI,A REGIME,ESENZIONE,Non quantificabile,"0,0","0,0",,,PERSONE FISICHE E GIURIDICHE,,77
2023,28: SVILUPPO E RIEQUILIBRIO TERRITORIALE,504,"Art. 46, D.L. 24 aprile 2017, n. 50; art. 1, commi 745-748, L. 27 dicembre 2017, n. 205; art. 1, comma 759, L. 30 dicembre 2018, n. 145 (modifica); art. 57, comma 6, lett. a), b), c), D.L. 14 agosto 2020, n. 104 (modifica) Art. 1, comma 746, L. 29 dicembre 2022, n. 197","ZFU Sisma Centro Italia nei Comuni delle Regioni Lazio, Umbria, Marche e Abruzzo colpiti dal sisma del 2016 e 2017 in de minimis. L’agevolazione consiste in una esenzione dalle imposte sui redditi, dall'IRAP e dall'IMU, nonché in un esonero dai contributi previdenziali e assistenziali, da fruirsi sotto forma di credito d'imposta.",CREDITO D'IMPOSTA,2023,REGIME SPECIALE,"0,0","0,0","0,0",,,IMPRESE E LAVORATORI AUTONOMI,X,77
2023,28: SVILUPPO E RIEQUILIBRIO TERRITORIALE,505,"Art. 5, comma 2, D.L. 20 giugno 2017, n. 91; art. 1, comma 316, lettera c), L. 27 dicembre 2019, n. 160 (modifica); sostituito dall'art. 57, comma 1, lett. b), n. 4), D.L. 31 maggio 2021, n. 77; art. 37, comma 2, D.L. 30 aprile 2022, n. 36 (modifica) Art. 1, comma 267, L. 29 dicembre 2022, n. 197 (proroga)","Credito d'imposta per investimenti ZES: estensione del credito d'imposta di cui all'art. 1, c. 98 e ss., della legge n. 208/2015 per investimenti in beni strumentali nuovi destinati a strutture produttive ubicate nelle ZES del Mezzogiorno nel rispetto del Reg. UE 651/2014. Il predetto credito d'imposta, per effetto dell'art. 57, comma 1, lett. b), n. 4), D.L. 31 maggio 2021, n. 77, si applica nel limite massimo, per ciascun progetto di investimento, di 100 milioni di euro (anzichè di 50 milioni di euro). Per effetto dell'art. 37, comma 2, D.L. 30 aprile 2022, n. 36, il credito di imposta è esteso all'acquisto di terreni e all'acquisizione, alla realizzazione ovvero all'ampliamento di immobili strumentali agli investimenti.",CREDITO D'IMPOSTA,2023,CREDITO D'IMPOSTA,"0,0","0,0","0,0",,,IMPRESE E SOCIETA',,78
2023,28: SVILUPPO E RIEQUILIBRIO TERRITORIALE,506,"Art. 3, comma 2, D.L. 28 settembre 2018, n. 109","I contributi, gli indennizzi e i risarcimenti connessi al crollo del Ponte Morandi (Genova), di qualsiasi natura e indipendentemente dalle modalità di fruizione e contabilizzazione, non concorrono alla formazione del reddito imponibile ai fini delle imposte sui redditi e dell'imposta regionale sulle attività produttive per le persone fisiche e giuridiche.",IRPEF/IRES/IRAP,A REGIME,ESENZIONE,"0,0","0,0","0,0",,,PERSONE FISICHE E GIURIDICHE,,78
2023,28: SVILUPPO E RIEQUILIBRIO TERRITORIALE,507,"Art. 9-ter, D.L. 24 ottobre 2019, n. 123 (norma istitutiva); art. 6-ter, D.L. 27 gennaio 2022, n. 4 (modifica)","Estensione dell'imposta sostitutiva sui redditi delle persone fisiche titolari di redditi da pensione di fonte estera che trasferiscono la propria residenza fiscale nel Mezzogiorno ai sensi dell'articolo 24-ter del TUIR anche a coloro che trasferiscano la residenza in uno dei comuni di cui agli allegati 1, 2 e 2-bis al decreto-legge 17 ottobre 2016, n. 189, convertito, con modificazioni, dalla legge 15 dicembre 2016, n. 229, o in uno dei comuni interessati dagli eventi sismici del 6 aprile 2009, avente comunque una popolazione non superiore a 20.000 abitanti.",IRPEF,A REGIME,REGIME SOSTITUTIVO,"-5,1","-5,1","-5,1",,,PERSONE FISICHE,,78
2023,28: SVILUPPO E RIEQUILIBRIO TERRITORIALE,508,"Art 1, comma 313, L. 27 dicembre 2019, n. 160 che modifica l'art. 1, commi 61 e seguenti, L. 27 dicembre 2017, n. 205; (Art. 5 D.L. 20 giugno 2017, n. 91); art 48-quinquies, D.L. 16 luglio 2020, n. 76 (modifica); Art. 1, comma 267, L. 29 dicembre 2022, n. 197 (proroga)","Credito d'imposta per investimenti ZLS: estensione del credito d'imposta di cui all'art. 1, c. 98 e ss., della legge n. 208/2015 per investimenti in beni strumentali nuovi destinati a strutture produttive ubicate nelle ZLS nel rispetto del Reg. UE 651/2014",CREDITO D'IMPOSTA,2023,CREDITO D'IMPOSTA,"0,0","0,0","0,0",,,IMPRESE E SOCIETA',,78
2023,28: SVILUPPO E RIEQUILIBRIO TERRITORIALE,509,"Art. 1, commi 573-576-bis, L. 27 dicembre 2019, n. 160; art 129-bis, comma 1, lett. a), b), c), d), D.L. 19 maggio 2020, n. 34 (modifica); art. 3, comma 11-ter, lett. a), D.L. 31 dicembre 2020, n. 183 (modifica)","Sono previste le seguenti agevolazioni: - riduzione al 50% dell''imposta dovuta sui redditi delle persone fisiche iscritte nei registri anagrafici del comune di Campione d'Italia nonché sui redditi di lavoro autonomo relativi ad attività svolte in studi siti alla medesima data nel comune di Campione d'Italia; - riduzione al 50% delle imposte sui redditi di impresa e dell'imposta regionale sulle attività produttive per le imprese localizzate nel Comune di Campione d'Italia (in regime ""de minimis""). Per il 2020 la maggiorazione si applica previo parere favorevole della Commissione europea, ai sensi dell’articolo 108, comma 3 TFUE, nel quadro del Temporary Framework degli aiuti di Stato nel quadro dell’emergenza. In deroga al comma 576, per il periodo d'imposta in corso al 31 dicembre 2020 e fino a quello in corso al 31 dicembre 2021, le agevolazioni si applicano ai sensi del quadro del Temporary Framework degli aiuti di Stato nel quadro dell’emergenza COVID-19, nel limite dell'importo di 1.800.000 euro per ogni impresa. Tale limite è di 270.000 euro per ogni impresa attiva nel settore della pesca e dell'acquacoltura e di 225.000 euro per ogni impresa attiva nel settore della produzione primaria di prodotti agricoli.",IRPEF/IRES/IRAP,2029,REGIME SPECIALE,"-16,4","-16,4","-16,4",,,SOGGETTI E CATEGORIE PARTICOLARI,,78
2023,28: SVILUPPO E RIEQUILIBRIO TERRITORIALE,510,"Art. 1, commi 577-579, L. 27 dicembre 2019, n. 160; art 129-bis, comma 1, lett. e), f), g), D.L. 19 maggio 2020, n. 34 (modifica); art. 3, comma 11-ter, lett. b), D.L. 31 dicembre 2020, n. 183 (modifica)","Credito d'imposta per investimenti nel Comune di Campione d'Italia (da notificare ai sensi dell'articolo 108, paragrafo 3, del TFUE all'autorizzazione della Commissione europea). Per il 2020 la maggiorazione si applica previo parere favorevole della Commissione europea, ai sensi dell’articolo 108, comma 3 TFUE, nel quadro del Temporary Framework degli aiuti di Stato nel quadro dell’emergenza. Ai sensi del comma 577-bis, per il periodo d'imposta in corso al 31 dicembre 2020 e fino a quello in corso al 31 dicembre 2021, alle imprese che effettuano gli investimenti di cui al comma 577 il credito d'imposta è riconosciuto, in deroga alle disposizioni del medesimo comma 577, in misura pari ai costi sostenuti nel limite dell'importo di 1.800.000 euro per ogni impresa. Tale limite è di 270.000 euro per ogni impresa attiva nel settore della pesca e dell'acquacoltura e di 225.000 euro per ogni impresa attiva nel settore della produzione primaria di prodotti agricoli.",CREDITO D'IMPOSTA,2024,CREDITO D'IMPOSTA,"-1,5","-1,5","-1,5",17,"-88.820,4",IMPRESE E SOCIETA',,78
2023,28: SVILUPPO E RIEQUILIBRIO TERRITORIALE,511,"Art. 244, D.L. 19 maggio 2020, n. 34; art. 1, commi 185-187, L. 30 dicembre 2020, n. 178 Art. 1, comma 268, L. 29 dicembre 2022, n. 197 (proroga)","Credito d’imposta per gli investimenti in attività di ricerca e sviluppo (di cui all’articolo 1, comma 200, della legge n. 160 del 2019), inclusi i progetti di ricerca e sviluppo in materia di Covid-19, per le imprese operanti nel Mezzogiorno, potenziato al 25% per le grandi imprese, al 35% per le medie imprese e al 45% per le piccole imprese. La misura si applica nel rispetto dei limiti e delle condizioni di cui al regolamento (UE) n. 651/2014, e in particolare dell’articolo 25.",CREDITO D'IMPOSTA,2023,CREDITO D'IMPOSTA,"-148,6","-99,1","-49,5",,,IMPRESE E SOCIETA',,79
2023,28: SVILUPPO E RIEQUILIBRIO TERRITORIALE,512,"Art. 1, commi 173-176, L. 30 dicembre 2020, n. 178","Riduzione del 50%, per sette annualità, dell’imposta sul reddito realizzato dalle imprese che intraprendono una nuova attività nelle Zone economiche speciali istituite nel Mezzogiorno d'Italia, a condizione che, per almeno dieci anni, sia mantenuta l’attività e siano conservati i relativi posti di lavoro (nel rispetto del de minimis).",IRES,A REGIME,ESENZIONE,"-3,2","-4,0","-4,8",,,IMPRESE E SOCIETA',,79
2023,28: SVILUPPO E RIEQUILIBRIO TERRITORIALE,513,"Art. 1, commi 831-834, L. 30 dicembre 2021, n. 234 Art. 1, comma 270, L. 29 dicembre 2022, n. 197 (proroga al 2023)","Contributo, sotto forma di credito d'imposta, per le spese documentate, sostenute entro il 31 dicembre 2023 , relative all'installazione e messa in funzione di impianti di compostaggio presso i centri agroalimentari presenti nelle regioni Campania, Molise, Puglia, Basilicata, Calabria e Sicilia, pari al 70% degli importi rimasti a carico del contribuente",CREDITO D'IMPOSTA,2023,CREDITO D'IMPOSTA,"-1,0","0,0","0,0",,,SOGGETTI E CATEGORIE PARTICOLARI,,79
2023,28: SVILUPPO E RIEQUILIBRIO TERRITORIALE,514,"Art. 14, D.L. 1 marzo 2022, n. 17","Contributo, sotto forma di credito d'imposta, a favore delle imprese che effettuano investimenti nelle regioni Abruzzo, Basilicata, Calabria, Campania, Molise, Puglia, Sardegna e Sicilia volti ad ottenere una migliore efficienza energetica ed a promuovere la produzione di energia da fonti rinnovabili, fino al 30 novembre 2023",CREDITO D'IMPOSTA,2023,CREDITO D'IMPOSTA,"0,0","0,0","0,0",,,IMPRESE E SOCIETA',,79
2023,29: POLITICHE ECONOMICO-FINANZIARIE E DI BILANCIO E TUTELA DELLA FINANZA PUBBLICA,515,"Artt. 91 e 92, Regolamento di conservazione del nuovo catasto di cui al R.D. 8 dicembre 1938, n. 2153","Esenzione dall'imposta di bollo sulle copie, sui certificati, sugli estratti catastali a favore di enti pubblici richiedenti","IMPOSTE DI REGISTRO, DI BOLLO E IPOCATASTALI",A REGIME,ESENZIONE,Non quantificabile,"0,0","0,0",,,STATO E ENTI PUBBLICI,X,79
2023,29: POLITICHE ECONOMICO-FINANZIARIE E DI BILANCIO E TUTELA DELLA FINANZA PUBBLICA,516,Convenzioni di Vienna 18 aprile 1961 sulle relazioni diplomatiche e 24 aprile 1963 sulle relazioni consolari,"Esenzione da imposta di registro, bollo, ipotecaria, catastale, tasse sulle concessioni governative, canone RAI TV, sui trasferimenti del personale diplomatico e consolare","IMPOSTE DI REGISTRO, DI BOLLO E IPOCATASTALI",A REGIME,ESENZIONE,Non quantificabile,"0,0","0,0",,,SOGGETTI E CATEGORIE PARTICOLARI,X,79
2023,29: POLITICHE ECONOMICO-FINANZIARIE E DI BILANCIO E TUTELA DELLA FINANZA PUBBLICA,517,"Art. 1, L. 21 novembre 1967, n. 1149",Esenzione dall'imposta di bollo sugli atti e documenti relativi alle procedure di espropriazione per pubblica utilità,"IMPOSTE DI REGISTRO, DI BOLLO E IPOCATASTALI",A REGIME,ESENZIONE,Non quantificabile,"0,0","0,0",,,STATO E ENTI PUBBLICI,X,79
2023,29: POLITICHE ECONOMICO-FINANZIARIE E DI BILANCIO E TUTELA DELLA FINANZA PUBBLICA,518,"Art. 2, comma 2, n. 4, d.P.R. 26 ottobre 1972, n. 633","Cessioni gratutire di beni a titolo di omaggio: non assoggettamento ad Iva con detraibilità dell'Iva a monte, delle cessioni gratuite di beni di valore inferiore ad euro 50,00 che non rientrano nell'attività propria di produzione o commercio dell'impresa",IVA,A REGIME,ESCLUSIONE,Non quantificabile,"0,0","0,0",,,PERSONE FISICHE E GIURIDICHE,X,79
2023,29: POLITICHE ECONOMICO-FINANZIARIE E DI BILANCIO E TUTELA DELLA FINANZA PUBBLICA,519,"Art. 2, comma 2, n. 4, d.P.R. 26 ottobre 1972, n. 633",Non assoggettamento ad IVA delle cessioni gratuite di beni,IVA,A REGIME,ESCLUSIONE,Non quantificabile,"0,0","0,0",,,PERSONE FISICHE E GIURIDICHE,X,79
2023,29: POLITICHE ECONOMICO-FINANZIARIE E DI BILANCIO E TUTELA DELLA FINANZA PUBBLICA,520,"Art. 2, comma 3, lett. m), d.P.R. 26 ottobre 1972, n. 633",Non assoggettamento ad IVA delle cessioni di beni relativi alle operazioni e concorsi a premi,IVA,A REGIME,ESCLUSIONE,Non quantificabile,"0,0","0,0",,,PERSONE FISICHE,X,79
2023,29: POLITICHE ECONOMICO-FINANZIARIE E DI BILANCIO E TUTELA DELLA FINANZA PUBBLICA,521,"Art. 3, comma 3, d.P.R. 26 ottobre 1972, n. 633","Non assoggettamento ad IVA delle prestazioni gratuite di servizi di valore inferiore ad euro 50,00",IVA,A REGIME,ESCLUSIONE,Non quantificabile,"0,0","0,0",,,PERSONE FISICHE E GIURIDICHE,X,79
2023,29: POLITICHE ECONOMICO-FINANZIARIE E DI BILANCIO E TUTELA DELLA FINANZA PUBBLICA,522,"Art. 3, comma 3, d.P.R. 26 ottobre 1972, n. 633","Non assoggettamento ad IVA delle operazioni di diffusione di messaggi, rappresentazioni, immagini o comunicazioni di pubblico interesse richieste o patrocinate dallo Stato o da enti pubblici",IVA,A REGIME,ESCLUSIONE,Non quantificabile,"0,0","0,0",,,STATO E ENTI PUBBLICI,X,79
2023,29: POLITICHE ECONOMICO-FINANZIARIE E DI BILANCIO E TUTELA DELLA FINANZA PUBBLICA,523,"Art. 3, comma 5, d.P.R. 26 ottobre 1972, n. 633",Non assoggettamento ad IVA delle prestazioni relative agli spettacoli rese ai possessori di titoli per l'accesso gratuito rilasciati dagli organizzatori nel limite massimo del 5 per cento di capienza del locale o da determinati enti nel limite stabilito con provvedimento del Direttore dell'Agenzia delle entrate,IVA,A REGIME,ESCLUSIONE,Non quantificabile,2025,2026,,,PERSONE FISICHE,X,80
2023,29: POLITICHE ECONOMICO-FINANZIARIE E DI BILANCIO E TUTELA DELLA FINANZA PUBBLICA,524,"Art. 4, comma 4, d.P.R. 26 ottobre 1972, n. 633 La misura è stata eliminata dall’articolo 5, comma 15-quater del D.L. n. 146/2021 convertito dalla legge 17.12.2021, n. 215 a decorrere dal 1° gennaio 2024","Non assoggettamento ad IVA delle cessioni di beni e prestazioni di servizi ai soci, associati o partecipanti effettuate in conformita' alle finalita' istituzionali da associazioni politiche, sindacali e di categoria, religiose, assistenziali, culturali sportive dilettantistiche, di promozione sociale e di formazione extra-scolastica della persona in presenza di determinate condizioni",IVA,A REGIME,ESCLUSIONE,Non quantificabile,2025,2026,,,PERSONE FISICHE,X,80
2023,29: POLITICHE ECONOMICO-FINANZIARIE E DI BILANCIO E TUTELA DELLA FINANZA PUBBLICA,525,"Art. 4, comma 5, d.P.R. 26 ottobre 1972, n. 633",Non assoggettamento ad IVA delle mense e spacci militari,IVA,A REGIME,ESCLUSIONE,Non quantificabile,2025,2026,,,PERSONE FISICHE,X,80
2023,29: POLITICHE ECONOMICO-FINANZIARIE E DI BILANCIO E TUTELA DELLA FINANZA PUBBLICA,526,"Art. 4, comma 5, d.P.R. 26 ottobre 1972, n. 633","Non assoggettamento ad IVA dei servizi di controllo qualitativo dei prodotti, compresa l'applicazione di marchi di qualità",IVA,A REGIME,ESCLUSIONE,Non quantificabile,2025,2026,,,PERSONE FISICHE E GIURIDICHE,X,80
2023,29: POLITICHE ECONOMICO-FINANZIARIE E DI BILANCIO E TUTELA DELLA FINANZA PUBBLICA,527,"Art. 4, comma 5, d.P.R. 26 ottobre 1972, n. 633 La misura è stata eliminata dall’articolo 5, comma 15-quater, del D.L. 21 ottobre 2021 n. 146 convertito dalla legge 17.12.2021 n. 215, a decorrere dal 1° gennaio 2024",Non assoggettamento ad IVA delle cessioni di beni e prestazioni di servizi effettuate in occasione di manifestazioni propagandistiche dai partiti politici,IVA,A REGIME,ESCLUSIONE,Non quantificabile,2025,2026,,,ASSOCIAZIONI E ENTI DEL TERZO SETTORE,X,80
2023,29: POLITICHE ECONOMICO-FINANZIARIE E DI BILANCIO E TUTELA DELLA FINANZA PUBBLICA,528,"Art. 4, comma 5, d.P.R. 26 ottobre 1972, n. 633","Non assoggettamento ad IVA delle cessioni di beni e prestazioni di servizi poste in essere dalla Presidenza della Repubblica, dal Senato della Repubblica, dalla Camera dei deputati e dalla Corte Costituzionale, nel perseguimento delle proprie finalita' istituzionali",IVA,A REGIME,ESCLUSIONE,Non quantificabile,2025,2026,,,STATO E ENTI PUBBLICI,X,80
2023,29: POLITICHE ECONOMICO-FINANZIARIE E DI BILANCIO E TUTELA DELLA FINANZA PUBBLICA,529,"Art. 4, comma 5, d.P.R. 26 ottobre 1972, n. 633",Non assoggettamento ad IVA delle prestazioni sanitarie soggette al pagamento di quote di partecipazione alla spesa sanitaria erogate dalle unita' sanitarie locali e dalle aziende ospedaliere del Servizio sanitario nazionale,IVA,A REGIME,ESCLUSIONE,Non quantificabile,2025,2026,,,PERSONE FISICHE,X,80
2023,29: POLITICHE ECONOMICO-FINANZIARIE E DI BILANCIO E TUTELA DELLA FINANZA PUBBLICA,530,"Art. 4, comma 6, d.P.R. 26 ottobre 1972, n. 633 Comma abrogato dall'art. 5, comma 15-quater, lett. a), n. 3), D.L. 21 ottobre 2021, n. 146, convertito, con modificazioni, dalla legge 17 dicembre 2021, n. 215 a decorrere dal 1° gennaio 2024.","Non assoggettamento ad IVA della somministrazione di alimenti e bevande effettuata, presso le sedi delle associazioni di promozione sociale, da bar ed esercizi similari",IVA,A REGIME,ESCLUSIONE,Non quantificabile,2025,2026,,,PERSONE FISICHE,X,80
2023,29: POLITICHE ECONOMICO-FINANZIARIE E DI BILANCIO E TUTELA DELLA FINANZA PUBBLICA,531,"Art. 5, comma 2, d.P.R. 26 ottobre 1972, n. 633",Non assoggettamento ad IVA delle prestazioni di servizi derivanti dall'attivita' di levata dei protesti esercitata dai segretari comunali,IVA,A REGIME,ESCLUSIONE,Non quantificabile,2025,2026,,,PERSONE FISICHE E GIURIDICHE,X,80
2023,29: POLITICHE ECONOMICO-FINANZIARIE E DI BILANCIO E TUTELA DELLA FINANZA PUBBLICA,532,"Art. 5, comma 2, d.P.R. 26 ottobre 1972, n. 633",Non assoggettamento ad IVA delle prestazioni di vigilanza e custodia rese da guardie giurate,IVA,A REGIME,ESCLUSIONE,Non quantificabile,2025,2026,,,PERSONE FISICHE E GIURIDICHE,X,80
2023,29: POLITICHE ECONOMICO-FINANZIARIE E DI BILANCIO E TUTELA DELLA FINANZA PUBBLICA,533,"Art. 8, comma 1, lettera c), d.P.R. 26 ottobre 1972, n. 633",Non imponibilità delle cessioni di beni effettuate nei confronti di esportatori abituali nei limiti del plafond maturato,IVA,A REGIME,NON IMPONIBILITA',Non quantificabile,2025,2026,,,SOGGETTI E CATEGORIE PARTICOLARI,X,80
2023,29: POLITICHE ECONOMICO-FINANZIARIE E DI BILANCIO E TUTELA DELLA FINANZA PUBBLICA,534,"Art. 8-bis, comma 1, lettera a), d.P.R. 26 ottobre 1972, n. 633","Non imponibilità delle cessioni di navi adibite alla navigazione in alto mare e destinate all'esercizio di attività commerciali o della pesca nonché delle cessioni di navi adibite alla pesca costiera o a operazioni di salvataggio o di assistenza in mare, ovvero alla demolizione, escluse le unità da diporto",IVA,A REGIME,NON IMPONIBILITA',Non quantificabile,2025,2026,,,IMPRESE E SOCIETA',X,80
2023,29: POLITICHE ECONOMICO-FINANZIARIE E DI BILANCIO E TUTELA DELLA FINANZA PUBBLICA,535,"Art. 8-bis, comma 1, lettera b), d.P.R. 26 ottobre 1972, n. 633 e lettera a-bis), L. 15 dicembre 2011, n. 217",Non imponibilità delle cessioni di navi da guerra e di aeromobili ad organi dello Stato,IVA,A REGIME,NON IMPONIBILITA',Non quantificabile,2025,2026,,,STATO E ENTI PUBBLICI,X,80
2023,29: POLITICHE ECONOMICO-FINANZIARIE E DI BILANCIO E TUTELA DELLA FINANZA PUBBLICA,536,"Art. 9, comma 1, n.6, d.P.R. 26 ottobre 1972, n. 633","Non imponibilità dei servizi prestati nei porti, aeroporti e simili nonché quelli resi dagli agenti marittimi raccomandatari",IVA,A REGIME,NON IMPONIBILITA',Non quantificabile,2025,2026,,,IMPRESE E SOCIETA',X,80
2023,29: POLITICHE ECONOMICO-FINANZIARIE E DI BILANCIO E TUTELA DELLA FINANZA PUBBLICA,537,"Art. 9, comma 1, n. 8, d.P.R. 26 ottobre 1972, n. 633",Non imponibilità delle manipolazioni usuali eseguite nei depositi doganali,IVA,A REGIME,NON IMPONIBILITA',Non quantificabile,2025,2026,,,IMPRESE E SOCIETA',X,81
2023,29: POLITICHE ECONOMICO-FINANZIARIE E DI BILANCIO E TUTELA DELLA FINANZA PUBBLICA,538,"Art. 10, comma 1, n. 5), d.P.R. 26 ottobre 1972, n. 633, e L. 17 dicembre 2012, n. 221","Esenzione per le operazioni relative ai versamenti di imposta effettuate per conto dei contribuenti da aziende e istituti di credito. La legge 17 dicembre 2012, n. 221, ha eliminato la disposizione che stabiliva l’esenzione da Iva per le operazioni relative alla riscossione dei tributi. La riscossione non è più esente.",IVA,A REGIME,ESENZIONE,Non quantificabile,2025,2026,,,PERSONE FISICHE,X,81
2023,29: POLITICHE ECONOMICO-FINANZIARIE E DI BILANCIO E TUTELA DELLA FINANZA PUBBLICA,539,"Art. 10, comma 1, n. 12), d.P.R. 26 ottobre 1972, n. 633","Esenzione per le cessioni gratuite di beni fatte ad enti pubblici, associazioni riconosciute o fondazioni aventi esclusivamente finalita' di assistenza, beneficenza, educazione, istruzione, studio o ricerca scientifica e alle ONLUS senza diritto a detrazione dell’IVA a monte",IVA,A REGIME,ESENZIONE,Non quantificabile,2025,2026,,,ASSOCIAZIONI E ENTI DEL TERZO SETTORE,X,81
2023,29: POLITICHE ECONOMICO-FINANZIARIE E DI BILANCIO E TUTELA DELLA FINANZA PUBBLICA,540,"Art. 10, comma 1, n. 13), d.P.R. 26 ottobre 1972, n. 633",Esenzione per le cessioni gratuite di beni fatte a favore delle popolazioni colpite da calamità naturali senza diritto a detrazione dell’IVA a monte,IVA,A REGIME,ESENZIONE,"-0,5","-0,5","-0,5",,,PERSONE FISICHE E GIURIDICHE,X,81
2023,29: POLITICHE ECONOMICO-FINANZIARIE E DI BILANCIO E TUTELA DELLA FINANZA PUBBLICA,541,"Art. 10, comma 1, n. 27), d.P.R. 26 ottobre 1972, n. 633",Esenzione delle prestazioni dei servizi di pompe funebri senza diritto a detrazione dell’IVA a monte,IVA,A REGIME,ESENZIONE,"-31,9","-31,9","-31,9",,,PERSONE FISICHE,X,81
2023,29: POLITICHE ECONOMICO-FINANZIARIE E DI BILANCIO E TUTELA DELLA FINANZA PUBBLICA,542,"Art. 10, comma 1, n. 27-quater), d.P.R. 26 ottobre 1972, n. 633",Esenzione delle prestazioni delle compagnie barracellari senza diritto a detrazione dell’IVA a monte,IVA,A REGIME,ESENZIONE,"-0,5","-0,5","-0,5",,,PERSONE FISICHE,X,81
2023,29: POLITICHE ECONOMICO-FINANZIARIE E DI BILANCIO E TUTELA DELLA FINANZA PUBBLICA,543,"Art. 74, comma 1, lett. a), d.P.R. 26 ottobre 1972, n. 633",Regime speciale monofase per i tabacchi lavorati,IVA,A REGIME,REGIME SPECIALE,Non quantificabile,"-0,5","-0,5",,,SOGGETTI E CATEGORIE PARTICOLARI,X,81
2023,29: POLITICHE ECONOMICO-FINANZIARIE E DI BILANCIO E TUTELA DELLA FINANZA PUBBLICA,544,"Art. 74, comma 1, lett. c), del d.P.R. 26 ottobre 1972 n. 633",Regime speciale monofase per il settore editoriale,IVA,A REGIME,REGIME SPECIALE,"-150,9","-150,9","-150,9",,,SOGGETTI E CATEGORIE PARTICOLARI,X,81
2023,29: POLITICHE ECONOMICO-FINANZIARIE E DI BILANCIO E TUTELA DELLA FINANZA PUBBLICA,545,"Art. 74, comma 1, lett. d), del d.P.R. 26 ottobre 1972, n. 633",Regime speciale monofase per le schede telefoniche,IVA,A REGIME,REGIME SPECIALE,Non quantificabile,"-150,9","-150,9",,,SOGGETTI E CATEGORIE PARTICOLARI,X,81
2023,29: POLITICHE ECONOMICO-FINANZIARIE E DI BILANCIO E TUTELA DELLA FINANZA PUBBLICA,546,"Art. 74, comma 4, d.P.R. 26 ottobre 1972, n. 633","Versamenti trimestrali senza pagamento di interessi per alcune categorie di contribuenti autorizzati con D.M. (somministrazione di gas, acqua ed energia elettrica)",IVA,A REGIME,ALTRO,"-9,9","-9,9","-9,9",1.923,"-5.166,7",IMPRESE E SOCIETA',X,81
2023,29: POLITICHE ECONOMICO-FINANZIARIE E DI BILANCIO E TUTELA DELLA FINANZA PUBBLICA,547,"Art. 74, comma 4, d.P.R. 26 ottobre 1972, n. 633",Versamenti trimestrali senza pagamento di interessi per gli esercenti impianti distribuzione carburante per uso autotrazione,IVA,A REGIME,ALTRO,"-1,1","-1,1","-1,1",7.742,"-147,4",SOGGETTI E CATEGORIE PARTICOLARI,X,81
2023,29: POLITICHE ECONOMICO-FINANZIARIE E DI BILANCIO E TUTELA DELLA FINANZA PUBBLICA,548,"Art.74, comma 4, d.P.R. 26 ottobre 1972, n. 633",Versamenti trimestrali senza pagamento di interessi per gli autotrasportatori cose conto terzi,IVA,A REGIME,ALTRO,"-11,7","-11,7","-11,7",35.547,"-328,7",SOGGETTI E CATEGORIE PARTICOLARI,X,81
2023,29: POLITICHE ECONOMICO-FINANZIARIE E DI BILANCIO E TUTELA DELLA FINANZA PUBBLICA,549,"Art.74, comma 4, d.P.R. 26 ottobre 1972, n. 633",Versamenti differiti di un trimestre per le operazioni effettuate nei confronti del medesimo committente dagli autotrasportatori cose conto terzi,IVA,A REGIME,ALTRO,"-11,7","-11,7","-11,7",35.547,"-328,7",SOGGETTI E CATEGORIE PARTICOLARI,X,81
2023,29: POLITICHE ECONOMICO-FINANZIARIE E DI BILANCIO E TUTELA DELLA FINANZA PUBBLICA,550,"Art. 74, comma 5, d.P.R. 26 ottobre 1972, n. 633",Versamenti trimestrali senza pagamento di interessi per i subfornitori,IVA,A REGIME,ALTRO,"-0,1","-0,1","-0,1",,,PERSONE FISICHE,X,81
2023,29: POLITICHE ECONOMICO-FINANZIARIE E DI BILANCIO E TUTELA DELLA FINANZA PUBBLICA,551,"Art. 74, comma 6, d.P.R. 26 ottobre 1972, n. 633","Regime speciale per gli intrattenimenti, i giochi e le altre attività di cui alla tariffa allegata al d.P.R. n. 640/72 Detrazione forfettizzata dell'imposta nella misura del 50%",IVA,A REGIME,REGIME SPECIALE,Non quantificabile,"-0,1","-0,1",,,SOGGETTI E CATEGORIE PARTICOLARI,X,81
2023,29: POLITICHE ECONOMICO-FINANZIARIE E DI BILANCIO E TUTELA DELLA FINANZA PUBBLICA,552,"Art. 74, comma 6, del d.P.R. 26 ottobre 1972, n. 633","Regime speciale per gli intrattenimenti, esteso alle società sportive dilettantistiche che optano per il regime di favore di cui alla legge n. 398/1991. Detrazione forfettizzata dell'imposta nella misura del 50%",IVA,A REGIME,REGIME SPECIALE,Non quantificabile,"-0,1","-0,1",,,SOGGETTI E CATEGORIE PARTICOLARI,X,81
2023,29: POLITICHE ECONOMICO-FINANZIARIE E DI BILANCIO E TUTELA DELLA FINANZA PUBBLICA,553,"Art. 74-ter, d.P.R. 26 ottobre 1972, n. 633",Regime speciale per le agenzie di viaggio con detraibilità base da base,IVA,A REGIME,REGIME SPECIALE,Effetti di trascurabile entità,"-0,1","-0,1",,,SOGGETTI E CATEGORIE PARTICOLARI,X,81
2023,29: POLITICHE ECONOMICO-FINANZIARIE E DI BILANCIO E TUTELA DELLA FINANZA PUBBLICA,554,"Art. 74-quater, d.P.R. 26 ottobre 1972, n. 633",Regime speciale per le attività spettacolistiche: semplificazione degli obblighi formali e sostanziali dell'IVA,IVA,A REGIME,REGIME SPECIALE,Non quantificabile,2025,2026,,,SOGGETTI E CATEGORIE PARTICOLARI,X,82
2023,29: POLITICHE ECONOMICO-FINANZIARIE E DI BILANCIO E TUTELA DELLA FINANZA PUBBLICA,555,"Nota n. 3 all’art. 4, tariffa allegata al d.P.R. 26 ottobre 1972, n. 642",Esenzione dalle tasse sulle concessioni governative per le licenze di porto di pistola rilasciate a talune categorie di dipendenti civili dello Stato,ALTRO,A REGIME,ESENZIONE,"-1,0","-1,0","-1,0",,,PERSONE FISICHE,X,82
2023,29: POLITICHE ECONOMICO-FINANZIARIE E DI BILANCIO E TUTELA DELLA FINANZA PUBBLICA,556,"Tabella - Allegato B, d.P.R. 26 ottobre 1972, n. 642","Esenzione dall'imposta di bollo in modo assoluto di atti, documenti e registri elencati nella Tabella Allegato B del d.P.R. n.642/1972","IMPOSTE DI REGISTRO, DI BOLLO E IPOCATASTALI",A REGIME,ESENZIONE,Non quantificabile,"-1,0","-1,0",,,STATO E ENTI PUBBLICI,X,82
2023,29: POLITICHE ECONOMICO-FINANZIARIE E DI BILANCIO E TUTELA DELLA FINANZA PUBBLICA,557,"Art. 13, commi 2-bis e 2-ter, Tariffa allegata al d.P.R. 26 ottobre 1972, n. 642","Estratti conto comunicazione relativi al deposito titoli, comunicazioni da banca a cliente sui cc postali e bancari","IMPOSTE DI REGISTRO, DI BOLLO E IPOCATASTALI",A REGIME,REGIME SOSTITUTIVO,Non quantificabile,"-1,0","-1,0",,,PERSONE FISICHE E GIURIDICHE,X,82
2023,29: POLITICHE ECONOMICO-FINANZIARIE E DI BILANCIO E TUTELA DELLA FINANZA PUBBLICA,558,"Art. 2, d.P.R. 29 settembre 1973, n. 601","Esenzione per i fabbricati di proprietà della Santa Sede indicati negli artt. 13, 14, 15 e 16 del Trattato lateranense",IRES,A REGIME,ESENZIONE,Non quantificabile,"-1,0","-1,0",,,SOGGETTI E CATEGORIE PARTICOLARI,X,82
2023,29: POLITICHE ECONOMICO-FINANZIARIE E DI BILANCIO E TUTELA DELLA FINANZA PUBBLICA,559,"Art. 7, d.P.R. 29 settembre 1973, n. 601",Il reddito derivante dall'esercizio di attività commerciali svolte in occasione di manifestazioni propagandistiche da partiti politici rappresentati nelle assemblee nazionali o regionali è esente da IRES.,IRES,A REGIME,ESENZIONE,Non quantificabile,"-1,0","-1,0",,,ASSOCIAZIONI E ENTI DEL TERZO SETTORE,X,82
2023,29: POLITICHE ECONOMICO-FINANZIARIE E DI BILANCIO E TUTELA DELLA FINANZA PUBBLICA,560,"Art. 32, comma 2, d.P.R. 29 settembre 1973 n. 601 (norma istitutiva) art. 1, comma 58, L. 28 dicembre 2015, n. 208 (norma interpretativa)",Imposta di registro in misura fissa ed esenzione dalle imposte ipotecaria e catastale per gli atti di trasferimento della proprietà delle aree da parte degli enti locali,"IMPOSTE DI REGISTRO, DI BOLLO E IPOCATASTALI",A REGIME,IMPOSTA IN MISURA FISSA,"-4,7","-4,7","-4,7",,,STATO E ENTI PUBBLICI,X,82
2023,29: POLITICHE ECONOMICO-FINANZIARIE E DI BILANCIO E TUTELA DELLA FINANZA PUBBLICA,561,"Art. 47, comma 1, d.P.R. 29 settembre 1973, n. 602","Gratuità delle trascrizioni, iscrizioni, cancellazione dei pignoramenti mobiliari ed immobiliari richieste dal concessionario della riscossione","IMPOSTE DI REGISTRO, DI BOLLO E IPOCATASTALI",A REGIME,ESENZIONE,Non quantificabile,"-4,7","-4,7",,,SOGGETTI E CATEGORIE PARTICOLARI,X,82
2023,29: POLITICHE ECONOMICO-FINANZIARIE E DI BILANCIO E TUTELA DELLA FINANZA PUBBLICA,562,"Art. 47-bis, comma 2, d.P.R. 29 settembre 1973, n. 602","Ai traferimenti di beni mobili non registrati la cui vendita è curata dai concessionari , l'imposta di rgistro si applica nella misura fissa ridotta pari a dieci euro","IMPOSTE DI REGISTRO, DI BOLLO E IPOCATASTALI",A REGIME,IMPOSTA IN MISURA FISSA,Non quantificabile,"-4,7","-4,7",,,SOGGETTI E CATEGORIE PARTICOLARI,X,82
2023,29: POLITICHE ECONOMICO-FINANZIARIE E DI BILANCIO E TUTELA DELLA FINANZA PUBBLICA,563,"Art. 2, comma 1, L. 1 dicembre 1981, n. 692","Esenzione da tasse di bollo, di registro e altre imposte per i provvedimenti di restituzione delle terre a comuni o associazioni agrarie","IMPOSTE DI REGISTRO, DI BOLLO E IPOCATASTALI",A REGIME,ESENZIONE,Non quantificabile,"-4,7","-4,7",,,STATO E ENTI PUBBLICI,X,82
2023,29: POLITICHE ECONOMICO-FINANZIARIE E DI BILANCIO E TUTELA DELLA FINANZA PUBBLICA,564,"Art. 7, d.P.R. 26 aprile 1986, n. 131",L'imposta di registro si applica in misura fissa per la registrazione volontaria di atti non assoggettati all'obbligo della registrazione indicati nella Tabella allegata al D.P.R. n. 131/1986,"IMPOSTE DI REGISTRO, DI BOLLO E IPOCATASTALI",A REGIME,IMPOSTA IN MISURA FISSA,Non quantificabile,"-4,7","-4,7",,,PERSONE FISICHE E GIURIDICHE,X,82
2023,29: POLITICHE ECONOMICO-FINANZIARIE E DI BILANCIO E TUTELA DELLA FINANZA PUBBLICA,565,"Art. 24-bis TUIR, introdotto dall'art. 1, commi da 152 a 159, L. 11 dicembre 2016, n. 232","Facoltà concessa alle persone fisiche che trasferiscono la propria residenza in Italia e che non sono state residenti fiscalmente in Italia per un tempo almeno pari a nove periodi d’imposta nel corso dei dieci precedenti l’esercizio dell’opzione per l’imposta sostitutiva, di optare, per un periodo non superiore a 15 anni, per l’applicazione sui redditi prodotti all’estero, a prescindere dall’importo degli stessi, di un’imposta sostitutiva dell’imposta sui redditi delle persone fisiche forfetaria pari a 100.000 euro per ciascun periodo d’imposta.",IRPEF,A REGIME,REGIME SOSTITUTIVO,"-74,9","-74,9","-74,9",,,PERSONE FISICHE,X,82
2023,29: POLITICHE ECONOMICO-FINANZIARIE E DI BILANCIO E TUTELA DELLA FINANZA PUBBLICA,566,"Art. 143, comma 3, TUIR","Esclusioni dalla base imponibile degli enti non commerciali dei seguenti proventi: a) fondi pervenuti a seguito di raccolte pubbliche effettuate occasionalmente, in concomitanza di celebrazioni, ricorrenze, campagne di sensibilizzazione; b) contributi corrisposti da amministrazioni pubbliche per lo svolgimento di attività in regime di convenzione o accreditamento, aventi finalità sociali esercitate in conformità alle finalità istituzionali.",IRES,A REGIME,ESCLUSIONE,Non quantificabile,2025,2026,,,ASSOCIAZIONI E ENTI DEL TERZO SETTORE,X,83
2023,29: POLITICHE ECONOMICO-FINANZIARIE E DI BILANCIO E TUTELA DELLA FINANZA PUBBLICA,567,"Art. 145, TUIR","Opzione, per gli enti non commerciali ammessi al regime di contabilità semplificata, per la determinazione forfetaria del reddito d'impresa, applicando all'ammontare dei ricavi conseguiti un coefficiente di redditività corrispondente ad una classe determinata in base all'ammontare dei ricavi stessi, ed incrementando l'importo così determinato dei componenti di reddito di cui agli artt. 86, 88, 89 e 90 del TUIR.",IRES,A REGIME,REGIME FORFETARIO,"-2,0","-2,0","-2,0",3.293,"-614,2",ASSOCIAZIONI E ENTI DEL TERZO SETTORE,X,83
2023,29: POLITICHE ECONOMICO-FINANZIARIE E DI BILANCIO E TUTELA DELLA FINANZA PUBBLICA,568,"Art. 146 (rinvio all'art. 10, c. 1, lett.a), f) e g)) TUIR","Deduzione dal reddito complessivo degli enti non commerciali dei canoni, livelli, censi, ed altri oneri gravanti sui redditi degli immobili che concorrono a formare il reddito complessivo, delle somme corrisposte ai chiamati ad adempiere funzioni presso uffici elettorali e dei contributi, donazioni e oblazioni a favore di organizzazioni non governative fino al 2% del reddito complessivo dichiarato.",IRES,A REGIME,DEDUZIONE,"-0,8","-0,8","-0,8",806,"-932,5",ASSOCIAZIONI E ENTI DEL TERZO SETTORE,X,83
2023,29: POLITICHE ECONOMICO-FINANZIARIE E DI BILANCIO E TUTELA DELLA FINANZA PUBBLICA,569,"Art. 147, TUIR","Rinvio all'art 15, c. 1, lett. a), lett. g), lett.h), lett. h-bis), lett. i), lett. i-bis), lett. i-quater) e lett. i-octies ) del Tuir. Dall'imposta lorda si detrae un importo pari al 19 per cento degli oneri di cui alle lettere citate sostenuti dal contribuente, se non deducibili nella determinazione dei singoli redditi che concorrono a formare il reddito complessivo.",IRES,A REGIME,DETRAZIONE,"-9,3","-9,3","-9,3",330,"-28.197,2",ASSOCIAZIONI E ENTI DEL TERZO SETTORE,X,83
2023,29: POLITICHE ECONOMICO-FINANZIARIE E DI BILANCIO E TUTELA DELLA FINANZA PUBBLICA,570,"Art. 148, TUIR (norma istitutiva) Art. 89, comma. 4, D.Lgs. 3 luglio 2017, n. 117 (modifica soggettiva); Art. 1, comma 1022, L. 30 dicembre 2018, n. 145 (modifica soggettiva); Art. 14, comma 1, D.L. 30 aprile 2019, n. 34 (modifica soggettiva)","Non commercialità delle attività svolte dagli enti associativi - con varie limitazioni sia soggettive che oggettive - in favore degli associati o partecipanti, in conformità alle finalità istituzionali.",IRES,A REGIME,ESCLUSIONE,Non quantificabile,"-9,3","-9,3",,,ASSOCIAZIONI E ENTI DEL TERZO SETTORE,X,83
2023,29: POLITICHE ECONOMICO-FINANZIARIE E DI BILANCIO E TUTELA DELLA FINANZA PUBBLICA,571,"Art. 150, TUIR",Per le ONLUS non costituisce esercizio di attività commerciali lo svolgimento delle attività istituzionali nel perseguimento di esclusive finalità di solidarietà sociale. I proventi derivanti dall'esercizio delle attività direttamente connesse non concorrono alla formazione del reddito imponibile.,IRES,A REGIME,ESCLUSIONE,Non quantificabile,"-9,3","-9,3",,,ASSOCIAZIONI E ENTI DEL TERZO SETTORE,X,83
2023,29: POLITICHE ECONOMICO-FINANZIARIE E DI BILANCIO E TUTELA DELLA FINANZA PUBBLICA,572,"Art. 32, comma 1, D.Lgs. 28 luglio 1989, n. 271","Le procedure intraprese per il recupero dei crediti professionali vantati dai difensori d'ufficio nei confronti degli indagati, imputati e condannati inadempienti sono esenti da imposte di registro e bollo","IMPOSTE DI REGISTRO, DI BOLLO E IPOCATASTALI",A REGIME,ESENZIONE,Non quantificabile,"-9,3","-9,3",,,SOGGETTI E CATEGORIE PARTICOLARI,X,83
2023,29: POLITICHE ECONOMICO-FINANZIARIE E DI BILANCIO E TUTELA DELLA FINANZA PUBBLICA,573,"Art. 25, D.Lgs. 31 ottobre 1990, n. 346","Riduzione di imposta per: - successioni apertesi entro 5 anni da altre successioni; - beni immobili culturali non sottoposti a vincolo anteriormente all'apertura della successione; - fondi rustici devoluti al coniuge e parenti prossimi di valore non superiore a lire 200 milioni; - immobili o parti di immobili adibiti all'esercizio dell'impresa e devoluti al coniuge e/o parenti prossimi; - aziende, quote di società di persone o beni strumentali ubicate in comuni montani e trasferiti al coniuge e/o parenti prossimi.",IMPOSTE SU SUCCESSIONI E DONAZIONI,A REGIME,RIDUZIONE DI IMPOSTA,"-0,5","-0,5","-0,5",,,PERSONE FISICHE,X,83
2023,29: POLITICHE ECONOMICO-FINANZIARIE E DI BILANCIO E TUTELA DELLA FINANZA PUBBLICA,574,"Art.19, D.Lgs. 31 ottobre 1990, n. 347",Esenzione dalle tasse ipotecarie per le operazioni nell'interesse dello Stato,"IMPOSTE DI REGISTRO, DI BOLLO E IPOCATASTALI",A REGIME,ESENZIONE,"0,0","0,0","0,0",,,STATO E ENTI PUBBLICI,X,83
2023,29: POLITICHE ECONOMICO-FINANZIARIE E DI BILANCIO E TUTELA DELLA FINANZA PUBBLICA,575,"Art. 5, comma 1, L. 30 dicembre 1991, n. 413","Gli enti non commerciali che esercitano attività di agriturismo di cui alla legge 5 dicembre 1985, n. 730, determinano il reddito imponibile applicando all'ammontare dei ricavi conseguiti con l'esercizio di tale attività, al netto della imposta sul valore aggiunto, il coefficiente di redditività del 25 per cento",IRPEF/IRES,A REGIME,REGIME SPECIALE,Effetti di trascurabile entità,"0,0","0,0",,,SOGGETTI E CATEGORIE PARTICOLARI,X,83
2023,29: POLITICHE ECONOMICO-FINANZIARIE E DI BILANCIO E TUTELA DELLA FINANZA PUBBLICA,576,"Artt. da 36 a 40, D.L. 23 febbraio 1995, n. 41","Regime del margine per i beni usati, oggetti d'arte, d'antiquario e da collezione: applicazione dell'imposta sul margine, come da direttiva 112/2006/CE, da art. 312 e seguenti.",IVA,A REGIME,REGIME SPECIALE,Effetti di trascurabile entità,2025,2026,,,SOGGETTI E CATEGORIE PARTICOLARI,X,84
2023,29: POLITICHE ECONOMICO-FINANZIARIE E DI BILANCIO E TUTELA DELLA FINANZA PUBBLICA,577,"Artt. da 36 a 40, D.L.23 febbraio 1995, n. 41","Regime del margine per le auto usate: applicazione dell'imposta sul margine, come da direttiva 112/2006/CE, da art. 326 e seguenti.",IVA,A REGIME,REGIME SPECIALE,Effetti di trascurabile entità,2025,2026,,,SOGGETTI E CATEGORIE PARTICOLARI,X,84
2023,29: POLITICHE ECONOMICO-FINANZIARIE E DI BILANCIO E TUTELA DELLA FINANZA PUBBLICA,578,"Art. 40-bis, D.L. 23 febbraio 1995, n. 41","Regime speciale per le vendite all'asta: applicazione dell'imposta sul margine, come da direttiva 112/2006/CE, da art. 333 e seguenti.",IVA,A REGIME,REGIME SPECIALE,Effetti di trascurabile entità,2025,2026,,,SOGGETTI E CATEGORIE PARTICOLARI,X,84
2023,29: POLITICHE ECONOMICO-FINANZIARIE E DI BILANCIO E TUTELA DELLA FINANZA PUBBLICA,579,"Art. 18, comma 1, D.Lgs. 13 aprile 1999, n. 112",Esenzione dall'imposta di bollo per le certificazioni riguardanti i beni dei debitori iscritti a ruolo e coobbligati emesse a favore dei concessionari per la riscossione,"IMPOSTE DI REGISTRO, DI BOLLO E IPOCATASTALI",A REGIME,ESENZIONE,Non quantificabile,2025,2026,,,STATO E ENTI PUBBLICI,X,84
2023,29: POLITICHE ECONOMICO-FINANZIARIE E DI BILANCIO E TUTELA DELLA FINANZA PUBBLICA,580,"Art. 34, d.P.R. 28 dicembre 2000, n. 445",Esenzione da imposta di bollo per autenticazione delle fotografie per documenti personali,"IMPOSTE DI REGISTRO, DI BOLLO E IPOCATASTALI",A REGIME,ESENZIONE,Non quantificabile,2025,2026,,,PERSONE FISICHE,X,84
2023,29: POLITICHE ECONOMICO-FINANZIARIE E DI BILANCIO E TUTELA DELLA FINANZA PUBBLICA,581,"Art. 37, d.P.R. 28 dicembre 2000, n. 445","Esenzione dall'imposta di bollo per le dichiarazioni sostitutive comprovanti stati, qualità personali e fatti","IMPOSTE DI REGISTRO, DI BOLLO E IPOCATASTALI",A REGIME,ESENZIONE,Non quantificabile,2025,2026,,,PERSONE FISICHE,X,84
2023,29: POLITICHE ECONOMICO-FINANZIARIE E DI BILANCIO E TUTELA DELLA FINANZA PUBBLICA,582,"Art. 7, L. 28 dicembre 2001, n. 448 (norma istitutiva); Art. 2, comma 2, D.L. 24 dicembre 2002, n. 282 (estensione oggettiva); Art. 1, comma 997, L. 27 dicembre 2017, n. 205 (proroga); Art. 1, comma 998, L. 27 dicembre 2017, n. 205 (modifica); Art. 1, comma 1053, L. 30 dicembre 2018, n. 145 (proroga); Art. 1, commi 693-694, L. 27 dicembre 2019, n. 160 (proroga); Art, 1, commi 1122-1123, L. 30 dicembre 2020, n. 178 (proroga); Art. 14, comma 4-bis, D.L. 25 maggio 2021, n. 73 (proroga); Art. 29, commi 1 e 2, D.L. 1º marzo 2022, n. 17 (proroga). Art. 1, comma 108, L. 29 dicembre 2022, n. 197 (estensione)","Rideterminazione dei valori dei terreni e delle partecipazioni non quotate posseduti alla data del 1º gennaio 2022. Art. 1 comma 108 legge 197/2022: Le disposizioni degli articoli 5 e 7 della legge 28 dicembre 2001, n. 448, si applicano anche per la rideterminazione dei valori di acquisto delle partecipazioni negoziate e non negoziate in mercati regolamentati o in sistemi multilaterali di negoziazione e dei terreni edificabili e con destinazione agricola posseduti alla data del 1° gennaio 2023.",IRPEF,2022,REGIME SOSTITUTIVO,"196,1","196,1","-151,9",,,PERSONE FISICHE,X,84
2023,29: POLITICHE ECONOMICO-FINANZIARIE E DI BILANCIO E TUTELA DELLA FINANZA PUBBLICA,583,"Art. 2, comma 6, D.L. 25 settembre 2001, n. 351","Le operazioni di cartolarizzazione dei proventi derivanti dalla dismissione del patrimonio immobiliare pubblico e tutti i provvedimenti, atti, contratti, trasferimenti, prestazioni e formalita' inerenti a tali operazioni sono esenti dalle imposte di registro, bollo, ipotecarie e catastali","IMPOSTE DI REGISTRO, DI BOLLO E IPOCATASTALI",A REGIME,ESENZIONE,Non quantificabile,"196,1","-151,9",,,STATO E ENTI PUBBLICI,X,84
2023,29: POLITICHE ECONOMICO-FINANZIARIE E DI BILANCIO E TUTELA DELLA FINANZA PUBBLICA,584,"Art. 8, comma 1-bis, D.L. 25 settembre 2001, n. 351",Esclusione da IVA (assimilaz. a conferimento di ramo d'azienda) degli apporti a fondi immobiliari chiusi di pluralità di immobili prevalentemente locati,IVA,A REGIME,ESCLUSIONE,Non quantificabile,"196,1","-151,9",,,SOGGETTI E CATEGORIE PARTICOLARI,X,84
2023,29: POLITICHE ECONOMICO-FINANZIARIE E DI BILANCIO E TUTELA DELLA FINANZA PUBBLICA,585,"Art. 18, d.P.R. 30 maggio 2002, n.115","Esenzione dall’imposta di bollo per i seguenti atti normalmente assoggettati al nuovo contributo unificato: 1. Gli atti e provvedimenti del processo penale; 2. Gli atti e provvedimenti del processo civile, e tributario, compresa la procedura concorsuale e di volontaria giurisdizione, e del processo amministrativo, nonché delle pubblico impiego; 3. Le copie autentiche, comprese quelle esecutive, degli atti e dei provvedimenti, purchè richieste dalle parti processuali.","IMPOSTE DI REGISTRO, DI BOLLO E IPOCATASTALI",A REGIME,ESENZIONE,Non quantificabile,"196,1","-151,9",,,PERSONE FISICHE E GIURIDICHE,X,84
2023,29: POLITICHE ECONOMICO-FINANZIARIE E DI BILANCIO E TUTELA DELLA FINANZA PUBBLICA,586,"Art. 5, comma 24, D.L. 30 settembre 2003, n. 269","Le operazioni di raccolta e impiego effettuate dalla gestione separata della Cassa Depositi e Prestiti e tutti gli atti, contratti, trasferimenti, prestazioni e formalita' inerenti a tali operazioni sono esenti dalle imposte di registro, bollo, ipotecarie e catastali","IMPOSTE DI REGISTRO, DI BOLLO E IPOCATASTALI",A REGIME,ESENZIONE,Non quantificabile,2025,2026,,,SOGGETTI E CATEGORIE PARTICOLARI,X,85
2023,29: POLITICHE ECONOMICO-FINANZIARIE E DI BILANCIO E TUTELA DELLA FINANZA PUBBLICA,587,"Art. 1, comma 275, L. 30 dicembre 2004, n. 311",Esenzione da imposte e da tributi per i trasferimenti di immobili dei Comuni a fondazioni o società di cartolarizzazione o ad associazioni per la valorizzazione del patrimonio immobiliare,"IMPOSTE DI REGISTRO, DI BOLLO E IPOCATASTALI",A REGIME,ESENZIONE,Non quantificabile,2025,2026,,,STATO E ENTI PUBBLICI,X,85
2023,29: POLITICHE ECONOMICO-FINANZIARIE E DI BILANCIO E TUTELA DELLA FINANZA PUBBLICA,588,"Art. 1, comma 138, L. 27 dicembre 2006, n. 296",Esclusione da IVA (assimilaz. a conferimento di ramo d'azienda) degli apporti a SIIQ e SIINQ di pluralità di immobili prevalentemente locati,IVA,A REGIME,ESCLUSIONE,Non quantificabile,2025,2026,,,SOGGETTI E CATEGORIE PARTICOLARI,X,85
2023,29: POLITICHE ECONOMICO-FINANZIARIE E DI BILANCIO E TUTELA DELLA FINANZA PUBBLICA,589,"Art. 17, comma 1, D.Lgs. 4 marzo 2010, n. 28",Esenzione da imposta di bollo e ogni altra spesa tassa o diritto per documenti e provvedimenti relativi al procedimento di mediazione,"IMPOSTE DI REGISTRO, DI BOLLO E IPOCATASTALI",A REGIME,ESENZIONE,"-19,0","-19,0","-19,0",,,PERSONE FISICHE E GIURIDICHE,X,85
2023,29: POLITICHE ECONOMICO-FINANZIARIE E DI BILANCIO E TUTELA DELLA FINANZA PUBBLICA,590,"Art. 17, comma 2, D.Lgs. 4 marzo 2010, n. 28 Art. 7, comma 1, lett. aa), D.Lgs. 10 ottobre 2022, n. 149 (modifica limite del valore)","Esenzione dall'imposta di registro per il verbale del procedimento di mediazione entro il limite di valore di 100.000 euro, l'imposta è dovuta per la parte eccedente. La modifica del limite del valore, di cui all'articolo 7, comma 1, lett. aa), D.Lgs. 10 ottobre 2022, n. 149, ha effetto a decorrere dal 28 febbraio 2023 e si applica a decorrere dal 30 giugno 2023. Ai procedimenti pendenti alla data del 28 febbraio 2023 si applicano le disposizioni anteriormente vigenti.","IMPOSTE DI REGISTRO, DI BOLLO E IPOCATASTALI",A REGIME,ESENZIONE,Non quantificabile,"-19,0","-19,0",,,PERSONE FISICHE E GIURIDICHE,X,85
2023,29: POLITICHE ECONOMICO-FINANZIARIE E DI BILANCIO E TUTELA DELLA FINANZA PUBBLICA,591,"Art. 27, commi 1 e 2, D.L. 6 luglio 2011, n. 98 (norma istitutiva); Art. 1, comma 85, lett. b), L. 23 dicembre 2014, n. 190 (norma abrogativa), a decorrere dal 1° gennaio 2015 (per l'applicazione di tale disposizione vedi l'art. 1, commi da 86 a 89 della medesima L. 23 dicembre 2014, n. 190). Art. 10, comma 12 undecies, D.L. 31 dicembre 2014, n. 192 (proroga)","Regime fiscale di vantaggio (nuovi minimi). Per i soggetti rispondenti ai requisiti previsti dalla norma, è prevista l'applicazione di un'imposta sostitutiva dell'imposta sui redditi e delle addizionali regionali e comunali pari al 5%. I contribuenti sono esenti da Irap, non addebitano l'IVA sulle vendite e non hanno diritto alla detrazione per l'IVA sugli acquisti. E' possibile optare per l'applicazione dell'IVA e dell'IRPEF nei modi ordinari. Si applica, per il periodo d'imposta in cui l'attività è iniziata e per i quattro successivi. Il regime è applicabile anche oltre il quarto periodo di imposta successivo, fino al compimento del trentacinquesimo anno di età.",IMPOSTE DIRETTE E IVA,2019 o fino compimento 35°anno di età del contribuente,REGIME SOSTITUTIVO,"0,0","0,0","0,0",,,SOGGETTI E CATEGORIE PARTICOLARI,X,85
2023,29: POLITICHE ECONOMICO-FINANZIARIE E DI BILANCIO E TUTELA DELLA FINANZA PUBBLICA,592,"Art. 32-bis, D.L. 22 giugno 2012, n. 83","Regime dell'IVA di cassa in base al quale il versamento dell'IVA è differito al momento della riscossione dei corrispettivi, ma comunque non oltre un anno.",IVA,A REGIME,REGIME SPECIALE,"0,0","0,0","0,0",,,IMPRESE E SOCIETA',X,85
2023,29: POLITICHE ECONOMICO-FINANZIARIE E DI BILANCIO E TUTELA DELLA FINANZA PUBBLICA,593,"Art. 15, comma 1, lett. i-novies), TUIR, introdotta con l'art. 1, comma 524, lett. a), L. 24 dicembre 2012, n. 228","Detrazione del 19% delle erogazioni liberali effettuate a favore del Fondo per l'ammortamento dei titoli di Stato, di cui all'art. 45, comma 1, lettera e), del testo unico di cui al d.P.R. 30 dicembre 2003, n. 398",IRPEF,A REGIME,DETRAZIONE,Effetti di trascurabile entità,"0,0","0,0",,,PERSONE FISICHE,X,85
2023,29: POLITICHE ECONOMICO-FINANZIARIE E DI BILANCIO E TUTELA DELLA FINANZA PUBBLICA,594,"Art. 1, commi da 54 a 89, L. 23 dicembre 2014, n. 190 (norme istitutive); Art. 1, commi 111-113, L. 28 dicembre 2015, n. 208 (modifica); Art. 1, commi 9-11, L. 30 dicembre 2018, n. 145 (modifica); Art. 1, comma 692, L. 27 dicembre 2019, n. 160 (modifica) Art. 1, comma 54, L. 29 dicembre 2022, n. 197","""Nuovo"" regime forfettario agli effetti dell’Irpef e dell’Irap di determinazione del reddito da assoggettare ad un’unica imposta sostituiva di quelle dovute, con l’aliquota del 15% per le persone fisiche con un limite di ricavi annui diversificati per settore. I soggetti in ""regime forfettario"" non addebitano l'IVA ai propri clienti e non detraggono l'imposta a monte. Estensione del regime ai soggetti con ricavi o compensi fino a 65.000 euro. Con l'articolo 1 della legge n. 160/2019 sono state reintrodotte alcune condizioni di accesso e cause di eclusione che rendono più stringente il regime. Con la Legge di bilancio 2022 il regime è stato esteso ai soggetti con ricavi o compensi fino a 85.000 euro, prevedendosi, inoltre, l'immediata fuoriuscita dal regime nel caso di superamento della soglia di 100.000 euro di ricavi.",IMPOSTE DIRETTE E IVA,A REGIME,REGIME SOSTITUTIVO,"-3.127,7","-3.160,0","-3.160,0",1.879.903,"-1.681,0",SOGGETTI E CATEGORIE PARTICOLARI,X,85
2023,29: POLITICHE ECONOMICO-FINANZIARIE E DI BILANCIO E TUTELA DELLA FINANZA PUBBLICA,595,"Art. 21-bis, D.L. 27 giugno 2015, n. 83 (norma istitutiva); Art. 1, comma 618, lett. a), L. 28 dicembre 2015, n. 208 (modifica)","Credito d’imposta per i procedimenti di negoziazione assistita e arbitrato (cd. incentivo fiscale alla ""degiurisdizionalizzazione"") utilizzabile in compensazione, commisurato al compenso fino a concorrenza di 250 euro.",CREDITO D'IMPOSTA,A REGIME,CREDITO D'IMPOSTA,Effetti di trascurabile entità,"-3.160,0","-3.160,0",,,PERSONE FISICHE E GIURIDICHE,X,85
2023,29: POLITICHE ECONOMICO-FINANZIARIE E DI BILANCIO E TUTELA DELLA FINANZA PUBBLICA,596,"Art. 1, comma 540, L. 11 dicembre 2016, n. 232 (norma istitutiva); Art. 18, comma 1, lett. a), D.L. 23 ottobre 2018, n. 119 (modifica); Art. 19, comma 1, lett. a), D.L. 26 ottobre 2019, n. 124 (modifica) Art. 18, comma 4-bis, lett. a), D.L. 30 aprile 2022, n. 36 (modifica)","Non concorrenza alla formazione del reddito dei premi attribuiti, nel quadro di una lotteria nazionale, alle persone fisiche maggiorenni residenti nel territorio dello Stato che, a decorerre dal 1° gennaio 2021, effettuano, esclusivamente attraverso strumenti di pagamento elettronico, acquisti di beni o servizi, fuori dall'esercizio di attivita' di impresa, arte o professione, presso esercenti che trasmettono telematicamente i corrispettivi.",IRPEF,A REGIME,ESCLUSIONE,"0,0","0,0","0,0",,,PERSONE FISICHE,X,86
2023,29: POLITICHE ECONOMICO-FINANZIARIE E DI BILANCIO E TUTELA DELLA FINANZA PUBBLICA,597,"Art. 1, commi 924-925, L. 27 dicembre 2017, n. 205 (norma istitutiva); Art. 16, D.L. 30 aprile 2019, n. 34 (estensione)","Credito d'imposta esercenti impianti carburante (riconosciuto nel rispetto delle condizioni e dei limiti del de minimis) per le transazioni effettuate, a partire dal 1° luglio 2018, tramite sistemi di pagamento elettronico mediante carte di credito, debito o prepagate.",CREDITO D'IMPOSTA,A REGIME,CREDITO D'IMPOSTA,"-18,5","-18,5","-18,5",3.429,"-5.400,4",IMPRESE E SOCIETA',X,86
2023,29: POLITICHE ECONOMICO-FINANZIARIE E DI BILANCIO E TUTELA DELLA FINANZA PUBBLICA,598,"Art. 24-ter, TUIR, introdotto dall'art. 1, commi 273 e 274, L. 30 dicembre 2018, n. 145",Opzione per l'imposta sostitutiva pari al 7 per cento per i titolari di redditi da pensione di fonte straniera che trasferiscono la residenza nel Mezzogiorno,IRPEF,A REGIME,REGIME SOSTITUTIVO,Stima ricompresa nella misura 507,"-18,5","-18,5",,,PERSONE FISICHE,,86
2023,29: POLITICHE ECONOMICO-FINANZIARIE E DI BILANCIO E TUTELA DELLA FINANZA PUBBLICA,599,"Art. 22, D.L. 26 ottobre 2019, n. 124; art. 11-bis, comma 10, D.L. 25 maggio 2021, n. 73 (incremento aliquote)","Credito d'imposta pari al 30% su pagamenti elettronici riconosciuto (nel rispetto del de minimis) in relazione alle cessioni di beni e alle prestazioni di servizi effettuate a decorrere dal 1° luglio 2020 ed utilizzabile in compensazione. Il comma 1-ter dell'articolo 22 del D.L. 124/2019 prevede che per le commissioni maturate nel periodo dal 1° luglio 2021 al 30 giugno 2022, il credito d’imposta è incrementato al 100% delle commissioni, nel caso in cui gli esercenti attività di impresa, arte o professioni, che effettuano cessioni di beni o prestazioni di servizio nei confronti di consumatori finali, adottino strumenti di pagamento elettronico collegati agli strumenti di cui all’articolo 2, comma 3, del decreto legislativo 5 agosto 2015, n. 127 ovvero strumenti di pagamento evoluto di cui al comma 5 -bis del predetto articolo.",CREDITO D'IMPOSTA,A REGIME,CREDITO D'IMPOSTA,"-38,5","-38,5","-38,5",71.000,"-542,3",IMPRESE E LAVORATORI AUTONOMI,,86
2023,29: POLITICHE ECONOMICO-FINANZIARIE E DI BILANCIO E TUTELA DELLA FINANZA PUBBLICA,600,"Art. 1, commi da 44 a 47, L. 30 dicembre 2020, n. 178",Concorso alla formazione della base imponibile nella misura del 50 per cento per gli utili percepiti da enti non commerciali residenti e stabili organizzazioni di enti non commerciali non residenti.,IRES,A REGIME,ESENZIONE,"-23,2","-23,2","-23,2",,,ASSOCIAZIONI E ENTI DEL TERZO SETTORE,,86
2023,29: POLITICHE ECONOMICO-FINANZIARIE E DI BILANCIO E TUTELA DELLA FINANZA PUBBLICA,601,"Art. 4, commi 4-9, D.L. 22 marzo 2021, n. 41, come convertito dalla L. 21 maggio 2021, n. 69","Si prevede l'annullamento automatico dei debiti di importo residuo, alla data di entrata in vigore del decreto, fino a 5.000 euro, comprensivo di capitale, interessi per ritardata iscrizione a ruolo e sanzioni, risultanti dai singoli carichi affidati agli agenti della riscossione dal 1° gennaio 2000 al 31 dicembre 2010 - ancorche' ricompresi nelle precedenti definizioni agevolate - delle persone fisiche e giuridiche che hanno conseguito, rispettivamente nel periodo d'imposta 2019 e nel periodo d'imposta in corso alla data del 31 dicembre 2019, un reddito imponibile ai fini delle imposte sui redditi fino a 30.000 euro.",ALTRO,2021,RIDUZIONE DI IMPOSTA,"0,0","0,0","0,0",,,PERSONE FISICHE E GIURIDICHE,,86
2023,29: POLITICHE ECONOMICO-FINANZIARIE E DI BILANCIO E TUTELA DELLA FINANZA PUBBLICA,602,"Art. 1, commi 55 - 57, L. 29 dicembre 2022, n. 197","Per il 2023, le persone fisiche esercenti attività d’impresa, arti o professioni possono optare per l’applicazione al proprio reddito di un’imposta sostitutiva dell’Irpef e relative addizionali con un’aliquota del 15%. La base imponibile a cui applicare l’imposta sostitutiva non può essere superiore a 40.000 euro ed è pari alla differenza tra il reddito determinato nel 2023 e il reddito d’importo più elevato dichiarato negli anni 2020, 2021 e 2022. È, inoltre, disposta una franchigia pari al 5% dell’importo più elevato dichiarato negli anni dal 2020 al 2022, che resta assoggettata regolarmente all’IRPEF. La restante parte del reddito è soggetto ad IRPEF secondo i criteri ordinari.",IMPOSTA SOSTITUTIVA,2023,REGIME SOSTITUTIVO,"-810,0","7,3","0,0",,,SOGGETTI E CATEGORIE PARTICOLARI,,86
2023,29: POLITICHE ECONOMICO-FINANZIARIE E DI BILANCIO E TUTELA DELLA FINANZA PUBBLICA,603,"Art. 1, comma 58, L. 29 dicembre 2022, n. 197",Imposizione sostitutiva del 5 per cento sulle somme destinate a titolo di liberalità dai clienti ai lavoratori delle strutture ricettive e degli esercizi di somministrazione di alimenti e bevande aventi un reddito di lavoro dipendente non superiore a 50.000 euro. L'imposta sostitutiva si applica su una base imponibile complessiva non superiore al 25 per cento del reddito percepito nell’anno per le relative prestazioni di lavoro.,IMPOSTA SOSTITUTIVA,A REGIME,REGIME SOSTITUTIVO,"0,0","0,0","0,0",,,PERSONE FISICHE,,86
2023,29: POLITICHE ECONOMICO-FINANZIARIE E DI BILANCIO E TUTELA DELLA FINANZA PUBBLICA,604,"Art. 1, commi 65 - 69, L. 29 dicembre 2022, n. 197",Per le imprese che operano in alcuni individuati settori del commercio al dettaglio le quote di ammortamento del costo dei fabbricati strumentali utilizzati per l’attività svolta in detti settori sono deducibili in misura non superiore a quella risultante dall’applicazione al costo degli stessi fabbricati del coefficiente del 6%. La percentuale del 6% si applica per il periodo di imposta in corso al 31/12/23 e per i successivi 4 periodi d’imposta.,IRPEF/IRES,2027,DEDUZIONE,Non quantificabile,"0,0","0,0",,,IMPRESE E SOCIETA',,86
2023,29: POLITICHE ECONOMICO-FINANZIARIE E DI BILANCIO E TUTELA DELLA FINANZA PUBBLICA,605,"Art. 1, commi 87 - 95, L. 29 dicembre 2022, n. 197","Esercitando un’opzione per l’affrancamento mediante imposta sostitutiva, i soggetti residenti o localizzati in Italia che detengono partecipazioni nell’ambito dell’attività d’impresa possono escludere dalla formazione del reddito gli utili e le riserve di utile non ancora distribuiti all’1/1/23 che risultano dal bilancio 2021 di soggetti non residenti direttamente o indirettamente partecipati. L'aliquota dell'imposta sostitutiva è del 9% per i soggetti Ires e del 30% per i soggetti Irpef. In caso di partecipazioni di controllo le aliquote sono ridotte di 3 punti percentuali se gli utili: • sono percepiti entro il termine di scadenza del versamento del saldo delle imposte sui redditi dovute per il periodo di imposta successivo a quello in corso al 31/12/22 (30/6/24 per i soggetti con esercizio coincidente con l’anno solare); • sono accantonati per un periodo non inferiore a 2 esercizi in una specifica riserva di patrimonio netto.",IMPOSTA SOSTITUTIVA,2023,REGIME SOSTITUTIVO,"0,0","0,0","0,0",,,IMPRESE E SOCIETA',,87
2023,29: POLITICHE ECONOMICO-FINANZIARIE E DI BILANCIO E TUTELA DELLA FINANZA PUBBLICA,606,"Art. 1, commi 100 - 105, L. 29 dicembre 2022, n. 197","Le Snc, Sas, S.r.l., S.p.A. e S.a.p.a. che, entro il 30/9/23, assegnano o cedono ai soci beni immobili, diversi da quelli strumentali per destinazione o beni mobili iscritti in pubblici registri non utilizzati come beni strumentali nell’attività propria dell’impresa possono applicare un’imposta sostitutiva delle imposte sui redditi e dell’Irap - nella misura dell’8% o del 10,5% per le società considerate non operative in 2 dei 3 periodi d’imposta precedenti l’assegnazione - sulla differenza tra il valore normale dei beni assegnati o ceduti o, in caso di trasformazione, quello dei beni posseduti all’atto della trasformazione, e il loro costo fiscalmente riconosciuto.L’agevolazione si applica anche alle società che hanno per oggetto esclusivo o principale la gestione dei suddetti beni e che, entro il 30/9/22, si trasformano in società semplici.",IMPOSTA SOSTITUTIVA,2023,REGIME SOSTITUTIVO,"-37,4","-40,0","-49,7",,,IMPRESE E SOCIETA',,87
2023,29: POLITICHE ECONOMICO-FINANZIARIE E DI BILANCIO E TUTELA DELLA FINANZA PUBBLICA,607,"Art. 1, comma 106, L. 29 dicembre 2022, n. 197","L'imprenditore, entro il 31/5/23 può escludere dal patrimonio dell'impresa i beni immobili strumentali, posseduti alla data del 31/10/22, con effetto dall’1/1/23. L’agevolazione richiede il pagamento di un’imposta sostitutiva dell’Irpef con aliquota dell’8% calcolata sulla differenza tra il valore normale dell’immobile (o, a scelta, il valore catastale) e il relativo costo fiscalmente riconosciuto. I versamenti rateali dell'imposta sostitutiva devono essere effettuati entro il: 1) 30/11/23; 2) 30/06/24.",IMPOSTA SOSTITUTIVA,2023,REGIME SOSTITUTIVO,"3,3","-1,0","-1,3",,,PERSONE FISICHE,,87
2023,30: GIOVANI E SPORT,608,"Art. 15, comma 1, lett. i-ter), TUIR",Detrazione per erogazioni liberali in denaro a favore delle società ed associazioni sportive dilettantistiche,IRPEF,A REGIME,DETRAZIONE,"-1,5","-1,5","-1,5",14.552,"-102,7",PERSONE FISICHE,X,87
2023,30: GIOVANI E SPORT,609,"Art. 15, comma 1, lett. i-quinquies) e comma 2, TUIR","Detrazione per l'iscrizione annuale/abbonamento per i ragazzi di età compresa tra i 5 e i 18 anni ad associazioni sportive, palestre, piscine, etc. individuate con apposito decreto",IRPEF,A REGIME,DETRAZIONE,"-53,6","-53,6","-53,6",1.250.542,"-42,9",PERSONE FISICHE,X,87
2023,30: GIOVANI E SPORT,610,"Art. 15, comma 1, lettere i-sexies.1) e i-sexies.2), TUIR (lettere inserite dall'art. 1, comma 82, L. 28 dicembre 2015, n. 208)","Detrazione, nella misura del 19%, dei canoni e degli oneri accessori relativi a contratti di locazione finanziaria di unità immobiliari da adibire ad abitazione principale, per un importo non superiore a 8.000 euro annui; detrazione, nella misura del 19%, del costo di riscatto a fronte dell’esercizio dell’opzione finale, per un importo non superiore a 20.000 euro. Tali detrazioni spettano a giovani di età non superiore a 35 anni con reddito complessivo non superiore a 55.000 €. Gli importi sui quali sono calcolate le detrazioni sono dimezzati con riferimento ai giovani di età superiore a 35 anni.",IRPEF,A REGIME,DETRAZIONE,Effetti di trascurabile entità,"-53,6","-53,6",,,PERSONE FISICHE,X,87
2023,30: GIOVANI E SPORT,611,"Art. 1-4, L. 16 dicembre 1991, n. 398; art. 9-bis, D.L. 30 dicembre 1991, n. 417; (estensione soggettiva) art. 2, comma 31, L. 24 dicembre 2003, n. 350 (estensione soggettiva)","Regime fiscale agevolato per le associazioni sportive non aventi scopo di lucro, per le associazioni senza scopo di lucro ed alle pro-loco nonché alle associazioni bandistiche e cori amatoriali, filodrammatiche, di musica e danza popolare",IMPOSTE DIRETTE E IVA,A REGIME,REGIME SPECIALE,"-22,0","-22,0","-22,0",47.963,"-458,2",ASSOCIAZIONI E ENTI DEL TERZO SETTORE,X,87
2023,30: GIOVANI E SPORT,612,"Art. 25, commi 1-bis) e comma 2, L. 13 maggio 1999, n. 133","Per le associazioni sportive dilettantistiche, comprese quelle non riconosciute dal CONI o dalle Federazioni sportive nazionali purché riconosciute da enti di promozione sportiva, che si avvalgono dell'opzione di cui all'articolo 1 della legge n. 398 del 1991, e successive modificazioni, non concorrono a formare il reddito imponibile, per un numero di eventi complessivamente non superiore a 2 per anno e per un importo non superiore al limite annuo fissato con DM: a) i proventi realizzati nello svolgimento di attività commerciali connesse agli scopi istituzionali; b) i proventi realizzati tramite raccolta pubblica di fondi, in conformità all’art.143, c.3, lett. a). Le predette disposizioni si applicano anche alle associazioni pro-loco.",IRES,A REGIME,ESCLUSIONE,Non quantificabile,"-22,0","-22,0",,,ASSOCIAZIONI E ENTI DEL TERZO SETTORE,X,87
2023,30: GIOVANI E SPORT,613,"Art. 90, comma 1, L. 27 dicembre 2002, n. 289",Estensione delle disposizioni tributarie riguardanti le associazioni sportive dilettantistiche anche alle società sportive dilettantistiche costituite in società di capitali senza fine di lucro,IRES,A REGIME,REGIME SPECIALE,"-4,1","-4,1","-4,1",4.451,"-913,8",SOGGETTI E CATEGORIE PARTICOLARI,X,88
2023,30: GIOVANI E SPORT,614,"Art. 90, comma 11-bis, L. 27 dicembre 2002, n. 289","La pubblicità realizzata negli impianti utilizzati per manifestazioni sportive dilettantistiche con capienza inferiore ai 3.000 posti si considera occasionale, ai fini dell’imposta sugli spettacoli, sugli intrattenimenti (art. 7-octies, D.L. 7/2005) e dell’imposta sulla pubblicità (art.1, c. 128, L. 266/2005)",ALTRO,A REGIME,ESCLUSIONE,Non quantificabile,"-4,1","-4,1",,,ASSOCIAZIONI E ENTI DEL TERZO SETTORE,X,88
2023,30: GIOVANI E SPORT,615,"Art. 22, comma 3-bis, D.lgs. 9 gennaio 2008, n. 9","Credito d'imposta per l'ammodernamento impianti di calcio in favore delle società appartenenti alla Lega di serie B, alla Lega Pro e alla Lega nazionale dilettanti che hanno beneficiato della mutualità (riconosciuto nel rispetto del de minimis), nella misura del 12%",CREDITO D'IMPOSTA,A REGIME,CREDITO D'IMPOSTA,"-3,7","-3,7","-3,7",312,"-12.002,7",SOGGETTI E CATEGORIE PARTICOLARI,X,88
2023,30: GIOVANI E SPORT,616,"Art. 1, comma 190, L. 30 dicembre 2021, n. 234; Art. 1, comma 614, L. 29 dicembre 2022, n. 197 (estensione temporale).","Applicazione al 2022 del credito d'imposta, c.d. ""Sport-Bonus"", di cui all'articolo 1, commi 621-627, della L. 30 dicembre 2018, n. 145, limitatamente a favore dei soggetti titolari di reddito d'impresa. Il credito d'imposta spetta nella misura del 65% per le erogazioni liberali destinate a interventi di manutenzione e restauro di impianti sportivi pubblici e per la realizzazione di nuove strutture sportive pubbliche nel limite complessivo di 13,2 milioni di euro.",CREDITO D'IMPOSTA,2023,CREDITO D'IMPOSTA,"0,0","0,0","0,0",,,PERSONE FISICHE E GIURIDICHE,,88
2023,30: GIOVANI E SPORT,617,"Art. 5, comma 3, D.L. 11 marzo 2020, n. 16","Non concorrenza alla fomazione del reddito imponibile ai fini Irpef degli emolumenti percepiti dagli atleti e dagli altri membri della famiglia olimpica, non fiscalmente residenti in Italia, in relazione alle prestazioni rese in occasione dei Giochi Olimpici",IRPEF,2026,ESCLUSIONE,Non quantificabile,"0,0","0,0",,,PERSONE FISICHE,,88
2023,30: GIOVANI E SPORT,618,"Art. 1, commi da 357 a 357-quinquies, L. 30 dicembre 2021, n. 234 (norma istitutiva); Art. 1, comma 630, lett. a), L. 29 dicembre 2022, n. 197 (estensione)","Non concorrenza al reddito imponibile dei seguenti benefici: a) la ""Carta della cultura Giovani"", rilasciata ai residenti nel territorio nazionale appartenenti a nuclei familiari con indicatore della situazione economica equivalente (ISEE) non superiore a 35.000 euro, da utilizzare nell'anno successivo a quello del compimento del diciottesimo anno di età; b) la ""Carta del merito"", rilasciata ai soggetti diplomati presso istituti di istruzione secondaria superiore con una votazione di almeno 100 centesimi, da utilizzare nell'anno successivo a quello del conseguimento del diploma; Dette Carte sono utilizzabili per l'acquisto di biglietti per rappresentazioni teatrali e cinematografiche e spettacoli dal vivo, libri, abbonamenti a quotidiani e periodici anche in formato digitale, musica registrata, prodotti dell'editoria audiovisiva, titoli di accesso a musei, mostre ed eventi culturali, monumenti, gallerie, aree archeologiche e parchi naturali nonché per corsi di musica, di teatro, di danza o di lingua straniera.",IRPEF,A REGIME,ESCLUSIONE,"0,0","0,0","0,0",,,PERSONE FISICHE,,88
2023,30: GIOVANI E SPORT,619,"Art. 1, commi 185-187, L. 30 dicembre 2021, n. 234; art. 19, D.L. 13 giugno 2023, n. 69 (modifica).","Per gli anni 2022, 2023 e 2024, gli utili derivanti dall'esercizio di attività commerciale delle federazioni sportive nazionali riconosciute dal Comitato olimpico nazionale italiano non concorrono a formare il reddito imponibile ai fini dell'imposta sul reddito delle società (IRES) e il valore della produzione netta ai fini dell'imposta regionale sulle attività produttive (IRAP), a condizione che in ciascun anno le federazioni sportive destinino integralmente gli stessi allo sviluppo, diretto o per il tramite dei soggetti componenti delle medesime federazioni, delle infrastrutture sportive, dei settori giovanili e della pratica sportiva dei soggetti con disabilità.",IRES,2024,ESCLUSIONE,"-39,9","-39,9","31,0",73,"-546.538,2",SOGGETTI E CATEGORIE PARTICOLARI,,88
2023,30: GIOVANI E SPORT,620,"Art. 1, comma 737, L. 30 dicembre 2021, n. 234","Credito d'imposta, nel limite massimo complessivo di 1,5 milioni di euro per l'anno 2022, per le spese sostenute per la fruizione di attività fisica adattata.",IRPEF,2022,ESCLUSIONE,"0,0","0,0","0,0",,,PERSONE FISICHE,,88
2023,30: GIOVANI E SPORT,621,"Art. 9, D.L. 27 gennaio 2022, n. 4 Art. 1, comma 615, L. 29 dicembre 2022, n. 197 (proroga); Art. 37, D.L. 22 giugno 2023, n. 75 (modifiche).","Il credito d'imposta di cui all'art. 81, D.L. 14 agosto 2020, n. 104, riconosciuto a favore delle imprese, lavoratori autonomi ed enti non commerciali che effettuano investimenti in campagne pubblicitarie, incluse le sponsorizzazioni, nei confronti di leghe che organizzano campionati nazionali a squadre nell'ambito delle discipline olimpiche e paralimpiche ovvero società sportive professionistiche e società ed associazioni sportive dilettantistiche iscritte al registro CONI operanti in discipline ammesse ai Giochi olimpici e paralimpici e che svolgono attività sportiva giovanile, già previsto per gli anni 2020 e 2021 si applica anche per gli investimenti pubblicitari effettuati dal 1° gennaio 2022 al 31 marzo 2022 e per gli investimenti effettuati dal 1° gennaio 2023 al 31 marzo 2023, nonché per quelli effettuati dal 1° luglio 2023 al 30 settembre 2023.",CREDITO D'IMPOSTA,2023,CREDITO D'IMPOSTA,"-16,4","-11,0","0,0",,,SOGGETTI E CATEGORIE PARTICOLARI,,88
2023,31: TURISMO,622,"Art. 32, comma 1, D.L. 12 settembre 2014, n. 133; art. 1, comma 365, L. 28 dicembre 2015, n. 208; art. 100, comma 10-bis, D.L. 14 agosto 2020, n. 104; art. 1, comma 598, L. 30 dicembre 2020, n. 178 (modifiche)","Marina resort: le strutture organizzate per la sosta e il pernottamento di diportisti all'interno delle proprie unità da diporto ormeggiate nello specchio acqueo appositamente attrezzato, secondo i requisiti stabiliti dal MIT, sentito il MIBACT, rientrano nelle strutture ricettive all'aria aperta con applicazione dell'aliquota IVA del 10% dal 1° gennaio 2016",IVA,A REGIME,RIDUZIONE DI ALIQUOTA,"-10,4","-10,4","-10,4",71.912,"143,8",PERSONE FISICHE,X,89
2023,31: TURISMO,623,"Art. 29-bis, D.L. 14 agosto 2020, n. 104 (norma istitutiva); Art. 6, D.L. 27 gennaio 2022, n. 4 (proroga)","Non concorrenza alla formazione del reddito dei buoni per l'acquisto di servizi termali introdotti, per gli anni 2020 e 2021, al fine di mitigare la crisi economica derivante dall'emergenza epidemiologica da COVID-19 e il cui utilizzo è stato prorogato al 30 giugno 2022.",IRPEF,2022,ESCLUSIONE,"0,0","0,0","0,0",,,PERSONE FISICHE,,89
2023,31: TURISMO,624,"Art. 1, D.L. 6 novembre 2021, n. 152; art. 4-bis, comma 1, D.L. 27 gennaio 2022, n. 4 (estensione ambito oggettivo); art. 38, comma 1, D.L. 30 aprile 2022, n. 36 (modifica utilizzo risorse finanziarie)","Contributo, sotto forma di credito di imposta, a favore delle imprese alberghiere, imprese che esercitano attività agrituristica, imprese che gestiscono strutture ricettive all'aria aperta, nonché alle imprese del comparto turistico, ricreativo, fieristico e congressuale, ivi compresi gli stabilimenti balneari, i complessi termali, i porti turistici, i parchi tematici, inclusi i parchi acquatici e faunistici, fino all'80% delle spese sostenute per gli interventi di riqualificazione delle strutture ricettive, realizzati dal 7 novembre 2021 e fino al 31 dicembre 2024. Il credito d'imposta è concesso nel limite di spesa di 100 milioni di euro per l'anno 2022, 180 milioni di euro per ciascuno degli anni 2023 e 2024, 40 milioni di euro per l'anno 2025.",CREDITO D'IMPOSTA,2024,CREDITO D'IMPOSTA,"-180,0","-40,0","0,0",,,SOGGETTI E CATEGORIE PARTICOLARI,,89
2023,31: TURISMO,625,"Art. 4, D.L. 6 novembre 2021, n. 152 art. 38, comma 1, D.L. 30 aprile 2022, n. 36 (modifica utilizzo risorse finanziarie)","Contributo, sotto forma di credito d'imposta, a favore delle agenzie di viaggi e ai tour operator con codice ATECO 79.1, 79.11, 79.12, nella misura del 50% dei costi sostenuti a decorrere dal 7 novembre 2021 e fino al 31 dicembre 2024 per investimenti e attività di sviluppo digitale. Il credito d'imposta spetta fino all'importo massimo complessivo cumulato di 25.000 euro, nel limite di spesa complessivo di 18 milioni di euro per l'anno 2022, 10 milioni di euro per ciascuno degli anni 2023 e 2024, 60 milioni di euro per l'anno 2025. Con decreto del Ministero del turismo sono individuate le modalità applicative della misura.",CREDITO D'IMPOSTA,2024,CREDITO D'IMPOSTA,"-10,0","-60,0","0,0",,,SOGGETTI E CATEGORIE PARTICOLARI,,89
