rsf_year,missione,n,norma,descrizione,tributo,termine_vigenza,natura,effetto_2025,effetto_2026,effetto_2027,numero_frequenze,effetto_procapite,beneficiari,vigore_5plus,page
2016,9: AGRICOLTURA POLITICHE AGROALIMENTARI E PESCA,1,"Art. 15, comma 1, lett. a), TUIR",Detrazione su interessi passivi e oneri accessori relativi a prestiti e mutui agrari,IRPEF,a regime,Detrazione,"-17,0","-17,0","-17,0",32.493,"-521,9",persone fisiche,!,21
2016,9: AGRICOLTURA POLITICHE AGROALIMENTARI E PESCA,2,"Art. 31, comma 2, TUIR",Reddito dominicale pari a zero in caso di perdita del prodotto almeno per il 30% in conseguenza di eventi naturali,IRPEF,a regime,Esclusione dal reddito,"-5,9","-5,9","-5,9",19.312,"-305,5",Titolari di reddito dominicale,!,21
2016,9: AGRICOLTURA POLITICHE AGROALIMENTARI E PESCA,3,"Art. 35, TUIR",Reddito agrario pari a zero nelle ipotesi di cui all'art. 31,IRPEF,a regime,Esenzione,"-2,3","-2,3","-2,3",18.210,"-126,3",Titolari di reddito agrario,!,21
2016,9: AGRICOLTURA POLITICHE AGROALIMENTARI E PESCA,4,"Tabella A, punto 5, TUA","Impiego dei prodotti energetici nei lavori agricoli e assimilati (orticoltura, allevamento, silvicoltura, apicoltura, piscicoltura e florovivaistica) - Applicazione di un'aliquota pari al 22 % di quella normale per il gasolio e al 49 % di quella normale per la benzina (uso carburanti). Esenzione per gli oli vegetali non modificati chimicamente",ACCISA,a regime,Riduzione dell'accisa,"-843,2","-843,2","-843,2",,,"Esercenti le attività agricole, orticole, di allevamento, silvicoltura, apicoltura, piscicoltura e florovivaistica",!,21
2016,9: AGRICOLTURA POLITICHE AGROALIMENTARI E PESCA,5,"Tabella A, punto 6, TUA",Esenzione dall'accisa sui carburanti per il prosciugamento e la sistemazione dei terreni allagati nelle zone colpite da alluvione,ACCISA,a regime,Esenzione da accisa,"-0,5","-0,5","-0,5",,,Soggetti che impiegano prodotti energetici per il prosciugamento e la sistemazione dei terreni allagati nelle zone alluvionate,!,21
2016,9: AGRICOLTURA POLITICHE AGROALIMENTARI E PESCA,6,"Tabella A, punto 7, TUA",Esenzione dall'accisa sui carburanti per il sollevamento delle acque allo scopo di agevolare la coltivazione dei fondi rustici sui terreni bonificati,ACCISA,a regime,Esenzione da accisa,"-0,5","-0,5","-0,5",,,Soggetti operanti nel settore delle bonifiche per la restituzione all'agricoltura di fondi rustici,!,21
2016,9: AGRICOLTURA POLITICHE AGROALIMENTARI E PESCA,7,Art. 34 del D.P.R. n. 633/72,Regime speciale IVA per i produttori agricoli,IVA,a regime,Detrazione forfettizzata,"-289,3","-289,3","-289,3",272.113,"-1.063,3",Imprenditori agricoli che effettuano cessioni di prodotti agricoli,!,21
2016,9: AGRICOLTURA POLITICHE AGROALIMENTARI E PESCA,8,"Legge 604/1954 e normative collegate; prorogata ex art. 2, comma 4-bis, del D.L. n.194/2009 e posta a regime con la legge n. 220/2010 (legge di stabilità)","Misure in tema di imposte di registro, ipotecarie e catastali sui trasferimenti immobiliari in agricoltura (piccola proprietà contadina).",REGISTRO E IPOCATASTALI,a regime,Regime Speciale,-166,-166,-166,,,Operatori del settore agricolo,!,21
2016,9: AGRICOLTURA POLITICHE AGROALIMENTARI E PESCA,9,Art. 34-bis del D.P.R. n. 633/72,Attività agricole connesse,IVA,a regime,Detrazione forfettizzata dell'imposta nella misura del 50%,"-5,4","-5,4","-5,4",11.417,"-473,0","Imprenditori agricoli che effettuano forniture di servizi ai sensi dell'art. 2135, terzo comma c.c.",!,21
2016,9: AGRICOLTURA POLITICHE AGROALIMENTARI E PESCA,10,"Art. 2, terzo comma, lett. c), del D.P.R. 633/72",Non assoggettamento ad IVA delle cessioni di terreni non edificabili,IVA,a regime,Non assoggettamento ad imposta,Non quantificabile,"-5,4","-5,4",,,Beneficiari delle cessioni,!,21
2016,9: AGRICOLTURA POLITICHE AGROALIMENTARI E PESCA,11,"art. 1, comma 908 della legge 28/12/2015 n. 208",innalzamento delle percentuali di compensazione di detrazione dell'IVA applicabili a taluni prodotti dei settori lattiero-caseario ed agli animali vivi bovini e suini,IVA,a regime,regime speciale per specifiche categorie di produttori agricoli,"-32,4","-32,4","-32,4",,,operatori dei settori lattiero- caseario e dell'allevamento bovino e suino,,21
2016,9: AGRICOLTURA POLITICHE AGROALIMENTARI E PESCA,12,"Art. 78, comma 8, legge, 413/1991",Determinazione forfetaria del reddito imponibile e dell'Iva per le associazioni sindacali e di categoria operanti nel settore agricolo relativamente alle attività di assistenza rese agli associati,IRES \ IVA,a regime,Regime forfetario,"-0,1","-0,1","-0,1",216,"-370,4",Associazioni sindacali e di categoria operanti nel settore agricolo,!,21
2016,9: AGRICOLTURA POLITICHE AGROALIMENTARI E PESCA,13,"Art. 1, comma 1094, della Legge n. 296/06 come modificato dall'art.1, comma 177, Legge n. 244/07","Possibilità per le società di persone e le società a responsabilità limitata, costituite da imprenditori agricoli, che esercitano esclusivamente le attività dirette alla manipolazione, conservazione, trasformazione, commercializzazione e valorizzazione di prodotti agricoli ceduti dai soci, di determinare il reddito applicando all'ammontare dei ricavi il coefficiente di redditività del 25 per cento.",IRPEF\ IRES,a regime,Regime forfetario,"-0,1","-0,1","-0,1",216,"-370,4","Società di persone, società a responsabilità limitata, costituite da imprenditori agricoli, che esercitano esclusivamente le attività dirette alla manipolazione, conservazione, trasformazione, commercializzazione e valorizzazione di prodotti agricoli",!,21
2016,9: AGRICOLTURA POLITICHE AGROALIMENTARI E PESCA,14,"Art.1, commi 1093 Legge n. 296/06","Possibilità per le società di persone, le società a responsabilità limitata e le società cooperative che rivestono la qualifica di società agricola ai sensi dell'articolo 2 del decreto legislativo 29 marzo 2004, n. 93 di optare per la determinazione catastale del reddito, ex aticolo 32 del Tuir.",IRPEF\ IRES,,,,,,,,"Società di persone, le società a responsabilità limitata e le società cooperative che rivestono la qualifica di società agricola ai sensi dell'articolo 2 del decreto legislativo 29 marzo 2004, n. 93",!,22
2016,9: AGRICOLTURA POLITICHE AGROALIMENTARI E PESCA,15,"Art.2, comma 6, della Legge n. 350/03","Modifiche in favore del settore agricolo: - modifica dei criteri per l'individuazione delle attività agricole ""connesse"" comunque produttive di reddito agrario di cui all'art. 32, comma 1, lettera c) del Tuir. Rinvio alle attività di cui al terzo comma dell'art. 2135 del c.c. e previsione di un decreto del Ministrodell'economia e delle finanze per l'individuazione dei beni che possono essere oggetto delle attività agricole ""connesse""; - nuovo articolo 56-bis del Tuir modalità, opzionale, di determinazione del reddito delle ""altre attività agricole""; - articolo 71 del Tuir applicazione dei coefficienti di redditività di cui all'articolo 56- bis del Tuir per la determinazione dei redditi derivanti dalle attività commerciali non esercitate abitualmente dai soggetti che svolgono le attività di cui all'articolo 32 del Tuir eccedenti i limiti di cui al comma 2, lettera c).",IRPEF \ IRES,a regime,Regime speciale,"-147,0","-147,0","-147,0",26.500,"-5.547,5","Soggetti che svolgono attività dirette alla manipolazione, conservazione, trasformazione, commercializzazione e valorizzazione di prodotti agricoli, ancorchè non svolti sul terreno",!,22
2016,9: AGRICOLTURA POLITICHE AGROALIMENTARI E PESCA,16,"Art. 34, comma 6, del D.P.R.n. 633/72",Regime speciale IVA per i produttori agricoli in regime di esonero,IVA,a regime,Regime speciale,"-18,2","-18,2","-18,2",,,"Imprenditori agricoli, con volume d'affari inferiore a 7.000 euro, che effettuano cessioni di prodotti agricoli",!,22
2016,9: AGRICOLTURA POLITICHE AGROALIMENTARI E PESCA,17,"Art. 34, comma 7, del D.P.R.n. 633/72",Assoggettamento ad IVA dei conferimenti alle cooperative dei prodotti agricoli dei soci differito al momento del pagamento del prezzo,IVA,a regime,IVA per cassa,Non quantificabile,"-18,2","-18,2",,,Soggetti conferenti beni a cooperative agricole,!,22
2016,9: AGRICOLTURA POLITICHE AGROALIMENTARI E PESCA,18,Art. 5 del DPR n. 131/1986,"Locazione di fondi rustici (aliquota dello 0,5%)",REGISTRO,a regime,Riduzione aliquota,"-9,6","-9,6","-9,6",,,Soggetti operanti nel settore agricolo,!,22
2016,9: AGRICOLTURA POLITICHE AGROALIMENTARI E PESCA,19,Art. 14 della Legge n. 441/98,"Per favorire la continuità della impresa agricola gli atti relativi ai beni costituenti l'azienda, ivi compresi i fabbricati, le pertinenze, le scorte vive e morte oggetto di successione o di donazione tra ascendenti o discendenti entro il terzo grado sono esenti dall'imposta sulle successioni e donazioni, dalle imposte catastali, di bollo ( e dall'INVIM) e soggetti alle sole imposte ipotecarie in misura fissa . Quanto precede a condizione che i soggetti interessati siano coltivatori diretti che non hanno compiuto i quaranta anni e che acquisiscano la qualifica di coltivatore diretto o di imprenditore agricolo.",IMPOSTA SULLE SUCCESSIONI E DONAZIONI,a regime,Esenzione ovvero applicazine di imposte in misura fissa,Non quantificabile,"-9,6","-9,6",,,Eredi e donatari di aziende,!,22
2016,9: AGRICOLTURA POLITICHE AGROALIMENTARI E PESCA,20,"Art. 39, comma 7, del D.Lgs 1 settembre 1993, n. 385",M isure in materia di annotazioni ipotecarie relative ad operazioni di credito fondiario,IPOCATASTALI,a regime,Riduzione di oneri per diritti di scritturato ed annotazioni ipotecarie,Non quantificabile,"-9,6","-9,6",,,Enti bancari e privati,!,22
2016,9: AGRICOLTURA POLITICHE AGROALIMENTARI E PESCA,21,"comma 4-bis dell'art. 2 del D.L. n. 194 del 2009, modificato dall'art. 1, comma 41, della legge n. 220 del 2010 e dall'art. 1, comma 907 della legge n. 208 del 2015",Imposta di registro ed ipotecaria in misura fissa sui trasferimento a titolo oneroso di terreni agricoli,IMPOSTA DI REGISTRO E IPOCATASTALI,a regime,misura fissa d'imposta,"-1,0","-1,0","-1,0",,,"proprietari, coniugi, parenti in linea retta che siano coltivatori e conviventi",,22
2016,9: AGRICOLTURA POLITICHE AGROALIMENTARI E PESCA,22,"Legge 25 maggio 1970 n. 364, articolo 21","Contratti di assicurazione a favore di soci di consorzi, associazioni e cooperative agricole di cui alla legge 364 sel 1970. ( nota. La legge è stata abrogata dall'articolo 16 del Dlgs 29 marzo 2004, n. 102 , salvo quanto previsto dall'articolo 21 , comma 6 della stesa legge)",IMPOSTA SULLE ASSICURAZIONI,a regime,Esenzione,Non quantificabile,"-1,0","-1,0",,,"Soci di consorzi, e cooperative agricole nonché di associationi di produttori agricoli.",!,22
2016,10: ENERGIA E DIVERSIFICAZIONE DELLE FONTI ENERGETICHE,23,"Tabella A, punto 10, TUA","Riduzione dell'accisa sul gas naturale impiegato negli usi di cantiere, nei motori fissi e nelle operazioni di campo per la coltivazione di idrocarburi",ACCISA,a regime,Riduzione dell'accisa,"-0,3","-0,3","-0,3",,,Imprese che si occupano di estrazione di idrocarburi,!,22
2016,10: ENERGIA E DIVERSIFICAZIONE DELLE FONTI ENERGETICHE,24,"Tabella A, punto 11 TUA",Riduzione dell'accisa sui prodotti energetici impiegati per la produzione di energia elettrica con impianti obbligati alla denuncia (per gli oli vegetali non modificati chimicamente è prevista l'esenzione da accisa),ACCISA,a regime,Riduzione dell'accisa,"-0,5","-0,5","-0,5",,,Imprese che producono energia elettrica,!,23
2016,10: ENERGIA E DIVERSIFICAZIONE DELLE FONTI ENERGETICHE,25,"Tabella A, punto 11-bis, TUA",Esenzione dall'accisa sull'energia elettrica prodotta da impianti di gasificazione,ACCISA,a regime,Esenzione da accisa,"-0,5","-0,5","-0,5",,,"Imprese che operano nel settore della gasificazione e che ottengono, durante il processo di gasificazione, energia elettrica",!,23
2016,10: ENERGIA E DIVERSIFICAZIONE DELLE FONTI ENERGETICHE,26,"Tabella A, punto 14, TUA",Esenzione dall'accisa sui prodotti energetici impiegati per la produzione di magnesio da acqua di mare,ACCISA,a regime,Esenzione dall'accisa,"-0,5","-0,5","-0,5",,,Soggetti che svolgono attività di produzione di magnesio da acqua di mare,!,23
2016,10: ENERGIA E DIVERSIFICAZIONE DELLE FONTI ENERGETICHE,27,"Tabella A, punto 15 TUA",Riduzione dell'accisa sul GPL utilizzato negli impianti centralizzati per usi industriali,ACCISA,a regime,Riduzione dell'accisa,"-11,4","-11,4","-11,4",,,Persone giuridiche che impiegano il GPL come combustibile in specifici impianti,!,23
2016,10: ENERGIA E DIVERSIFICAZIONE DELLE FONTI ENERGETICHE,28,"Tabella A, punto 15 TUA",Riduzione dell'accisa sul GPL impiegato come carburante per gli autobus urbani ed extraurbani adibiti al servizio pubblico,ACCISA,a regime,Riduzione dell'accisa,"-0,8","-0,8","-0,8",,,Persone giuridiche che impiegano il GPL come carburante per autotrazione negli autobus urbani ed extraurbani adibiti al servizio pubblico,!,23
2016,10: ENERGIA E DIVERSIFICAZIONE DELLE FONTI ENERGETICHE,29,"Tabella A, punto 16-bis, TUA",Riduzione dell'accisa su combustibili (gasolio e gas naturale) e carburanti (benzina e gasolio) impiegati dalle Forze armate nazionali,ACCISA,a regime,Riduzione dell'accisa,"-29,6","-29,6","-29,6",,,Forze armate nazionali,!,23
2016,10: ENERGIA E DIVERSIFICAZIONE DELLE FONTI ENERGETICHE,30,"Tabella A, punto 16-bis, TUA",Esenzione dell'accisa su combustibili ( GPL) e carburanti (GPL e gas naturale) impiegati dalle Forze armate nazionali,ACCISA,a regime,Esenzione da accisa,"-29,6","-29,6","-29,6",,,Forze armate nazionali,!,23
2016,10: ENERGIA E DIVERSIFICAZIONE DELLE FONTI ENERGETICHE,31,"Art. 17, comma 4 bis, TUA","Esenzione dall'accisa sui tabacchi denaturati e usati a fini industriali od orticoli, distrutti sotto sorveglianza amministrativa, destinati esclusivamente a prove scientifiche ed a prove relative alla qualità dei prodotti, riutilizzati dal produttore.",ACCISA,a regime,Esenzione da accisa,Non quantificabile,"-29,6","-29,6",,,Aziende che eeseguono prove scientifiche e relative alla qualità dei prodotti,!,23
2016,10: ENERGIA E DIVERSIFICAZIONE DELLE FONTI ENERGETICHE,32,"Art. 21-bis, TUA",Riduzione dell'accisa sulle emulsioni di gasolio o olio combustibile in acqua impiegate come carburanti o combustibili,ACCISA,2019,Applicazione di aliquote ridotte,"-2,2","-2,2","-2,2",,,Soggetti consumatori delle emulsioni si gasolio (ovvero olio combustibile) con acqua uso carburazione,,23
2016,10: ENERGIA E DIVERSIFICAZIONE DELLE FONTI ENERGETICHE,33,"Art. 26, comma 6, TUA",Non sottoposizione ad accisa delle miscele gassose di origine biologica destinate agli usi propri del soggetto che le produce,ACCISA,a regime,Esclusione da accisa,"-1,0","-1,0","-1,0",,,Autoproduttori di miscele gassose di origine biologica,!,23
2016,10: ENERGIA E DIVERSIFICAZIONE DELLE FONTI ENERGETICHE,34,"Art. 27, comma 3, lett. h), TUA","Esenzione dall'accisa per l'alcool e le bevande alcoliche impiegati come campioni per analisi, per prove di produzione necessarie o a fini scientifici",ACCISA,a regime,Esenzione da accisa,Non quantificabile,"-1,0","-1,0",,,Aziende che utilizzano alcole e bevande alcoliche come campioni,!,23
2016,10: ENERGIA E DIVERSIFICAZIONE DELLE FONTI ENERGETICHE,35,"Art. 27, comma 3, lett. i), TUA",Esenzione dall'accisa per l'alcool e le bevande alcoliche utilizzati nella fabbricazione di un componente non soggetto ad accisa,ACCISA,a regime,Esenzione da accisa,Non quantificabile,"-1,0","-1,0",,,Produttori di beni con utilizzo di alcole e bevande alcoliche,!,23
2016,10: ENERGIA E DIVERSIFICAZIONE DELLE FONTI ENERGETICHE,36,"Art. 33, comma 2, TUA",Determinazione forfettaria dell’accisa sull’alcool etilico prodotto da piccoli alambicchi,ACCISA,a regime,Imposta a forfait,Non quantificabile,"-1,0","-1,0",,,Piccoli produttori di alcole etilico con possiedono alambicchi di capacità non superiore a 2 ettolitri che non producono più di 3 ettolitri di alcole anidro in un anno,!,23
2016,10: ENERGIA E DIVERSIFICAZIONE DELLE FONTI ENERGETICHE,37,"Art. 52, comma 2, lettera b), TUA","Non sottoposizione ad accisa per l'energia elettrica impiegata negli aeromobili, nelle navi, negli autoveicoli, purchè prodotta a bordo con mezzi propri, esclusi gli accumulatori, nonché quella prodotta da gruppi elettrogeni mobili in dotazione alle forze armate dello Stato ed ai corpi ad esse assimilati",ACCISA,a regime,Esclusione da accisa,Non quantificabile,2018,2019,,,"Produttori di energia a bordo di aeromobili, navi e autoveicoli, nonché forze armate",!,24
2016,10: ENERGIA E DIVERSIFICAZIONE DELLE FONTI ENERGETICHE,38,"Art. 52, comma 2, lettera c), TUA",Non sottoposizione ad accisa per l'energia elettrica prodotta con gruppi elettrogeni azionati da gas metano biologico,ACCISA,a regime,Esclusione da accisa,Non quantificabile,2018,2019,,,Produttori di energia da gruppi elettrogeni,!,24
2016,10: ENERGIA E DIVERSIFICAZIONE DELLE FONTI ENERGETICHE,39,"Art. 52, comma 2, lettera d), TUA","Non sottoposizione ad accisa per l'energia elettrica prodotta da piccoli impianti generatori comunque azionati, purchè la loro potenza disponibile non sia superiore a 1 kW, nonché prodotta da officine elettriche costituite da gruppi elettrogeni di soccorso aventi potenza disponibile complessiva non superiore a 200 kW",ACCISA,a regime,Esclusione da accisa,Non quantificabile,2018,2019,,,Produttori di energia da piccoli impianti,!,24
2016,10: ENERGIA E DIVERSIFICAZIONE DELLE FONTI ENERGETICHE,40,"Art. 52, comma 3, lett. b) , TUA",Esenzione dall'accisa sull'energia elettrica prodotta con fonti rinnovabili in impianti con potenza superiore a 20 kW per autoconsumo,ACCISA,a regime,Esenzione da accisa,"-49,2","-49,2","-49,2",,,Soggetti titolari di impianti azionati da fonti rinnovabili (potenza disponibile > 20 kW ) che producono energia elettrica consumata dalle imprese di autoproduzione,!,24
2016,10: ENERGIA E DIVERSIFICAZIONE DELLE FONTI ENERGETICHE,41,"Art. 52, comma 2, lettera a), TUA","Esclusione, dal campo di applicazione dell’accisa, dell’energia elettrica prodotta con impianti azionati da fonti rinnovabili, aventi potenza non superiore a 20 kW",ACCISA,a regime,Esclusione da accisa,Non quantificabile,"-49,2","-49,2",,,Produttori di energia da fonti rinnovabili,!,24
2016,10: ENERGIA E DIVERSIFICAZIONE DELLE FONTI ENERGETICHE,42,"Art. 8, comma 10, lett. f), della Legge n. 448/98 e successive modifcazioni e integrazioni",Credito d’imposta sulle reti di teleriscaldamento alimentato con biomassa ed energia geotermica,Credito d'imposta,a regime,Credito d'imposta,"-24,0","-24,0","-24,0",197,"-121.827,4",Gestori di reti di teleriscaldamento alimentato con biomassa in comuni delle zone climatiche E ed F e gestori di impianti e reti di teleriscaldamento alimentati da energia geotermica,!,24
2016,10: ENERGIA E DIVERSIFICAZIONE DELLE FONTI ENERGETICHE,43,"Art. 52, comma 3, lett. c), TUA",Esenzione dall'accisa sull'energia elettrica impiegata nelle ferrovie,ACCISA,a regime,Esenzione da accisa,"-67,5","-67,5","-67,5",,,imprese che operano nel settore del trasporto ferroviario (passeggeri e merci),!,24
2016,10: ENERGIA E DIVERSIFICAZIONE DELLE FONTI ENERGETICHE,44,"Art. 52, comma 3, lett. d), TUA",Energia elettrica impiegata nell'esercizio delle linee ditrasporto urbano ed interurbano- Esenzione dall'accisa,ACCISA,a regime,Esenzione da accisa,"-7,7","-7,7","-7,7",,,imprese che operano nel settore del trasporto pubblico urbano ed interrurbano,!,24
2016,10: ENERGIA E DIVERSIFICAZIONE DELLE FONTI ENERGETICHE,45,"Art. 52, comma 3, lett. e), TUA",Esenzione dall'accisa sull'energia elettrica impiegata nelle abitazioni di residenza con potenza fino a 3 kW fino a 150 kwh di consumo mensile,ACCISA,a regime,Esenzione da accisa,"-634,1","-634,1","-634,1",,,Soggetti privati (consumo fino a 150 kWh mensili e potenza fino a 3 kW),!,24
2016,10: ENERGIA E DIVERSIFICAZIONE DELLE FONTI ENERGETICHE,46,"Art. 55, comma 3, let. f), TUA","Pagamento dell'accisa con un canone forfetario per le forniture di energia elettrica ""a cottimo"" (piccole forniture)",ACCISA,a regime,Imposta a forfait,Non quantificabile,"-634,1","-634,1",,,Consumatori di energia elettrica,!,24
2016,10: ENERGIA E DIVERSIFICAZIONE DELLE FONTI ENERGETICHE,47,"Art. 55, comma 5, TUA",Pagamento dell'accisa sull'energia elettrica con canone annuo di abbonamento (per l’energia elettrica ottenuta da officine non fornite di misuratori),ACCISA,a regime,Imposta a forfait,Non quantificabile,"-634,1","-634,1",,,Soggetti che producono (e consumano) energia elettrica prodotta con impianti non dotati di contatori,!,24
2016,10: ENERGIA E DIVERSIFICAZIONE DELLE FONTI ENERGETICHE,48,"Art. 55, comma 5, TUA","Pagamento dell'accisa sull'energia elettrica con canone annuo di abbonamento (energia elettrica ottenuta da impianti di produzione combinata di energia elettrica e calore, con potenza disponibile non superiore a 100 kW non forniti di misuratori)",ACCISA,a regime,Imposta a forfait,Non quantificabile,2018,2019,,,Soggetti che esercitano impianti di produzione combinata di energia elettrica e calore con potenza disponibile non superiore a 100 kW,!,25
2016,10: ENERGIA E DIVERSIFICAZIONE DELLE FONTI ENERGETICHE,49,"Art. 62, comma 2, TUA","Esenzione dall'imposta di consumo per gli oli lubrificanti impiegati nella produzione e nella lavorazione della gomma naturale e sintetica per la fabbricazione dei relativi manufatti, nella produzione delle materie plastiche e delle resine artificiali o sintetiche, comprese le colle adesive, nella produzione degli antiparassitari per le piante da frutta",IMPOSTA DI CONSUMO ?,a r e gime,Esenzione dall'imposta di consumo,"-1,0","-1,0","-1,0",,,"Soggetti produttori di gomma naturale e sintetica, di materie plastiche, di antièarassitari che impiegano oli lubrificanti come materia prima",!,25
2016,10: ENERGIA E DIVERSIFICAZIONE DELLE FONTI ENERGETICHE,50,"Art. 2, comma 11 della legge n. 203/08",Riduzione dell'accisa sul gas naturale impiegato per usi industriali da soggetti che registrano consumi superiori a 1.200.000 mc annui -,ACCISA,a regime,Riduzione dell'accisa,"-58,1","-58,1","-58,1",,,"Utilizzatori industriali, termoelettrici esclusi, con consumi superiori a 1.200.000 mc per anno",!,25
2016,10: ENERGIA E DIVERSIFICAZIONE DELLE FONTI ENERGETICHE,51,"Articolo 22, comma 2-ter, del decreto-legge 21 giugno 2013, n.69, convertito, con modificazioni, dalla legge 9 agosto 2013, n. 98, come inserito dall’articolo 1, comma 367, della legge 28 dicembre 2015, n. 208",Riduzione dell'accisa sui prodotti energetici impiegati in macchinari per il trasbordo merci in porti logistici,ACCISA,a regime,Riduzione dell'accisa,"-1,8","-1,8","-1,8",,,Soggetti che impiegano prodotti energetici per l’azionamento di macchine per il trasbordo delle merci nei porti logistici,,25
2016,11: COMPETITIVITA’ E SVILUPPO DELLE IMPRESE,52,"Art. 15, commi 10, 11 e 12 del decreto legge n. 185 del 2008. Art. 23, commi 12-15 D.L. n. 98 del 2011 prorogato dall'art. art. 20 del D.L. n. 201/2011; Art. 1, co. 502, 503 e 505, legge n. 228/2012; Art. 1, co. 95 e 96 della legg en. 208/2015. Imposta sostitutiva sui maggiori valori attribuiti in bilancio, all’avviamento, ai marchi di impresa e ad altre attività","Il soggetto beneficiario di una operazione straordinaria può assoggettare, in tutto o in parte, i maggiori valori attribuiti in bilancio all’avviamento, ai marchi di impresa e alle altre attività immateriali, a imposta sostitutiva di cui al comma 2-ter dell’art. 176, con l’aliquota del 16%. E', inoltre, possibile riallineare i valori relativi ad attività diverse dalle immobilizzazioni materiali e immateriali (attivo circolante e immobilizzazioni finanziarie), assoggettando i maggiori valori a tassazione con aliquota ordinaria, separatamente dall’imponibile complessivo. I maggiori valori assoggettati ad imposta sostitutiva si considerano riconosciuti fiscalmente a partire dall’inizio del periodo d’imposta nel corso del quale è versata l’imposta sostitutiva. L'agevolazione è applicabile anche ai maggiori valori delle partecipazioni di controllo, iscritti in bilancio a seguito dell'operazione a titolo di avviamento, marchi d'impresa e altre attivita' immateriali.",Imposizione sostitutiva,a regime,Imposizione sostitutiva,"85,0","59,0","29,0",54,"1.574.074,1",Soggetti che effettuano operazioni straordinarie,!,25
2016,11: COMPETITIVITA’ E SVILUPPO DELLE IMPRESE,53,"Art. 23, commi da 12 a 15, D.L. 6 luglio 2011, n. 98, convertito dalla L. 15 luglio 2011, n. 111.","Estensione alle partecipazioni di controllo, anche quelle acquisite nell’ambito di operazioni di cessione di azienda, della disciplina di riallineamento dei maggior valori iscritti in bilancio a seguito di aggregazioni aziendali, recata dall’art. 15, commi 10-12, del DL 185/2008.",Imposizione sostitutiva,a regime,Imposizione sostitutiva,"-4,8","-4,8","-4,8",,,Soggetti che effettuano operazioni straordinarie,!,25
2016,11: COMPETITIVITA’ E SVILUPPO DELLE IMPRESE,54,"Art. 6 del D.L. n. 63/02, comma 1, modificato dall'art. 2 del D.L. n. 138/2011",Non concorre a formare il reddito imponibile delle società cooperative e dei loro consorzi la quota del 90 per cento degli utili netti annuali destinata a riserva minima obbligatoria.,IRES,a regime,Esclusione dal reddito,"-127,4","-127,4","-127,4",26.133,"-4.875,1",Società cooperative e loro consorzi,!,25
2016,11: COMPETITIVITA’ E SVILUPPO DELLE IMPRESE,55,"Art. 6 del D.L. n. 63/02, comma 2, modificato dall'art. 2 del D.L. n. 138/2011","Le somme di cui all'articolo 3, comma 2, lettera b), della legge 142/2001 e all'articolo 12 del decreto del Presidente della Repubblica 601/1973 destinate ad aumento del capitale non concorrono a formare il reddito imponibile",IRES,a regime,Esclusione dal reddito,"-1,5","-1,5","-1,5",26.133,"-57,4",Società cooperative e loro consorzi,!,25
2016,11: COMPETITIVITA’ E SVILUPPO DELLE IMPRESE,56,"Art. 6 del D.L. n. 63/02, comma 3, modificato dall'art. 2 del D.L. n. 138/2011",Ritenute su interessi corrisposti ai soci persone fisiche delle cooperative,RITENUTA SU REDDITI FINANZIARI,a regime,Ritenuta a titolo d'imposta,"-10,7","-10,7","-10,7",1.412,"-7.542,5",Soci persone fisiche delle cooperative,!,25
2016,11: COMPETITIVITA’ E SVILUPPO DELLE IMPRESE,57,"Art. 1, comma 47 legge n. 244 del 2007 e art. 176, comma 2-ter, del TUIR D.M. 25 luglio 2008 Imposta sostitutiva sui maggiori valori attribuiti in bilancio agli elementi dell’attivo costituenti immobilizzazioni materiali e immateriali.","Per le operazioni straordinarie (fusioni, scissioni, conferimenti di aziende) di cui agli articoli 172, 173 e 176 del TUIR, l’art. 176, comma 2-ter, del TUIR, prevede che, in alternativa al regime di neutralità fiscale, sia possibile optare per l’applicazione, in tutto o in parte, sui maggiori valori attribuiti in bilancio agli elementi dell’attivo costituenti immobilizzazioni materiali e immateriali, incluso l’avviamento, di un’imposta sostitutiva. Misura dell'imposta sostitutiva: 1 2% fino a 5 milioni di euro; 14% da 5 milioni di euro e fino a 10 milioni di euro; 16% sulla parte che eccede i 10 milioni di euro.",Imposizione sostitutiva,a regime,Imposizione sostitutiva,"88,0","74,1","74,1",571,"154.115,6",Soggetti che effettuano operazioni straordinarie,!,26
2016,11: COMPETITIVITA’ E SVILUPPO DELLE IMPRESE,58,Art. 12 del D.P.R. n. 601/1973,Per le società cooperative e loro consorzi sono ammesse in deduzione dal reddito le somme ripartite tra i soci sotto forma di restituzione di una parte del prezzo dei beni e servizi acquistati o di maggiore compenso per i conferimenti effettuati.,IRES,a regime,Deduzione dal reddito d'impresa,"-12,6","-12,6","-12,6",169,"-74.556,2",Società cooperative e loro consorzi,!,26
2016,11: COMPETITIVITA’ E SVILUPPO DELLE IMPRESE,59,"Art. 12 della Legge n. 904/77; art. 1, commi 460 e 464, della Legge n. 311/04; art. 82, comma 28, del D.L. n. 112/08 - D.L. n. 138/2011; D.L. n. 91/2014","Non concorrono al reddito imponibile delle cooperative le somme destinate alle riserve indivisibili, a condizione che sia esclusa la possibilità di distribuirle tra i soci, sia durante la vita dell'ente che all'atto del suo scioglimento. Tale norma non si applica alle cooperative a mutualità prevalente: a) per la quota del 20% degli utili netti delle cooperative agricole; b) per la quota del 40% degli utili netti delle altre cooperative; c) per la quota del 65% degli utili netti delle società cooperative di consumo. La limitazione non si applica alle cooperative sociali. Per le cooperative NON a mutualità prevalente la detassazione è limitata al 30% degli utili netti annuali (23% per coop di consumo, dal 2015), a condizione che tale quota sia destinata ad una riserva indivisibile prevista dallo statuto.",IRES,a regime,Deduzione dal reddito d'impresa,"-73,9","-73,9","-73,9",26.133,"-2.827,8",Società cooperative e loro consorzi,!,26
2016,11: COMPETITIVITA’ E SVILUPPO DELLE IMPRESE,60,"Art. 10, del D.P.R. n. 601/1973; art. 2, comma 8, della Legge 350/2003 e art. 1, commi 460 e 461, della Legge n. 311/2004","Sono esenti da IRES i redditi conseguiti da società cooperative agricole e loro consorzi mediante l'allevamento di animali con mangimi ottenibili per almeno un quarto dai terreni dei soci nonché mediante la manipolazione, conservazione, valorizzazione, trasformazione e alienazione di prodotti agricoli e zootecnici e di animali conferiti prevalentemente dai soci. I redditi conseguiti dalle cooperative della piccola pesca e dai loro consorzi sono esenti da IRES. Tali esenzioni non operano limitatamente al 20% degli utili netti annuali.",IRES,a regime,Esenzione IRES,"-68,4","-68,4","-68,4",8.787,"-7.784,2",Società cooperative agricole e loro consorzi,!,26
2016,11: COMPETITIVITA’ E SVILUPPO DELLE IMPRESE,61,"Art. 11, D.P.R. n. 601/1973; art. 1, commi 462 e 463, L. n. 311/2004","I redditi conseguiti dalle società cooperative di produzione e lavoro, limitatamente al reddito imponibile derivante dall'indeducibilità dell'imposta regionale sulle attività produttive, sono esenti da IRES se l'ammontare delle retribuzioni effettivamente corrisposte ai soci non è inferiore al cinquanta per cento dell'ammontare complessivo di tutti gli altri costi; se l'ammontare delle retribuzioni è inferiore al cinquanta per cento ma non al venticinque per cento dell'ammontare complessivo degli altri costi l'imposta sul reddito delle persone giuridiche e l'imposta locale sui redditi sono ridotte alla metà",IRES,a regime,Esenzione IRES,"-68,4","-68,4","-68,4",8.787,"-7.784,2",Società cooperative di produzione e lavoro,!,26
2016,11: COMPETITIVITA’ E SVILUPPO DELLE IMPRESE,62,"Comma 137 dell’art. 1 della legge 27 dicembre 2006, n. 296 Conferimenti immobili in SIIQ;SIINQ e Fondi immobiliari","Imposta sostitutiva con aliquota del 20% per le plusvalenze realizzate all’atto del conferimento di immobili e di diritti reali su immobili: - in SIIQ; - in SIINQ; - in fondi comuni di investimento immobiliare istituiti ai sensi dell’articolo 37 del testo unico di cui al decreto legislativo 24 febbraio 1998, n. 58 (comma 140, art. 1 L296/2006).",Imposizione sostitutiva,a regime,Imposizione sostitutiva,"21,5","12,4","3,2",,,Soggetti che effetttuano il conferimento,!,26
2016,11: COMPETITIVITA’ E SVILUPPO DELLE IMPRESE,63,"Art. 21, comma 1, della Legge n. 448/98; Art. 6, comma 3, della legge 388/00; Art. 1, comma 129, Legge n. 266/05; Art. 1, comma 393, della Legge n. 296/06; Art.1, comma 168, della Legge n. 244/2007; Art.1, comma 8, del D.L. n.194/09; Art. 2, comma 5, del D.L. n. 225/2010; art. 34 co. 1-3 L. 183/2011 come modificato dall’art. 4, comma 7-bis, DL 69/2013.",Deduzione forfetaria dal reddito di impresa a favore degli esercenti impianti di distribuzione carburante,IRES,a regime,Deduzione forfetaria dal reddito d'impresa,"-86,0","-86,0","-86,0",11.349,"-7.577,8",Esercenti impianti di distribuzione di carburante,!,26
2016,11: COMPETITIVITA’ E SVILUPPO DELLE IMPRESE,64,"Artt. da 155 a 161, TUIR","Tonnage tax: regime di determinazione del reddito dei soggetti di cui all'art. 73, comma 1, lettera a), del TUIR, derivante dall'utilizzo delle navi indicate nell'art. 8-bis, comma 1, lett. a), del D.P.R. n. 633/1972, iscritte nel registro internazionale di cui al D.L. n. 457/1997, convertito, con modificazioni, dalla L. n. 30/1998. Il regime è opzionale e comporta la determinazione del reddito in via forfetaria secondo i criteri previsti dall'art. 156 del TUIR",IRES,a regime,Regime forfetario,"-23,0","-23,0","-23,0",79,"-291.139,2","Soggetti di cui all’art. 73, comma 1, lettera a), del Tuir (società per azioni e in accomandita per azioni, società a responsabilità limitata, le società cooperative e le società di mutua assicurazione residenti nel territorio dello Stato).",!,27
2016,11: COMPETITIVITA’ E SVILUPPO DELLE IMPRESE,65,Art. 11 della Legge n. 59/92,"I versamenti effettuati ai Fondi mutualistici per la promozione e lo sviluppo della cooperazione di cui all'art. 11, comma 1, della L. n. 59/1992, effettuati dai soggetti di cui all'art. 73, comma 1, lett. a) del TUIR sono esenti da imposte e sono deducibili, nei limiti del 3%, dalla base imponibile del soggetto che effettua l'erogazione.",IRES,a regime,Deduzione dal reddito d'impresa,"-9,6","-9,6","-9,6",26.133,"-367,4",Società cooperative e loro consorzi,!,27
2016,11: COMPETITIVITA’ E SVILUPPO DELLE IMPRESE,66,"Art. 4, comma 2, del D.L. n. 457/97, art. 13, comma 3, della L. 488/1999 e art. 145, comma 66, della L. n. 388/2000",Il reddito derivante dall'utilizzo di navi iscritte nel registro internazionale concorre in misura pari al 20% a formare il reddito complessivo ai fini IRES e IRPEF.,IRPEF \ IRES,a regime,Riduzione dell'imponibile,"-13,0","-13,0","-13,0",90,"-144.444,4",Soggetti che esercitano l’attività armatoriale tramite utilizzo di navi iscritte nel Registro internazionale,!,27
2016,11: COMPETITIVITA’ E SVILUPPO DELLE IMPRESE,67,"Art. 7, comma 3, della Legge n. 59/92","Non concorrono a formare il reddito imponibile ai fini delle imposte dirette le quote di utili destinate ad aumento gratuito del capitale sociale, anche in deroga ai limiti massimi di partecipazione, purché nei limiti della variazione dell'indice dei prezzi al consumo accertata dall'Istat.",IRES,a regime,Esclusione,"-2,3","-2,3","-2,3",211,"-10.900,5",Società cooperative e loro consorzi,!,27
2016,11: COMPETITIVITA’ E SVILUPPO DELLE IMPRESE,68,"Comma 126, art. 1, legge 27 dicembre 2006, n. 296 Imposta d’ingresso nel regime SIIQ e SIINQ relativa agli immobili posseduti dalla società alla data di chiusura dell’ultimo esercizio in regime ordinario.","L’ingresso nel regime speciale SIIQ e SIINQ comporta il realizzo a valore normale degli immobili, nonché dei diritti reali su immobili destinati alla locazione, posseduti dalla società alla data di chiusura dell’ultimo esercizio in regime ordinario. L’importo complessivo delle plusvalenze così realizzate, al netto di eventuali minusvalenze, è assoggettato a imposta sostitutiva con l’aliquota del 20 %.",IRES,a regime,Regime speciale,Effetti di trascurabile entità,"-2,3","-2,3",,,"SPA fiscalmente residenti nel territorio dello Stato non quotate (SINQ), ovvero quotate (SIIQ), svolgenti in via prevalente l'attività di locazione immobiliare, che abbiano le caratteristiche soggettive previste dal comma 125 dell'art. 1 della legge n. 296 del 2006",!,27
2016,11: COMPETITIVITA’ E SVILUPPO DELLE IMPRESE,69,"Art. 8 della legge 21 novembre 2000, n. 342","Previsione di un’imposta sostitutiva, con l'aliquota del 19%, delle imposte sui redditi sulle plusvalenze derivanti da conferimenti o cessioni di beni o aziende a favore dei Centri di assistenza fiscale (CAF).",Imposizione sostitutiva,a regime,Imposizione sostitutiva,Effetti di trascurabile entità,"-2,3","-2,3",,,"Chi effettua conferimenti di beni o aziende. L'imposta sostitutiva è applicabile anche alle società di servizi il cui capitale sociale sia posseduto a maggioranza assoluta dalle associazioni o dalle organizzazioni di cui all'art. 32, comma 1, lett a), b),",!,27
2016,11: COMPETITIVITA’ E SVILUPPO DELLE IMPRESE,70,"Art. 15 legge 25 gennaio 1994, n. 86 Imposta sostitutiva dei fondi immobiliari chiusi","Le società di gestione del risparmio, relativamente ai fondi comuni d’investimento immobiliare già istituiti nel settembre 2001, possono assoggettare ad imposta sostitutiva IRES del 25% il reddito relativo alla gestione di ciascun fondo.",Imposizione sostitutiva,a regime,Imposizione sostitutiva,Non quantificabile,"-2,3","-2,3",,,Società di gestione di fondi immobiliari chiusi,!,27
2016,11: COMPETITIVITA’ E SVILUPPO DELLE IMPRESE,71,Art. 22 del D.P.R. n. 601/1973,"I proventi dei fondi di garanzia di cui alle leggi n. 454/1961e n. 1068/1964, e al decreto- legge n. 976/1966, convertito nella L. n. 1142/1966, derivanti da contributi a fondo perduto, periodici o una volta tanto, dello Stato o di altri enti, nonché quelli derivanti dalle somme che le aziende e istituti di credito trattengono sui finanziamenti assistiti da garanzie e versati successivamente ai fondi, non concorrono a formare il reddito dei fondi stessi, ai fini IRES, a condizione che il loro ammontare venga integralmente destinato a costituire o incrementare un fondo di garanzia.",- IRES,a regime,Esclusione dal reddito,Non quantificabile,"-2,3","-2,3",,,"Fondi di garanzia di cui alle leggi nn. 454/1961 e 1068/1964, nonché al decreto- legge n. 976/1996, convertito nella L. n. 1142/1966",!,27
2016,11: COMPETITIVITA’ E SVILUPPO DELLE IMPRESE,72,"Art. 2, commi da 218 a 220, della Legge n. 244/2007","Procedura accelerata di ammortamento dei beni mobili registrati con costo ammortizzabile ai fini fiscali non inferiore a 10 anni ed equipaggio di almeno 6 persone qualora siano concessi in locazione finanziaria con obbligo di acquisto, da un Gruppo europeo di interesse economico (GEIE) o da una società per azioni o a responsabilità limitata per le quali sia stata esercitata l'opzione prevista dall'articolo 115, comma 4, del Tuir (trasparenza fiscale), ad un'impresa che li destini all'esercizio della propria attività abituale.",IRPEF IRES,a regime,"Esclusione dall’applicazione delle disposizioni di cui all'articolo 102, commi 1, 2, 3 e 7, del Tuir.",Non quantificabile,2018,2019,,,Titolari di beni mobili registrati,!,28
2016,11: COMPETITIVITA’ E SVILUPPO DELLE IMPRESE,73,"Art. 66, c. 4., TUIR","Deduzione forfetaria per spese non documentate (per un importo pari a determinate percentuali dell’ammontare dei ricavi) a favore degli intermediari, dei rappresentanti di commercio e degli esercenti attività di somministrazione di pasti e bevande e di prestazioni alberghiere (di cui al co. 1 dell’art. 1 del DM 13 ottobre 1979).",IRPEF,a regime,Esclusione dal reddito,"-42,8","-42,8","-42,8",184.162,"-232,4","Intermediari, rappresentanti di commercio ed esercenti attività di somministrazione di pasti e bevande e di prestazioni alberghiere.",!,28
2016,11: COMPETITIVITA’ E SVILUPPO DELLE IMPRESE,74,"Art. 66, c.5., TUIR; art. 1, co. 652 legge n. 208/2015",Deduzione forfetaria per spese non documentate in base ai viaggi effettuati dagli esercenti autotrasporto c/terzi di minori dimensioni. Previsto un importo unico di deduzione forfetaria per i trasporti effettuati personalmente dall’imprenditore oltre i confini del Comune in cui ha sede l’impresa. Per i trasporti personalmente effettuati dall’imprenditore nell’ambito del Comune ove ha sede l’impresa viene prevista una deduzione pari al 35 per cento dell’importo spettante in caso di trasporto fuori Comune,IRPEF \ IRES,a regime,Esclusione dal reddito,"-60,0",ND (ad oggi risulta uno stanziamento di 70 milioni di euro per il 2016 e di 60 milioni di euro per il 2017),"-42,8",23.795,"-2.521,5",Esercenti autotrasporto c/terzi di minori dimensioni,,28
2016,11: COMPETITIVITA’ E SVILUPPO DELLE IMPRESE,75,"Art. 1, comma 131, della legge 27 dicembre 2006, n. 296 e art. 10 del DM 174/2007",Esenzione dall'Ires del reddito d'impresa derivante dall'attività di locazione immobiliare. Esenzione dall’Irap della quota del valore della produzione proporzionalmente corrispondente al rapporto tra i componenti positivi imputabili alla gestione esente rilevanti ai fini Irap e l’ammontare complessivo dei componenti positivi rilevanti agli stessi effetti.,IRES,a regime,Esenzione IRES e IRAP,"-17,6","-17,6","-17,6",90,"-195.555,6","SPA fiscalmente residenti nel territorio dello Stato non quotate (SINQ), ovvero quotate (SIIQ), svolgenti in via prevalente l'attività di locazione immobiliare, che abbiano le caratteristiche soggettive previste dal comma 125 dell’art. 1 della legge n. 29",!,28
2016,11: COMPETITIVITA’ E SVILUPPO DELLE IMPRESE,76,"Art. 29, D.L. 179/2012",Incentivi all'investimento in start-up innovative,IRPEF IRES,2016,Detrazione e Deduzione,Effetti di trascurabile entità,"-17,6","-17,6",,,Tutti i soggetti IRPEF eIRES,,28
2016,11: COMPETITIVITA’ E SVILUPPO DELLE IMPRESE,77,"Art. 4, DL 3/2015",Incentivi all'investimento in PMI innovative,IRPEF IRES,a regime,Detrazione e Deduzione,Effetti di trascurabile entità,"-17,6","-17,6",,,Tutti i soggetti IRPEF eIRES,,28
2016,11: COMPETITIVITA’ E SVILUPPO DELLE IMPRESE,78,"Art. 1, commi da 134 a 136, della legge 27 dicembre 2006, n. 296","Tassazione degli azionisti sugli utili corrisposti da SIIQ o SIINQ. Ritenuta del 20 per cento sugli utili derivanti dall'attività di locazione immobiliare. La misura è ridotta al 15 per cento in relazione alla parte dell’utile di esercizio riferibile a contratti di locazione di immobili ad uso abitativo stipulati ai sensi dell'articolo 2, comma 3, della legge 9 dicembre 1998, n. 431. La ritenuta è applicata a titolo d’acconto, nei confronti di: a) imprenditori individuali, se le partecipazioni sono relative all'impresa commerciale; b) società in nome collettivo, in accomandita semplice ed equiparate, società ed enti indicati nelle lettere a) e b) del comma 1 dell'articolo 73 del Tuir, e stabili organizzazioni nel territorio dello Stato delle società e degli enti di cui alla lettera d) del predetto articolo 73, comma 1. La ritenuta è applicata a titolo d'imposta in tutti gli altri casi.",RITENUTA SU REDDITI FINANZIARI,a regime,Imposizione sostitutiva/riduzione aliquota,"-3,2","-3,2","-3,2",,,Tassazione degli azionisti,!,28
2016,11: COMPETITIVITA’ E SVILUPPO DELLE IMPRESE,79,"Art. 1, co. 89-90 legge n. 208/2015","Rientrano tra i soggetti per i quali l’Ires è ridotta alla metà di cui all’art. 6 del D.P.R. n. 601/1973, gli enti aventi le stesse finalità sociali degli Iacp, istituiti nella forma di società (con personalità giuridica) che rispondono ai requisiti della legislazione UE in materia di “in house providing” e che siano costituiti e operanti alla data del 31/12/13. Per tali soggetti è stato inoltre stabilito che non si considerano contributi o liberalità, e pertanto non sono sopravvenienze attive ai sensi dell’art. 88 del Tuir, i finanziamenti erogati dallo Stato, dalle Regioni e dalle Province autonome per la costruzione, ristrutturazione e manutenzione straordinaria e ordinaria di immobili di edilizia residenziale pubblica.",IRES,A regime,Riduzione aliquota Ires/Irrilevanza contributi pubblici,"-5,8","-5,8","-5,8",,,Società che hanno la stessa finalità degli IACP,,28
2016,11: COMPETITIVITA’ E SVILUPPO DELLE IMPRESE,80,"Art. 1, co. 889-897 legge n. 208/2015","Rivalutazione dei beni d’impresa e delle partecipazioni, ad esclusione degli immobili alla cui produzione o al cui scambio è diretta l’attività di impresa, risultanti dal bilancio dell’esercizio in corso al 31/12/14.Il saldo attivo della rivalutazione può essere affrancato, in tutto o in parte, con l’applicazione in capo alla società di un’imposta sostitutiva delle imposte sui redditi, dell’Irap e di eventuali addizionali nella misura del 10%. Il maggior valore attribuito ai beni in sede di rivalutazione si considera riconosciuto ai fini delle imposte sui redditi e dell’Irap a decorrere dal 3° esercizio successivo a quello con riferimento al quale la rivalutazione è stata eseguita, mediante il versamento di un’imposta sostitutiva delle imposte sui redditi e dell’Irap e di eventuali addizionali nella misura del 16% per i beni ammortizzabili e del 12% per i beni non ammortizzabili.",IRPEF IRES,Bilancio successivo a quello in corso al 31/12/14 il cui termine di approvazione scade dopo l'1/1/16,Rivalutazione valore fiscale dei beni,Effetti di trascurabile entità,2018,2019,,,"Soggetti indicati nell’art. 73, co. 1, lett. a) e b), del Tuir",,29
2016,11: COMPETITIVITA’ E SVILUPPO DELLE IMPRESE,81,"Art. 1, co. 987-989 legge n.208/2015 - art. 100, co. 2, lett. o-ter) del Tuir","Sono deducibili le somme corrisposte, anche su base volontaria, a consorzi cui le imprese aderiscono ottemperando a obblighi di legge, indipendentemente dal trattamento contabile e purché utilizzate agli scopi dei consorzi. Le medesime somme sono deducibili dall’IRAP. Tali agevolazioni si applicano dall’esercizio in corso al 31/12/15.",IRES IRAP,A regime,Deduzione,"-10,5","-10,5","-10,5",,,Banche e altri soggetti,,29
2016,11: COMPETITIVITA’ E SVILUPPO DELLE IMPRESE,82,"Art. 1, co. 170 e 171 legge n. 208/2015","I maggiori o minori valori derivanti dalla riduzione o conversione di azioni disposta dalla Banca d'Italia per il risanamento o risoluzione di enti creditizi e delle imprese di investimento, disciplinata dal D.lgs. n. 180/2015 non concorrono a formare il reddito imponibile ai fini delle imposte dirette, né a formare la base imponibile Irap del soggetto che ha emesso gli strumenti stessi. I maggiori o minori valori derivanti dal cd. bail in, (ossia dalla misura di risoluzione delle banche che prevede la riduzione o la conversione in capitale dei diritti degli azionisti e dei creditori), nonché i conferimenti del Fondo di risoluzione e le somme corrisposte dal sistema di garanzia dei depositanti nel corso della procedura di risoluzione, non concorrono alla formazione del reddito imponibile ai fini Ires, per la parte che eccede le perdite pregresse e di periodo, né alla base imponibile Irap dell’ente sottoposto a risoluzione. In tale ipotesi non si applicano gli ordinari limiti di riportabilità delle perdite; rilevano anche le perdite trasferite al consolidato nazionale, non ancora utilizzate.",IRES,A regime,Esclusione dal reddito,Effetti di trascurabile entità,"-10,5","-10,5",,,Banche,,29
2016,11: COMPETITIVITA’ E SVILUPPO DELLE IMPRESE,83,"Art. 1, co. 850 legge n. 208/2015","Nel caso in cui siano adottate azioni di risoluzione bancaria la trasformazione in credito d'imposta delle attività per imposte anticipate relative ai componenti negativi di cui al co. 55 dell'art. 2 del D.L. n. 225/2010, iscritte nella situazione contabile di riferimento dell'ente sottoposto a risoluzione decorre dalla data di avvio della risoluzione e opera sulla base dei dati della medesima situazione contabile. Con decorrenza dal periodo d'imposta in corso alla data di avvio della risoluzione non sono deducibili i componenti negativi corrispondenti alle attività per imposte anticipate trasformate in credito d'imposta .",IRES,A regime dal 16/11/15,Regime agevolato,Effetti di trascurabile entità,"-10,5","-10,5",,,Enti ponte di risoluzione bancaria,,29
2016,11: COMPETITIVITA’ E SVILUPPO DELLE IMPRESE,84,"Art. 1, co. 853 legge n. 208/2015",Escluse dalle sopravvenienze attive i versamenti effettuati dal fondo di risoluzione agli enti ponte.,IRES,A regime,Esclusione dal reddito di sopravvenienze attive,Effetti di trascurabile entità,"-10,5","-10,5",,,Enti ponte delle procedure di risoluzione bancaria,,29
2016,11: COMPETITIVITA’ E SVILUPPO DELLE IMPRESE,85,Art. 15 D.L. n. 18/2016,"La cessione di diritti, attività e passività di una banca sottoposta a risoluzione a un ente ponte non costituisce realizzo di plusvalenze o minusvalenze ai fini Ires e Irap. I beni ricevuti dall'ente ponte sono valutati fiscalmente in base agli ultimi valori fiscali riconosciuti in capo all'ente cedente. Dalla data in cui ha effetto la cessione l'ente ponte subentra nella posizione dell'ente sottoposto a risoluzione in ordine ai diritti, attività o passività oggetto di cessione, incluse la deduzione o la tassazione dei componenti di reddito dell'ente sottoposto a risoluzione già imputati a conto economico e non ancora dedotti o tassati dallo stesso alla data della cessione, e nelle deduzioni derivanti da opzioni di riallineamento dell'avviamento e di altre attività immateriali esercitate dall'ente sottoposto a risoluzione. Le perdite dell'ente sottoposto a risoluzione sono portate in diminuzione del reddito dell'ente ponte.",IRES,a regime,Regime agevolato,Effetti di trascurabile entità,"-10,5","-10,5",,,Banche,,29
2016,11: COMPETITIVITA’ E SVILUPPO DELLE IMPRESE,86,"Art. 14 D.L. n. 18/2016. Art. 88, co. 3 bis Tuir.","Irrilevanza fiscale dei contributi volontari percepiti da soggetti sottoposti a procedure di crisi o che sono stati sottoposti a procedure di crisi nei 24 mesi antecedenti alla data in cui hanno ricevuto il contributo. Inserimento comma 3 bis all'art. 88 del Tuir. Non costituiscono sopravvenienze attive, in quanto escluse, i contributi percepiti a titolo di liberalità dai soggetti sottoposti ad alcune procedure concorsuali, alle procedure di crisi di cui all'art. 20 del D.lgs. n. 180/2015 (dissesto o rischio di dissesto bancario), alla procedura di amministrazione straordinaria di cui all'art. 70 e ss. del D.lgs. n.385/1993.",IRPEF \ RES,a regime (previsto un regime transitorio di deduzione frazionata in 5 quote costanti per il periodo d'imposta in corso al 16/2/16,Regime agevolato,"-2,0","-2,0","-2,0",,,"Soggetti sottoposti aprocedure concorsuali, procedure di crisi bancaria, amministrazione straordinaria",,30
2016,11: COMPETITIVITA’ E SVILUPPO DELLE IMPRESE,87,"art.4, comma 1, del D.L. n. 457/97 e art. 13, comma 2, della L. 488/1999",Credito d'imposta a favore delle imprese armatoriali,Credito d'imposta,a regime,Credito d'imposta,"-210,0","-23,0","-23,0",,,"Soggetti che esercitano l’attività armatoriale tramite utilizzo di navi iscritte nel Registro internazionale e soggetti che in base a rapporti contrattuali con l'armatore esercitano a bordo di navi da crociera attività commerciali complementari, accessorie o comunque relative alla prestazione principale",!,30
2016,11: COMPETITIVITA’ E SVILUPPO DELLE IMPRESE,88,"Art. 1, comma 172, della Legge n. 244/07; art. 2, comma 2, della Legge n. 203/08","Estensione del beneficio di cui all'art. 4, comma 1, del D.L. n. 457/1997, nel limite dell'80%, alle imprese che esercitano la pesca costiera, nonché alle imprese che esercitano la pesca nelle acque interne e lagunari. L'art. 2, comma 2, della L. 203/2008 stabilizza a regime detto beneficio a decorrere dal periodo d'imposta 2009.",Credito d'imposta,a regime,Credito d'imposta,"-6,5","-6,5","-6,5",,,Imprese esercenti pesca costiera e pesca nella acque interne e lagunari,!,30
2016,11: COMPETITIVITA’ E SVILUPPO DELLE IMPRESE,89,"Art. 6-bis, comma 1, e 4, comma 1, del D.L. n. 457/1997","Estensione del beneficio di cui all’art. 4, comma 1, del D.L. n. 457/1997, alle imprese che esercitano la pesca oltre gli stretti e, nel limite del 70%, a quelle che esercitano la pesca mediterranea.",Credito d'imposta,a regime,Credito d'imposta IRPEF,Stima già compresa nel punto 88,"-6,5","-6,5",,,Imprese esercenti la pesca oltre gli stretti e la pesca mediterranea,!,30
2016,11: COMPETITIVITA’ E SVILUPPO DELLE IMPRESE,90,"Art. 1, commi da 325 a 337, della Legge 244/07, prorogata dalla Legge 10/2011. A regime con art 8 dl 91/2013. Art. 1, comma 331, L. 28 dicembre 2015, n. 208",Crediti d’imposta finalizzati allo sviluppo delle attività cinematografiche,Credito d'imposta,a regime,Credito d'imposta,"-77,0","-77,0","-77,0",771,"-99.870,3","L'intero settore cinematografico: imprese di produzione, distribuzione, esercizio cinematografico e soggetti, anche esterni alla filiera, che investono nel settore",!,30
2016,11: COMPETITIVITA’ E SVILUPPO DELLE IMPRESE,91,"Art. 20 del D.LGS. n. 60/99 (cfr. Art. 1, comma 577, della L n. 147/2013 e D.P.C.M. 20/02/2014: Taglio delle quote percentuali di fruizione dei crediti d'imposta non inferiori all'85% di quanto spettante sulla base della normativa vigente istitutiva del credito d'imposta)",Credito d’imposta a favore degli esercenti delle sale cinematografiche commisurato ai corrispettivi al netto dell’IVA,Credito d'imposta,a regime,Credito d'imposta,"-27,0","-27,0","-27,0",808,"-33.415,8",Esercenti sale cinematografiche,!,30
2016,11: COMPETITIVITA’ E SVILUPPO DELLE IMPRESE,92,"Artt. 3 e 4, della Legge n.193/2000, come modificati dall'art. 3-bis, comma 2, del DL n. 78/2013; D.M. n. 87/2002 e DM 24/7/2014",Credito d’imposta assunzione lavoratori detenuti,Credito d'imposta,a regime,Credito d'imposta,"-5,0","-5,0","-5,0",344,"-14.534,9","Imprese che, a decorrere dal 28 luglio 2000, assumono lavoratori dipendenti che a tale data risultano detenuti o internati presso istituti penitenziari.",!,30
2016,11: COMPETITIVITA’ E SVILUPPO DELLE IMPRESE,93,"Art. 50, commi 6 e 13-bis, del D.L. n. 269/03",Credito d’imposta a favore delle farmacie pubbliche e private per acquisto di software,Credito d'imposta,a regime,Credito d'imposta,Effetti di trascurabile entità,"-5,0","-5,0",,,Farmacie pubbliche e private,!,30
2016,11: COMPETITIVITA’ E SVILUPPO DELLE IMPRESE,94,"Art. 61, comma 13, della Legge n. 289/02",Credito d’imposta investimenti in campagne pubblicitarie localizzate in determinate aree del Paese,Credito d'imposta,a regime,Credito d'imposta,Effetti di trascurabile entità,"-5,0","-5,0",,,Imprese che investono in campagne pubblicitarie localizzate in specifiche aree territoriali del Paese,!,30
2016,11: COMPETITIVITA’ E SVILUPPO DELLE IMPRESE,95,"Art. 8, 2 DL n. 91/2013, convertito dalla L n. 112/2013 - DM 5/2/2014",Credito d'imposta per i produttori indipendenti di opere audiovisive,Credito d'imposta,a regime,Credito d'imposta,"-25,0","-25,0","-25,0",26,"-961.538,5",produttori indipendenti di opere audiovisive,,31
2016,11: COMPETITIVITA’ E SVILUPPO DELLE IMPRESE,96,"art. 1 del DL n. 83/2014 convertito L n. 106/2014 e art 1, c. 318-319, della L. n. 208/2015",ART-BONUS-Credito di imposta per favorire le erogazioni liberali a sostegno della cultura,Credito d'imposta,a regime,Credito d'imposta,"-2,1","-7,8","-7,8",66,"-31.818,2","Persone fisiche, enti non commerciali e imprese",,31
2016,11: COMPETITIVITA’ E SVILUPPO DELLE IMPRESE,97,art. 9 del DL n. 83/2014 convertito L n. 106/2014,Disposizioni urgenti recanti introduzione di un credito d'imposta per la digitalizzazione degli esercizi ricettivi,Credito d'imposta,,Credito d'imposta,"-2,0","-2,0","-2,0",,,"esercizi ricettivi, agenzie di viaggi e tour operator",,31
2016,11: COMPETITIVITA’ E SVILUPPO DELLE IMPRESE,98,"Art. 6, comma 10, del DL 145/2013, convertito dalla L. n. 9/2014.",Credito d'imposta per le spese relative ad interventi di rete fissa e mobile che consentano l'attivazione dei servizi di connettività digitale con capacità uguale o superiore a 30 Mbps.,Credito d'imposta,2017 NON ATTUATO,Credito d'imposta,Effetti di trascurabile entità,"-2,0","-2,0",,,piccole e medie imprese ovvero consorzi e reti di piccole e medie imprese,,31
2016,11: COMPETITIVITA’ E SVILUPPO DELLE IMPRESE,99,"Art. 4 del DL n. 63/2012 e art. 12 D.L. 30/12/2015, n. 210",Credito d’imposta per la modernizzazione del sistema di distribuzione e vendita dei prodotti editoriali,Credito d'imposta,2016,Credito d'imposta,Effetti di trascurabile entità,"-2,0","-2,0",,,"operatori della rete, distributori ed edicolanti",,31
2016,11: COMPETITIVITA’ E SVILUPPO DELLE IMPRESE,100,Art. 33 del DL n. 179/2012,Credito d'imposta per la realizzazione di nuove infrastrutture,Credito d'imposta,progettazione definitiva approvata entro il 31 dicembre 2016,Credito d'imposta,Effetti di trascurabile entità,"-2,0","-2,0",,,soggetto titolare del contratto di partenariato pubblico- privato,,31
2016,11: COMPETITIVITA’ E SVILUPPO DELLE IMPRESE,101,"Art. 18, L. 183/2011",Finanziamento di infrastrutture mediante defiscalizzazione (RU Codice 94),Credito d'imposta,a regime,Credito d'imposta,Effetti di trascurabile entità,"-2,0","-2,0",,,Soggetto che realizza l'infrastruttura,,31
2016,11: COMPETITIVITA’ E SVILUPPO DELLE IMPRESE,102,"Articolo 20, D.Lgvo n. 28 del 2010","Credito d'imposta commisurato all'indennità corrisposta ai soggetti abilitati a svolgere la mediazione con un massimo di 500 euro. In caso di insuccesso della mediazione, il credito d'imposta è ridotto della metà.",Credito d'imposta,a regime,Credito d’imposta,"-0,2","-0,2","-0,2",502,"-457,8",Persone fisiche e giuridiche,!,31
2016,11: COMPETITIVITA’ E SVILUPPO DELLE IMPRESE,103,"art. 1, c.103, L. n. 266/2005; art. 1, c. 396, L. n. 296/2006; art. 1, c.v169, L. n. 244/2007; art. 2, c. 3, L. n. 203/2008; art. 1, c. 150, L. 190/2014; D.M.. 29/04/2015, n. 130",Credito d’imposta per il recupero del contributo versato al S.S.N. dagli autotrasportatori,Credito d'imposta,2017,Credito d’imposta,"-19,0","0,0","0,0",15.826,"-1.200,6",auotrasportatori,!,31
2016,11: COMPETITIVITA’ E SVILUPPO DELLE IMPRESE,104,"Art. 17, comma 1, lett.g), del TUIR","Assoggettamento a tassazione separata delle plusvalenze, compreso il valore di avviamento, realizzate mediante cessione a titolo oneroso di aziende possedute da più di cinque anni e redditi conseguiti in dipendenza di liquidazione, anche concorsuale, di imprese commerciali esercitate da più di cinque anni",IRPEF,a regime,Tassazione separata con aliquota del biennio precedente,"-12,6","-12,6","-12,6",,,Percettori degli emolumenti,!,31
2016,11: COMPETITIVITA’ E SVILUPPO DELLE IMPRESE,105,"Art. 17, comma 1, lett.h), del TUIR",Assoggettamento a tassazione separata dell' indennità per perdita dell'avviamento spettante al conduttore in caso di cessazione della locazione di immobili urbani adibiti a usi diversi da quello di abitazione e indennità di avviamento delle farmacie spettanti al precedente titolare,IRPEF,a regime,Tassazione separata con aliquota del biennio precedente,"-0,1","-0,1","-0,1",68,"-1.470,6",Percettori degli emolumenti,!,31
2016,11: COMPETITIVITA’ E SVILUPPO DELLE IMPRESE,106,"Legge 30 dicembre 2010, n. 238 - Art. 16, comma 4, del D.Lgs. n. 147 del 2015","Rientro dei lavoratori e degli studenti in Italia. Riduzione, sui redditi di lavoro dipendente, di lavoro autonomo e di impresa, dell'imponibile per le lavoratrici e i lavoratori",IRPEF,2017,Esclusione dal reddito,"-102,7","0,0","0,0",4.854,"-21.157,8",Lavoratori e studenti che rientrano in Italia,!,31
2016,11: COMPETITIVITA’ E SVILUPPO DELLE IMPRESE,107,Art. 16 del D.Lgs. n. 147 del 2015,Riduzione nella misura del 30 per cento del reddito di lavoro dipendente prodotto in Italia. L'agevolazione spetta a decorrere dal periodo d'imposta del trasferimento della residenza in Italia e per i quattro periodi d’imposta successivi,IRPEF,a regime,Esclusione dal reddito,Effetti di trascurabile entità,"0,0","0,0",,,Lavoratori dipendenti e studenti che rientrano in Italia,,31
2016,11: COMPETITIVITA’ E SVILUPPO DELLE IMPRESE,108,"Art. 21-bis del D.L. n. 83 del 2015, convertito dalla L. n. 132 del 2015, modificato dall'art. 1, comma 618, della L. n. 208 del 2015","Credito d'imposta commisurato al compenso corrisposto agli arbitri nel procedimento di arbritato o agli avvocati nel procedimento di negoziazione assistita e riconosciuto, per un importo massimo di euro 250, in caso successo della negoziazione ovvero di conclusione dell'arbitrato con lodo",Credito d'imposta,a regime,Credito d'imposta,"-5,0","-5,0","-5,0",,,Persone fisiche,,31
2016,11: COMPETITIVITA’ E SVILUPPO DELLE IMPRESE,109,"Art. 74 della legge 22 ottobre 1971, n. 865",Imposta minima di registro e esenzione da imposta ipotecaria per i trasferimenti di proprietà o concessione del diritto di superficie relativi ad aree da destinare ad insediamenti produttivi,IMPOSTA FISSA DI REGISTRO,a regime,Riduzione o esenzione di imposta,Non quantificabile,"-5,0","-5,0",,,Imprenditori,!,31
2016,11: COMPETITIVITA’ E SVILUPPO DELLE IMPRESE,110,"Art. 35, comma 4, TUA",Determinazione forfettaria dell’accisa sulla birra per piccole fabbriche,ACCISA,a regime,Imposta a forfait,Non quantificabile,2018,2019,,,Piccoli produttori di birra con produttività potenziale mensile inferiore a 2 ettolitri,!,32
2016,13: DIRITTO ALLA MOBILITA' E SVILUPPO DEI SISTEMI DI TRASPORTO,111,"Tabella A, punto 4, TUA",Carburanti per i trasporti ferroviari di passeggeri e merci - applicazione di un'aliquota pari al 30% di quella normale,ACCISA,a regime,Riduzione dell'accisa,"-7,6","-7,6","-7,6",,,Imprese che operano nel settore del trasporto ferroviario (passeggeri e merci),!,32
2016,13: DIRITTO ALLA MOBILITA' E SVILUPPO DEI SISTEMI DI TRASPORTO,112,"Tabella A, punto 8, TUA",Riduzione dell'accisa sui carburanti per le prove sperimentali e collaudo di motori di aviazione e marina,ACCISA,a regime,Riduzione dell'accisa,"-0,5","-0,5","-0,5",,,Soggetti operanti nel settore della produzione e collaudo dei motori marini e di aviazione (per i quali è prevista anche la revisione),!,32
2016,13: DIRITTO ALLA MOBILITA' E SVILUPPO DEI SISTEMI DI TRASPORTO,113,"Tabella A, punto 12, TUA",Riduzione dell'accisa sui carburanti per i Taxi,ACCISA,a regime,Riduzione dell'accisa,"-22,9","-22,9","-22,9",16.874,"-1.355,9",Soggetti che svolgono attività di trasporto di persone utilizzando autovetture da noleggio da piazza e assimilati,!,32
2016,13: DIRITTO ALLA MOBILITA' E SVILUPPO DEI SISTEMI DI TRASPORTO,114,"Art. 6, comma 2, del D. Lgs n. 26/2007 e disposizioni collegate",Riduzione di accisa sul gasolio impiegato come carburante per l'autotrasporto merci ed altre categorie di trasporto passeggeri,ACCISA,a regime,Riduzione dell'accisa,"-785,5","-855,5","-855,5",,,Imprese di autotrasporto,!,32
2016,13: DIRITTO ALLA MOBILITA' E SVILUPPO DEI SISTEMI DI TRASPORTO,115,"Art. 74, comma 1, lett. e), del D.P.R. n. 633/72",Regime speciale per i documenti di viaggio per il trasporto pubblico urbano,IVA,a regime,Regime monofase,Non quantificabile,"-855,5","-855,5",,,Aziende del trasporto pubblico urbano,!,32
2016,13: DIRITTO ALLA MOBILITA' E SVILUPPO DEI SISTEMI DI TRASPORTO,116,"Art. 9, n. 1, del D.P.R. 633/72",Trasporti internazionali di persone,IVA,a regime,Non imponibilità con diritto alla detrazione a monte,Non quantificabile,"-855,5","-855,5",,,Famiglie ed imprese che utilizzano trasporti internazionali di persone,!,32
2016,13: DIRITTO ALLA MOBILITA' E SVILUPPO DEI SISTEMI DI TRASPORTO,117,"Art. 10, primo comma, n. 14), d.P.R. 633/1972","Esenzione delle prestazioni di trasporto urbano di persone effettuate mediante taxi o altri mezzi di trasporto abilitati ad eseguire servizi di trasporto marittimo, lacuale, fluviale e lagunare Esenzione delle prestazioni di trasporto urbano di persone effettuate mediante taxi o altri mezzi di trasporto abilitati ad eseguire servizi di trasporto marittimo, lacuale, fluviale e lagunare",IVA,a regime,Esenzione con pro rata di detraibilità a monte,"-12,7","-12,7","-12,7",8.793,"-1.438,6",Utenti di servizi taxi,!,32
2016,17: RICERCA E INNOVAZIONE,118,"Art. 54, comma 8, primo periodo TUIR","Deduzione forfetaria del 25% per i redditi derivanti dalla utilizzazione economica, da parte dell'autore o inventore, di opere dell'ingegno, di brevetti industriali e di processi, formule o informazioni relativi ad esperienze acquisite in campo industriale, commerciale o scientifico, se non sono conseguiti nell'esercizio di imprese commerciali. La deduzione è elevata al 40% se il percettore non ha superato i 35 anni di età",IRPEF,a regime,Riduzione dell'imponibile,"-49,7","-49,7","-49,7","8 5.282,0","-582,9",Lavoratori autonomi,!,32
2016,17: RICERCA E INNOVAZIONE,119,"Art. 3 del DL n. 145/2013, così come sostituito dall'art. 1, comma 35, della L n. 190/2014. DM 27/05/2015",Credito d'imposta per investimenti in attività di ricerca e siluppo,Credito d'imposta,2019,Credito d'imposta,"-519,7","-547,0","-547,0",,,imprese,,32
2016,17: RICERCA E INNOVAZIONE,120,"Art. 1, comma 353, della Legge n. 266/2005","Integrale deducibilità dei fondi trasferiti per il finanziamento della ricerca, a titolo di contributo o liberalità",IRES,a regime,Deduzione,"-18,7","-18,7","-18,7",77,"-242.550,2",Enti soggetti ad IRES,!,32
2016,17: RICERCA E INNOVAZIONE,121,"Art. 1, co. da 37 a 45 legge n. 190/2014; Art. 5, D.L. del 24/1/15, n. 3 - Art. 1, co. 148 della legge n. 208/2015","Patent Box. Tassazione agevolata per i redditi derivanti dall’utilizzo di: software protetto da copyright; brevetti industriali; disegni e modelli; processi, formule e informazioni relativi ad esperienze acquisite nel campo industriale, commerciale o scientifico giuridicamente tutelabili. Il regime è valevole per 5 esercizi sociali in base a opzione irrevocabile. Esclusione dal reddito del 50% (a regime) dei redditi derivanti dall'utilizzo di alcuni beni immateriali.",IRPEF \ IRES,A regime,Esclusione dal reddito e dalla base imponibile Irap di redditi derivanti dall'utilizzo di beni immateriali,"-175,3","-175,3","-175,3",,,Titolari di reddito d'impresa,,33
2016,18: SVILUPPO SOSTENIBILE E TUTELA DEL TERRITORIO E DELL’AMBIENTE,122,Art. 9 del DPR n. 601/73,Imposta di registro e ipotecaria in misura fissa ed esenzione da imposta catastale per atti di trasferimento di terreni in zone montane,REGISTRO E IPOCATASTALI,a regime,Imposta in misura fissa o esenzione,"-0,4","-0,4","-0,4",,,Soggetti operanti in zone montane,!,33
2016,18: SVILUPPO SOSTENIBILE E TUTELA DEL TERRITORIO E DELL’AMBIENTE,123,"Articolo 31 della legge 13 maggio 1999, n. 133",Accesso gratuito alle conservatorie dei registri immobiliari da parte dei Consorzi di bonifica e irrigazione e rilascio gratuito dei relativi certificati,DIRITTI VARI,a regime,Esenzione,Non quantificabile,"-0,4","-0,4",,,Consorzi di bonifica,!,33
2016,19: CASA E ASSETTO URBANISTICO,124,"Art. 10, comma 3-bis), TUIR",Deduzione della rendita catastale dell'unità immobiliare adibita ad abitazione principale e delle relative pertinenze,IRPEF,a regime,Deduzione,"-3.691,0","-3.691,0","-3.691,0",26.100.000,"-141,4",persone fisiche,!,33
2016,19: CASA E ASSETTO URBANISTICO,125,"Art. 16-bis del TUIR, introdotto dall'art. 4, comma 1, lettera c), del D.L. n. 201 del 2011 convertito dalla L. n. 214 del 2011","Detrazione, nella misura del 36%, delle spese per interventi di recupero del patrimonio edilizio",IRPEF,a regime,Detrazione,"-143,0","-530,7","-918,5",,,persone fisiche,,33
2016,19: CASA E ASSETTO URBANISTICO,126,"Art. 37, comma 4-bis, TUIR, come modificato, da ultimo, dall'art. 4, comma 74, della L. n. 92/2012",Determinazione del reddito delle unità immobiliari locate: riduzione forfetaria del canone di locazione,IRPEF,a regime,Riduzione dell'imponibile,"-488,0","-488,0","-488,0",3.283.679,"-148,6",Proprietari che affittano immobili,!,33
2016,19: CASA E ASSETTO URBANISTICO,127,"Art. 15, comma 1, lett. b) e comma 1-ter TUIR",Detrazione per interessi passivi e oneri accessori relativi a mutui ipotecari per l'acquisto o la costruzione dell'abitazione principale,IRPEF,a regime,Detrazione,"-1.085,4","-1.085,4","-1.085,4",3.862.582,"-281,0",persone fisiche,!,33
2016,19: CASA E ASSETTO URBANISTICO,128,"Art. 3, comma 7, del D.L. n. 330 del 94, convertito dalla legge n. 473 del 94",Detrazione per interessi passivi e oneri accessori relativi a mutui ipotecari per l'acquisto di immobili da adibire ad abitazione diversa da quella principale,IRPEF,spettante per mutui contratti entro il 31/12/1992,Detraziome,"-4,8","-4,8","-4,8",23.348,"-205,6",persone fisiche,!,33
2016,19: CASA E ASSETTO URBANISTICO,129,"Articolo 1, comma 4, D.L. n. 669 del 1996, convertito dalla legge n. 30 del 1997",Detrazione per interessi passivi relativi a mutui contratti nel 1997 per interventi di recupero del patrimonio edilizio,IRPEF,spettante per mutui contratti nel 1997,Detrazione,"-0,5","-0,5","-0,5",2.495,"-183,5",persone fisiche,!,33
2016,19: CASA E ASSETTO URBANISTICO,130,"Art. 15, comma 1, lett. b-bis) TUIR",Detrazione su compensi pagati agli intermediari per l'acquisto dell'abitazione principale,IRPEF,a regime,Detrazione,"-12,2","-12,2","-12,2",76.818,"-158,8",persone fisiche,!,33
2016,19: CASA E ASSETTO URBANISTICO,131,"Art. 16, commi 01, 1, 1-bis, 1-ter e 1-sexies, TUIR",Detrazione per canoni di locazione dell'abitazione principale,IRPEF,a regime,Detrazione,"-378,0","-378,0","-378,0",1.389.734,"-272,0",persone fisiche,!,33
2016,19: CASA E ASSETTO URBANISTICO,132,Art. 8 della Legge n. 431/98,"Ulteriore riduzione del 30% del reddito imponibile che deriva al proprietario dai contratti stipulati o rinnovati ai sensi del comma 3 dell'art. 2 (contratti a canone concordato), ai sensi del comma 2 dell'articolo 5 (studenti universitari) noncè del comma 3 dell'art. 1(contratti di locazione stipulati dagli enti locali in qualità di conduttori per soddisfare esigenze abitative di carattere transitorio).",IRPEF,a regime,Riduzione dell'imponibile,"-104,2","-104,2","-104,2",228.037,"-456,9",Proprietari che affittano immobili a canone concordato,!,33
2016,19: CASA E ASSETTO URBANISTICO,133,"Art. 15, comma 1, lett. g), TUIR",Detrazione per spese di manutenzione protezione e restauro delle case vincolate si sensi della legge n. 1089 del 1939,IRPEF,a regime,Detrazione,"-4,8","-4,8","-4,8",2.056,"-2.339,4",persone fisiche,!,33
2016,19: CASA E ASSETTO URBANISTICO,134,"Art. 10, comma 1, lett. a), TUIR","Deduzione di canoni, livelli, censi, ed altri oneri gravanti sui redditi degli immobili che concorrono a formare il reddito complessivo",IRPEF,a regime,Deduzione,"-5,9","-5,9","-5,9",,,persone fisiche,!,33
2016,19: CASA E ASSETTO URBANISTICO,135,"Art. 1, comma 496, della Legge n. 266/05","Applicazione di un'imposta sostitutiva delle imposte sui redditi, nella misura del 20%, sulle plusvalenze realizzate a seguito di cessioni a titolo oneroso di beni immobili acquistati o costruiti da non più di cinque anni",Imposizione sostitutiva,a regime,Imposizione sostitutiva,"-0,2","-0,2","-0,2",,,Proprietari degli immobili,!,33
2016,19: CASA E ASSETTO URBANISTICO,136,"Art. 42, TUIR","Non sono produttive di redditi di fabbricati le costruzioni o porzioni di costruzioni rurali, e relative pertinenza, appartenenti al possessore o all'affittuario dei terreni e destinate a specifici utilizzi",IRPEF,a regime,Esclusione dal reddito,Non quantificabile,"-0,2","-0,2",,,Possessore o affittuario dei terreni destinati a specifici utilizzi,!,33
2016,19: CASA E ASSETTO URBANISTICO,137,"Art. 3 del d.lgs. 14 marzo 2011, n. 23, recante ""Disposizioni in materia di federalismo fiscale municipale"" come, da ultimo, modificato dall'art. 4, comma 1, del D.L. n. 102 del 2013 convertito dalla L. n. 124 del 2013","Cedolare secca. Applicazione di un'imposta sostitutiva dell'IRPEF e delle addizionali all'IRPEF nonché dell'imposta di registro e di bollo, con aliquota del 21% sui canoni derivanti dalla locazione di immobili a uso abitativo. L'aliquota è ridotta al 19% nell'ipotesi di locazione a canone concordato",Imposizione sostitutiva,a regime,Imposizione sostitutiva,"-1.442,4","-1.356,8","-1.356,8",1.496.093,"-964,1",Proprietari degli immobili locati,,33
2016,19: CASA E ASSETTO URBANISTICO,138,"Art. 9, comma 1, del D.L. n. 47 del 2014, convertito con modificazioni dalla L. 23 maggio 2014, n. 80",L'aliquota della cedolare secca nelle ipotesi di locazione a canone concordato è ridotta al 10 per cento,Imposizione sostitutiva,2017,Imposizione sostitutiva,"-85,6","0,0","0,0",311.714,"-274,6",Proprietari degli immobili locati,,34
2016,19: CASA E ASSETTO URBANISTICO,139,"Art. 21 del D.L. n. 133 del 2014, convertito dalla L. n. 164 del 2014 - D.M. 8 settembre 2015","Deduzione per l'acquisto di unità immobiliari, a destinazione residenziale, di nuova costruzione, invendute alla data del 12 novembre 2014, o sulle quali sono stati effettuati interventi di ristrutturazione edilizia o di restauro e di risanamento conservativo, che saranno successivamente concesse in locazione, per almeno otto anni, a canone agevolato. L’agevolazione fiscale è riconosciuta anche quando l’unità immobiliare acquistata è ceduta in usufrutto a soggetti giuridici pubblici o privati operanti da almeno dieci anni nel settore dell'alloggio sociale.",IRPEF,2017,Deduzione,"-0,5","0,0","0,0",728,"-673,1",persone fisiche non esercenti attività commerciale,,34
2016,19: CASA E ASSETTO URBANISTICO,140,"Art. 19, comma 15-bis, D.L. n. 201 del 2011",Esenzione dal pagamento dell’imposta sul valore degli immobili situati all'estero (IVIE) con riferimento al possesso dell'abitazione principale o della casa coniugale assegnata al coniuge.,IVIE,a regime,Esenzione,"-0,8","-0,8","-0,8",,,persone fisiche residenti proprietarie dell'immobile o titolari di altro diritto reale,,34
2016,19: CASA E ASSETTO URBANISTICO,141,"Art. 19, comma 15-bis, D.L. n. 201 del 2011","Aliquota ridotta dell’imposta sul valore degli immobili situati all'estero (IVIE) con riferimento al possesso dell'abitazione principale o della casa coniugale assegnata al coniuge, appartenente alla categoria degli immobili di lusso.",IVIE,a regime,Aliquota ridotta e detrazione,"-0,8","-0,8","-0,8",,,persone fisiche residenti proprietarie dell'immobile o titolari di altro diritto reale,,34
2016,19: CASA E ASSETTO URBANISTICO,142,Nota 2-bis all'art.1 della Tariffa parte I allegata al D.P.R. n. 131/1986,Misura per l'acquisto della prima casa: riduzione dell'aliquota dell'imposta di registro,REGISTRO,a regime,Riduzione aliquota,"-1.381,0","-1.381,0","-1.381,0",323.555,"-4.268,2",Privati acquirenti prima casa di abitazione,!,34
2016,19: CASA E ASSETTO URBANISTICO,143,Tariffa speciale Allegato B - art.1 alla Legge n. 1216/61 Art. 1,Case popolari ed economiche .Contratti di assicurazione sulla vita umana a garanzia della casa,IMPOSTA SULLE ASSICURAZIONI,A regime,Riduzione imposta,"-73,0","-73,0","-73,0",,,Privati che contraggono l'assicurazione,!,34
2016,19: CASA E ASSETTO URBANISTICO,144,Tariffa speciale Allegato B - Legge n. 1216/61 Art. 3,"Cooperative edilizie sovvenzionate dallo Stato .Assicurazioni contro i danni previsti dall'articolo 7, lettera a) della Tariffa allegato A",IMPOSTA SULLE ASSICURAZIONI,A regime,Riduzione imposta,Non quantificabile,"-73,0","-73,0",,,Coopperative edilizie sovvenzionate dallo Stato,!,34
2016,19: CASA E ASSETTO URBANISTICO,145,"Art. 17, comma 1, lett.g-bis), del TUIR",Assoggettamento a tassazione separata delle plusvalenze di cui alla lett. b) del comma 1 dell'art. 67 realizzate a seguito di cessioni a titolo oneroso di terreni suscettibili di utilizzazione edificatoria secondo gli strumenti urbanistici vigenti al momento della cessione,IRPEF,a regime,Tassazione separata con aliquota del biennio precedente,"-1,1","-1,1","-1,1",1.517,"-725,1",Percettori degli emolumenti,!,34
2016,19: CASA E ASSETTO URBANISTICO,146,"Art. 8 del DL n. 47/2014, convertito dalla L. n. 80/2014.",Credito d'imposta per il riscatto a termine dell'alloggio sociale,Credito d'imposta,a regime,Credito d'imposta,"-0,5","-0,5","-0,5",,,imprese,,34
2016,19: CASA E ASSETTO URBANISTICO,147,Art.5 della Legge n.168/82,"Applicazione delle imposte ipotecaria, catastale e imposta di registro in misura fissa in relazione a a) permute di immobili compresi in piani di recupero b) trasferimenti di immobili compresi in piani di recupero",REGISTRO E IPOCATASTALI,a regime,Imposte in misura fissa,"-0,2","-0,2","-0,2",,,Soggetti attuatori di interventi edilizii pubblica in zone particolari,!,34
2016,19: CASA E ASSETTO URBANISTICO,148,Art. 32 del D.P.R. n. 601/73,"Esenzione dall’ applicazione delle imposte ipotecarie e catastali, imposta di registro in misura fissa per atti di trasferimento della proprietà: a) delle aree comprese nei piani di edilizia residenziale pubblica b) delle aree comprese nei piani da destinare a insediamenti produttivi",REGISTRO E IPOCATASTALI,a regime,Imposta in misura fissa o esenzione,"-6,7","-6,7","-6,7",1.212,"-5.528,1",Soggetti attuatori di interventi di edilizia pubblica,!,34
2016,19: CASA E ASSETTO URBANISTICO,149,Nota all'articolo 1 della Tariffa allegata al D.lgs n. 347 del 1990,Applicazione imposta ipotecaria in misura fissa per gli acquisti della prima casa,IMPOSTA IPOTECARIA,a regime,Imposta in misura fissa,"-363,2","-363,2","-363,2",60.027,"-6.049,9",Acquirenti di immobili ceduti da soggetti IVA,!,34
2016,19: CASA E ASSETTO URBANISTICO,150,Nota all'articolo 1 della Tariffa allegata al D.lgs n. 347 del 1990,Applicazione imposta catastale in misura fissa per gli acquisti della prima casa,IMPOSTA CATASTALE,a regime,Imposta in misura fissa,"-559,6","-559,6","-559,6",323.555,"-1.729,4",Privati acquirenti di immobili aventi i requisiti per fruire dei benefici previsti per la prima casa nei trasferimenti soggetti ad imposta di registro,!,34
2016,19: CASA E ASSETTO URBANISTICO,151,"Art. 8, comma 1, della Legge n.431/98",Riduzione della base imponibile al 70 per cento del corrispettivo annuo per l'applicazione dell'imposta di registro sui contratti di locazione di immobili adibiti ad uso abitativo,REGISTRO,a regime,Riduzione della base imponibile,"-5,9","-5,9","-5,9",,,Locatore e conduttore dell'immobile,!,34
2016,19: CASA E ASSETTO URBANISTICO,152,"Art. 2, comma 1-bis, del D.L. 3 agosto 2004, n. 220, convertito con modificazioni dalla legge 19 ottobre 2004, n. 257","Applicabilità delle disposizioni di cui agli artt. 15, 17 e 18 del D.P.R. n. 601 del 1973 per i mutui concessi da istituti ed enti previdenziali per l'acquisto di abitazioni",Imposta sostitutiva,a regime,Imposta sostitutiva,Non quantificabile,2018,2019,,,Privati che accedono a prestazioni creditizie di enti previdenziali .,!,35
2016,19: CASA E ASSETTO URBANISTICO,153,"comma 1-bis dell'art. 8-bis della tariffa, parte prima, allegata al D.P.R. n. 131 del 1986, aggiunto dall'art. 1, comma 83, lett. c) n. 1 della legge n. 208 del 2015","Imposta di registro in misura ridotta su cessioni di immobili a banche e società di leasing per locazioni finanziarie a favore di utilizzatori aventi i requisiti ""prima casa""",IMPOSTA DI REGISTRO,a regime,riduzione di aliquota,"-32,0","-36,6","-41,2",,,banche e società di leasing,,35
2016,20: TUTELA DELLA SALUTE,154,"Art. 15, comma 1, lett. c) e comma 2, TUIR","Detrazione per spese sanitarie, spese mediche e di assistenza specifica diverse da quelle di cui all'art. 10, comma 1, lett. b), del Tuir, spese per prestazioni mediche specialistiche",IRPEF,a regime,D e t r a z ione,"-3.051,6","-3.051,6","-3.051,6",16.949.460,"-180,0",persone fisiche,!,35
2016,20: TUTELA DELLA SALUTE,155,"Art. 15, comma 1, lett. i-bis), TUIR",Detrazione per contributi associativi versati dai soci delle società di mutuo soccorso,IRPEF,a regime,Detrazione,"-8,3","-8,3","-8,3",110.938,"-75,2",persone fisiche,!,35
2016,20: TUTELA DELLA SALUTE,156,"Art. 8, comma 3, della Legge n. 52/01","Detrazione per le donazioni effettuate all'ente ospedaliero ""ospedale Galliera"" di Genova",IRPEF,a regime,Detrazione,"-0,1","-0,1","-0,1",120,"-833,3",persone fisiche,!,35
2016,20: TUTELA DELLA SALUTE,157,"Tabella A, punto 13, TUA",Riduzione dell'accisa sui carburanti per le autoambulanze -,ACCISA,a regime,Riduzione dell'accisa,"-2,6","-2,6","-2,6",,,Enti di assistenza e di pronto soccorso individuati mediante provvedimento dell'Amministrazione finanziaria,!,35
2016,20: TUTELA DELLA SALUTE,158,"Art. 1, commi 960-963, della L. 28 dicembre 2015, n. 208","Aliquota IVA ridotta del 5% per le prestazioni socio-sanitarie, assistenziali ed educative rese dalle cooperative sociali e loro consorzi",IVA,Dal 1° gennaio 2016,Beni e servizi soggetti all'aliquota IVA del 5%,"-780,3","-780,3","-780,3",,,"Consumatori finali destinatari delle operazioni di cui alla tabella A, parte II-bis",,35
2016,20: TUTELA DELLA SALUTE,159,"Art. 10, primo comma, n. 18), d.P.R. 633/1972",Esenzione delle prestazioni sanitarie,IVA,a regime,Esenzione con pro rata di detraibilità a monte,Non quantificabile,"-780,3","-780,3",,,Famiglie,!,35
2016,20: TUTELA DELLA SALUTE,160,"Art. 10, primo comma, n. 19), d.P.R. 633/1972",Esenzione delle prestazioni di ricovero e cura rese da enti ospedalieri o da cliniche e case di cura convenzionate,IVA,a regime,Esenzione con pro rata di detraibilità a monte,Non quantificabile,"-780,3","-780,3",,,Famiglie,!,35
2016,20: TUTELA DELLA SALUTE,161,"Art. 10, primo comma, n. 24), d.P.R. 633/1972","Esenzione delle cessioni di organi, sangue e latte umani e di plasma sanguigno",IVA,a regime,Esenzione con pro rata di detraibilità a monte,Non quantificabile,"-780,3","-780,3",,,Famiglie ed Istituzioni sanitarie,!,35
2016,20: TUTELA DELLA SALUTE,162,"Art. 10, primo comma, n. 27-ter), d.P.R. 633/1972","Esenzione delle prestazioni socio-sanitarie, di assistenza domiciliare o ambulatoriale, in comunita' e simili, in favore di persone disagiate rese da organismi di diritto pubblico e da ONLUS",IVA,a regime,Esenzione con pro rata di detraibilità a monte,Non quantificabile,"-780,3","-780,3",,,Famiglie,!,35
2016,20: TUTELA DELLA SALUTE,163,"Art. 10, comma 1, lett. b), e comma 2, TUIR",Deduzione delle spese mediche e di quelle di assistenza specifica necessarie nei casi di grave e permanente invalidità o menomazione,IRPEF,a regime,Deduzione,"-251,8","-251,8","-251,8",215.659,"-1.167,4",persone fisiche,!,35
2016,20: TUTELA DELLA SALUTE,164,"Art. 10, comma 1, lett. e-ter), TUIR",Deduzione dei contributi versati ai fondi integrativi del servizio sanitario nazionale istituiti ai sensi del d.lgs 502 del 1992,IRPEF,a regime,Deduzione,"-23,0","-23,0","-23,0",108.905,"-211,5",persone fisiche,!,35
2016,20: TUTELA DELLA SALUTE,165,"Art. 5, comma 3, , del D. Lgs. 30 giugno 1993, n, 269","Esenzione da imposta di donazione, ipotecarie e catastali per le donazioni a favore degli istituti di ricovero e cura a carattere scientifico di immobili con specifica destinazione a finalità sanitarie",IMPOSTA DI DONAZIONE E IPOCATASTALI,a regime,Esenzione,"-0,2","-0,2","-0,2",,,Enti assistenziali,!,35
2016,21: TUTELA E VALORIZZAZIONE DEI BENI E ATTIVITA’ CULTURALI E PAESAGGISTICI,166,"Art. 15, comma 1, lett. h), TUIR","Detrazione per erogazioni liberali in denaro e in natura a favore dello Stato, delle regioni, degli enti locali territoriali e altre persone giuridiche che, senza scopo di lucro, svolgono attività di studio, ricerca e documentazione di rilevante valore culturale e artistico, nonché per le erogazioni effettuate per l’organizzazione di mostre ed esposizioni di rilevante interesse scientifico-culturale.",IRPEF,a regime,Detrazione,"-1,3","-1,3","-1,3",10.286,"-128,3",persone fisiche,!,35
2016,21: TUTELA E VALORIZZAZIONE DEI BENI E ATTIVITA’ CULTURALI E PAESAGGISTICI,167,"Art. 1 del D.L. n. 83 del 2014 convertito dalla L. n. 106 del 2014 modificato, da ultimo, dall'art. 1, comma 318, lettere a) e b), della L. n. 208 del 2015",Credito di imposta nella misura del 65 per cento delle erogazioni liberali in denaro per interventi a favore della cultura e dello spettacolo.,Credito d'imposta,a regime,Credito d'imposta,Stima compresa nell'agevolazione n. 96,"-1,3","-1,3",,,persone fisiche,,35
2016,21: TUTELA E VALORIZZAZIONE DEI BENI E ATTIVITA’ CULTURALI E PAESAGGISTICI,168,"Art. 15, comma 1, lett. i), TUIR","Detrazione per erogazioni liberali in denaro in favore delle persone giuridiche che, senza scopo di lucro, svolgono attività nello spettacolo",IRPEF,a regime,Detrazione,"-0,1","-0,1","-0,1",1.061,"-94,3",persone fisiche,!,36
2016,21: TUTELA E VALORIZZAZIONE DEI BENI E ATTIVITA’ CULTURALI E PAESAGGISTICI,169,"Art. 1, comma 1, della Legge n. 28/99","Detrazione per erogazioni liberali in denaro alla Società di cultura ""La Biennale di Venezia""",IRPEF,a regime,Detrazione,Effetti di trascurabile entità,"-0,1","-0,1",265,"-113,2",persone fisiche,!,36
2016,21: TUTELA E VALORIZZAZIONE DEI BENI E ATTIVITA’ CULTURALI E PAESAGGISTICI,170,"Art. 25, comma 2, Dlgs 367 del 1996","Innalzamento al 30 per cento del limite di detraibilità per le persone fisiche e di deducibilità per le imprese, società e enti delle somme versate al patrimonio degli enti operanti nel settore musicale al momento della partecipazione",IRPEF \ IRES,a regime,Detrazione o deduzione,Effetti di trascurabile entità,"-0,1","-0,1",1.759,,"persone fisiche, società e enti",!,36
2016,21: TUTELA E VALORIZZAZIONE DEI BENI E ATTIVITA’ CULTURALI E PAESAGGISTICI,171,"Art. 100, comma 1 e comma 2 lett. a), b), d), e), TUIR","Deduzione dal reddito d'impresa con limiti determinati per le single fattispecie - tra cui: a) opere o servizi destinati ai dipendenti per finalità di educazione, istruzione, ricreazione, assistenza sociale e sanitaria o culto; b) erogazioni liberali in favore di persone giuridiche che perseguono le finalità di cui alla lettera a), ovvero di ricerca scientifica, nonché contributi, donazioni e obliazioni in favore delle O.N.G; c) erogazioni liberali in favore di persone giuridiche aventi sede nel mezzogiorno aventi esclusiva finalità di ricerca scientifica; d) erogazioni liberali a favore di concessionari privati per la radiodiffusione sonora a carattere comunitario; e) spese sostenute dai soggetti obbligati alla manutenzione, protezione e restauro delle cose vincolate.",IRPEF \ IRES,a regime,Deduzione,"-38,6","-38,6","-38,6",18.085,"-2.134,4",Persone giuridiche + SP + PF reddito di impresa,!,36
2016,21: TUTELA E VALORIZZAZIONE DEI BENI E ATTIVITA’ CULTURALI E PAESAGGISTICI,172,"Art. 100, c. 2, lett. f), TUIR","Deducibilità delle erogazioni liberali in denaro favore di enti o istituzioni pubbliche, associazioni e fondazioni riconosciute con finalità di studio, ricerca e documentazione di rilevante valore culturale e artistico, nonché per le erogazioni effettuate per l’organizzazione di mostre ed esposizioni di rilevante interesse scientifico-culturale.",IRPEF \ IRES,a regime,Deduzione,"-38,6","-38,6","-38,6",18.085,"-2.134,4",Persone giuridiche + SP + PF reddito di impresa,!,36
2016,21: TUTELA E VALORIZZAZIONE DEI BENI E ATTIVITA’ CULTURALI E PAESAGGISTICI,173,"Art. 100, c.2, lett. g), TUIR","Deducibilità per un importo non superiore al 2% del reddito d'impresa delle erogazioni liberali in denaro a favore di enti o istituzioni pubbliche, associazioni e fondazioni che, senza scopo di lucro, svolgono attività nello spettacolo",IRPEF \ IRES,a regime,Deduzione,"-38,6","-38,6","-38,6",18.085,"-2.134,4",Persone giuridiche + SP + PF reddito di impresa,!,36
2016,21: TUTELA E VALORIZZAZIONE DEI BENI E ATTIVITA’ CULTURALI E PAESAGGISTICI,174,"Art. 100, c. 2, lett.h), TUIR",Deducibilità delle erogazioni liberali in denaro per un importo non superiore a 30.000 o al 2% del reddito d'impresa a favore delle ONLUS e di altre persone giuridiche individuate con apposito decreto che svolgono attività umanitarie,IRPEF \ IRES,a regime,Deduzione,"-38,6","-38,6","-38,6",18.085,"-2.134,4",Persone giuridiche + SP + PF reddito di impresa,!,36
2016,21: TUTELA E VALORIZZAZIONE DEI BENI E ATTIVITA’ CULTURALI E PAESAGGISTICI,175,"Art. 100, c. 2, lett i), TUIR","Deducibilità delle spese relative all'impiego di lavoratori dipendenti, nel limite del 5‰ dell'ammontare complessivo delle spese per prestazioni di lavoro dipendente, utilizzati per prestazioni di servizi erogate a favore di ONLUS",IRPEF \ IRES,a regime,Deduzione,"-38,6","-38,6","-38,6",18.085,"-2.134,4",Persone giuridiche + SP + PF reddito di impresa,!,36
2016,21: TUTELA E VALORIZZAZIONE DEI BENI E ATTIVITA’ CULTURALI E PAESAGGISTICI,176,"Art. 100, c.2, lett. l), TUIR","Deducibilità delle erogazioni liberali in denaro per un importo non superiore a 1.549,37 o al 2% del reddito di impresa a favore delle associazioni di promozione sociale iscritte negli appositi registri",IRPEF \ IRES,a regime,Deduzione,"-38,6","-38,6","-38,6",18.085,"-2.134,4",Persone giuridiche + SP + PF reddito di impresa,!,36
2016,21: TUTELA E VALORIZZAZIONE DEI BENI E ATTIVITA’ CULTURALI E PAESAGGISTICI,177,"Art, 100, c.2, lett. m), TUIR",Deducibilità delle erogazioni liberali in denaro per la realizzazione di programmi culturali nei settori dei beni culturali e dello spettacolo,IRPEF \ IRES,a regime,Deduzione,"-38,6","-38,6","-38,6",18.085,"-2.134,4",Persone giuridiche + SP + PF reddito di impresa,!,36
2016,21: TUTELA E VALORIZZAZIONE DEI BENI E ATTIVITA’ CULTURALI E PAESAGGISTICI,178,"Art, 100, c.2, lett. n), TUIR",Deducibilità delle erogazioni liberali in denaro a favore di organismi di gestione di parchi e riserve naturali e zone di speciale tutela paesistico-ambientale,IRPEF \ IRES,a regime,Deduzione,"-38,6","-38,6","-38,6",18.085,"-2.134,4",Persone giuridiche + SP + PF reddito di impresa,!,36
2016,21: TUTELA E VALORIZZAZIONE DEI BENI E ATTIVITA’ CULTURALI E PAESAGGISTICI,179,"Art, 100, c. 2, lett. o), TUIR",Deducibilità delle erogazioni liberali in denaro effettuate per la realizzazione di programmi di ricerca scientifica nel settore della sanità,IRPEF \ IRES,a regime,Deduzione,"-38,6","-38,6","-38,6",18.085,"-2.134,4",Persone giuridiche + SP + PF reddito di impresa,!,36
2016,21: TUTELA E VALORIZZAZIONE DEI BENI E ATTIVITA’ CULTURALI E PAESAGGISTICI,180,"Art, 100, c. 2, lett. o-bis), TUIR","Deducibilità delle erogazioni liberali, nel limite del 2% del reddito d'impresa dichiarato e comunque nella misura massima di 70.000 € annui, a favore degli istituti scolastici di ogni ordine e grado, finalizzate all'innovazione tecnologica all'edilizia scolastica e all'ampliamento dell'offerta formativa",IRPEF \ IRES,a regime,Deduzione,"-38,6","-38,6","-38,6",18.085,"-2.134,4",Persone giuridiche + SP + PF reddito di impresa,!,36
2016,21: TUTELA E VALORIZZAZIONE DEI BENI E ATTIVITA’ CULTURALI E PAESAGGISTICI,181,Art.5-bis del D.P.R.n. 601 del 1973,"Non concorrenza alla formazione del reddito complessivo dei redditi catastali degli immobili destinati ad usi culturali (totalmente adibiti a sedi aperte al pubblico di musei , biblioteche, archivi, cineteche )",IRPEF,a regime,Esclusione dal reddito,Non quantificabile,"-38,6","-38,6",,,Proprietari degli immobili,!,36
2016,21: TUTELA E VALORIZZAZIONE DEI BENI E ATTIVITA’ CULTURALI E PAESAGGISTICI,182,"Art. 1, comma 1 e 2, della Legge n. 28/99 (Fondazione La Biennale di Venezia)",Detrazione e deducibilità delle erogazioni liberali in denaro in favore della Fonadazione La Biennale di Venezia,IRES,a regime,Detrazione e Deduzione,Effetti di trascurabile entità,"-38,6","-38,6",,,Persone giuridiche,!,36
2016,21: TUTELA E VALORIZZAZIONE DEI BENI E ATTIVITA’ CULTURALI E PAESAGGISTICI,183,"Art.1, comma 3, della Legge n. 28/99 (Fondazione La Biennale di Venezia)",I proventi percepiti nell’esercizio di attività commerciali svolte in conformità agli scopi istituzionali sono esclusi dalle imposte sui redditi,IRES,a regime,Esclusione dal reddito,Effetti di trascurabile entità,2018,2019,,,Fondazione La Biennale di Venezia,!,37
2016,21: TUTELA E VALORIZZAZIONE DEI BENI E ATTIVITA’ CULTURALI E PAESAGGISTICI,184,"Art.25, comma 1,del D.Lgs n.367/96",Detrazione e deducibilità dal reddito d'impresa per le erogazioni liberali a favore delle fondazioni musicali nella misura del 30 per cento (Misura già riportata al n. 205),IRPEF \ IRES,a regime,Detrazioni e Deduzioni,stima compresa al punto n. 324,2018,2019,,,"Persone fisiche, società e enti",!,37
2016,21: TUTELA E VALORIZZAZIONE DEI BENI E ATTIVITA’ CULTURALI E PAESAGGISTICI,185,"Art. 25, comma 3, del D.lgs. n.28/04",Le quote versate dai soci e gli incassi derivanti dall’emissione dei titoli di accesso ai soci non concorrono a formare reddito imponibile,IRES,a regime,Esclusione dal reddito,Non quantificabile,2018,2019,,,Circoli e associazioni nazionali di cultura cinematografica a condizione che siano enti non commerciali,!,37
2016,21: TUTELA E VALORIZZAZIONE DEI BENI E ATTIVITA’ CULTURALI E PAESAGGISTICI,186,"Art.1, commi 185-187, della Legge n.296/2006 – DM 8.11.2007, n. 228 (Regolamento) –","Equiparazione ai soggetti esenti dall’Ires indicati dall’articolo 74, comma 1 del Tuir per le associazioni operanti nelle manifestazioni in ambito locale ma di particolare interesse storico, artistico e culturale",IRES,a regime,Esclusione dal reddito,"-0,2","-0,2","-0,2",218,"-825,69","Associazioni che operano per la realizzazione o che partecipano a minifestazioni di particolare interesse storico, artistico e culturale, legate agli usi e alle tradizioni delle comunità locali",!,37
2016,21: TUTELA E VALORIZZAZIONE DEI BENI E ATTIVITA’ CULTURALI E PAESAGGISTICI,187,"Art. 3, terzo comma, del D.P.R. 633/72","Non assoggettamento ad IVA delle operazioni di divulgazione pubblicitaria svolte a beneficio di enti e associazioni che perseguono finalita' educative, culturali, sportive, religiose e di assistenza e solidarieta' sociale, nonche' delle ONLUS",IVA,a regime,Non assoggettamento ad imposta,Non quantificabile,"-0,2","-0,2",,,Beneficiari dei servizi di ONLUS e Associazioni ed Enti del terzo settore,!,37
2016,21: TUTELA E VALORIZZAZIONE DEI BENI E ATTIVITA’ CULTURALI E PAESAGGISTICI,188,"Art. 3, quarto comma, lett. a), del D.P.R. 633/72",Non assoggettamento ad IVA delle cessioni di diritti d'autore effettuate dagli autori o dai loro eredi,IVA,a regime,Non assoggettamento ad imposta,Non quantificabile,"-0,2","-0,2",,,Beneficiari delle cessioni,!,37
2016,21: TUTELA E VALORIZZAZIONE DEI BENI E ATTIVITA’ CULTURALI E PAESAGGISTICI,189,Art.13 del D.Lgs. n. 346/90,Esclusione dall'attivo ereditario di beni culturali,IMPOSTA SULLE SUCCESSIONI,a regime,Esclusione dal reddito,"-1,0","-1,0","-1,0",,,Eredi,!,37
2016,21: TUTELA E VALORIZZAZIONE DEI BENI E ATTIVITA’ CULTURALI E PAESAGGISTICI,190,"Nota sub punto 1 all’art. 18 della tariffa, allegata al D.P.R. n. 641/72",Tasse sulle concessioni governative ridotte al 25% ai concessionari privati per la radiodiffusione sonora a carattere comunitario,CC.GG.,a regime,Riduzione di aliquota,"-2,0","-2,0","-2,0",,,Concessionari privati radiodiffusione,!,37
2016,21: TUTELA E VALORIZZAZIONE DEI BENI E ATTIVITA’ CULTURALI E PAESAGGISTICI,191,"DLGS 22 gennaio 2004, n. 42 , legge n. 1089 del 1939 e Articolo 1 Tariffa , parte 1 del DPR n. 131 del 1986; articolo 13 del dlgs 31 ottobre 1990, n. 346 .","Per gli atti relativi a beni culturali di cui alle norme citate, imposta di registro con aliquota ridotta al 3 per cento e base imponibile minima .",IMPOSTA DI REGISTRO,a regime,Riduzione aliquota / Base imponibile a forfait,Non quantificabile,"-2,0","-2,0",,,Privati che trasferiscano beni vincolati,!,37
2016,21: TUTELA E VALORIZZAZIONE DEI BENI E ATTIVITA’ CULTURALI E PAESAGGISTICI,192,"DLGS 22 gennaio 2004, n. 42 , legge n. 1089 del 1939 e articolo 13 del dlgs 31 ottobre 1990, n. 346 .","Per i Beni culturali di cui alla norma citata, esclusione dall'asse ereditario a talune condizioni ai fini dell'imposta di successione",IMPOSTA DI SUCCESSIONE,a regime,Esclusione dal reddito,Non quantificabile,"-2,0","-2,0",,,Privati che trasferiscano beni vincolati,!,37
2016,21: TUTELA E VALORIZZAZIONE DEI BENI E ATTIVITA’ CULTURALI E PAESAGGISTICI,193,"comma 4-bis dell'art. 2 del D.L. n. 194 del 2009, modificato dall'art. 1, comma 41, della legge n. 220 del 2010 e dall'art. 1, comma 906 della legge n. 208 del 2015",Imposta di registro ed ipotecaria in misura fissa sui trasferimento a titolo oneroso di terreni agricoli,IMPOSTA DI REGISTRO E IPOCATASTALI,a regime,misura fissa d'imposta,"-1,0","-1,0","-1,0",,,proprietari di masi chiusi,,37
2016,21: TUTELA E VALORIZZAZIONE DEI BENI E ATTIVITA’ CULTURALI E PAESAGGISTICI,194,Art. 5 DL n. 953 del 1982,Assicurazioni dei Beni di interesse storico e artistico Assicurazioni dei Beni di interesse storico e artistico,IMPOSTA SULLE ASSICURAZIONI,a regime,Esenzione,Non quantificabile,"-1,0","-1,0",,,Privati ed enti,!,37
2016,21: TUTELA E VALORIZZAZIONE DEI BENI E ATTIVITA’ CULTURALI E PAESAGGISTICI,195,"Art. 15, comma 1, lettera e), sostituita, da ultimo, dall'art. 1, comma 954, lettera b), della L. n. 208 del 2015, e lettera e-bis), inserita dall'art. 1, comma 151, lettera b), della L. n. 107 del 2015, e nonché comma 2, TUIR",Detrazione per spese di istruzione,IRPEF,a regime,Detrazione,"-345,7","-345,7","-345,7",1.847.272,"-187,1",persone fisiche,!,38
2016,21: TUTELA E VALORIZZAZIONE DEI BENI E ATTIVITA’ CULTURALI E PAESAGGISTICI,196,"Art. 1, comma 10, della Legge n. 62/2000",Detrazione di un importo equivalente a quello della borsa di studio erogata dalle Regioni e dalle Province autonome di Trento e Bolzano,IRPEF,a regime,Detrazione,Effetti di trascurabile entità,"-345,7","-345,7",33,,persone fisiche,!,38
2016,21: TUTELA E VALORIZZAZIONE DEI BENI E ATTIVITA’ CULTURALI E PAESAGGISTICI,197,"Art. 3, comma 3 lett. d-ter), TUIR",Esclusione dalla base imponibile delle somme corrisposte a titolo di borsa di studio dal Governo italiano a cittadini stranieri in forza di accordi e intese internazionali,IRPEF,a regime,Esclusione dal reddito,Non quantificabile,"-345,7","-345,7",,,Percettori di borse di studio,!,38
2016,21: TUTELA E VALORIZZAZIONE DEI BENI E ATTIVITA’ CULTURALI E PAESAGGISTICI,198,"art. 6, comma 13, l 488/99","Esenzione dall'IRPEF delle borse di studio corrisposte nell'ambito del programma Socrates di cui alla Decisione 819/95/CE del Parlamento Europeo e del Consiglio del 14 marzo 1995 nonché le somme aggiuntive corrisposte dalle Università a condizione che l'importo complessivo annuo non superi euro 7746,85",IRPEF,a regime,Esenzione,Effetti di trascurabile entità,"-345,7","-345,7",,,Percettori di borse di studio corrisposte nell'ambito del programma Socrates,!,38
2016,21: TUTELA E VALORIZZAZIONE DEI BENI E ATTIVITA’ CULTURALI E PAESAGGISTICI,199,Art. 4 l. 210/98,"Esenzione dall'IRPEF delle borse di studio corrisposte da Università e istituti di istruzione universitaria per la frequenza dei corsi di perfezionamento e scuole di specializzazione, corsi di dottorato di ricerca, attività di ricerca post dottorato e corsi di perfezionalento all'estero.",IRPEF,a regime,Esenzione,"-329,7","-329,7","-329,7","74.266,0","-4.439,6",Percettori di borse di studio corrisposte per la frequenza di specifici corsi post-laurea,!,38
2016,21: TUTELA E VALORIZZAZIONE DEI BENI E ATTIVITA’ CULTURALI E PAESAGGISTICI,200,"Art. 15, comma 1, lett. i- sexies) e comma 2, TUIR, come integrata dall'art. 16, comma 1, della L. n. 217 del 2011",Detrazione per canoni di locazione (contratti ex lege n. 431 del 1998) stipulati da studenti universitari,IRPEF,a regime,Detrazione,"-74,4","-74,4","-74,4",235.107,"-316,6",persone fisiche,!,38
2016,21: TUTELA E VALORIZZAZIONE DEI BENI E ATTIVITA’ CULTURALI E PAESAGGISTICI,201,"Art. 4 della Legge n. 476/84 - Art. 1, comma 50, della L. n. 208 del 2015","Esenzione dall'IRPEF delle borse di studio corrisposte agli studenti universitari - Esenzione dall'IRPEF delle borse di studio erogate nell'ambito del programma ""Erasmus +""",IRPEF,a regime,Esenzione,"-8,3","-8,3","-8,3",,,Percettori di borse di studio,,38
2016,21: TUTELA E VALORIZZAZIONE DEI BENI E ATTIVITA’ CULTURALI E PAESAGGISTICI,202,"Art. 4 della Legge n. 407/98 - art. 1, comma 255, L. 28 dicembre 2015, n. 208.",Esenzione dall'IRPEF delle borse di studio corrisposte alle vittime del terrorismo e della criminalità organizzata nonché agli orfani ed ai figli di questi ultimi.,IRPEF,a regime,Esenzione,"-0,7","-0,7","-0,7",,,Percettori di borse di studio,,38
2016,21: TUTELA E VALORIZZAZIONE DEI BENI E ATTIVITA’ CULTURALI E PAESAGGISTICI,203,"Art. 1, comma 51, della L. n. 208 del 2015","Esenzione dall'IRPEF delle borse di studio per la frequenza dei corsi di perfezionamento, specializzazione ecc. erogate dalla Provincia autonoma di Bolzano.",IRPEF,a regime,Esenzione,"-0,2","-0,2","-0,2",,,Percettori di borse di studio,,38
2016,21: TUTELA E VALORIZZAZIONE DEI BENI E ATTIVITA’ CULTURALI E PAESAGGISTICI,204,"Art.10, comma 1, lett. l-quater), TUIR","Deduzione delle erogazioni liberali in denaro effettuate a favore di università, fondazioni universitarie, istituzioni universitarie pubbliche, enti di ricerca pubblici e vigilati dal Ministero dell'Istruzione, nonché degli enti parco regionali e nazionali",IRPEF,a regime,Deduzione,"-1,3","-1,3","-1,3",13.995,"-95,0",persone fisiche,!,38
2016,21: TUTELA E VALORIZZAZIONE DEI BENI E ATTIVITA’ CULTURALI E PAESAGGISTICI,205,"Art. 15, comma 1, lett. i-octies), TUIR, modificato, da ultimo, dall'art. 10, comma 3, del D.L. n. 104 del 2013 convertito dalla L. n. 128 del 2013","Detrazione per erogazioni liberali, a favore degli istituti scolastici di ogni ordine e grado statali e paritari senza scopo di lucro, delle istituzioni dell'alta formazione artistica, musicale e coreutica e delle università, finalizzate a innovazione tecnologica, edilizia scolastica e ampliamento offerta formativa",IRPEF,a regime,Detrazione,"-5,5","-5,5","-5,5",213.533,"-25,7",persone fisiche,!,38
2016,21: TUTELA E VALORIZZAZIONE DEI BENI E ATTIVITA’ CULTURALI E PAESAGGISTICI,206,"Art. 8, comma 3, DL 90/90 convertito dalla legge 165/1990","Non costituiscono attività commerciali le prestazioni aventi per oggetto lo svolgimento di attività didattiche e culturali a carattere nazionale o internazionale svolte da collegi universitari legalmente riconosciuti e posti sotto la vigilanza del Ministero dell’università e della ricerca, comprese le prestazioni relative all’alloggio, al vitto e alla fornitura di libri e materiale didattico.",IRES,a regime,Esclusione dal reddito,Non quantificabile,"-5,5","-5,5",,,Istituti universitari riconosciuti,!,38
2016,21: TUTELA E VALORIZZAZIONE DEI BENI E ATTIVITA’ CULTURALI E PAESAGGISTICI,207,"Art. 1, commi da 145 a 149 L.13 luglio 2015, n. 107, modificato dall'art. 1, comma 231, lett. a), L. 28 dicembre 2015, n. 208,","Credito d'imposta per le erogazioni liberali destinate agli istituti del Sistema nazionale d'istruzione (""School Bonus"")",Credito d'imposta,2018,Credito d'imposta,"-7,5","-15,0","-20,8",,,"persone fisiche, enti non commerciali e soggetti titolari di reddito d'impresa",,38
2016,21: TUTELA E VALORIZZAZIONE DEI BENI E ATTIVITA’ CULTURALI E PAESAGGISTICI,208,"Art. 17 del D.L. n. 185/08 e art. 44 del D.L. n. 78/2010 come modificato, da ultimo, dall'art. 1, comma 14, lettere a) e b), della L. n. 190 del 2014",Detassazione ai fini Irpef sugli emolumenti percepiti da docenti e ricercatori che rientrano in Italia per svolgere la loro attività lavorativa. La misura spetta per il periodo d'imposta in cui si acquisisce la residenza fiscale e per i tre periodi di imposta successivi,IRPEF,2017,Esclusione al 90 %,"-93,9","-93,9","-93,9",4.171,"-22.512,6",Docenti e ricercatori scientifici,!,39
2016,"24: DIRITTI SOCIALI, POLITICHE SOCIALI E FAMIGLIA",209,"Art. 3, comma 3, lett. b), TUIR","Esclusione dalla base imponibile degli assegni periodici destinati al mantenimento dei figli spettanti al coniuge in conseguenza di separazione legale ed effettiva o di annullamento, scioglimento o cessazione degli effetti civili del matrimonio, nella misura in cui risultano da provvedimenti del giudice",IRPEF,a regime,Esclusione dal reddito,"-296,9","-296,9","-296,9",85.646,"-3.466,6",Coniuge separato percettore degli assegni periodici per il mantenimento dei figli,!,39
2016,"24: DIRITTI SOCIALI, POLITICHE SOCIALI E FAMIGLIA",210,"Art. 3, comma 3, lett. d), TUIR",Esclusione dalla base imponibile degli assegni familiari e dell'assegno per il nucleo familiare,IRPEF,a regime,Esclusione dal reddito,"-1.801,5","-1.801,5","-1.801,5",4.339.950,"-415,1",percettore degli assegni familiari,!,39
2016,"24: DIRITTI SOCIALI, POLITICHE SOCIALI E FAMIGLIA",211,"Art. 15, comma 1, lett. f), e comma 2, TUIR, modificato dall'art. 12, comma 1, del D.L. n. 102 del 2013, convertito dalla L. n. 124 del 2013","Detrazione per spese relative a premi assicurativi per morte, invalidità permanente, non autosufficienza",IRPEF,a regime,Detrazione,"-292,8","-292,8","-292,8",5.289.419,"-55,4",persone fisiche,!,39
2016,"24: DIRITTI SOCIALI, POLITICHE SOCIALI E FAMIGLIA",212,"Art.10, comma 1, lett. c), TUIR","Deduzione degli assegni periodici corrisposti al coniuge, ad esclusione di quelli destinati al mantenimento dei figli, in conseguenza di separazione legale ed effettiva, di scioglimento o annullamento del matrimonio, o di cessazione dei suoi effetti civili del matrimonio",IRPEF,a regime,Deduzione,"-249,6","-249,6","-249,6",133.492,"-1.869,8",coniuge che eroga gli assegni,!,39
2016,"24: DIRITTI SOCIALI, POLITICHE SOCIALI E FAMIGLIA",213,"Art. 15, comma 1, lett. c) e lett. c-ter), TUIR",Detrazione per spese relative a mezzi necessari all'accompagnamento e a facilitare l'autosufficienza dei soggetti disabili; detrazione per spese relative a cani guida per non vedenti; detrazione per servizi di interpretariato,IRPEF,a regime,Detrazione,"-60,8","-60,8","-60,8",57.142,"-1.064,0",persone fisiche,!,39
2016,"24: DIRITTI SOCIALI, POLITICHE SOCIALI E FAMIGLIA",214,"Art. 1, comma 335, della Legge n. 266/05; art.2, comma 6, della Legge n. 203/08",Detrazione del 19% per le spese di frequenza degli asili nido,IRPEF,a regime,Detrazione,"-34,6","-34,6","-34,6",318.488,"-108,8",persone fisiche,!,39
2016,"24: DIRITTI SOCIALI, POLITICHE SOCIALI E FAMIGLIA",215,"Art. 15, comma 1, lett. i-septies) e comma 2, TUIR",Detrazione per addetti all'assistenza personale nei casi di non autosufficienza nel compimento degli atti della vita quotidiana,IRPEF,a regime,Detrazione,"-44,0","-44,0","-44,0",120.017,"-366,4",persone fisiche,!,39
2016,"24: DIRITTI SOCIALI, POLITICHE SOCIALI E FAMIGLIA",216,"Art. 10, comma 1, lett.d), TUIR","Deduzione degli assegni periodici, corrisposti in forza di testamento o donazione modale e, se risultanti da provvedimenti di autorità giudiziaria, gli assegni alimentari corrisposti alle persone indicate nell'art. 433 del codice civile",IRPEF,a regime,Deduzione,"-5,9","-5,9","-5,9",100.702,"-58,8",familiare che eroga gli assegni,!,39
2016,"24: DIRITTI SOCIALI, POLITICHE SOCIALI E FAMIGLIA",217,"Art. 10, comma 1, lett. l-bis), TUIR",Deduzione delle spese sostenute dai genitori adottivi per l'espletamento della procedura di adozione,IRPEF,a regime,Deduzione,"-5,9","-5,9","-5,9",100.702,"-58,8",persone fisiche,!,39
2016,"24: DIRITTI SOCIALI, POLITICHE SOCIALI E FAMIGLIA",218,"Art. 15, comma 1, lett. l-quater , TUIR",Detrazione spese mantenimento cani guida,IRPEF,a regime,Detrazione,"-0,3","-0,3","-0,3",560,"-517,9",persone fisiche,!,39
2016,"24: DIRITTI SOCIALI, POLITICHE SOCIALI E FAMIGLIA",219,"Art. 15, comma 1, lett. d), TUIR, sostituita dall'art. 1, comma 954, lettera a), della L. n. 208 del 205",Detrazione spese funebri,IRPEF,a regime,Detrazione,"-122,9","-122,9","-122,9",437.697,"-280,8",persone fisiche,!,39
2016,"24: DIRITTI SOCIALI, POLITICHE SOCIALI E FAMIGLIA",220,"Art. 10, comma 1, lett. h), TUIR",Deduzione dell'indennità per perdita di avviamento corrisposte per disposizioni di legge al conduttore in caso di cessazione di locazione di immobili urbani adibiti ad usi diversi da quello di abitazione,IRPEF,a regime,Deduzione,"-5,9","-5,9","-5,9",100.702,"-58,8",persone fisiche,!,39
2016,"24: DIRITTI SOCIALI, POLITICHE SOCIALI E FAMIGLIA",221,"Art. 10, comma 1, lett. l-ter), TUIR",Deduzione delle erogazioni liberali in denaro per il pagamento degli oneri difensivi dei soggetti ammessi al patrocinio a spese dello Stato,IRPEF,a regime,Deduzione,"-5,9","-5,9","-5,9",100.702,"-58,8",persone fisiche,!,39
2016,"24: DIRITTI SOCIALI, POLITICHE SOCIALI E FAMIGLIA",222,"Art. 11, comma 2-bis, TUIR",Esenzione dall'IRPEF in presenza solo di redditi fondiari di importo non superiore a 500 euro,IRPEF,a regime,Esenzione,"-3,3","-3,3","-3,3",,,Titolari di redditi fondiari inferiori o pari a 500 euro,!,39
2016,"24: DIRITTI SOCIALI, POLITICHE SOCIALI E FAMIGLIA",223,"Art. 11, comma 2, TUIR","Esenzione dalla tassazione dei redditi di terreni fino a euro 185,92 per soggetti titolari di redditi di pensione fino a 7.500 euro",IRPEF,a regime,Esenzione,"-3,8","-3,8","-3,8",,,Titolari di trattamenti pensionistici fino a 7.500 euro,!,39
2016,"24: DIRITTI SOCIALI, POLITICHE SOCIALI E FAMIGLIA",224,"Art. 6, D.P.R. 601/1973","L'IRES è ridotta alla metà nei confronti di: a) enti e istituti di assistenza sociale, società di mutuo soccorso, enti ospedalieri, enti di assistenza e beneficenza; b) istituti di istruzione e istituti di studio e sperimentazione di interesse generale che non hanno fine di lucro, corpi scientifici, accademie, fondazioni e associazioni storiche, letterarie, scientifiche, di esperienze e ricerche aventi scopi esclusivamente culturali; c) enti il cui fine è equiparato per legge ai fini di beneficenza o di istruzione; d) istituti autonomi per le case popolari, comunque denominati, e loro consorzi nonché enti aventi le stesse finalità sociali dei predetti Istituti, istituiti nella forma di società che rispondono ai requisiti della legislazione dell'Unione europea in materia di ""in house providing"" e che siano costituiti e operanti alla data del 31 dicembre 2013",IRES,a regime,Riduzione d'imposta,"-148,4","-148,4","-148,4",13.783,"-10.764,2","Enti di assistenza e beneficenza, istituti di istruzione e istituti per le case popolari",!,40
2016,"24: DIRITTI SOCIALI, POLITICHE SOCIALI E FAMIGLIA",225,Art. 20 del D.L. n. 269/2003,Contributo sotto forma di sconto sul prezzo di vendita pari al 20 % per acquisto di autoambulanze e mezzi antincendio da parte di associazioni di volontariato e ONLUS. Il contributo è anticipato dal venditore ed è a quest’ultimo rimborsato sotto forma di credito di imposta,Credito d’imposta,a regime,Credito d’imposta,"-11,7","-11,7","-11,7",133,"-87.969,9","Associazioni di volontariato iscritte nei registri di cui all'articolo 6 della legge 11 agosto 1991, n. 266, e organizzazioni non lucrative di utilita' sociale (ONLUS)",!,40
2016,"24: DIRITTI SOCIALI, POLITICHE SOCIALI E FAMIGLIA",226,"Art. 13, commi 2 e 3, del D.Lgs n.460/97",Non si considerato destinati a finalità estranee all’esercizio dell’impresa le cessioni gratuite alle ONLUS di derrate alimentari e prodotti farmaceutici alla cui produzioni o al cui scambio è diretta l’attività dell’impresa (c.2) Non si considerano destinati a finalità estranee all’esercizio di impresa i beni non di lusso diversi da quelli indicati al c. 2 alla cui produzione o scambio è diretta all’attività dell’impresa ceduti gratuitamente alle ONLUS (c.3),IRES,a regime,Esclusione dal reddito,Effetti di trascurabile entità,"-11,7","-11,7",,,"Imprese, società e enti",!,40
2016,"24: DIRITTI SOCIALI, POLITICHE SOCIALI E FAMIGLIA",227,Art. 54 della Legge n.342/2000,"Non si considerano destinati a finalità estranee all’esercizio d’impresa e sono considerati distrutti ai fini IVA, i prodotti editoriali e le dotazioni informatiche ceduti gratuitamente a enti locali ed enti religiosi, ecc.",IRES,a regime,Esclusione dal reddito ed esenzione con diritto alla detrazione dell'IVA a monte,Non quantificabile,"-11,7","-11,7",,,"Enti locali, agli istituti di prevenzione e pena, alle istituzioni scolastiche, agli orfanotrofi ed enti religiosi",!,40
2016,"24: DIRITTI SOCIALI, POLITICHE SOCIALI E FAMIGLIA",228,Art. 92 della Legge n. 289/02,Esenzione dal pagamento dell’imposta sugli intrattenimenti per lo svolgimento occasionale delle attività indicate nella tariffa allegata al DPR n.640 del 1972 a favore dei centri sociali per anziani,IRES,a regime,Esenzione imposta sugli intrattenimenti,Non quantificabile,"-11,7","-11,7",,,"Centri sociali per anziani gestiti da ONLUS, da ass. o enti di prom. sociale, da fondazioni o enti di patronato, da org. di volontariato nonché da altri soggetti le cui finalità rientrino nei principi generali del sistema integrato di interventi sociali",!,40
2016,"24: DIRITTI SOCIALI, POLITICHE SOCIALI E FAMIGLIA",229,"Art. 1, c. 392-395, della legge n. 208/2015",Credito d'imposta per il contrasto alla povertà minorile,Credito d'imposta,2018,Credito d'imposta,"-100,0","-100,0","0,0",,,fondazioni bancarie,,40
2016,"24: DIRITTI SOCIALI, POLITICHE SOCIALI E FAMIGLIA",230,"Articolo 54, comma 8-bis,TUIR","Determinazione del reddito di lavoro autonomo di volontari e cooperanti, sulla base di retribuzioni convenzionali stabilite da MAE di concerto Min Lavoro",IRPEF,a regime,Riduzione dell'imponibile,Non quantificabile,"-100,0","0,0",,,Cooperanti ONLUS,!,40
2016,"24: DIRITTI SOCIALI, POLITICHE SOCIALI E FAMIGLIA",231,"Art. 14, comma 1, del D.L. n. 35/05","Deduzione delle erogazioni liberali in denaro e in natura a favore degli enti del cd. terzo settore (Onlus, Ong, organismi di volontariato etc etc) nel limte del 10 per cento del reddito complessivo e comunque nella misura massima di 70.000 euro annui",IRPEF \ IRES,a regime,Deduzione,"-78,1","-78,1","-78,1",667.134,"-117,1",persone fisiche e soggetti IRES,!,40
2016,"24: DIRITTI SOCIALI, POLITICHE SOCIALI E FAMIGLIA",232,"Art. 15, comma 1.1, TUIR, modificato, da ultimo, dall'art. 1, comma 137, lettera a), della L. n. 190 del 2014",Detrazione per erogazioni liberali in denaro a favore delle ONLUS e di altre persone giuridiche individuate con apposito decreto che svolgono attività umanitarie.,IRPEF,a regime,Detrazione,"-62,6","-62,6","-62,6",758.253,"-82,6",persone fisiche,!,40
2016,"24: DIRITTI SOCIALI, POLITICHE SOCIALI E FAMIGLIA",233,"Art. 10, comma 1, lett. i), TUIR",Deduzione delle erogazioni liberali in denaro a favore dell'Istituto centrale per il sostentamento del clero della Chiesa Cattolica italiana,IRPEF,a regime,Deduzione,"-62,6","-62,6","-62,6",758.253,"-82,6",persone fisiche,!,40
2016,"24: DIRITTI SOCIALI, POLITICHE SOCIALI E FAMIGLIA",234,"Art. 10, comma 1, lett. l), TUIR","Deduzione delle erogazioni liberali iin denaro a favore dell'Unione delle Chiese Avventiste del 7° giorno, delle Assemblee di Dio in Italia edella Tavola Valdese",IRPEF,a regime,Deduzione,"-62,6","-62,6","-62,6",758.253,"-82,6",persone fisiche,!,40
2016,"24: DIRITTI SOCIALI, POLITICHE SOCIALI E FAMIGLIA",235,Art. 16 della legge n. 116 del 1995,Deduzione erogazioni liberali in denaro in favore dell'Unione Cristiana Evangelica Battista d'Italia,IRPEF,a regime,Deduzione,"-6,1","-6,1","-6,1",77.718,"-78,5",persone fisiche,!,41
2016,"24: DIRITTI SOCIALI, POLITICHE SOCIALI E FAMIGLIA",236,"Art. 26, comma 2, legge n. 520 del 1995",Deduzione erogazioni liberali in denaro in favore della Chiesa Evangelica Luterana in Italia,IRPEF,a regime,Deduzione,"-6,1","-6,1","-6,1",77.718,"-78,5",persone fisiche,!,41
2016,"24: DIRITTI SOCIALI, POLITICHE SOCIALI E FAMIGLIA",237,"Art. 30, comma 2, della L. n. 101 del 1989 sostituito dall'art. 4 della L. n. 638 del 1996",Deduzione dei contributi annuali versati alle Unioni Comunità Ebraiche Italiane,IRPEF,a regime,Deduzione,"-6,1","-6,1","-6,1",77.718,"-78,5",persone fisiche,!,41
2016,"24: DIRITTI SOCIALI, POLITICHE SOCIALI E FAMIGLIA",238,"Art. 11 del D.L. n. 149 del 2013, convertito dalla L. n. 13 del 2014",Detrazione per erogazioni liberali in denaro a favore di partiti politici iscritti nella prima sezione del registro nazionale dei partiti politici,IRPEF,a regime,Detrazione,"-6,3","-6,3","-6,3",11.575,"-543,4",persone fisiche,!,41
2016,"24: DIRITTI SOCIALI, POLITICHE SOCIALI E FAMIGLIA",239,Art. 11 D.L. n. 149/2013,"Detrazione del 26% delle erogazioni liberali in denaro ai partiti politici per importi compresi tra 30 euro e 30.000 euro annui. Sono esclusi gli enti nei quali vi sia una partecipazione pubblica o i cui titoli siano negoziati in mercati regolamentati nonché le società ed enti che controllano tali soggetti, nonché le società concessionarie dello Stato o di enti pubblici, per la durata del rapporto di concessione.",IRES,A regime,Detrazione,"-0,5","-0,5","-0,5",245,"-2.040,8","Soggetti Ires (art. 73, co. 1, lett. a e b) del Tuir",,41
2016,"24: DIRITTI SOCIALI, POLITICHE SOCIALI E FAMIGLIA",240,"Art. 10, comma 1, lett. g), TUIR","Deduzione delle oblazioni, donazioni e contributi in favore delle organizzazioni non governative",IRPEF,a regime,Deduzione,"-3,3","-3,3","-3,3",44.527,"-74,3",persone fisiche,!,41
2016,"24: DIRITTI SOCIALI, POLITICHE SOCIALI E FAMIGLIA",241,"Art.15, comma 1, lett. i-quater), TUIR",Detrazione per erogazioni liberali in denaro a favore delle associazioni di promozione sociale iscritte negli appositi registri,IRPEF,a regime,Detrazione,"-2,3","-2,3","-2,3",61.721,"-37,3",persone fisiche,!,41
2016,"24: DIRITTI SOCIALI, POLITICHE SOCIALI E FAMIGLIA",242,"Art. 15, comma 1, lett. c-bis), TUIR",Detrazione spese veterinarie,IRPEF,a regime,Detrazione,"-20,1","-20,1","-20,1",681.625,"-29,4",persone fisiche,!,41
2016,"24: DIRITTI SOCIALI, POLITICHE SOCIALI E FAMIGLIA",243,"Art. 8, comma 4, legge 266/1991 (legge quadro sul volontariato)","Non imponibilità ai fini delle imposte sui redditi dei proventi derivanti da attività commerciali e produttive marginali come individuate con DM 25 maggio 1995, qualora sia documentato il loro totale impiego per i fini istituzionali dell’organizzazione di volontariato.",IRES,a regime,Esclusione dal reddito,Non quantificabile,"-20,1","-20,1",,,Organizzazioni di volontariato,!,41
2016,"24: DIRITTI SOCIALI, POLITICHE SOCIALI E FAMIGLIA",244,Art. 20 legge 383/2000,"Non è considerata commerciale, così come per gli associati, la cessione di beni e la prestazione di servizi resa da associazioni di promozione sociale nei confronti dei familiari conviventi degli associati.",IRES,a regime,Esclusione dal reddito,Non quantificabile,"-20,1","-20,1",,,Associazioni di promozione sociale,!,41
2016,"24: DIRITTI SOCIALI, POLITICHE SOCIALI E FAMIGLIA",245,Art. 21 legge 383/2000,Esclusione dalla base imponibile ai fini dell' imposta sugli intrattenimenti delle quote e dei contributi corrisposti alle associazioni di promozione sociale,IRES,a regime,Non imponibilità ai fini dell'imposta sugli intrattenimenti,Non quantificabile,"-20,1","-20,1",,,Associazioni di promozione sociale,!,41
2016,"24: DIRITTI SOCIALI, POLITICHE SOCIALI E FAMIGLIA",246,"Art. 1 bis, comma 3, della Legge n. 1216/61","Esenzione da qualsiasi tassa e imposta indiretta e formalità di registrazione operazioni ed atti , pagamento risarcimento vittime della strada e rapporti tra CONSAP ed imprese assicuratrici per responsabilità civile veicoli e natanti",REGISTRO,a regime,Esenzione,"-1,0","-1,0","-1,0",,,Vittime della strada e loro familiari,!,41
2016,"24: DIRITTI SOCIALI, POLITICHE SOCIALI E FAMIGLIA",247,"Art. 13-bis, comma 1, del D.P.R. n. 641/72",Esenzione dalle tasse sulle concessioni governative gli atti e i provvedimenti concernenti le ONLUS e le società e associazioni sportive dilettantistiche,CC.GG.,a regime,Esenzione,"-1,0","-1,0","-1,0",,,Onlus ed enti analoghi,!,41
2016,"24: DIRITTI SOCIALI, POLITICHE SOCIALI E FAMIGLIA",248,"Art. 13-bis, comma 1-bis, del D.P.R. n. 641/72","Esenzione dalle tasse sulle concessioni governative gli atti costitutivi, gli statuti ed ogni altro atto necessario per l’adempimento di obblighi dei movimenti o partiti politici, derivanti da disposizioni legislative o regolamentari",CC.GG.,a regime,Esenzione,"-1,0","-1,0","-1,0",,,Partiti e movimenti politici,!,41
2016,"24: DIRITTI SOCIALI, POLITICHE SOCIALI E FAMIGLIA",249,Nota sub punto 3 all’art. 21 della tariffa allegata al D.P.R. n. 641/72,Esenzione da tasse sulle concessioni governative e licenze o i documenti sostitutivi intestati ad invalidi a seguito di perdita anatomica o funzionale di entrambi gli arti inferiori nonchè a non vedenti e a sordi,CC.GG.,a regime,Esenzione,"-0,5","-0,5","-0,5",,,Invalidi,!,41
2016,"24: DIRITTI SOCIALI, POLITICHE SOCIALI E FAMIGLIA",250,"Art.2, comma 26, della Legge n.191/09",Le vittime di atti di terrorismo e delle stragi di tale matrice e i loro superstiti che siano stati parti in causa in un procedimento giurisdizionale comunque dipendente da atti di terrorismo o strage di tale matrice sono esenti dall'obbligo di pagamento dell'imposta di registro e da ogni altra imposta.,IMPOSTA DI REGISTRO E ALTRE,a regime,Esenzione,"-0,2","-0,2","-0,2",,,Vittime del terrorismo e loro familiari,!,41
2016,"24: DIRITTI SOCIALI, POLITICHE SOCIALI E FAMIGLIA",251,Art.1 OPCM del 13 agosto 2010,"Esenzione da imposta sulle sucessioni, ipotecaria e catastale, di bollo e dalle altre tasse e diritti per i parenti di primo grado delle persone decedute a causa del sisma del 6 aprile 2009 nella regione Abruzzo","IMPOSTA SULLE SUCCESSIONI, IPOCATASTALI, BOLLO E ALTRE",a regime,Esenzione,"-0,5","-0,5","-0,5",,,Eredi di primo grado,!,42
2016,"24: DIRITTI SOCIALI, POLITICHE SOCIALI E FAMIGLIA",252,"Articolo unico della legge 2 aprile 1958, n. 319 (come sostituito dall'art. 10 della legge 11 agosto 1973, n. 533)","Esenzione, senza limiti di valore, da imposta di bollo, di registro e ogni spesa, tassa o diritto di qualsiasi specie e natura per atti, documenti e provvedimenti relativi alle cause per le controversie individuali di lavoro o concernenti rapporti di pubblico impiego","IMPOSTA DI BOLLO, REGISTRO E ALTRE",a regime,Esenzione,"-11,6","-11,6","-11,6",,,"Per quanto riguarda l'imposta di bollo, esenzione superata poiché l'articolo 37 del D.L: 6 luglio 2011 n. 98 conveertito dalla L. 15 luglio 2011 n. 111 ha previsto che in questi casi si applichi il contributo unificato per spese giudiziarie.",!,42
2016,"24: DIRITTI SOCIALI, POLITICHE SOCIALI E FAMIGLIA",253,"Art. 82, primo comma, della legge 4 maggio 1983, n. 184","Esenzione da imposte di bollo, di registro e ogni altra spesa, tassa o diritto per gli atti, documenti e provvedimenti relativi a procedure di affidamento e adozione di minori","IMPOSTA DI BOLLO, REGISTRO E ALTRE",a regime,Esenzione,"-1,0","-1,0","-1,0",,,Famiglie,!,42
2016,"24: DIRITTI SOCIALI, POLITICHE SOCIALI E FAMIGLIA",254,"Art. 19 della legge 6 marzo 1987, n.74","Esenzione da imposta di bollo, di registro e ogni altra tassa per i procedimenti di scioglimento di matrimonio e procedimenti anche esecutivi e cautelari diretti ad ottenere la corresponsione o la revisione degli assegni","IMPOSTA DI BOLLO, REGISTRO E ALTRE",a regime,Esenzione,"-4,2","-4,2","-4,2",,,"Per quanto riguarda l'imposta di bollo, ora confluita nella esenzione dal contributo unificato spese giudiziarie",!,42
2016,"24: DIRITTI SOCIALI, POLITICHE SOCIALI E FAMIGLIA",255,"Art. 67 della legge 21 novembre 2000, n. 342",Esenzione da imposte e tasse per i trasferimenti di beni mobili e immobili posti in essere dall'Associazione nazionale fra mutilati ed invalidi di guerra a favore della Fondazione dell'associazione nazionale fra mutilati e invalidi di guerra,"IMPOSTA DI BOLLO, REGISTRO E ALTRE",a regime,Esenzione,Non quantificabile,"-4,2","-4,2",,,Associazione nazionale e Fonadazione mutilati ed invalidi di guerra,!,42
2016,"24: DIRITTI SOCIALI, POLITICHE SOCIALI E FAMIGLIA",256,"Art. 7 della legge 4 aprile 2001, n. 154","Esenzione da bollo e ogni altra imposta e tassa nonchè dall'obbligo della richiesta di registrazione per gli atti, documenti e provvedimenti relativi all'azione civile contro la violenza nelle relazioni familiari, nonché i procedimenti anche esecutivi e cautelari diretti a ottenere la corresponsione dell'assegno di mantenimento previsto dal comma 3 dell'articolo 282-bis del codice di procedura penale e dal secondo comma dell'articolo 342-ter del codice civile","IMPOSTA DI BOLLO, REGISTRO E ALTRE",a regime,Esenzione,Non quantificabile,"-4,2","-4,2",,,"Per quanto riguarda l'imposta di bollo, ora confluita nella esenzione dal contributo unificato",!,42
2016,"24: DIRITTI SOCIALI, POLITICHE SOCIALI E FAMIGLIA",257,"Art. 73 della legge 14 maggio 1981, n. 219","Esenzione da imposte e tributi per le domande, gli atti, i provvedimenti, i contratti, comunque relativi all'attuazione delle leggi per la ricostruzione e lo sviluppo delle zone colpite dal terremoto del novembre 1980 e del febbraio 1981 e qualsiasi documentazione diretta a conseguirne i benefici","IMPOSTA DI BOLLO, REGISTRO E ALTRE","a regime, ma incide in modo residuale",Riduzione dell'imponibile,"-0,5","-0,5","-0,5",,,Privati ed enti colpiti da eventi sismici,!,42
2016,"24: DIRITTI SOCIALI, POLITICHE SOCIALI E FAMIGLIA",258,"Art. 28 della legge 5 ottobre 1962, n. 1431;",Esenzione da imposte e tributi per gli atti relativi a ricostruzione e rinascita delle zone colpite dal terremoto dell'agosto del 1962,"IMPOSTA DI BOLLO, REGISTRO E ALTRE","a regime, ma incide in modo residuale",Esenzione,"-0,5","-0,5","-0,5",,,Privati ed enti colpiti da eventi sismici,!,42
2016,"24: DIRITTI SOCIALI, POLITICHE SOCIALI E FAMIGLIA",259,Legge n. 266 del 1991,Esenzione da imposte di bollo e di registro per gli atti costitutivi e connessi allo svolgimento delle attività di volontariato nonché per le donazioni disposte in loro favore,IMPOSTA DI BOLLO E DI REGISTRO,a regime,Esenzione,Non quantificabile,"-0,5","-0,5",,,Volontariato,!,42
2016,25: POLITICHE PREVIDENZIALI,260,"Art. 3, comma 2, art.4, comma 4 e art. 8, comma 2, della Legge n. 206/04",Esenzione dall'IRPEF delle pensioni e delle indennità corrisposte alle vittime del terrorismo e delle stragi di tale matrice,IRPEF,a regime,Esenzione,"-3,6","-3,6","-3,6",,,Vittime del terrorismo e delle stragi di tale matrice,!,42
2016,25: POLITICHE PREVIDENZIALI,261,"Art. 52, comma 1, lett. d-bis, del TUIR","Sui lavori socialmente utili svolti da soggetti che hanno raggiunto l'età per la pensione di vecchiaia e che hanno un reddito complessivo non superiore a € 9296,22 al netto del reddito derivante dall'abitazione principale, si applica, sulla parte dei lavori socialmente utili che eccede € 3098,74, l'aliquota del 23%, maggiorata delle addizionali vigenti",IRPEF,a regime,Tassazione agevolata,Effetti di trascurabile entità,2018,2019,297,,Percettori redditi assimilati,!,43
2016,25: POLITICHE PREVIDENZIALI,262,"art. 76 della legge 30 dicembre 1991, n. 413","Le rendite corrisposte in Italia da parte della assicurazione invalidità, vecchiaia e superstiti Svizzera (AVS), maturata sulla base anche di contributi previdenziali tassati alla fonte in Svizzera, sono assoggettate a ritenuta unica del 5 per cento da parte degli istituti italiani, quali sostituti d'imposta, per il cui tramite l'AVS Svizzera le eroga ai beneficiari in Italia",Imposizione sostitutiva,,Imposizione sostitutiva,Non quantificabile,2018,2019,,,Pensionati ex frontalieri in Svizzera,!,43
2016,25: POLITICHE PREVIDENZIALI,263,Tariffa speciale Allegato B - Legge n. 1216/61 Art.2,"Impiegati dello Stato. Contratti relativi alle assicurazioni integrative degli impiegati civili e militari dello Stato di cui alla legge 7 aprile 1930, n. 456",IMPOSTA SULLE ASSICURAZIONI,A regime,Riduzione imposta,Non quantificabile,2018,2019,,,Impiegati dello Stato,!,43
2016,25: POLITICHE PREVIDENZIALI,264,"Art. 10, comma 2, TUIR",Deduzione dei contributi previdenziali versati per gli addetti ai servizi domestici e all'assistenza personale e familiare,IRPEF,a regime,Deduzione,"-128,4","-128,4","-128,4",583.595,"-220,0",persone fisiche,!,43
2016,25: POLITICHE PREVIDENZIALI,265,"Articolo 2, comma 5-bis, DLGS n. 184 del 1997",Deduzione a favore dell'interessato ovvero detrazione a favore dei soggetti di cui l'interessato risulta essere a carico dei contributi versati per il riscatto del periodo di corso di laurea,IRPEF,a regime,Deduzione /Detrazione,"-3,9","-3,9","-3,9",7.716,"-504,1",persone fisiche,!,43
2016,26: POLITICHE PER IL LAVORO,266,"Art. 13, comma 1-bis, del TUIR, introdotto dall'art. 1, comma 1, del D.L. n. 66 del 2014 convertito dalla L. n. 89 del 2014, sostituito dall'art. 1, comma 12, della L. n. 190 del 2014",Erogazione di un credito ai titolari di redditi di lavoro dipendente e di taluni assimilati di importo non superiore a 26.000 euro (Bonus 80 euro).,IRPEF,,Bonus,"-9.225,0","-9.225,0","-9.225,0",,,Lavoratori dipendenti,,43
2016,26: POLITICHE PER IL LAVORO,267,"Art. 1, commi da 182 a 189, della L. n. 208 del 2015","Detassazione premi di produttività. Applicazione di una imposta sostitutiva del 10 per cento sulle somme, fino ad un massimo di 2000/2500 euro, corrisposte ai lavoratori dipendenti del settore privato con limite reddituale di accesso al beneficio di 50.000 euro.",IRPEF,a regime,Imposta sostitutiva,"-584,0","-584,0","-584,0",,,Lavoratori dipendenti del settore privato con reddito di lavoro dipendente non superiore a 50.000 euro,,43
2016,26: POLITICHE PER IL LAVORO,268,"Art. 34, D.P.R. n. 601 del 1973","Esenzione dall'IRPEF: (comma 1) delle pensioni di guerra di ogni tipo, delle relative indennità accessorie, degli assegni connessi alle pensioni privilegiate ordinarie, delle pensioni connesse alle decorazioni dell'ordine militare d'Italia, nonché delle pensioni privilegiate ordinarie corrisposte ai militari di leva e delle pensioni tabellari spettanti per menomazioni subite durante il servizio di leva obbligatorio; (comma 2) della pensione reversibile, della tredicesima mensilità e delle indennità di accompagnamento, percepite dai ciechi civili ai sensi della legge 27 maggio 1970, n. 382; (comma 3) dei sussidi corrisposti dallo Stato e da altri enti pubblici a titolo assistenziale.",IRPEF,a regime,Esenzione,"-2.438,0","-2.438,0","-2.438,0",4.322.667,"-564,0",Titolari di trattamenti pensionistici,!,43
2016,26: POLITICHE PER IL LAVORO,269,"Art. 1, comma 175, della L. n. 147 del 2015 coordinato con l'art. 1, comma 690, della L. n. 190 del 2014","Esclusione dalla tassazione dei redditi di importo fino a 7,500 euro - frontalieri",IRPEF,A regime,Esclusione dal reddito,"-24,9","-24,9","-24,9",9.901,"-2.514,9",Frontalieri,!,43
2016,26: POLITICHE PER IL LAVORO,270,"Legge 26 luglio 1975, n. 386 Accordo Italo Svizzero",La remunerazione che un lavoratore frontaliero (residente entro 20 KM dal confine svizzero) riceve in corrispettivo di una attività dipendente sono imponibili soltanto nello Stato in cui tale attività è svolta,IRPEF,A regime,Riduzione dell'imponibile,"-338,7","-338,7","-338,7",58.813,"-5.758,9",La Svizzera versa una compensazione finanziaria ai comuni italiani di residenza,!,43
2016,26: POLITICHE PER IL LAVORO,271,Art. 3 del D.P.R. n. 601/73,"Esenzione dall'IRPEF delle retribuzioni di qualsiasi natura, le pensioni e le indennità di fine rapporto corrisposte dalla Santa Sede e dagli enti dalla stessa gestiti ai propri dipendenti",IRPEF,a regime,Esenzione,"-10,2","-10,2","-10,2",,,Titolari di redditi corrisposti dalla Santa Sede,!,43
2016,26: POLITICHE PER IL LAVORO,272,"Art. 67, comma 1, lett. m) e Art.69, comma 2, TUIR","Tassazione agevolata delle indennità di trasferta, dei rimborsi forfetari di spesa, dei premi e dei compensi erogati ai direttori artistici e ai collaboratori tecnici per prestazioni di natura non professionale da parte di cori, bande e filodrammatiche che perseguono finalità dilettantistiche, e quelli erogati nell'esercizio diretto di attività sportive dilettantistiche dal CONI, dalle federazioni sportive nazionali, dall'UNIRE, dagli enti di promozione sportiva e da qualunque organismo comunque denominato che persegua finalità sportive dilettantistiche",IRPEF,a regime,Esclusione dal reddito,"-363,0","-363,0","-363,0",528.134,"-687,3",Titolari di alcune tipologie di redditi diversi,!,43
2016,26: POLITICHE PER IL LAVORO,273,"Art. 10, comma 1, lett. f), TUIR","Deduzione delle somme corrisposte ai dipendenti, chiamati ad adempiere funzioni presso gli uffici elettorali",IRPEF,a regime,Deduzione,"-5,9","-5,9","-5,9",,,persone fisiche,!,44
2016,26: POLITICHE PER IL LAVORO,274,"Art. 17, comma 1, lett.l), del TUIR","Assoggettamento a tassazione separata dei redditi compresi nelle somme attribuite o nel valore normale dei beni assegnati ai soci delle società indicate nell'art. 5 nei casi di recesso, esclusione e riduzione del capitale o agli eredi in caso di morte del socio, e redditi imputati ai soci in dipendenza di liquidazione, anche concorsuale, delle società stesse, se il periodo di tempo intercorso tra la costituzione della società e la comunicazione del recesso o dell'esclusione, la deliberazione di riduzione del capitale, la morte del socio o l'inizio della liquidazione è superiore a cinque anni",IRPEF,a regime,Tassazione separata con aliquota del biennio precedente,"-2,8","-2,8","-2,8",923,"-3.033,6",Percettori degli emolumenti,!,44
2016,26: POLITICHE PER IL LAVORO,275,"Art. 17, comma 1, lett.i), del TUIR","Assoggettamento a tassazione separata delle indennità spettanti a titolo di risarcimento, anche in forma assicurativa, dei danni consistenti nella perdita di redditi relativi a più anni",IRPEF,a regime,Tassazione separata con aliquota del biennio precedente,"-1,1","-1,1","-1,1",882,"-1.247,2",Percettori degli emolumenti,!,44
2016,26: POLITICHE PER IL LAVORO,276,"Art. 17, comma 1, lett.n), del TUIR","Assoggettamento a tassazione separata dei redditi compresi nelle somme o nel valore normale dei beni attribuiti alla scadenza dei contratti e dei titoli di cui alle lettere a), b), f) e g) del comma 1 dell'art. 44, quando non sono soggetti a ritenuta alla fonte a titolo di imposta o ad imposta sostitutiva, se il periodo di durata del contratto o del titolo è superiore a cinque anni",IRPEF,a regime,Tassazione separata con aliquota del biennio precedente,"-0,5","-0,5","-0,5",488,"-1.024,6",Percettori degli emolumenti,!,44
2016,26: POLITICHE PER IL LAVORO,277,"Art. 17, comma 1, lett.g-ter), del TUIR","Assoggettamento a tassazione separata dei corrispettivi di cui all'art. 54, comma 1- quater, se percepiti in unica soluzione",IRPEF,a regime,Tassazione separata con aliquota del biennio precedente,"-0,5","-0,5","-0,5",357,"-1.400,6",Percettori degli emolumenti,!,44
2016,26: POLITICHE PER IL LAVORO,278,"Art. 17, comma 1, lett. b), del TUIR",Assoggettamento a tassazione separata degli arretrati di lavoro dipendente,IRPEF,a regime,Tassazione separata con aliquota del biennio precedente,"-241,6","-241,6","-241,6",4.001.266,"-60,4",Percettori degli emolumenti,!,44
2016,26: POLITICHE PER IL LAVORO,279,"Art. 17, comma 1, lett. c-bis), del TUIR","Assoggettamento a tassazione separata delle indennità di mobilità e del trattamento di integrazione salariale, corrisposti anticipatamente",IRPEF,a regime,Tassazione separata con aliquota del biennio precedente,Non quantificabile,"-241,6","-241,6",,,Percettori degli emolumenti,!,44
2016,26: POLITICHE PER IL LAVORO,280,"Art. 17, comma 1, lett.n-bis), del TUIR","Assoggettamento a tassazione separata delle somme conseguite a titolo di rimborso di imposte o di oneri dedotti dal reddito complessivo o per i quali si è fruito della detrazione in periodi di imposta precedenti. La presente disposizione non si applica alle spese rimborsate di cui all'art. 15, comma 1, lett. c), quinto e sesto periodo",IRPEF,a regime,Tassazione separata con aliquota del biennio precedente,"-1,3","-1,3","-1,3","22.643,00","-56,5",Percettori degli emolumenti,!,44
2016,26: POLITICHE PER IL LAVORO,281,"Art. 51, comma 2, lett. c), del TUIR, modificato dall'art. 1, comma 16, della L. n. 190 del 2014","Non concorrono a formare il reddito le somministrazioni di vitto da parte del datore di lavoro, quelle in mense organizzate direttamente dal datore di lavoro o gestite da terzi nonché le prestazioni e le indennità sostitutive, nelle ipotesi previste dalle norme, nel limite di € 5,29, aumentato a 7 € nel caso in cui le stesse siano rese in forma elettronica",IRPEF,a regime,Esclusione dal reddito,"-570,8","-570,8","-570,8",,,Lavoratori dipendenti,!,44
2016,26: POLITICHE PER IL LAVORO,282,"Art. 51, comma 2, lett. d), del TUIR",Non concorrono a formare il reddito le prestazioni di servizi di trasporto collettivo rese alla generalità o a categorie di dipendenti; anche se affidate a terzi ivi compresi gli esercenti servizi pubblici.,IRPEF,a regime,Esclusione dal reddito,Non quantificabile,"-570,8","-570,8",,,Lavoratori dipendenti,!,44
2016,26: POLITICHE PER IL LAVORO,283,"Art. 51, comma 2, lett. e), del TUIR","Non concorrono a formare il reddito i compensi reversibili delle indennità e ai compensi percepiti a carico di terzi dai prestatori di lavoro dipendente per incarichi svolti in relazione a tale qualità, nonché delle indennità, i gettoni di presenza e gli altri compensi corrisposti dallo Stato, dalle regioni, dalle province e dai comuni per l'esercizio di pubbliche funzioni.",IRPEF,a regime,Esclusione dal reddito,Non quantificabile,"-570,8","-570,8",,,Lavoratori dipendenti,!,44
2016,26: POLITICHE PER IL LAVORO,284,"Art. 51, comma 2, lett. f), del TUIR, sostituita dall'art. 1, comma 190, lettera a), n. 1, della L. n. 208 del 2015","Non concorrono a formare il reddito l'utilizzazione delle opere e dei servizi riconosciuti dal datore di lavoro volontariamente o in conformità di disposizioni di contratto, accordo o regolamento aziendale, offerti alla generalità dei dipendenti, categorie di dipendenti o familiari di cui all'art. 12 del TUIR per le finalità di cui al comma 1 dell'art. 100 del citato TUIR.",IRPEF,a regime,Esclusione dal reddito,Non quantificabile,2018,2019,,,Lavoratori dipendenti,!,45
2016,26: POLITICHE PER IL LAVORO,285,"Art. 51, comma 2, lett. f-bis, del TUIR, sostituita, da ultimo, dall'art. 1, comma 190, lettera a), n. 2, della L. n. 208 del 2015","Non concorrono a formare il reddito le somme, i servizi e le prestazioni erogati dal datore di lavoro alla generalità dei dipendenti o a categorie di dipendenti per la fruizione, da parte dei familiari indicati nell'articolo 12, dei servizi di educazione e istruzione anche in età prescolare, compresi i servizi integrativi e di mensa ad essi connessi, nonché per la frequenza di ludoteche e di centri estivi e invernali e per borse di studio a favore dei medesimi familiari",IRPEF,a regime,Esclusione dal reddito,Non quantificabile,2018,2019,,,Lavoratori dipendenti,!,45
2016,26: POLITICHE PER IL LAVORO,286,"Art. 51, comma 2, lett. f-ter, del TUIR inserita dall'art. 1, comma 190, lettera a), n. 3, della L. n. 208 del 2015",Non concorrono a formare il reddito le somme e le prestazioni erogate dal datore di lavoro alla generalità dei dipendenti o a categorie di dipendenti per la fruizione dei servizi di assistenza ai familiari anziani o non autosufficienti indicati nell'articolo 12,IRPEF,a regime,Esclusione dal reddito,Non quantificabile,2018,2019,,,Lavoratori dipendenti,,45
2016,26: POLITICHE PER IL LAVORO,287,"Art. 51, comma 2, lett. g), del TUIR","Non concorrono a formare il reddito il valore delle azioni offerte alla generalità dei dipendenti per un importo annuo non superiore a € 2065,83",IRPEF,a regime,Esclusione dal reddito,Non quantificabile,2018,2019,,,Lavoratori dipendenti,!,45
2016,26: POLITICHE PER IL LAVORO,288,"Art. 51, comma 2, lett. h), del TUIR","Non concorrono a formare il reddito le somme trattenute al dipendente per oneri di cui all'art. 10 alle condizioni ivi previste, nonché le erogazioni effettuate dal datore di lavoro in conformità a contratti collettivi o ad accordi e regolamenti aziendali",IRPEF,a regime,Esclusione dal reddito,Non quantificabile,2018,2019,,,Lavoratori dipendenti,!,45
2016,26: POLITICHE PER IL LAVORO,289,"Art. 51, comma 2, lett. i), del TUIR",Non concorrono a formare il reddito le mance percepite dai croupiers nella misura del 25% dell'ammontare percepito nell'anno,IRPEF,a regime,Esclusione dal reddito,Non quantificabile,2018,2019,,,Lavoratori dipendenti,!,45
2016,26: POLITICHE PER IL LAVORO,290,"Art. 51, comma 3, del TUIR","Non concorrono a formare il reddito il valore dei beni ceduti e dei servizi prestati se complessivamente di importo non superiore nell'anno a € 258,23",IRPEF,a regime,Esclusione dal reddito,Non quantificabile,2018,2019,,,Lavoratori dipendenti,!,45
2016,26: POLITICHE PER IL LAVORO,291,"Art. 51, comma 4, lett. a), del TUIR","Ai fini della determinazione del fringe benefit per gli autoveicoli, i motocicli e i ciclomotori concessi in uso promiscuo si assume il 30% dell'importo corrispondente a una percorrenza convenzionale di 15.000 km calcolato sulla base del costo chilometrico di esercizio desumibile dalle tabelle ACI elaborate ciascun anno",IRPEF,a regime,Riduzione dell'imponibile,Non quantificabile,2018,2019,,,Lavoratori dipendenti,!,45
2016,26: POLITICHE PER IL LAVORO,292,"Art. 51, comma 4, lett. a), del TUIR","Ai fini della determinazione del fringe benefit, in caso di concessione di prestiti, si assume il 50% della differenza tra l'importo degli interessi calcolato al tasso ufficiale di sconto vigente al termine di ciascun anno e l'importo degli interessi calcolato al tasso applicato sugli stesssi",IRPEF,a regime,Riduzione dell'imponibile,Non quantificabile,2018,2019,,,Lavoratori dipendenti,!,45
2016,26: POLITICHE PER IL LAVORO,293,"Art. 51, comma 4, lett. c), del TUIR","Ai fini della determinazione del fringe benefit, per i fabbricati concessi in locazione, in uso o in comodato, si assume la differrenza tra la rendita catastale del fabbricato aumentata di tutte le spese inerenti e quanto corrisposto per il godimento del fabbricato stesso",IRPEF,a regime,Riduzione dell'imponibile,Non quantificabile,2018,2019,,,Lavoratori dipendenti,!,45
2016,26: POLITICHE PER IL LAVORO,294,"Art. 51, comma 4, lett. c-bis), del TUIR","Ai fini della determinazione del fringe benefit, per i servizi di trasporto ferroviario di persone prestati gratuitamente, si assume, al netto degli importi trattenuti, l'ammontare corrispondente all'introito medio per passeggero/chilometro, per una percorrenza media convenzionale di 2.600 km",IRPEF,a regime,Riduzione dell'imponibile,Non quantificabile,2018,2019,,,Lavoratori dipendenti imprese di trasporto ferroviario,!,45
2016,26: POLITICHE PER IL LAVORO,295,"Art. 51, comma 5, del TUIR","Le indennità percepite per le trasferte o le missioni fuori del territorio comunale concorrono a formare il reddito per la parte che eccede € 46,48 al giorno, elevati a € 77,47 per le trasferte all'estero",IRPEF,a regime,Esclusione dal reddito,Non quantificabile,2018,2019,,,Lavoratori dipendenti,!,45
2016,26: POLITICHE PER IL LAVORO,296,"Art. 51, comma 6, del TUIR",Le indennità e le maggiorazioni di retribuzione spettanti ai trasfertisti concorrono a formare il reddito nella misura del 50%,IRPEF,a regime,Esclusione dal reddito,Non quantificabile,2018,2019,,,Lavoratori dipendenti,!,45
2016,26: POLITICHE PER IL LAVORO,297,"Art. 51, comma 7, del TUIR","Le indennità di trasferimento, quelle di prima sistemazioni e quelle equipollenti non concorrono a formare il reddito nella misura del 50% per un importo complessivo annuo non superiore a € 1549,37 per i trasferimenti all'interno del territorio nazionale ed € 4648,11 per quelli fuori del territorio nazionale o in destinazione a quest'ultimo",IRPEF,a regime,Esclusione dal reddito,Non quantificabile,2018,2019,,,Lavoratori dipendenti,!,46
2016,26: POLITICHE PER IL LAVORO,298,"Art. 51, comma 8, del TUIR, modificato dall'art. 1, comma 319, della L. n. 190 del 2014",Gli assegni di sede e le altre indennità percepite per servizi prestati all'estero costituiscono reddito nella misura del 50%,IRPEF,a regime,Esclusione dal reddito,Non quantificabile,2018,2019,,,Lavoratori dipendenti,!,46
2016,26: POLITICHE PER IL LAVORO,299,"Art. 51, comma 8-bis, del TUIR","Il reddito di lavoro dipendente, prestato all'estero in via continuativa e come oggetto esclusivo del rapporto da dipendenti che nell'arco di dodici mesi soggiornano nello Stato estero per un periodo superiore a 183 giorni, è determinato sulla base di retribuzioni convenzionali",IRPEF,a regime,Riduzione dell'imponibile,Non quantificabile,2018,2019,,,Lavoratori dipendenti,!,46
2016,26: POLITICHE PER IL LAVORO,300,"Art. 52, comma 1, lett. a-bis, del TUIR",I compensi percepiti per attività libero professionale intramuraria costituiscono reddito nella misura del 75%,IRPEF,a regime,Esclusione dal reddito,"-86,0","-86,0","-86,0",55.171,"-1.558,8",Percettori redditi assimilati,!,46
2016,26: POLITICHE PER IL LAVORO,301,"Art. 52, comma 1, lett. b), del TUIR","Non concorrono a formare il reddito le somme erogate ai titolari di cariche elettive, nonché a colore che esercitano le funzioni di cui agli artt. 114 e 135 della Costituzione, a titolo di rimborso di spese",IRPEF,a regime,Esclusione dal reddito,"-62,0","-62,0","-62,0",73.177,"-847,3",Percettori redditi assimilati,!,46
2016,26: POLITICHE PER IL LAVORO,302,Art. 4 del D.P.R. n. 601/73,Esenzione dall'IRPEF dei redditi derivanti dall'esercizio della funzione di ambasciatori e agenti diplomatici degli Stati esteri accreditati in Italia,IRPEF,a regime,Esenzione,"-10,0","-10,0","-10,0",,,Ambasciatori e agenti diplomatici,!,46
2016,26: POLITICHE PER IL LAVORO,303,"Art. 9, comma 2, della L. n. 53 del 1990",Gli onorari corrisposti ai membri dei seggi elettorali costituiscono rimborso spese fisso forfetario non assoggettabile a ritenute o imposte e non concorrono alla formazione della base imponibile ai fini fiscali,IRPEF,a regime,Esclusione dal reddito,Non quantificabile,"-10,0","-10,0",,,Persone fisiche,!,46
2016,26: POLITICHE PER IL LAVORO,304,Artt.48 e 49 del D.Lgs. n. 81 del 2015,Esenzione dei compensi per lavoro accessorio reso in tutti i settori produttivi,IRPEF,a regime,Esenzione,"-19,2","-19,2","-19,2",,,Persone fisiche,!,46
2016,26: POLITICHE PER IL LAVORO,305,"Art. 24, comma 3-bis, del TUIR, inserito dall'art. 7, comma 1, della L. n. 161 del 2014, modificato dall'art. 1, comma 954, lettera c), della L. n. 208 del 2015",Riconoscimento di tutte le agevolazioni fiscali previste per i residenti in Italia ai soggetti non residenti che producono in Italia almeno il 75% del loro reddito complessivo e che non godono di analoghe agevolazioni nel Paese di residenza. Procedura di infrazione n. 2013/2027,IRPEF,a regime,"Deduzione, Detrazione","-13,6","-13,6","-13,6",9.050,"-1.502,8",Persone fisiche,,46
2016,26: POLITICHE PER IL LAVORO,306,"Art. 3, terzo comma, del D.P.R. 633/72","Non assoggettamento ad IVA delle somministrazioni nelle mense aziendali, delle prestazioni di trasporto, didattiche, educative e ricreative, di assistenza sociale e sanitaria, a favore del personale dipendente",IVA,a regime,Non assoggettamento ad imposta,Non quantificabile,"-13,6","-13,6",,,Beneficiari dei servizi,!,46
2016,26: POLITICHE PER IL LAVORO,307,"Art. 2, comma 514, della legge n. 244/07; decreto del Ministero dell'economia e delle finanze 20 marzo 2008",Detrazione sulle indennità di fine rapporto di importo minimo,IRPEF,a regime,Detrazione,"-184,2","-184,2","-184,2",2.876.241,"-64,0",Percettori delle indennità di fine rapporto il cui diritto alla percezione è maturato dal 01/04/2008,!,46
2016,26: POLITICHE PER IL LAVORO,308,"Art. 1, comma 9, della Legge n. 296/06","Clausola di salvaguardia per le indennità di fine rapporto di cui all'art. 17, comma 1, lett. a), del TUIR",IRPEF,a regime,Blocco delle aliquota a quelle del 31 dicembre 2006,"-222,0","-222,0","-222,0",8 15.540,"-272,2",Percettori delle indennità di fine rapporto,!,46
2016,26: POLITICHE PER IL LAVORO,309,"Art. 17, comma 1, lett.d), del TUIR",Assoggettamento a tassazione separata delle indennità per la cessazione di rapporti di agenzia delle persone fisiche e delle società di persone,IRPEF,a regime,Tassazione separata con aliquota del biennio precedente,"-16,1","-16,1","-16,1",,,Percettori degli emolumenti,!,46
2016,26: POLITICHE PER IL LAVORO,310,"Art. 17, comma 1, lett.e), del TUIR",Assoggettamento a tassazione separata delle indennità percepite per la cessazione da funzioni notarili,IRPEF,a regime,Tassazione separata con aliquota del biennio precedente,"-0,8","-0,8","-0,8",92,"-8.695,7",Percettori degli emolumenti,!,46
2016,26: POLITICHE PER IL LAVORO,311,"Art. 17, comma 1, lett.f), del TUIR","Assoggettamento a tassazione separata delle indennità percepite da sportivi professionisti al termine dell'attività sportiva, se non rientranti tra le indennità indicate all'art. 17, comma 1, lett. a)",IRPEF,a regime,Tassazione separata con aliquota del biennio precedente,Effetti di trascurabile entità,"-0,8","-0,8",26,,Percettori degli emolumenti,!,46
2016,26: POLITICHE PER IL LAVORO,312,"Art. 17, comma 1, lett. a), del TUIR","Assoggettamento a tassazione separata del TFR , delle indennità equipollenti e delle altre indennità e somme",IRPEF,a regime,Tassazione separata con aliquota interna,"-4.614,0","-4.614,0","-4.614,0",6.646.900,"-694,2",Percettori degli emolumenti,!,47
2016,26: POLITICHE PER IL LAVORO,313,"Art. 17, comma 1, lett. c), del TUIR",Assoggettamento a tassazione separata delle indennità percepite per la cessazione dei rapporti di collaborazione coordinata e continuativa,IRPEF,a regime,Tassazione separata con aliquota del biennio precedente,"-4.614,0","-4.614,0","-4.614,0",6.646.900,"-694,2",Percettori degli emolumenti,!,47
2016,26: POLITICHE PER IL LAVORO,314,"Art. 11 del D. Lgs. 47/2000 modificato dall'art. 1, comma 693, della L. n. 190 del 2014",Applicazione dell'imposta sostitutiva del 17% sulle rivalutazioni del TFR maturate dal 2001,IRPEF,a regime,Imposizione sostitutiva,"-170,0","-170,0","-170,0",,,Percettori del trattamento di fine rapporto,!,47
2016,28: SVILUPPO E RIEQUILIBRIO TERRITORIALE,315,"art.8, comma 4 D.L. 70-2011",Tassazione dei titoli per il finanziamento di iniziative economiche nel Mezzogiorno emessi da banche con scadenza non inferiore a 18 mesi,RITENUTA SU REDDITI FINANZIARI,a regime,Riduzione dell'aliquota della ritenuta d'imposta al 5 per cento,"-11,4","-11,4","-11,4",,,Persone fisiche non esercenti attività d'impresa residenti e non residenti,,47
2016,28: SVILUPPO E RIEQUILIBRIO TERRITORIALE,316,"Art. 2, comma 115, legge 23 dicembre 2009 n. 191 (Legge finanziaria 2010)","Estensione della non soggezione ad Ires prevista dall'articolo 74, comma 1 del TUIR per gli organi e le amministrazioni dello Stato e gli altri enti territoriali, alle comunità costituite nella provincia autonoma di Trento ai sensi della legge provinciale 16 giugno 2006, n. 3.",IRES,a regime,Esclusione dall'imposizione,Non quantificabile,"-11,4","-11,4",,,"Comunità costituite nella provincia autonoma di Trento ai sensi della legge provinciale 16 giugno 2006, n. 3.",!,47
2016,28: SVILUPPO E RIEQUILIBRIO TERRITORIALE,317,"Art. 8, comma 10, lettera c) della Legge n. 448/98 e art.2, comma 12 della legge n. 203/08","Gasolio e GPL impiegati per riscaldamento in aree geograficamente o climaticamente svantaggiate (zone montane, Sardegna, isole minori) - Riduzione di prezzo",ACCISA,a regime,Riduzione dell'accisa,"-159,6","-159,6","-159,6",,,Soggetti residenti nelle aree interessate dalla misura che impiegano gasolio e GPL per riscaldamento,!,47
2016,28: SVILUPPO E RIEQUILIBRIO TERRITORIALE,318,"Art. 1, commi da 341 a 341 ter, della Legge n. 296/06; art. 1, commi da 561 a 563, della Legge n. 244/07",Disciplina sulle zone franche urbane (ZFU). La disciplina si applica 9 anni dalla costituzione tra gli anni 2008-2012. Il regime è stato autorizzato dalla CE nell'ottobre 2009,IRPEF IRES,2012 disposizione non ancora attuata,Regime speciale,Effetti di trascurabile entità,"-159,6","-159,6",,,Piccole e microimprese costituite nelle ZFU tra il 1 gennaio 2008 e il 31 dicembre 2012,!,47
2016,28: SVILUPPO E RIEQUILIBRIO TERRITORIALE,319,"Articolo 10, comma 1-bis , del decreto-legge 28 aprile 2009, n. 39.",ZFU per il sisma L’Aquila. agevolazione concessa nel de minimis.,IRPEF IRES,14 periodi d'imposta,Regime speciale,"-8,0","-8,0","-8,0",2.069,"-3.866,6",Piccole e microimprese costituite nelle ZFU,!,47
2016,28: SVILUPPO E RIEQUILIBRIO TERRITORIALE,320,"Articolo 37 del decreto-legge 18 ottobre 2012, n. 179. Articolo 1, comma 319, della legge 27 dicembre 2013, n. 147,.","ZFU Obiettivo Convergenza, Sulcis e Pelagie. agevolazione concessa nel de minimis.",IRPEF IRES,14 periodi d'imposta,Regime speciale,"-91,0","-91,0","-91,0",13.818,"-6.585,6",Piccole e microimprese costituite nelle ZFU,,47
2016,28: SVILUPPO E RIEQUILIBRIO TERRITORIALE,321,"Art. 1, c. 98-108, della L. 28/12/2015, n. 208",Credito d'imposta per nuovi investimenti SUD,Credito d'imposta,2019,Credito d'imposta,"-617,0","-617,0","-617,0",,,soggetti titolari di reddito d'impresa,,47
2016,29: POLITICHE ECONOMICO-FINANZIARIE E DI BILANCIO,322,"Art. 148, TUIR","Non commercialità delle attività svolte dagli enti associativi - con varie limitazioni sia soggettive che oggettive - in favore degli associati o partecipanti, in conformità alle finalità istituzionali.",IRES,a regime,Non imponibilità,Non quantificabile,"-617,0","-617,0",,,Enti non commerciali di tipo associativo,!,47
2016,29: POLITICHE ECONOMICO-FINANZIARIE E DI BILANCIO,323,"Art. 150, TUIR",Per le ONLUS non costituisce esercizio di attività commerciali lo svolgimento delle attività istituzionali nel perseguimento di esclusive finalità di solidarietà sociale. I proventi derivanti dall'esercizio delle attività direttamente connesse non concorrono alla formazione del reddito imponibile.,IRES,a regime,Non imponibilità,Non quantificabile,"-617,0","-617,0",,,ONLUS,!,47
2016,29: POLITICHE ECONOMICO-FINANZIARIE E DI BILANCIO,324,"Art. 147, TUIR","Rinvio all'art 15, c. 1, lett. a), lett. g), lett.h), lett. h-bis, lett. i), lett. i-bis, lett. i-quater e lett. i-octies del Tuir",IRES,a regime,Detrazione,"-17,7","-17,7","-17,7",483,"-36.583,9",Enti non commerciali,!,47
2016,29: POLITICHE ECONOMICO-FINANZIARIE E DI BILANCIO,325,"Art. 145, TUIR","La norma prevede, per gli enti non commerciali ammessi al regime di contabilità semplificata, la possibilità di optare per la determinazione forfetaria del reddito d'impresa, applicando all'ammontare dei ricavi conseguiti un coefficiente di redditività corrispondente ad una classe determinata in base all'ammontare dei ricavi stessi, ed incrementando l'importo così determinato dei componenti di reddito di cui agli artt. 86, 88, 89 e 90 del TUIR.",IRES,a regime,Regime forfetario,"-0,9","-0,9","-0,9",1.299,"-712,2",Enti non commerciali in contabilità semplificata,!,48
2016,29: POLITICHE ECONOMICO-FINANZIARIE E DI BILANCIO,326,"Art. 146 (rinvio all'art. 10, c. 1, lett.a), f) e g), TUIR","Deduzione dal reddito complessivo degli enti non commerciali dei canoni, livelli, censi, ed altri oneri gravanti sui redditi degli immobili che concorrono a formare il reddito complessivo, delle somme corrisposte ai chiamati ad adempiere funzioni presso uffici elettorali e dei contributi, donazioni e oblazioni a favore di organizzazioni non governative fino al 2% del reddito complessivo dichiarato.",IRES,a regime,Deduzione,"-1,1","-1,1","-1,1",804,"-1.400,3",Enti non commerciali,!,48
2016,29: POLITICHE ECONOMICO-FINANZIARIE E DI BILANCIO,327,Art. 7 del D.P.R. n. 601/1973,Il reddito derivante dall'esercizio di attività commerciali svolte in occasione di manifestazioni propagandistiche da partiti politici rappresentati nelle assemblee nazionali o regionali è esente da IRES.,IRES,a regime,Esenzione dall'Ires del reddito derivante da manifestazioni propagandistiche,Effetti di trascurabile entità,"-1,1","-1,1",,,Partiti politici,!,48
2016,29: POLITICHE ECONOMICO-FINANZIARIE E DI BILANCIO,328,"Art. 74, comma 1, TUIR","Non assoggettamento ad IRES degli organi e delle amministrazioni dello Stato, dei comuni, dei consorzi tra enti locali, delle associazioni e degli enti gestori di demanio collettivo, delle comunità montane, delle province e delle regioni",IRES,a regime,Esclusione dall'imposizione,Non quantificabile,"-1,1","-1,1",,,"Organi e amministrazioni dello Stato, comuni, consorzi tra enti locali, associazioni e enti gestori di demanio collettivo, comunita' montane, province e regioni",!,48
2016,29: POLITICHE ECONOMICO-FINANZIARIE E DI BILANCIO,329,"Art. 74, comma 2, TUIR","Non commercialità dell’esercizio di funzioni statali svolte da enti pubblici e delle attività previdenziali, assistenziali e sanitarie svolte da enti pubblici istituiti esclusivamente a tal fine, comprese le ASL, nonché delle attivita' previdenziali e assistenziali svolte da enti privati di previdenza obbligatoria.",IRES,a regime,Esclusione dal reddito,Non quantificabile,"-1,1","-1,1",,,"Enti pubblici, comprese le ASL, nonché enti privati di previdenza obbligatoria che svolgono attività previdenziali e assistenziali",!,48
2016,29: POLITICHE ECONOMICO-FINANZIARIE E DI BILANCIO,330,"Art. 143, comma 3, TUIR","Esclusioni dalla base imponibile degli enti non commerciali dei seguenti proventi: a) fondi pervenuti a seguito di raccolte pubbliche effettuate occasionalmente, in concomitanza di celebrazioni, ricorrenze, campagne di sensibilizzazione; b) contributi corrisposti da amministrazioni pubbliche per lo svolgimento di attività in regime di convenzione o accreditamento, aventi finalità sociali esercitate in conformità alle finalità istituzionali.",IRES,a regime,Esclusione dal reddito,Non quantificabile,"-1,1","-1,1",,,Tutti gli enti non commerciali,!,48
2016,29: POLITICHE ECONOMICO-FINANZIARIE E DI BILANCIO,331,Art. 2 del D.P.R. n. 601 del 1973,"Esenzione per i fabbricati di proprietà della Santa Sede indicati negli artt. 13, 14, 15 e 16 del Trattato lateranense",IRES,a regime,Esenzione,Non quantificabile,"-1,1","-1,1",,,Santa Sede,!,48
2016,29: POLITICHE ECONOMICO-FINANZIARIE E DI BILANCIO,332,"Art. 21-bis del DL n. 83/2015, come modificato dall'art. 1, comma 618, lett. a), L. 28 dicembre 2015, n. 208, a decorrere dal 1° gennaio 2016.",Incentivo fiscale alla degiurisdizionalizzazione (negoziazione e arbitrato) nella forma del credito d'imposta,Credito d'imposta,a regime,Credito d'imposta,"-5,0","-5,0","-5,0",,,"persone fisiche, enti non commerciali e soggetti titolari di reddito d'impresa",,48
2016,29: POLITICHE ECONOMICO-FINANZIARIE E DI BILANCIO,333,"Art. 74, comma 1, lett. a), del D.P.R. n. 633/72",Regime speciale per i tabacchi lavorati,IVA,a regime,Regime monofase,Non quantificabile,"-5,0","-5,0",,,Aziende della filiera dei tabacchi lavorati,!,48
2016,29: POLITICHE ECONOMICO-FINANZIARIE E DI BILANCIO,334,"Art. 74, comma 1, lett. b), del D.P.R. n. 633/72",Regime speciale per i fiammiferi,IVA,a regime,Regime monofase,Non quantificabile,"-5,0","-5,0",,,Aziende della filiera dei fiammiferi,!,48
2016,29: POLITICHE ECONOMICO-FINANZIARIE E DI BILANCIO,335,"Art. 74, comma 1, lett. c), del D.P.R. n. 633/72",Regime speciale per il settore editoriale,IVA,a regime,Regime monofase,"-152,5","-152,5","-152,5",,,Editori che effettuano cessioni di beni classificabili come prodotti editoriali,!,48
2016,29: POLITICHE ECONOMICO-FINANZIARIE E DI BILANCIO,336,"Art. 74, comma 1, lett. d), del D.P.R. n. 633/72",Regime speciale per le schede telefoniche,IVA,a regime,Regime monofase,Non quantificabile,"-152,5","-152,5",,,Aziende della filiera di schede telefoniche,!,48
2016,29: POLITICHE ECONOMICO-FINANZIARIE E DI BILANCIO,337,Art. 74-ter del DPR n. 633/72,Regime speciale per le agenzie di viaggio,IVA,a regime,Regime speciale con detraibilità base da base,Effetti di trascurabile entità,"-152,5","-152,5",,,Agenzie di viaggio e tour operator,!,48
2016,29: POLITICHE ECONOMICO-FINANZIARIE E DI BILANCIO,338,Art. 74-quater del D.P.R. n. 633/72,Regime speciale per le attività spettacolistiche,IVA,a regime,Semplificazione degli obblighi formali e sostanziali dell'IVA,Non quantificabile,2018,2019,,,Soggetti che svolgono attività di spettacollo,!,49
2016,29: POLITICHE ECONOMICO-FINANZIARIE E DI BILANCIO,339,Art. 40-bis del D.L. n. 41 del 23 febbraio 1995.,Regime speciale per le vendite all'asta,IVA,a regime,Applicazione dell'imposta sul margine,Effetti di trascurabile entità,2018,2019,,,soggetti che esercitano vednite mediante l'uso dell'asta,!,49
2016,29: POLITICHE ECONOMICO-FINANZIARIE E DI BILANCIO,340,Artt. da 36 a 40 del D.L. n. 41/1995,"Regime del margine per i beni usati, oggetti d'arte, d'antiquario e da collezione",IVA,a regime,Applicazione dell'imposta sul margine,Effetti di trascurabile entità,2018,2019,,,"soggetti che eserfitano il commercio di beni usati, oggetti d'arte, d'antiquariato e da collezione",!,49
2016,29: POLITICHE ECONOMICO-FINANZIARIE E DI BILANCIO,341,Artt. da 36 a 40 del D.L. n. 41/1995,Regime del margine per le auto usate,IVA,a regime,Applicazione dell'imposta sul margine,Effetti di trascurabile entità,2018,2019,,,soggetti che esercitano il commercio di veicoli usati,!,49
2016,29: POLITICHE ECONOMICO-FINANZIARIE E DI BILANCIO,342,"Art. 2, secondo comma, n. 4, del D.P.R. 633/72","Non assoggettamento ad IVA delle cessioni gratuite di beni di valore inferiore ad euro 25,82",IVA,a regime,Non assoggettamento ad imposta,Non quantificabile,2018,2019,,,Beneficiari delle cessioni,!,49
2016,29: POLITICHE ECONOMICO-FINANZIARIE E DI BILANCIO,343,"Art. 2, terzo comma, lett. a), del D.P.R. 633/72",Non assoggettamento ad IVA dei contributi a fondo perduto,IVA,a regime,Non assoggettamento ad imposta,Non quantificabile,2018,2019,,,Beneficiari dei contributi,!,49
2016,29: POLITICHE ECONOMICO-FINANZIARIE E DI BILANCIO,344,"Art. 2, terzo comma, lett. m), del D.P.R. 633/72",Non assoggettamento ad IVA delle cessioni di beni relativi alle operazioni e concorsi a premi,IVA,a regime,Non assoggettamento ad imposta,Non quantificabile,2018,2019,,,Beneficiari delle cessioni,!,49
2016,29: POLITICHE ECONOMICO-FINANZIARIE E DI BILANCIO,345,"Art. 3, terzo comma, del D.P.R. 633/72","Non assoggettamento ad IVA delle prestazioni gratuite di servizi di valore inferiore ad euro 25,82",IVA,a regime,Non assoggettamento ad imposta,Non quantificabile,2018,2019,,,Beneficiari dei servizi,!,49
2016,29: POLITICHE ECONOMICO-FINANZIARIE E DI BILANCIO,346,"Art. 3, terzo comma, del D.P.R. 633/72","Non assoggettamento ad IVA delle operazioni di diffusione di messaggi, rappresentazioni, immagini o comunicazioni di pubblico interesse richieste o patrocinate dallo Stato o da enti pubblici",IVA,a regime,Non assoggettamento ad imposta,Non quantificabile,2018,2019,,,Beneficiari dei servizi,!,49
2016,29: POLITICHE ECONOMICO-FINANZIARIE E DI BILANCIO,347,"Art. 3, quinto comma, del D.P.R. 633/72",Non assoggettamento ad IVA delle prestazioni relative agli spettacoli rese ai possessori di titoli per l'accesso gratuito rilasciati dagli organizzatori nel limite massimo del 5 per cento di capienza del locale o da determinati enti nel limite stabilito con provvedimento del Direttore dell'Agenzia delle entrate,IVA,a regime,Non assoggettamento ad imposta,Non quantificabile,2018,2019,,,Beneficiari dei servizi,!,49
2016,29: POLITICHE ECONOMICO-FINANZIARIE E DI BILANCIO,348,"Art. 4, quarto comma, del D.P.R. 633/72","Non assoggettamento ad IVA delle cessioni di beni e prestazioni di servizi ai soci, associati o partecipanti effettuate in conformita' alle finalita' istituzionali da associazioni politiche, sindacali e di categoria, religiose, assistenziali, culturali sportive dilettantistiche, di promozione sociale e di formazione extra-scolastica della persona in presenza di determinate condizioni",IVA,a regime,Non assoggettamento ad imposta,Non quantificabile,2018,2019,,,Beneficiari delle cessioni,!,49
2016,29: POLITICHE ECONOMICO-FINANZIARIE E DI BILANCIO,349,"Art. 4, quinto comma, del D.P.R. 633/72",Non assoggettamento ad IVA delle mense e spacci militari,IVA,a regime,Non assoggettamento ad imposta,Non quantificabile,2018,2019,,,Beneficiari dei servizi,!,49
2016,29: POLITICHE ECONOMICO-FINANZIARIE E DI BILANCIO,350,"Art. 4, quinto comma, del D.P.R. 633/72","Non assoggettamento ad IVA dei servizi di controllo qualititativo dei prodotti, compresa l'applicazione di marchi di qualità",IVA,a regime,Non assoggettamento ad imposta,Non quantificabile,2018,2019,,,Beneficiari dei servizi,!,49
2016,29: POLITICHE ECONOMICO-FINANZIARIE E DI BILANCIO,351,"Art. 4, quinto comma, del D.P.R. 633/72",Non assoggettamento ad IVA delle cessioni di beni e prestazioni di servizi effettuate in occasione di manifestazioni propagandistiche dai partiti politici,IVA,a regime,Non assoggettamento ad imposta,Non quantificabile,2018,2019,,,Partiti politici,!,49
2016,29: POLITICHE ECONOMICO-FINANZIARIE E DI BILANCIO,352,"Art. 4, quinto comma, del D.P.R. 633/72","Non assoggettamento ad IVA delle cessioni di beni e prestazioni di servizi poste in essere dalla Presidenza della Repubblica, dal Senato della Repubblica, dalla Camera dei deputati e dalla Corte Costituzionale, nel perseguimento delle proprie finalita' istituzionali",IVA,a regime,Non assoggettamento ad imposta,Non quantificabile,2018,2019,,,Organi dello Stato,!,49
2016,29: POLITICHE ECONOMICO-FINANZIARIE E DI BILANCIO,353,"Art. 4, quinto comma, del D.P.R. 633/72",Non assoggettamento ad IVA delle prestazioni sanitarie soggette al pagamento di quote di partecipazione alla spesa sanitaria erogate dalle unita' sanitarie locali e dalle aziende ospedaliere del Servizio sanitario nazionale,IVA,a regime,Non assoggettamento ad imposta,Non quantificabile,2018,2019,,,Beneficiari delle prestazioni,!,50
2016,29: POLITICHE ECONOMICO-FINANZIARIE E DI BILANCIO,354,"Art. 4, sesto comma, del D.P.R. 633/72","Non assoggettamento ad IVA della somministrazione di alimenti e bevande effettuata, presso le sedi delle associazioni di promozione sociale, da bar ed esercizi similari",IVA,a regime,Non assoggettamento ad imposta,Non quantificabile,2018,2019,,,Beneficiari dei servizi,!,50
2016,29: POLITICHE ECONOMICO-FINANZIARIE E DI BILANCIO,355,"Art. 5, secondo comma, del D.P.R. 633/72",Non assoggettamento ad IVA delle prestazioni di servizi derivanti dall'attivita' di levata dei protesti esercitata dai segretari comunali,IVA,a regime,Non assoggettamento ad imposta,Non quantificabile,2018,2019,,,Beneficiari dei servizi,!,50
2016,29: POLITICHE ECONOMICO-FINANZIARIE E DI BILANCIO,356,"Art. 5, secondo comma, del D.P.R. 633/72",Non assoggettamento ad IVA delle prestazioni di vigilanza e custodia rese da guardie giurate,IVA,a regime,Non assoggettamento ad imposta,Non quantificabile,2018,2019,,,Beneficiari dei servizi,!,50
2016,29: POLITICHE ECONOMICO-FINANZIARIE E DI BILANCIO,357,"Art. 8, primo comma, lettera c), del D.P.R. 633/72",Cessioni di beni effettuate nei confronti di esportatori abituali nei limiti del plafond maturato,IVA,a regime,Non imponibilità con diritto alla detrazione a monte,Non quantificabile,2018,2019,,,"soggetti che effettuano, per almento il 10% delle operazioni, esportazioni o cessioni intracomunitarie",!,50
2016,29: POLITICHE ECONOMICO-FINANZIARIE E DI BILANCIO,358,"Art. 8-bis, lettera a), del D.P.R. n. 633/72",Cessioni di navi destinate alla demolizione,IVA,a regime,Non imponibilità con diritto alla detrazione a monte,Non quantificabile,2018,2019,,,Beneficiari delle cessioni,!,50
2016,29: POLITICHE ECONOMICO-FINANZIARIE E DI BILANCIO,359,"Art. 8-bis, lettera b), del D.P.R. n. 633/72",Cessioni di navi e di aeromobili ad organi dello Stato,IVA,a regime,Non imponibilità con diritto alla detrazione a monte,Non quantificabile,2018,2019,,,Gli organi dello Stato in relazione ai loro acquisti di navi ed aeromobili,!,50
2016,29: POLITICHE ECONOMICO-FINANZIARIE E DI BILANCIO,360,"Art. 9, n.6, del D.P.R. 633/72","Servizi prestati nei porti, aeroporti e simili nonché quelli resi dagli agenti marittimi raccomandatari",IVA,a regime,Non imponibilità con diritto alla detrazione a monte,Non quantificabile,2018,2019,,,Imprese che effettuano esportazioni o importazioni,!,50
2016,29: POLITICHE ECONOMICO-FINANZIARIE E DI BILANCIO,361,"Art. 9, n. 8, del D.P.R. 633/72",Manipolazioni usuali eseguite nei depositi doganali,IVA,a regime,Non imponibilità con diritto alla detrazione a monte,Non quantificabile,2018,2019,,,Imprese che effettuano esportazioni,!,50
2016,29: POLITICHE ECONOMICO-FINANZIARIE E DI BILANCIO,362,"Art. 10, primo comma, n. 5), d.P.R. 633/1972",Esenzione per le operazioni relative alla riscossione dei tributi,IVA,a regime,Esenzione con pro rata di detraibilità a monte,Non quantificabile,2018,2019,,,Famiglie che assolvono i tributi,!,50
2016,29: POLITICHE ECONOMICO-FINANZIARIE E DI BILANCIO,363,"Art. 10, primo comma, n. 12), d.P.R. 633/1972","Esenzione per le cessioni gratuite di beni fatte ad enti pubblici, associazioni riconosciute o fondazioni aventi esclusivamente finalita' di assistenza, beneficenza, educazione, istruzione, studio o ricerca scientifica e alle ONLUS",IVA,a regime,Esenzione con pro rata di detraibilità a monte,"-1,6","-1,6","-1,6",894,"-1.767,3","Enti pubblici, ONLUS",!,50
2016,29: POLITICHE ECONOMICO-FINANZIARIE E DI BILANCIO,364,"Art. 10, primo comma, n. 13), d.P.R. 633/1972",Esenzione per le cessioni gratuite di beni fatte a favore delle popolazioni colpite da calamita' naturali,IVA,a regime,Esenzione con pro rata di detraibilità a monte,"-0,5","-0,5","-0,5",,,popolazioni colpite da calamità naturali,!,50
2016,29: POLITICHE ECONOMICO-FINANZIARIE E DI BILANCIO,365,"Art. 10, primo comma, n. 27), d.P.R. 633/1972",Esenzione delle prestazioni dei servizi di pompe funebri,IVA,a regime,Esenzione con pro rata di detraibilità a monte,"-29,4","-29,4","-29,4",5.724,"-5.134,5",Famiglie,!,50
2016,29: POLITICHE ECONOMICO-FINANZIARIE E DI BILANCIO,366,"Art. 10, primo comma, n. 27-quater), d.P.R. 633/1972",Esenzione delle prestazioni delle compagnie barracellari,IVA,a regime,Esenzione con pro rata di detraibilità a monte,"-0,5","-0,5","-0,5",,,Famiglie e Proprietari terrieri,!,50
2016,29: POLITICHE ECONOMICO-FINANZIARIE E DI BILANCIO,367,"Art. 74, comma 4, DPR n.633/72","Versamenti trimestrali senza pagamento di interessi per alcune categorie di contribuenti autorizzati con D.M. (somministrazione di gas, acqua ed energia elettrica)",IVA,a regime,Periodicità nei versamenti più favorevole,"-7,5","-7,5","-7,5",1.805,"-4.166,2",Imprese che emettono un elevato numero di fatture (grandi fatturatori),!,50
2016,29: POLITICHE ECONOMICO-FINANZIARIE E DI BILANCIO,368,"Art. 74, comma 4, DPR n.633/72",Versamenti trimestrali senza pagamento di interessi per gli esercenti impianti distribuzione carburante per uso autotrazione,IVA,a regime,Periodicità nei versamenti più favorevole,"-1,3","-1,3","-1,3",11.113,"-112,5",Soggetti esercenti impianti di distribuzione carburante per autotrazione,!,50
2016,29: POLITICHE ECONOMICO-FINANZIARIE E DI BILANCIO,369,"Art.74, comma 4, DPR n.633/1972",Versamenti trimestrali senza pagamento di interessi per gli autotrasportatori cose conto terzi,IVA,a regime,Periodicità nei versamenti più favorevole,"-6,9","-6,9","-6,9",,,Autotraportatori di cose conto terzi,!,51
2016,29: POLITICHE ECONOMICO-FINANZIARIE E DI BILANCIO,370,"Art.74, comma 4, DPR n.633/1972",Versamenti differiti di un trimestre per gli autotrasportatori cose conto terzi,IVA,a regime,Differimento dei versamenti,Non quantificabile,"-6,9","-6,9",,,Autotraportatori di cose conto terzi,!,51
2016,29: POLITICHE ECONOMICO-FINANZIARIE E DI BILANCIO,371,"Art. 74, comma 5, decreto del DPR n.633/72",Versamenti trimestrali senza pagamento di interessi per i subfornitori,IVA,a regime,Periodicità nei versamenti più favorevole,Non quantificabile,"-6,9","-6,9",,,"Famiglie che consumano beni e servizi di prima necessità elencati nella Tabella A, Parte III",!,51
2016,29: POLITICHE ECONOMICO-FINANZIARIE E DI BILANCIO,372,"Art. 74, comma 6, del d.P.R. n. 633/72","Regime speciale per gli intrattenimenti, i giochi e le altre attività di cui alla tariffa allegata al d.P.R. n. 640/72",IVA,a regime,Detrazione forfettizzata dell'imposta nella misura del 50%,Non quantificabile,"-6,9","-6,9",,,Soggetti che effettuano attività di intrattenimento,!,51
2016,29: POLITICHE ECONOMICO-FINANZIARIE E DI BILANCIO,373,"Art. 74, comma 6, del d.P.R. n. 633/72","Regime speciale per gli intrattenimenti, esteso alle società sportive dilettantistiche che optano per il regime di favore di cui alla legge n. 398/1991",IVA,a regime,Detrazione forfettizzata dell'imposta nella misura del 50%,Non quantificabile,"-6,9","-6,9",,,Società sportive dilettantistiche,!,51
2016,29: POLITICHE ECONOMICO-FINANZIARIE E DI BILANCIO,374,"Art. 1, commi da 96 a 117, della Legge n. 244 del 2007 - Art. 27, commi 1 e 2, del D.L. n. 98 del 2011 (convertito nella legge n. 111 del 2011); Art. 1 legge n. 190/2014; art. 12, co.10 undecies D.L. n. 192/2014","""Vecchio"" regime dei contribuenti minimi. Per i soggetti rispondenti ai requisiti previsti dalla norma, è prevista l'applicazione di un'imposta sostitutiva dell'imposta sui redditi e delle addizionali regionali e comunali pari al 5%. I contribuenti sono esenti da Irap, non addebitano l'IVA sulle vendite e non hanno diritto alla detrazione per l'IVA sugli acquisti. E' possibile optare per l'applicazione dell'IVA e dell'IRPEF nei modi ordinari. Si applica, per il periodo d'imposta in cui l'attività è iniziata e per i quattro successivi. Il regime è applicabile anche oltre il quarto periodo di imposta successivo, fino al compimento del trentacinquesimo anno di età.",IVA IRPEF IRAP,Chi ha optato per il regime può continuare a usufruirne fino al termine del quinquennio o al raggiungimento del 35° anno di età,Regime speciale,"-213,3","-142,2","-71,1",,,"Esclusivamente persone fisiche: a) che intraprendono un'attività d'impresa, arte o professione; b) che l'hanno intrapresa successivamente al 31 dicembre 2007.",!,51
2016,29: POLITICHE ECONOMICO-FINANZIARIE E DI BILANCIO,375,"Art. 1, co. da 54 a 89, legge n. 190/2014; art. 1, co. 111-113, legge n. 208/2015","""Nuovo"" regime forfettario agli effetti dell’Iva, dell’Irpef e dell’Irap di determinazione del reddito da assoggettare ad un’unica imposta sostituiva di quelle dovute, con l’aliquota del 15% per le persone fisiche con un limite di ricavi annui diversificati per settore .",IVA IRPEF IRAP,A regime,Regime speciale,"-701,2","-664,0","-638,9",1.000.000,"-701,2","esercenti imprese, arti e professioni in forma individuale",,51
2016,29: POLITICHE ECONOMICO-FINANZIARIE E DI BILANCIO,376,"Articolo 5, comma 2, della legge n. 413/1991",Regime di detrazione forfettizzata per le attività di agriturismo,IVA,a regime,Regime Speciale,"-2,5","-2,5","-2,5",15.770,"-158,5",soggetti che effettuano attività di agriturismo,!,51
2016,29: POLITICHE ECONOMICO-FINANZIARIE E DI BILANCIO,377,32bis del d.l. n 83/2012 (Art. 7 d.l. n. 185/2008),"Regime dell'IVA di cassa in base al quale il versamento dell'IVA è differito al momento della riscossione dei corrispettivi, ma comunque non oltre un anno",IVA,a regime,Iva per cassa,"-355,0","0,0","0,0",,,Piccole imprese,!,51
2016,29: POLITICHE ECONOMICO-FINANZIARIE E DI BILANCIO,378,Art. 8 comma 1-bis del DL 351 del 25 settembre 2001.,Esclusione da IVA (assimilaz. A conferimento di ramo d'azienda) degli apporti a fondi immobiliari chiusi di pluralità di immobili prevalentemente locati,IVA,a regime,Non assoggettamento ad imposta,Non quantificabile,"0,0","0,0",,,Fondi Immobiliari e loro aderenti,!,51
2016,29: POLITICHE ECONOMICO-FINANZIARIE E DI BILANCIO,379,"Legge 27.12.2006, n. 296, art. 1, comma 138",Esclusione da IVA (assimilaz. a conferimento di ramo d'azienda) degli apporti a SIIQ e SIINQ di pluralità di immobili prevalentemente locati,IVA,a regime,Non assoggettamento ad imposta,Non quantificabile,"0,0","0,0",,,SSIQ e SIINQ,!,51
2016,29: POLITICHE ECONOMICO-FINANZIARIE E DI BILANCIO,380,"art. 1, comma 126 della legge 28/12/2015 n. 208, che ha sostituito l'art. 26 del dPR n. 633/1972","possibilità, per i fornitori di soggetti sottoposti a procedure concorsuali, di recuperare l'IVA al momento dell'apertura della procedura e non all'atto della chiusura, come previsto dalla normativa previgente",IVA,a regime,alleggerimento del peso dell'anticipazione finanziaria dell'IVA,"-340,0","-340,0","-340,0",,,fornitori di beni e servizi,,51
2016,29: POLITICHE ECONOMICO-FINANZIARIE E DI BILANCIO,381,Artt. 15 e seguenti del D.P.R. n. 601/73,"Per le operazioni concernenti il settore del credito è prevista l'applicazione dell'imposta sostitutiva in luogo delle imposte di registro, di bollo, ipotecaria e catastale e tassa sulle concessioni governative",REGISTRO E ALTRE IMPOSTE INDIRETTE,a regime,Imposizione sostitutiva,"-1.600,5","-1.600,5","-1.600,5",,,"Privati, banche ed enti erogatori di finanziamenti a medio- lungo termine",!,51
2016,29: POLITICHE ECONOMICO-FINANZIARIE E DI BILANCIO,382,"Art. 1, comma 1, del DPR n. 131/1986",Riduz. imposta di registro all'1% per trasferim. abitazioni esenti da IVA nei confronti di società immobiliari,REGISTRO,a regime,Riduzione aliquota,"-4,5","-4,5","-4,5",408,"-11.029,4",Società immobiliari,!,51
2016,29: POLITICHE ECONOMICO-FINANZIARIE E DI BILANCIO,383,"Art. 4 comma 1, lett a), n. 2) del DPR n. 131/1986",Imposta di registro in misura ridotta del 4% per atti di conferimento di fabbricati a destinazione commerciale e di aree su cui costruire detti fabbricati,REGISTRO,a regime,Imp. registro in misura ridotta del 4%,"-2,4","-2,4","-2,4",128,"-18.750,0",Imprese conferenti,!,51
2016,29: POLITICHE ECONOMICO-FINANZIARIE E DI BILANCIO,384,"Art. 35, comma 10-ter1 del DL 223/2006",Imposte di registro e ipocatastali in misura fissa su riscatto dell'immobile concesso in leasing,REGISTRO E IPOCATASTALI,a regime,Imp. in misura fissa,Non quantificabile,2018,2019,,,Soggetti che riscattano immobili concessi in leasing,!,52
2016,29: POLITICHE ECONOMICO-FINANZIARIE E DI BILANCIO,385,"Art. 16, comma 2, della Legge n. 1216/61","Esenzione da imposta di registro e formalità di registrazione contratti di assicurazione e riassicurazione, ricevute e quietanze",REGISTRO,a regime,Esenzione,"-556,7","-556,7","-556,7",,,Società assicurazione e privati contraenti,!,52
2016,29: POLITICHE ECONOMICO-FINANZIARIE E DI BILANCIO,386,Art. 3 del D.Lgs. n. 346/90,"Trasferimenti a favore dello Stato, regioni , province , comuni, enti pubblici, alcuni associazioni e fondazioni, ONLUS, movimenti e partiti politici nonché a condizione di reciprocità enti pubblici, fondazioni ed associazioni esteri",REGISTRO E IPOCATASTALI,a regime,Esenzione o imposta in misura fissa,"-18,6","-18,6","-18,6",,,Soggetti pubblici a forte rilevanza sociale,!,52
2016,29: POLITICHE ECONOMICO-FINANZIARIE E DI BILANCIO,387,Artt. 1 e 10 del D.Lgs. n. 347/90,"Formalità di trascrizione, iscrizione, rinnovazione, annotazione e volture eseguite nell'interesse dello Stato, ovvero relative ai trasferimenti a favore di regioni , province , comuni, enti pubblici, alcuni associazioni e fondazioni, ONLUS, movimenti e partiti politici nonché a condizione di reciprocità enti pubblici, fondazioni ed associazioni esteri",REGISTRO E IPOCATASTALI,a regime,Esenzione o imposta in misura fissa,"-6,8","-6,8","-6,8",,,Enti pubblici e di utilità sociale,!,52
2016,29: POLITICHE ECONOMICO-FINANZIARIE E DI BILANCIO,388,Nota sub punto 3 all’art. 4 della tariffa allegata al D.P.R. n. 641/72,"Esenzione dalle tasse sulle concessioni governative le licenze rilasciate a dipendenti civili dello Stato, a norma dell’articolo 74 del regolamento di pubblica sicurezza nonché alle persone comprese nelle categorie, individuate a norma dell’art. 7, comma",CC.GG.,a regime,Esenzione,"-1,0","-1,0","-1,0",,,Personale pubblico e categorie speciali,!,52
2016,29: POLITICHE ECONOMICO-FINANZIARIE E DI BILANCIO,389,Tabella allegata al D.P.R. 131/1986,Imposta in misura fissa per la registrazione volontaria atti non assoggettati all'obbligo della registrazione indicati nella Tabella per i quali la predetta registrazione viene volontariamente richiesta,REGISTRO,a regime,Imposta fissa,Non quantificabile,"-1,0","-1,0",,,Soggetti che registrano volontariamenti atti non assoggettati a registrazine obbligatioria,!,52
2016,29: POLITICHE ECONOMICO-FINANZIARIE E DI BILANCIO,390,Art. 1 del D.Lgs. n.346/90,Esenzione delle liberalità indirette risultanti da atti di trasferimento soggetti a registrazione,IMPOSTA SULLE DONAZIONI,a regime,Esenzione,"-1,0","-1,0","-1,0",,,Donatari,!,52
2016,29: POLITICHE ECONOMICO-FINANZIARIE E DI BILANCIO,391,Art.25 del D.Lgs. n. 346/90,"Riduzione di imposta per: successioni apertesi entro 5 anni da altre successioni; beni immobili culturali non sottoposti a vincolo anteriormente all'apertura della successione; fondi rustici devoluti al coniuge e parenti prossimi di valore non superiore a lire 200 milioni; immobili o parti di immobili adibiti all'esercizio dell'impresa e devoluti al coniuge e/o parenti prossimi; aziende, quote di società di persone o beni strumentali ubicate in comuni montani e trasferiti al coniuge e/o parenti prossimi.",IMPOSTA SULLE SUCCESSIONI,a regime,Riduzione di imposta,"-0,5","-0,5","-0,5",,,Eredi,!,52
2016,29: POLITICHE ECONOMICO-FINANZIARIE E DI BILANCIO,392,"D.lgs . N. 347 del 1990, Tariffa, art. 4",Applicazione imposte ipotecaria e catastale in misura fissa per gli atti di fusione o di scissione di società di qualunque tipo e di atti di conferimento di aziende o di complessi aziendli relativi a singoli rami di impresa.,IPOCATASTALI,a regime,Imposta in misura fissa,Non quantificabile,"-0,5","-0,5",,,Imprese ed aziende,!,52
2016,29: POLITICHE ECONOMICO-FINANZIARIE E DI BILANCIO,393,"D.lgs . N. 347 del 1990, Tariffa, art. 4",Applicazione imposte ipotecaria e catastale in misura fissa per gli atti di regolarizzazione di società di fatto derivanti da comunione ereditaria di azienda registrati entro un anno dall'apertura della successione,IPOCATASTALI,a regime,Imposta in misura fissa,Non quantificabile,"-0,5","-0,5",,,Eredi,!,52
2016,29: POLITICHE ECONOMICO-FINANZIARIE E DI BILANCIO,394,Art. 18 del D.P.R. n. 115/02,"Esenzione dall’imposta di bollo 1. Gli atti e provvedimenti del processo penale; 2. Gli atti e provvedimenti del processo civile, e tributario, compresa la procedura concorsuale e di volontaria giurisdizione, e del processo amministrativo, nonché delle pubblico impiego soggetti al contributo unificato; 3. Le copie autentiche, comprese quelle esecutive, degli atti e dei provvedimenti, purchè richieste dalle parti processuali.",IMPOSTA DI BOLLO,a regime,Esenzione,La misura del bollo risulta essere compreso nel contributo unificato,"-0,5","-0,5",,,Soggeti operanti in alcune tipologie di procedure processuali,!,52
2016,29: POLITICHE ECONOMICO-FINANZIARIE E DI BILANCIO,395,"Articolo 17, comma 2, D.Lvo n. 28 del 2010",Esenzione da imposta di Bollo e ogni altra spesa tassa o diritto per documenti e provvedimenti relativi al procedimento di mediazione,IMPOSTA DI BOLLO,a regime,Esenzione,La misura del bollo risulta essere compreso nel contributo unificato,"-0,5","-0,5",,,Persone fisiche e giuridiche,!,52
2016,29: POLITICHE ECONOMICO-FINANZIARIE E DI BILANCIO,396,"Articolo 17, comma 3, D.Lvo n. 28 del 2010","Esenzione dall'imposta di registro per il verbale del procedimento di mediazione entro il limite di valore di 50.000 euro, l'imposta è dovuta per la parte eccedente",IMPOSTA DI REGISTRO,a regime,Esenzione,"-12,8","-12,8","-12,8",,,Persone fisiche e giuridiche,!,53
2016,29: POLITICHE ECONOMICO-FINANZIARIE E DI BILANCIO,397,"art. 13 commi 2 bis e 2 ter della Tariffa allegata al DPR 26 ottobre 1972, n. 642","Estratti conto comunicazione relativi al deposito titoli, comunicazioni da banca a cliente sui cc postali e bancari",IMPOSTA DI BOLLO,a regime,Imposizione sostitutiva,Non quantificabile,"-12,8","-12,8",,,Titolari di conti correnti,!,53
2016,29: POLITICHE ECONOMICO-FINANZIARIE E DI BILANCIO,398,Tabella allegato B del DPR 642 del 1972 ( Atti e documenti esenti in modo assoluto dall''imposta di bollo),La tabella Individua gli atti esenti dall'imposta,IMPOSTA DI BOLLO,a regime,Esenzione,Non quantificabile,"-12,8","-12,8",,,Soggetti vari ivi compresi quelli istituzionali,!,53
2016,29: POLITICHE ECONOMICO-FINANZIARIE E DI BILANCIO,399,"Nota all'articolo 19 della Tariffa, parte prima, allegata al DPR n. 642 del 1972",Esenti dall'imposta di bollo i ceritficati rilasciati da organi dell'autorità giudiziaria relativi alla materia penale,IMPOSTA DI BOLLO,a regime,Esenzione,"-149,0","-149,0","-149,0",9.302.966,"-16,0",Soggetti privati,!,53
2016,29: POLITICHE ECONOMICO-FINANZIARIE E DI BILANCIO,400,Articolo 37 del DPR n . 445 del 2000,"Esenti dall'imposta di bollo le dichiarazioni sostitutive comprovanti stati, qualità personali e fatti",IMPOSTA DI BOLLO,a regime,Esenzione,Non quantificabile,"-149,0","-149,0",,,Soggetti privati,!,53
2016,29: POLITICHE ECONOMICO-FINANZIARIE E DI BILANCIO,401,Articolo 34 del DPR n. 445 del 2000,Esente da imposta di bollo l'autenticazione di fotografie per documenti personali,IMPOSTA DI BOLLO,a regime,Esenzione,Non quantificabile,"-149,0","-149,0",,,Privati,!,53
2016,29: POLITICHE ECONOMICO-FINANZIARIE E DI BILANCIO,402,"Articolo 32 , comma 5 ter del D.L. n. 78 del 2010 convertito dalla legge 122 del 2010","Misura fissa delle imposte di registro , ipotecaria e catastale per gli atti di liquidazione del patrimonio immobilare ( fondi immobiliari)",IMPOSTA DI REGISTRO E IPOCASTALI,a regime,Misura fissa del tributo,Non quantificabile,"-149,0","-149,0",,,Operatori immobiliari,!,53
2016,29: POLITICHE ECONOMICO-FINANZIARIE E DI BILANCIO,403,Convenzione di Vienna sulle relazioni diplomatiche e consolari del 18 aprile 1961 e successive integrazioni,Misure sui trasferimenti del personale diplomatico e consolare,IMPOSTA DI BOLLO,a regime,Esenzione,Non quantificabile,"-149,0","-149,0",,,Ambasciate e personale diplomatico,!,53
2016,29: POLITICHE ECONOMICO-FINANZIARIE E DI BILANCIO,404,Accordi internazionali ed accordi di sede,Misure soggette a specifiche condizioni,IMPOSTA DI BOLLO,a regime,Esenzione,Non quantificabile,"-149,0","-149,0",,,Enti ed organizzazioni sovranazionali,!,53
2016,29: POLITICHE ECONOMICO-FINANZIARIE E DI BILANCIO,405,"Articolo 47, comma 1, del DPR n. 602 del 1973 - Imposta ipotecaria, Tassa ipotecaria.","Gratuità delle trascrizioni, iscrizioni , cancellazione dei pignoramenti mobiliari ed immobiliari richieste dal concessionario della riscossione",IMPOSTA DI REGISTRO E IPOCATASTALI,a regime,Esenzione,Non quantificabile,"-149,0","-149,0",,,Concessionario della riscossione,!,53
2016,29: POLITICHE ECONOMICO-FINANZIARIE E DI BILANCIO,406,"Articolo 47bis, comma 1, del del DPR n. 602 del 1973 Imposta di registro.","Ai traferimenti di beni mobili non registrati la cui vendita è curata dai concessionari , l'imposta di rgistro si applica in misura fissa di dieci euro",IMPOSTA DI REGISTRO,a regime,Imposta fissa in misura ridotta,Non quantificabile,"-149,0","-149,0",,,Concessionario della riscossione,!,53
2016,29: POLITICHE ECONOMICO-FINANZIARIE E DI BILANCIO,407,"D.Lgs. 28 luglio 1989, n. 271 (cfr. art. 32 disp. att. c.p.p..)","Esenzione da bolli, imposte e spese per le procedure di recupero crediti professionali del difensore d'ufficio",IMPOSTA DI BOLLO E ALTRE,a regime,Esenzione,Non quantificabile,"-149,0","-149,0",,,"Per quanto riguarda l'imposta di bollo, ora confluita nella esenzione dal contributo unificato",!,53
2016,29: POLITICHE ECONOMICO-FINANZIARIE E DI BILANCIO,408,"Art. 2, primo comma, della legge 1 dicembre 1981, n. 692","Esenzione da tasse di bollo, di registro e altre imposte per i provvedimenti di restituzione delle terre a comuni, liquidazione di usi civici, legittimazioni, assegnazioni e atti dei procedimenti di cui alla legge 1766 del 1927","IMPOSTA DI BOLLO, REGISTRO E ALTRE",a regime,Esenzione,Non quantificabile,"-149,0","-149,0",,,Enti territoriali e soggetti interessati alla liquidazione degli usi civici.,!,53
2016,29: POLITICHE ECONOMICO-FINANZIARIE E DI BILANCIO,409,"Art. 40-bis, comma 2, del D. Lgs. 1 settembre 1993, n. 385 (già contenuta nel D.L. n. 7 del 2007)",Esenzione da tributi per il procedimento semplificato di cancellazione dell'ipoteca,REGISTRO IPOTECARIO,a regime,Esenzione,Non quantificabile,"-149,0","-149,0",,,Privati,!,53
2016,29: POLITICHE ECONOMICO-FINANZIARIE E DI BILANCIO,410,"Art. 8, comma 4-bis, del D.L. 31 gennaio 2007, n. 7 convertito con modificazioni dalla legge 2007, n. 40 (cfr. articolo 120-quater del D. Lgs. n. 385 del 1993)",Esenzione dalle imposta sostitutiva di cui all'art. 17 del D.P.R. n. 601 del 1973 ed esenzione dalle imposte di cui all'art. 15 del medesimo D.P.R. per le operazioni di portabilità del mutuo,Imposizione sostitutiva,a regime,Esenzione,Non quantificabile,"-149,0","-149,0",,,Privati,!,53
2016,29: POLITICHE ECONOMICO-FINANZIARIE E DI BILANCIO,411,"Art. 4 del D.L. 1 ottobre 1996, n. 510, convertito dalla legge 28 novembre 1996, n. 608","Misure concernenti le cessioni di beni relativi ad attività produttive dismesse, effettuate gratuitamente nei confroni di enti locali territoriali, enti pubblici, ASI e altri, nonchè successive cessioni gratuite","IMPOSTA DI BOLLO, REGISTRO E ALTRE",a regime,Misura fissa dei tributi o esenzione a seconda delle fattispecie,Non quantificabile,"-149,0","-149,0",,,"Enti territoriali , d enti di sviluppo di aree industriali e soggetti privati.",!,53
2016,29: POLITICHE ECONOMICO-FINANZIARIE E DI BILANCIO,412,"Art. 31, comma 22, della legge 23 dicembre 1998, n. 448",Esenzione per la registrazione e la trascrizione dei provvedimenti comunali di accorpamento al demanio stradale delle porzioni di terreno utilizzate ad uso pubblico disposto in sede di revisione catastale,"IMPOSTA DI BOLLO, REGISTRO E ALTRE",a regime,Esenzione,Non quantificabile,2018,2019,,,Enti territoriali,!,54
2016,29: POLITICHE ECONOMICO-FINANZIARIE E DI BILANCIO,413,"Art. 118, comma 1, del D.Lgs. 18 agosto 2000, n.267","Esenzione dalle imposte e tributi per i trasferimenti effettuati dai Comuni, dalle Province e da consorzi fra tali enti a favore di Aziende speciali o società a capitale interamente pubblico di cui al comma 13 dell'art. 113","IMPOSTA DI BOLLO, REGISTRO E ALTRE",a regime,Esenzione,Non quantificabile,2018,2019,,,Enti territoriali e aziende specieli ad essi collegate,!,54
2016,29: POLITICHE ECONOMICO-FINANZIARIE E DI BILANCIO,414,"Art. 8, comma 10, del DL 15 aprile 2002, n. 63 connvertito dalla legge 15 giugno 2002, n. 112","Esenzione da imposte e tributi per le cessioni a favore di Infrastrutture spa, operazioni di finanziamento, provvedimenti, contratti, trasferimenti e formalità, ivi comprese le garanzie prestate, surroghe, sostituzioni, postergazioni, frazionamenti e cancellazioni","IMPOSTA DI BOLLO, REGISTRO E ALTRE",a regime,Esenzione,Non quantificabile,2018,2019,,,Enti di gestione a livello nazionale,!,54
2016,29: POLITICHE ECONOMICO-FINANZIARIE E DI BILANCIO,415,"Art. 2, comma 6, del D.L. 25 settembre 2001, n. 351, convertito con modificazioni dalla legge 23 novembre 2001, n. 410","Esenzione da imposte e tributi per le operazioni di cartolarizzazione del patrimonio immobiliare pubblico, tutti gli atti, contratti e trasferimenti posti in essere per il relativo perfezionamento, nonché formalità connesse","IMPOSTA DI BOLLO, REGISTRO E ALTRE",a regime,Esenzione,Non quantificabile,2018,2019,,,Stato,!,54
2016,29: POLITICHE ECONOMICO-FINANZIARIE E DI BILANCIO,416,"Art 5, comma 24, D.L. 30 settembre 2003, n. 269, convertito dalla legge 24 novembre 2003, n. 326","Esenzione da imposte e tributi per gli atti , contratti, trasferimenti, prestazioni, e formalità relative a oerazioni di raccolta e impiego effettuate dalla gestione separata della CDP spa, ivi comprese le garanzie prestate","IMPOSTA DI BOLLO, REGISTRO E ALTRE",a regime,Esenzione,Non quantificabile,2018,2019,,,Enti ed organi riconducibili allo Stato,!,54
2016,29: POLITICHE ECONOMICO-FINANZIARIE E DI BILANCIO,417,"Art.1, comma 275, della legge 30 dicembre 2004, n. 311",Esenzione da imposte e da tributi per i trasferimenti di immobili dei Comuni a fondazioni o società di cartolarizzazione o ad associazioni per la valorizzazione del patrimonio immobiliare,"IMPOSTA DI BOLLO, REGISTRO E ALTRE",a regime,Esenzione,Non quantificabile,2018,2019,,,Enti territoriali,!,54
2016,29: POLITICHE ECONOMICO-FINANZIARIE E DI BILANCIO,418,"Articolo unico della legge 15 maggio 1954, n.228","Esenzione da diritti e compensi di cui alla legge 17.07.1951, n. 575 per servizi catastali richiesti/erogati nei confronti di Regioni, Province, Comuni, Enti di beneficienza","IMPOSTA DI BOLLO, REGISTRO E ALTRE",a regime,Esenzione,Non quantificabile,2018,2019,,,"Regioni, province , comuni , enti di beneficenza",!,54
2016,29: POLITICHE ECONOMICO-FINANZIARIE E DI BILANCIO,419,"Art. 1 della legge 21 novembre 1967 n.1149 ( cfr. Titolo III Tabella A allegata al D.L. 31 luglio 1954, n. 533, convertito, con modificazioni nella L. 26 settembre 1954, n. 869, e successive modificazioni)",Esenzione da diritti catastali per atti e documenti relativi alla procedura di espropriazione per causa di pubblica utilità promossa dalle amministrazioni dello Stato e da enti pubblici,DIRITTI CATASTALI,a regime,Esenzione,Non quantificabile,2018,2019,,,Stato ed enti pubblici che procedono ad espropri,!,54
2016,29: POLITICHE ECONOMICO-FINANZIARIE E DI BILANCIO,420,"Artt. da 91 a 96 del Regolamento di conservazione del nuovo catasto, approvato con regio decreto 8 dicembre 1938, n. 2153","Rilascio in carta libera e senza applicazione di tassa o diritti sulle copie, sui certificati, sugli estratti a favore di varie categorie di soggetti",IMPOSTA DI BOLLO,a regime,Esenzione,Non quantificabile,2018,2019,,,Privati ed enti,!,54
2016,29: POLITICHE ECONOMICO-FINANZIARIE E DI BILANCIO,421,"Art. 47 bis D.P.R.29 settembre 1973, n. 602 (cfr. anche art. 18, co. 1, D.Lgs. 13 aprile 1999, n. 112)",Rilascio gratuito delle visure ipotecarie ai concessionari e loro incaricati,IMPOSTA DI BOLLO,a regime,Esenzione,Non quantificabile,2018,2019,,,Concessionari della riscossione,!,54
2016,29: POLITICHE ECONOMICO-FINANZIARIE E DI BILANCIO,422,Art.19 D. Lgs 347 del 31/10/1990,Esenzione dalle tasse ipotecarie per le operazioni nell'interesse dello Stato,TASSE IPOTECARIE,a regime,Esenzione,Non quantificabile,2018,2019,,,Stato,!,54
2016,29: POLITICHE ECONOMICO-FINANZIARIE E DI BILANCIO,423,"Art.11, comma 3, del D. Lgs. 30 dicembre 1992, n. 504",Esenzione da spese e diritti per le richieste dati e notizie ed elementi rilevanti agli uffici pubblici competenti ai fini dell'accertamento e liquidazione dell'ICI,"IMPOSTA DI BOLLO, E ALTRE",a regime,Esenzione,Non quantificabile,2018,2019,,,Enti territoriali,!,54
2016,29: POLITICHE ECONOMICO-FINANZIARIE E DI BILANCIO,424,"Art. 66, comma 6-bis, del D.L: 30.08.1993, n. 331, convertito con legge 29 ottobre 1993, 427","Misure a favore di società cooperative edilizie di abitazione e loro consorzi - Atti costitutivi e modificativi; atti, documenti registi relativi alle operazioni previste dagli statuti","IMPOSTA DI BOLLO, E ALTRE",a regime,Esenzione,Non quantificabile,2018,2019,,,Cooperative e loro soci,!,54
2016,29: POLITICHE ECONOMICO-FINANZIARIE E DI BILANCIO,425,"Art. 18, comma 1, del D.Lgs 13 aprile 1999, n. 112",Rilascio gratuito visure ed estrazione copie richieste dagli agenti della riscossione di dati atti riguardanti beni dei debitori iscritti a ruolo e i coobbligati,IMPOSTA DI BOLLO E ALTRE,a regime,Esenzione,Non quantificabile,2018,2019,,,Concessionari della riscossione,!,54
2016,29: POLITICHE ECONOMICO-FINANZIARIE E DI BILANCIO,426,"Legge 25 gennaio 1994,n. 86, articolo 14bis ; decreto legge Decreto legge 25 settembre 2001, n. 351, convertito dalla legge 23 novembre 2001, n. 410, articolo 9, comma 1 che rinvia all'articolo 7 della Tabella allegata al DPR 26 aprile 1986, n. 131","Imposta di registro in misura fissa in caso di registrazione per gli atti costitutivi dei fondi , il rimborso delle quote ed altre operazioni .",IMPOSTA DI REGISTRO,a regime,Imposta di registro in misura fissa,Non quantificabile,2018,2019,,,Fondi immobiliari,!,54
2016,29: POLITICHE ECONOMICO-FINANZIARIE E DI BILANCIO,427,"Articolo 8, comma 1 bis, del decreto legge 25 settembre 2001, n. 351 convertito dalla legge 23 novembre 2001, n. 410, che rinvia all'articolo 4, comma 1, lettera a) n. 3 della Tariffa, parte Prima del DPR n. 131 del 1986; all'articolo 4 della Tariffa allegata al Dlgs","Imposte di registro, ipotecaria e catastale in misura fissa per gli apporti ai fondi immobiliari chiusi disciplinati dall'artixcolo 37 del Dlgs n. 58 del 1998 e dall'articolo 14 bis della legge n. 86 del 1994.","IMPOSTA DI REGISTRO, IPOTECARIA E CATASTALE",a regime,Imposte in misura fissa,"-8,9","-8,9","-8,9",14,"-635.714,3",Fondi immopbiliari e loro aderenti,!,55
2016,29: POLITICHE ECONOMICO-FINANZIARIE E DI BILANCIO,428,Legge 381 del 1991,"Esenzione da imposte di bollo , di registro, e dalle concessioni governative per gli atti costitutivi e modificativi e per gli atti di ammissione e recesso soci , di nomina e accettazione delle cariche sociali e per gli atti di variazione del capitale sociale che non abbiano obbligo di registrazione . ART. 7: esenzione dall'imposta per le successioni o donazioni a favore delle cooperative sociali e riduzione ad un quarto delle imposte ipotecarie e catastali dovute a seguito della stipula dei contratti di mutuo, di acquisto o di locazione relativi ad immobili destinati all'esercizio dell'attività sociale (ONLUS)","IMPOSTA DI BOLLO, REGISTRO E CC.GG.",a regime,Esenzione,Non quantificabile,"-8,9","-8,9",,,Cooperative sociali,!,55
2016,29: POLITICHE ECONOMICO-FINANZIARIE E DI BILANCIO,429,Dlgs 460 del 1997,Esenzione da imposta di bollo e dalla tassa sulle concessioni governative ( ONLUS),IMPOSTA DI BOLLO E CC.GG.,a regime,Esenzione,Non quantificabile,"-8,9","-8,9",,,ONLUS,!,55
2016,29: POLITICHE ECONOMICO-FINANZIARIE E DI BILANCIO,430,"art. 1, comma 57 della legge n. 208 del 2015","esenzione dalle imposte di registro,ipotecaria e catastale e bollo su atti e provvedimenti in esecuzione dei piani di ricomposizione e riordino fondiario promossi da regioni, province, comuni e comunità montane",IMPOSTA DI REGISTRO E IPOCATASTALI,a regime,esenzione,"-14,0","-14,0","-14,0",,,enti territoriali,,55
2016,29: POLITICHE ECONOMICO-FINANZIARIE E DI BILANCIO,431,"art. 32 del D.P.R. n. 601 del 1973 e art. 1, comma 58 della legge n. 208 del 2016",Imposta di registro in misura fissa ed esenzione dalle imposte ipotecaria e catastale per gli atti di trasferimento della proprietà delle aree da parte degli enti locali,IMPOSTA DI REGISTRO E IPOCATASTALI,a regime,esenzione e misura fissa d'imposta,"-2,0","-2,0","-2,0",,,enti locali,,55
2016,29: POLITICHE ECONOMICO-FINANZIARIE E DI BILANCIO,432,Art. 9-quater DL n. 457 del 1997,"Riduzione aliquota allo 0,05 per cento (dal 7,5 per cento) per le navi immatricolate in Italia",IMPOSTA SULLE ASSICURAZIONI,a regime,Riduzione di aliquota,Non quantificabile,"-2,0","-2,0",,,Operatori del settore marittimo,!,55
2016,30: GIOVANI E SPORT,433,"Art. 15, comma 1, lettere i-sexies.1) e i-sexies.2), del TUIR introdotte dall'art. 1, comma 82, della L. n. 208 del 2015","Detrazione, nella misura del 19 %, dei canoni e degli oneri accessori relativi a contratti di locazione finanziaria di unità immobiliari da adibire ad abitazione principale, per un importo non superiore a 8.000 euro annui; detrazione, nella misura del 19%, del costo di riscatto a fronte dell’esercizio dell’opzione finale, per un importo non superiore a 20.000 euro. Tali detrazioni spettano a giovani di età non superiore a 35 anni con reddito complessivo non superiore a 55,000 €. Gli importi sui quali sono calcolate le detrazioni sono dimezzati con riferimento ai giovani di età superiore a 35 anni.",IRPEF,2020,Detrazione,"-15,2","-22,8","-30,4",515,"-29.514,6",persone fisiche,,55
2016,30: GIOVANI E SPORT,434,"Art. 15, comma 1, lett. i-quinquies) e comma 2, TUIR",Detrazione per l'iscrizione annuale/abbonamento per i ragazzi di età compresa tra i 5 e i 18 anni ad associazioni sportive palestre piscine etc individuate con apposito decreto,IRPEF,a regime,Detrazione,"-69,5","-69,5","-69,5",1.679.701,"-41,4",persone fisiche,!,55
2016,30: GIOVANI E SPORT,435,"Art. 15, comma 1, lett. i-ter), TUIR",Detrazione per erogazioni liberali in denaro a favore delle società ed associazioni sportive dilettantistiche,IRPEF,a regime,Detrazione,"-2,3","-2,3","-2,3",24.159,"-93,1",persone fisiche,!,55
2016,30: GIOVANI E SPORT,436,"Legge n. 398/91, art. 9-bis D.L. 417/91, art. 25 commi 1-bis e 2 della L. 133/99, art. 2 comma 31 L. 350/2003",Possibilità di optare per un regime fiscale agevolato per le associazioni sportive non aventi scopo di lucro,IRES,a regime,Regime speciale,"-25,0","-25,0","-25,0",54.501,"-459,4",Associazioni sportive dilettantistiche,!,55
2016,30: GIOVANI E SPORT,437,"Art. 90, comma 1, della Legge n. 289/02",Estensione delle disposizioni tributarie riguardanti le associazioni sportive dilettantistiche anche alle società sportive dilettantistiche costituite in società di capitali senza fine di lucro,IRES,a regime,Regime speciale,"-1,7","-1,7","-1,7",2.143,"-807,3",Società sportive dilettantistiche costituite in società di capitali senza fine di lucro,!,55
2016,30: GIOVANI E SPORT,438,Art. 9-bis del D.L. n. 417/1991,La norma estende alle associazioni senza scopo di lucro ed alle pro-loco le disposizioni a favore delle associazioni sportive dilettantistiche di cui alla L. n. 398/1991.,IRES,a regime,Regime speciale,stima compresa al punto n. 436,"-1,7","-1,7",,,Associazioni senza fini di lucro e associazioni pro-loco,!,55
2016,30: GIOVANI E SPORT,439,"Art. 25, commi 1-bis), e 2, della Legge n.133/99","Non concorrono a formare il reddito imponibile, per un numero di eventi complessivamente non superiore a 2 per anno e per un importo non superiore al limite annuo fissato con DM: a) i proventi realizzati nello svolgimento di attività commerciali connesse agli scopi istituzionali; b) i proventi realizzati tramite raccolta pubblica di fondi, in conformità all’art.143, c.3, lett. a)",IRES,a regime,Esclusione dal reddito,stima compresa al punto n. 436,2018,2019,,,Associazioni sportive dilettantistiche e Pro-loco,!,56
2016,30: GIOVANI E SPORT,440,"Art. 90, comma 11-bis, della Legge n. 289/02","La pubblicità realizzata negli impianti utilizzati per manifestazioni sportive dilettantistiche con capienza inferiore ai 3.000 posti si considera occasionale, ai fini dell’imposta sugli spettacoli, sugli intrattenimenti (art. 7-octies, DL 7/2005) e dell’imposta sulla pubblicità (art.1, c. 128, L. 266/2005)",IRES,a regime,Esclusione dal reddito,"-5,0","-5,0","-5,0",,,Associazioni sportive dilettantistiche e società sportive dilettantistiche costituite in società di capitali senza fine di lucro,!,56
2016,30: GIOVANI E SPORT,441,"Art. 90, comma 23, della Legge n. 289/02","Ai dipendenti pubblici possono essere riconosciute esclusivamente le indennità e i rimborsi di cui all’art. 67, c. 1, lett. m) del Tuir",IRPEF,a regime,Esclusione dal reddito,Non quantificabile,"-5,0","-5,0",,,Dipendenti pubbliciche prestano la propria attività nell'ambito delle società e associazioni sportive dilettantistiche a titolo gratuito,!,56
2016,30: GIOVANI E SPORT,442,"Art. 2, comma 31 della Legge n.350/03","Estensione delle disposizioni tributarie riguardanti le associazioni sportive dilettantistiche (legge 16 dicembre 1991, n. 398) alle associazioni bandistiche e cori amatoriali, filodrammatiche, di musica e danza popolare",IRES,a regime,Regime speciale,Stima compresa al punto 436,"-5,0","-5,0",,,"Associazioni bandistiche e cori amatoriali, filodrammatiche, di musica e danza popolare legalmente costituite senza fini di lucro",!,56
2016,30: GIOVANI E SPORT,443,"Art. 145, c. 13, L.388/2000; art.53,c. 86, L. 448/2001; D.M. 98/2003; art. 4, c. 196, L. 350/2003",Credito d'imposta per giovani calciatori,Credito d'imposta,a regime,Credito d’imposta,"-0,3","-0,3","-0,3",,,società sportive,!,56
2016,31: TURISMO,444,"Art. 32, comma 1, del D.L. 12 settembre 2014, n. 133, convertito in legge 11 novembre 2014, n. 164 (comma modificato dall'art. 1, comma 365, L. 28 dicembre 2015, n. 208) e D.M. 3 ottobre 2014","Marina resort: le strutture organizzate per la sosta e il pernottamento di turisti all'interno delle proprie unità da diporto ormeggiate nello specchio acqueo appositamente attrezzato, secondo i requisiti stabiliti dal MIT, sentito il MIBACT, rientrano nelle strutture ricettive all'aria aperta",IVA,Dal 1º gennaio 2016,Beni e servizi soggetti all'aliquota IVA del 10%,"-12,0","-12,0","-12,0",81.405,"-147,4","Consumatori finali destinatari delle operazioni di cui alla tabella A, parte III",,56
2016,31: TURISMO,448,"Art. 1, co. 115-120 legge n. 208/2015","Le società sia di capitali sia di persone, titolari di beni non utilizzati ai fini del ciclo economico (beni immobili non strumentali per destinazione e beni mobili registrati non utilizzati strumentalmente), possono - tramite assegnazione/cessione ai soci o anche attraverso la trasformazione in società semplice da effettuarsi entro il 30/9/16 - estromettere dal regime di impresa detti beni attraverso il pagamento di un’imposta sostitutiva delle imposte sui redditi e dell’Irap dell’8% ovvero del 10,5% per le società considerate non operative.",Imposizione sostitutiva,2016,Estromissione agevolata beni dal regime d'impresa,Effetti di trascurabile entità,2018,2019,,,Società di persone e di capitali,,57
2016,31: TURISMO,449,"Art. 1, co. 121 legge n. 208/2015","L’imprenditore individuale entro il 31/5/16 può estromettere in regime agevolato tutti gli immobili strumentali (per destinazione e per natura), posseduti al 31.10.15 con effetto dal periodo di imposta in corso alla data dell’1/1/16. L’agevolazione richiede il pagamento di un’imposta sostitutiva dell’Irpef e dell’Irap dell’8%.",Imposizione sostitutiva,2016,Estromissione agevolata beni dal regime d'impresa,Effetti di trascurabile entità,2018,2019,,,Imprenditori individuali,,57
2016,31: TURISMO,450,"Art. 1, co. 91, 94 e 97 legge n. 208/2015","Titolari di reddito d’impresa ed esercenti arti e professioni che effettuano investimenti in beni materiali strumentali nuovi dal 15/10/15 al 31/12/16, con esclusivo riferimento alla determinazione delle quote di ammortamento e dei canoni di locazione finanziaria, potranno maggiorare del 40% il costo di acquisizione, nonché i limiti rilevanti per la deduzione delle quote di ammortamento e dei canoni di locazione finanziaria dei beni di cui all’art. 164, co. 1, lettera b), del Tuir (superammortamento al 140%)",IRPEF \ IRES,31-dic-16,Maggiori ammortamenti,"-967,0","-967,0","-967,0",,,Titolari di reddito d'impresa ed esercenti arti e professioni,,57
2016,16: COMMERCIO INTERNAZIONALE ED INTERNAZIONALIZZAZIONE DEL SISTEMA PRODUTTIVO,451,"Art. 3, comma 1, del DL n. 91/2014 convertito L n. 116/2014 - DM 13/01/2015",Interventi per il sostegno del made in Italy - realizzazione e ampliamento di infrastrutture informatiche finalizzate al potenziamento del commercio elettronico,credito d'imposta,2016,credito d'imposta,Effetti di trascurabile entità,"-967,0","-967,0",,,"imprese che producono prodotti agricoli, della pesca e dell'acquacoltura, nonché alle pmi che producono prodotti agroalimentari, della pesca e dell'acquacoltura anche costituite in forma cooperativa o riunite in consorzi",,57
2016,16: COMMERCIO INTERNAZIONALE ED INTERNAZIONALIZZAZIONE DEL SISTEMA PRODUTTIVO,452,"Art. 3, comma 3, del DL n. 91/2014 convertito L n. 116/2014 - DM13/01/2015","Interventi per il sostegno del made in Italy - nuovi investimenti sostenuti per lo sviluppo di nuovi prodotti, pratiche, processi e tecnologie, nonché per la cooperazione di filiera",credito d'imposta,2016,credito d'imposta,Effetti di trascurabile entità,"-967,0","-967,0",,,"imprese che producono prodotti agricoli, della pesca e dell'acquacoltura, nonché alle pmi che producono prodotti agroalimentari, della pesca e dell'acquacoltura anche costituite in forma cooperativa o riunite in consorzi",,57
2016,19: CASA E ASSETTO URBANISTICO,453,"Art. 1 della Legge n. 449/97; proroga ex art. 2, commi 10-11, della L. n.191/2009. Art. 16, comma 1, del D.L. n. 63 del 2013, convertito dalla L. n. 90 del 2013, come modificato, da ultimo, dall'art. 1, comma 74, lettera c), della L. n. 208 del 2015","Detrazione, nella misura del 50%, per gli interventi di recupero del patrimonio edilizio esistente (manutenzione ordinaria su parti comuni di edifici residenziali, manutenzione strordinaria, restauro, risanamento conservativo ristrutturazione edilizia ed altri interventi previsti dall'art. 1della L. n. 449 del 1997) o per l'acquisto di fabbricati a uso abitativo ristrutturati",IRPEF,2016,Detrazione,"-4.098,2","-3.857,4","-3.588,4",7.615.095,"-538,2",persone fisiche,!,57
2016,19: CASA E ASSETTO URBANISTICO,454,"Art. 16, comma 1-bis, del D.L. n. 63 del 2013, inserito dalla legge di conversione n. 90 del 2013, modificato dall'art. 1, comma 74, lettera c), della legge n. 208 del 2015","Detrazione del 65% per interventi di cui all'articolo 16-bis, comma 1, lettera i), del TUIR realizzati su edifici ricadenti nelle zone sismiche ad alta pericolosità di cui all'ordinanza del Presidente del Consiglio dei Ministri n. 3274 del 20 marzo 2003, riferiti a costruzioni adibite ad abitazione principale o ad attività produttive",IRPEF,2016,Detrazione,"-11,8","-11,8","-11,8",,,persone fisiche,,57
2016,19: CASA E ASSETTO URBANISTICO,455,"Art. 16, comma 2, del D.L. n. 63 del 2013, convertito dalla L. n. 90 del 2013, come modificato, da ultimo, dall'art. 1, comma 74, lettera c), della L. n. 208 del 2015","Detrazione, nella misura del 50 %, per l'acquisto di mobili e grandi elettrodomestici di classe non inferiore alla A+, nonché A per i forni, per le apparecchiature per le quali sia prevista l'etichetta energetica finalizzati all'arredo dell'immobile oggetto di ristrutturazione ex comma 1 dell'articolo 16 del D.L. 63/2013",IRPEF,2016,Detrazione,"-199,4","-199,4","-199,4",,,persone fisiche,,57
2016,19: CASA E ASSETTO URBANISTICO,456,"Art. 1, comma 75, della L. n. 208 del 2015","Detrazione, nella misura del 50 %, per l'acquisto di mobili ad arredo dell'unità immobiliare acquistata e adibita ad abitazione principale. La detrazione spetta a giovani coppie costituenti un nucleo familiare composto da coniugi o da conviventi more uxorio che abbiano costituito nucleo da almeno tre anni, in cui almeno uno dei due componenti non abbia superato i trentacinque anni",IRPEF,2016,Detrazione,"-26,3","-26,3","-26,3",32.833,"-801,0",persone fisiche,,58
2016,19: CASA E ASSETTO URBANISTICO,457,"Art. 1, comma 982, della L. n. 208 del 2015","Credito d'imposta per le spese sostenute ai fini dell'installazione di sistemi di videosorveglianza digitale o allarme nonché per quelle connesse ai contratti stipulati con istituti di vigilanza, dirette alla prevenzione di attività criminali",Credito d'imposta,2016,Credito d'imposta,Effetti di trascurabile entità,"-26,3","-26,3",,,persone fisiche non esercenti attività di lavoro autonomo o d'impresa,,58
2016,19: CASA E ASSETTO URBANISTICO,458,"L. 296/2006, art 1, commi da 344 a 349 - Art. 1, comma 48, della L. n. 220 del 2010; Art. 14 del D.L. n. 63 del 2013, convertito dalla L. n. 90 del 2013 - Art. 1, comma 88, della L. n. 208 del 2015","Detrazione, nella misura del 55% e 65%, delle spese sostenute dal 6 giugno 2013 per vari interventi di riqualificazione energetica degli edifici esistenti di qualsiasi categoria catastale, anche rurale, posseduti o detenuti. La medesima detrazione si applica anche alle spese per l'acquisto, l'installazione e la messa in opera di dispositivi multimediali per il controllo a distanza degli impianti di riscaldamento, produzione di acqua calda o di climatizzazione delle unità abitative (""ecobonus"").",IRPEF,2016,Detrazione,"-1.397,2","-1.204,9","-1.024,0",1.825.495,"-765,4",persone fisiche,!,58
2016,19: CASA E ASSETTO URBANISTICO,459,"Art. 1, comma 56, della L. n. 208 del 2015","Detrazione, nella misura del 50%, dell'Iva corrisposta in relazione all'acquisto di immobili abitativi di nuova costruzione realizzati in classe energetica A o B.",IRPEF,2016,Detrazione,Effetti di trascurabile entità,"-1.204,9","-1.024,0",,,persone fisiche,,58
2016,26: POLITICHE PER IL LAVORO,460,"Art. 1, comma 972, della L. n. 208 del 2015","Contributo straordinario di 960 euro a base annua, di natura non retributiva",BONUS,2016,Contributo straordinario esente dall'IRPEF,Non quantificabile,"-1.204,9","-1.024,0",,,"Personale non dirigente appartenente ai Corpi di Polizia, al Corpo Nazionale dei Vigili del fuoco e alle Forze Armate",,58
2016,29: POLITICHE ECONOMICO-FINANZIARIE E DI BILANCIO,461,"Art.7 della L. n. 448 del 2001. Art. 2, comma 2, del D.L. n. 282 del 2002 come modificato, da ultimo, dall'art. 1, comma 887, della L. n. 208 del 2015. Art. 1, comma 888, della L. n. 208 del 2015.",Rideterminazione dei valori dei terreni e delle partecipazioni non quotate posseduti alla data del 1° luglio 2016,Imposizione sostitutiva,2016,Imposizione sostitutiva,Effetti di trascurabile entità,"-1.204,9","-1.024,0",,,Possessori di terreni edificabili e con destinazione agricola e possessori di partecipazioni non quotate,!,58
2016,29: POLITICHE ECONOMICO-FINANZIARIE E DI BILANCIO,462,"Art. 29 del D.L. n. 179 del 2012, convertito dalla L. n. 221 del 2012, modificato dall'art. 9, comma 16-ter, del D.L. n. 76 del 2013 convertito dalla L. n. 99 del 2013 - D.M. 25 febbraio 2016","Detrazione della somma investita nel capitale sociale di una o più start-up innovative, direttamente o tramite OICR",IRPEF,2016,Detrazione,"-5,5","0,0","0,0",,,Persone fisiche,,58
2016,29: POLITICHE ECONOMICO-FINANZIARIE E DI BILANCIO,463,art. 10 del DL n. 83/2014 convertito L n. 106/2014,Disposizioni urgenti per riqualificare e migliorare le strutture ricettive turistico- alberghiere e favorire l'imprenditorialità nel settore turistico,credito d'imposta,2016,credito d'imposta,Effetti di trascurabile entità,"0,0","0,0",,,Imprese alberghiere,,58
2016,29: POLITICHE ECONOMICO-FINANZIARIE E DI BILANCIO,464,"Art. 9 DL n. 145/2013, convertito dalla L n. 9/2014.",Credito d'imposta per la diffusone della lettura,Credito d'imposta,2016,Credito d'imposta,Effetti di trascurabile entità,"0,0","0,0",,,persone fisiche e giuridiche,,58
2016,29: POLITICHE ECONOMICO-FINANZIARIE E DI BILANCIO,465,"Art. 7 del DL n. 91/2013, convertito dalla L. n. 112/2013. DM 2/12/2014",Credito di imposta per la promozione della musica di nuovi talenti,Credito d'imposta,2016,Credito d'imposta,Effetti di trascurabile entità,"0,0","0,0",,,"imprese produttrici di fonogrammi e di videogrammi musicali ed imprese organizzatrici e produttrici di spettacoli di musica dal vivo, esistenti almeno dal 1° gennaio 2012",,58
2016,29: POLITICHE ECONOMICO-FINANZIARIE E DI BILANCIO,466,"art. 1, c. 85-86, della L. n. 208/2015",Credito d'imposta rottamazione autocaravan,credito d'imposta,2016,credito d'imposta,Effetti di trascurabile entità,2018,2019,,,persone fisiche e giuridiche,,59
2016,29: POLITICHE ECONOMICO-FINANZIARIE E DI BILANCIO,467,Art. 56 della L. n. 221/2015,Credito d'imposta bonifiche amianto,credito d'imposta,2016,credito d'imposta,Effetti di trascurabile entità,2018,2019,,,soggetti titolari di reddito d'impresa,,59
2016,29: POLITICHE ECONOMICO-FINANZIARIE E DI BILANCIO,468,"art. 16 del D.L. n. 18 del 2016, convertito con modifiche dalla legge n. 49 del 2016","Imposte di registro, ipotecaria e catastale in misura fissa sugli atti e provvedimenti recanti il tasferimento di immobili nell'ambito di una procedura giudiziaria di espropriazione o di una procedura di vendita Imposte di registro, ipotecaria e catastale in misura fissa sugli atti e provvedimenti recanti il tasferimento di immobili nell'ambito di una procedura giudiziaria di espropriazione o di una procedura di vendita",IMPOSTA DI REGISTRO E IPOCATASTALI,2016,misura fissa d'imposta,Effetti di trascurabile entità,2018,2019,,,imprenditori e privati,,59
2016,11: COMPETITIVITA’ E SVILUPPO DELLE IMPRESE,445,"Articolo 12 del decreto-legge 19 giugno 2015, n. 78",ZFU per l’alluvione e sisma Emilia. agevolazione concessa nel de minimis.,IMPOSTE VARIE,2016,Regime speciale,Effetti di trascurabile entità,"-5,0","-5,0",,,Piccole e microimprese costituite nelle ZFU,,61
2016,11: COMPETITIVITA’ E SVILUPPO DELLE IMPRESE,446,"Articolo 1 commi da 445 a 453 della legge 28 dicembre 2015, n. 208",ZFU per il sisma Lombardia. agevolazione concessa nel de minimis.,IMPOSTE VARIE,2016,Regime speciale,Effetti di trascurabile entità,"-10,5","-10,5",,,Piccole e microimprese costituite nelle ZFU,,62
