rsf_year,missione,n,norma,descrizione,tributo,termine_vigenza,natura,effetto_2025,effetto_2026,effetto_2027,numero_frequenze,effetto_procapite,beneficiari,vigore_5plus,page
2018,9: AGRICOLTURA POLITICHE AGROALIMENTARI E PESCA,1,"Art. 15, comma 1, lett. a), TUIR",Detrazione su interessi passivi e oneri accessori relativi a prestiti e mutui agrari,IRPEF,A REGIME,DETRAZIONE,"-18,4","-18,4","-18,4",32.516,"-566,0",PERSONE FISICHE,,51
2018,9: AGRICOLTURA POLITICHE AGROALIMENTARI E PESCA,2,"Art. 31, comma 2, TUIR",Reddito dominicale pari a zero in caso di perdita del prodotto almeno per il 30% in conseguenza di eventi naturali,IRPEF,A REGIME,ESCLUSIONE,"-4,7","-4,7","-4,7",15.360,"-306,0",PERSONE FISICHE,,51
2018,9: AGRICOLTURA POLITICHE AGROALIMENTARI E PESCA,3,"Art. 35, TUIR",Reddito agrario pari a zero nelle ipotesi di cui all'art. 31 TUIR,IRPEF,A REGIME,ESCLUSIONE,"-1,8","-1,8","-1,8",14.518,"-124,0",PERSONE FISICHE,,51
2018,9: AGRICOLTURA POLITICHE AGROALIMENTARI E PESCA,4,"Tabella A, punto 5, TUA","Impiego dei prodotti energetici nei lavori agricoli e assimilati (orticoltura, allevamento, silvicoltura, apicoltura, piscicoltura e florovivaistica) - Applicazione di un'aliquota pari al 22 % di quella normale per il gasolio e al 49 % di quella normale per la benzina (uso carburanti). Esenzione per gli oli vegetali non modificati chimicamente",ACCISA,A REGIME,RIDUZIONE DI ALIQUOTA,"-913,0","-913,0","-913,0",,,SOGGETTI E CATEGORIE PARTICOLARI,,51
2018,9: AGRICOLTURA POLITICHE AGROALIMENTARI E PESCA,5,"Tabella A, punto 6, TUA",Esenzione dall'accisa sui carburanti per il prosciugamento e la sistemazione dei terreni allagati nelle zone colpite da alluvione,ACCISA,A REGIME,ESENZIONE,"-0,5","-0,5","-0,5",,,SOGGETTI E CATEGORIE PARTICOLARI,,51
2018,9: AGRICOLTURA POLITICHE AGROALIMENTARI E PESCA,6,"Tabella A, punto 7, TUA",Esenzione dall'accisa sui carburanti per il sollevamento delle acque allo scopo di agevolare la coltivazione dei fondi rustici sui terreni bonificati,ACCISA,A REGIME,ESENZIONE,"-0,5","-0,5","-0,5",,,SOGGETTI E CATEGORIE PARTICOLARI,,51
2018,9: AGRICOLTURA POLITICHE AGROALIMENTARI E PESCA,7,Art. 34 del D.P.R. n. 633/72,Regime speciale IVA per i produttori agricoli - detrazione forfetizzatra,IVA,A REGIME,REGIME SPECIALE,"-448,0","-448,0","-448,0",291.572,"-1.536,4",SOGGETTI E CATEGORIE PARTICOLARI,,51
2018,9: AGRICOLTURA POLITICHE AGROALIMENTARI E PESCA,8,"Legge 604/1954 e normative collegate; prorogata ex art. 2, comma 4-bis, del D.L. n.194/2009 e posta a regime con la legge n. 220/2010 (legge di stabilità)","Misure in tema di imposte di registro, ipotecarie e catastali sui trasferimenti immobiliari in agricoltura (piccola proprietà contadina).","IMPOSTE DI REGISTRO, DI BOLLO E IPOCASTATALI",A REGIME,REGIME SPECIALE,"-219,9","-219,9","-219,9",,,SOGGETTI E CATEGORIE PARTICOLARI,,51
2018,9: AGRICOLTURA POLITICHE AGROALIMENTARI E PESCA,9,Art. 34-bis del D.P.R. n. 633/72,"Attività agricole connesse Detrazione forfettizzata dell'imposta nella misura del 50% Imprenditori agricoli che effettuano forniture di servizi ai sensi dell'art. 2135, terzo comma c.c.",IVA,A REGIME,REGIME SPECIALE,"-5,4","-5,4","-5,4",11.228,"-482,9",SOGGETTI E CATEGORIE PARTICOLARI,,51
2018,9: AGRICOLTURA POLITICHE AGROALIMENTARI E PESCA,10,"Art. 2, terzo comma, lett. c), del D.P.R. 633/72",Non assoggettamento ad IVA delle cessioni di terreni non edificabili,IVA,A REGIME,ESCLUSIONE,Non quantificabile,,,,,PERSONE FISICHE E GIURIDICHE,,51
2018,9: AGRICOLTURA POLITICHE AGROALIMENTARI E PESCA,11,"art. 1, comma 908 della legge 28/12/2015 n. 208",Innalzamento delle percentuali di compensazione di detrazione dell'IVA applicabili a taluni prodotti dei settori lattiero-caseario ed agli animali vivi bovini e suini,IVA,A REGIME,REGIME SPECIALE,"-32,4","-32,4","-32,4",,,SOGGETTI E CATEGORIE PARTICOLARI,,51
2018,9: AGRICOLTURA POLITICHE AGROALIMENTARI E PESCA,12,"Art. 1, comma 503, Legge 27 dicembre 2017, n. 205","Allo svolgimento dell'attività enoturistica si applicano le disposizioni fiscali di cui all'articolo 5 della legge 30 dicembre 1991, n. 413. Il regime forfettario dell'imposta sul valore aggiunto di cui all'articolo 5, comma 2, della legge n. 413 del 1991 si applica solo per i produttori articoli 295 e seguenti della direttiva comunitaria 2006/112/CE, del 28 novembre 2006.",IVA,A REGIME,REGIME SPECIALE,"-1,1","-1,1","-1,1",,,SOGGETTI E CATEGORIE PARTICOLARI,,51
2018,9: AGRICOLTURA POLITICHE AGROALIMENTARI E PESCA,13,"Art. 1, comma 506, Legge 27 dicembre 2017, n. 205","Prevede che con decreto del Ministro dell'economia e delle finanze, di concerto con il Ministro delle politiche agricole alimentari e forestali, da adottare entro il 31 gennaio di ciascuna delle annualità 2018, 2019 e 2020, ai sensi dell'articolo 34, comma 1, del decreto del Presidente della Repubblica 26 ottobre 1972, n. 633, le percentuali di compensazione applicabili agli animali vivi delle specie bovina e suina sono innalzate, per ciascuna delle annualità 2018, 2019 e 2020, rispettivamente in misura non superiore al 7,7 per cento e all'8 per cento.",IVA,2020,REGIME SPECIALE,"-20,0","-20,0","0,0",,,SOGGETTI E CATEGORIE PARTICOLARI,,52
2018,9: AGRICOLTURA POLITICHE AGROALIMENTARI E PESCA,14,"Art. 78, comma 8, legge, 413/1991",Determinazione forfetaria del reddito imponibile e dell'Iva per le associazioni sindacali e di categoria operanti nel settore agricolo relativamente alle attività di assistenza rese agli associati,IRES/IVA,A REGIME,REGIME FORFETARIO,"-0,1","-0,1","-0,1",304,"-348,7",SOGGETTI E CATEGORIE PARTICOLARI,,52
2018,9: AGRICOLTURA POLITICHE AGROALIMENTARI E PESCA,15,"Art. 1, comma 1094, della Legge n. 296/06 come modificato dall'art.1, comma 177, Legge n. 244/07","Possibilità per le società di persone e le società a responsabilità limitata, costituite da imprenditori agricoli, che esercitano esclusivamente le attività dirette alla manipolazione, conservazione, trasformazione, commercializzazione e valorizzazione di prodotti agricoli ceduti dai soci, di determinare il reddito applicando all'ammontare dei ricavi il coefficiente di redditività del 25 per cento.",IRPEF/IRES,A REGIME,REGIME SPECIALE,"-61,4","-61,4","-61,4",3.733,"-16.458,6",SOGGETTI E CATEGORIE PARTICOLARI,,52
2018,9: AGRICOLTURA POLITICHE AGROALIMENTARI E PESCA,16,"Art.1, commi 1093 Legge n. 296/06","Possibilità per le società di persone, le società a responsabilità limitata e le società cooperative che rivestono la qualifica di società agricola ai sensi dell'articolo 2 del decreto legislativo 29 marzo 2004, n. 93 di optare per la determinazione catastale del reddito, ex aticolo 32 del Tuir.",IRPEF/IRES,A REGIME,,,,,,,,,52
2018,9: AGRICOLTURA POLITICHE AGROALIMENTARI E PESCA,17,"Art.2, comma 6, della Legge n. 350/03","Modifiche in favore del settore agricolo: - modifica dei criteri per l'individuazione delle attività agricole ""connesse"" comunque produttive di reddito agrario di cui all'art. 32, comma 1 2, lettera c) del Tuir. Rinvio alle attività di cui al terzo comma dell'art. 2135 del c.c. e previsione di un decreto del Ministro dell'economia e delle finanze per l'individuazione dei beni che possono essere oggetto delle attività agricole ""connesse""; - nuovo articolo 56-bis del Tuir modalità, opzionale, di determinazione del reddito delle ""altre attività agricole""; - articolo 71, comma 2-bis) del Tuir applicazione dei coefficienti di redditività di cui all'articolo 56- bis del Tuir per la determinazione dei redditi derivanti dalle attività commerciali non esercitate abitualmente poste in essere dai soggetti che svolgono le attività di cui all'articolo 32 del Tuir eccedenti i limiti di cui al comma 2, lettera c).",IRPEF/IRES,A REGIME,REGIME SPECIALE,"-108,4","-108,4","-108,4",20.137,"-5.385,4",SOGGETTI E CATEGORIE PARTICOLARI,,52
2018,9: AGRICOLTURA POLITICHE AGROALIMENTARI E PESCA,18,"Art. 34, comma 6, del D.P.R.n. 633/72","Regime speciale IVA per i produttori agricoli in regime di esonero con volume d'affari inferiore a 7.000 euro, che effettuano cessioni di prodotti agricoli",IVA,A REGIME,REGIME SPECIALE,"-12,5","-12,5","-12,5",591.236,"-21,1",SOGGETTI E CATEGORIE PARTICOLARI,,52
2018,9: AGRICOLTURA POLITICHE AGROALIMENTARI E PESCA,19,"Art. 34, comma 7, del D.P.R.n. 633/72",Assoggettamento ad IVA dei conferimenti alle cooperative dei prodotti agricoli dei soci differito al momento del pagamento del prezzo,IVA,A REGIME,REGIME SPECIALE,Non quantificabile,,,,,SOGGETTI E CATEGORIE PARTICOLARI,,52
2018,9: AGRICOLTURA POLITICHE AGROALIMENTARI E PESCA,20,Art. 5 del DPR n. 131/1986,"Locazione di fondi rustici (aliquota dello 0,5%)","IMPOSTE DI REGISTRO, DI BOLLO E IPOCASTATALI",A REGIME,RIDUZIONE DI ALIQUOTA,"-7,9","-7,9","-7,9",,,SOGGETTI E CATEGORIE PARTICOLARI,,52
2018,9: AGRICOLTURA POLITICHE AGROALIMENTARI E PESCA,21,Art. 14 della Legge n. 441/98,"Per favorire la continuità della impresa agricola gli atti relativi ai beni costituenti l'azienda, ivi compresi i fabbricati, le pertinenze, le scorte vive e morte oggetto di successione o di donazione tra ascendenti o discendenti entro il terzo grado sono esenti dall'imposta sulle successioni e donazioni, dalle imposte catastali, di bollo ( e dall'INVIM) e soggetti alle sole imposte ipotecarie in misura fissa . Quanto precede a condizione che i soggetti interessati siano coltivatori diretti che non hanno compiuto i quaranta anni e che acquisiscano la qualifica di coltivatore diretto o di imprenditore agricolo.",IMPOSTE SU DONAZIONI E SUCCESSIONI,A REGIME,ESENZIONE,Non quantificabile,,,,,PERSONE FISICHE,,53
2018,9: AGRICOLTURA POLITICHE AGROALIMENTARI E PESCA,22,"Art. 39, comma 7, del D.Lgs 1 settembre 1993, n. 385",Misure in materia di annotazioni ipotecarie relative ad operazioni di credito fondiario,"IMPOSTE DI REGISTRO, DI BOLLO E IPOCASTATALI",A REGIME,ALTRO,Non quantificabile,,,,,BANCHE E ASSICURAZIONI,,53
2018,9: AGRICOLTURA POLITICHE AGROALIMENTARI E PESCA,23,"Comma 4-bis dell'art. 2 del D.L. n. 194 del 2009, modificato dall'art. 1, comma 41, della legge n. 220 del 2010 e dall'art. 1, comma 907 della legge n. 208 del 2015",Imposta di registro ed ipotecaria in misura fissa sui trasferimento a titolo oneroso di terreni agricoli,"IMPOSTE DI REGISTRO, DI BOLLO E IPOCASTATALI",A REGIME,IMPOSTA IN MISURA FISSA,"0,0","0,0","0,0",,,PERSONE FISICHE,,53
2018,9: AGRICOLTURA POLITICHE AGROALIMENTARI E PESCA,24,"Legge 25 maggio 1970 n. 364, articolo 21","Contratti di assicurazione a favore di soci di consorzi, associazioni e cooperative agricole di cui alla legge 364 sel 1970. ( nota. La legge è stata abrogata dall'articolo 16 del Dlgs 29 marzo 2004, n. 102 , salvo quanto previsto dall'articolo 21 , comma 6 della stesa legge)",ALTRO,A REGIME,ESENZIONE,Non quantificabile,,,,,SOGGETTI E CATEGORIE PARTICOLARI,,53
2018,9: AGRICOLTURA POLITICHE AGROALIMENTARI E PESCA,25,"Art. 1, comma 44, Legge n. 232 del 2016",Non concorrenza alla formazione della base imponibile ai fini dell'imposta sul reddito delle persone fisiche dei coltivatori diretti e degli imprenditori agricoli professionali dei redditi dominicali e agrari,IRPEF/IRES,2017-2019,ESCLUSIONE,"-98,7","-98,7","67,8",127.176,"775,7",SOGGETTI A CATEGORIE PARTICOLARI,,53
2018,10: ENERGIA E DIVERSIFICAZIONE DELLE FONTI ENERGETICHE,26,"Tabella A, punto 10, TUA","Riduzione dell'accisa sul gas naturale impiegato negli usi di cantiere, nei motori fissi e nelle operazioni di campo per la coltivazione di idrocarburi",ACCISA,A REGIME,RIDUZIONE DI ALIQUOTA,"-0,2","-0,2","-0,2",,,SOGGETTI E CATEGORIE PARTICOLARI,,53
2018,10: ENERGIA E DIVERSIFICAZIONE DELLE FONTI ENERGETICHE,27,"Tabella A, punto 11 TUA",Riduzione dell'accisa sui prodotti energetici impiegati per la produzione di energia elettrica con impianti obbligati alla denuncia (per gli oli vegetali non modificati chimicamente è prevista l'esenzione da accisa),ACCISA,A REGIME,RIDUZIONE DI ALIQUOTA,"-0,5","-0,5","-0,5",,,SOGGETTI E CATEGORIE PARTICOLARI,,53
2018,10: ENERGIA E DIVERSIFICAZIONE DELLE FONTI ENERGETICHE,28,"Tabella A, punto 11-bis, TUA",Esenzione dall'accisa sull'energia elettrica prodotta da impianti di gasificazione,ACCISA,A REGIME,ESENZIONE,"-0,5","-0,5","-0,5",,,SOGGETTI E CATEGORIE PARTICOLARI,,53
2018,10: ENERGIA E DIVERSIFICAZIONE DELLE FONTI ENERGETICHE,29,"Tabella A, punto 14, TUA",Esenzione dall'accisa sui prodotti energetici impiegati per la produzione di magnesio da acqua di mare,ACCISA,A REGIME,ESENZIONE,"-0,5","-0,5","-0,5",,,SOGGETTI E CATEGORIE PARTICOLARI,,53
2018,10: ENERGIA E DIVERSIFICAZIONE DELLE FONTI ENERGETICHE,30,"Tabella A, punto 15 TUA",Riduzione dell'accisa sul GPL utilizzato negli impianti centralizzati per usi industriali,ACCISA,A REGIME,RIDUZIONE DI ALIQUOTA,"-12,6","-12,6","-12,6",,,SOGGETTI E CATEGORIE PARTICOLARI,,54
2018,10: ENERGIA E DIVERSIFICAZIONE DELLE FONTI ENERGETICHE,31,"Tabella A, punto 15 TUA",Riduzione dell'accisa sul GPL impiegato come carburante per gli autobus urbani ed extraurbani adibiti al servizio pubblico,ACCISA,A REGIME,RIDUZIONE DI ALIQUOTA,"-0,8","-0,8","-0,8",,,SOGGETTI E CATEGORIE PARTICOLARI,,54
2018,10: ENERGIA E DIVERSIFICAZIONE DELLE FONTI ENERGETICHE,32,"Tabella A, punto 16-bis, TUA",Riduzione dell'accisa su combustibili (gasolio e gas naturale) e carburanti (benzina e gasolio) impiegati dalle Forze armate nazionali,ACCISA,A REGIME,RIDUZIONE DI ALIQUOTA,"-23,2","-23,2","-23,2",,,SOGGETTI E CATEGORIE PARTICOLARI,,54
2018,10: ENERGIA E DIVERSIFICAZIONE DELLE FONTI ENERGETICHE,33,"Tabella A, punto 16-bis, TUA",Esenzione dell'accisa su combustibili ( GPL) e carburanti (GPL e gas naturale) impiegati dalle Forze armate nazionali,ACCISA,A REGIME,ESENZIONE,,,,,,SOGGETTI E CATEGORIE PARTICOLARI,,54
2018,10: ENERGIA E DIVERSIFICAZIONE DELLE FONTI ENERGETICHE,34,"Art. 17, comma 4 bis, TUA","Esenzione dall'accisa sui tabacchi denaturati e usati a fini industriali od orticoli, distrutti sotto sorveglianza amministrativa, destinati esclusivamente a prove scientifiche ed a prove relative alla qualità dei prodotti, riutilizzati dal produttore.",ACCISA,A REGIME,ESENZIONE,Non quantificabile,,,,,IMPRESE E SOCIETA',,54
2018,10: ENERGIA E DIVERSIFICAZIONE DELLE FONTI ENERGETICHE,35,"Art. 21-bis, TUA",Riduzione dell'accisa sulle emulsioni di gasolio o olio combustibile in acqua impiegate come carburanti o combustibili,ACCISA,2019,RIDUZIONE DI ALIQUOTA,"-2,2","-2,2","-2,2",,,SOGGETTI E CATEGORIE PARTICOLARI,,54
2018,10: ENERGIA E DIVERSIFICAZIONE DELLE FONTI ENERGETICHE,36,"Art. 26, comma 6, TUA",Non sottoposizione ad accisa delle miscele gassose di origine biologica destinate agli usi propri del soggetto che le produce,ACCISA,A REGIME,ESENZIONE,"-1,0","-1,0","-1,0",,,SOGGETTI E CATEGORIE PARTICOLARI,,54
2018,10: ENERGIA E DIVERSIFICAZIONE DELLE FONTI ENERGETICHE,37,"Art. 27, comma 3, lett. h), TUA","Esenzione dall'accisa per l'alcool e le bevande alcoliche impiegati come campioni per analisi, per prove di produzione necessarie o a fini scientifici",ACCISA,A REGIME,ESENZIONE,Non quantificabile,,,,,IMPRESE E SOCIETA',,54
2018,10: ENERGIA E DIVERSIFICAZIONE DELLE FONTI ENERGETICHE,38,"Art. 27, comma 3, lett. i), TUA",Esenzione dall'accisa per l'alcool e le bevande alcoliche utilizzati nella fabbricazione di un componente non soggetto ad accisa,ACCISA,A REGIME,ESENZIONE,Non quantificabile,,,,,SOGGETTI E CATEGORIE PARTICOLARI,,54
2018,10: ENERGIA E DIVERSIFICAZIONE DELLE FONTI ENERGETICHE,39,"Art. 33, comma 2, TUA",Determinazione forfettaria dell’accisa sull’alcool etilico prodotto da piccoli alambicchi,ACCISA,A REGIME,REGIME FORFETARIO,Non quantificabile,,,,,SOGGETTI E CATEGORIE PARTICOLARI,,54
2018,10: ENERGIA E DIVERSIFICAZIONE DELLE FONTI ENERGETICHE,40,"Art. 52, comma 2, lettera b), TUA","Non sottoposizione ad accisa per l'energia elettrica impiegata negli aeromobili, nelle navi, negli autoveicoli, purchè prodotta a bordo con mezzi propri, esclusi gli accumulatori, nonché quella prodotta da gruppi elettrogeni mobili in dotazione alle forze armate dello Stato ed ai corpi ad esse assimilati",ACCISA,A REGIME,ESCLUSIONE,Non quantificabile,,,,,SOGGETTI E CATEGORIE PARTICOLARI,,54
2018,10: ENERGIA E DIVERSIFICAZIONE DELLE FONTI ENERGETICHE,41,"Art. 52, comma 2, lettera c), TUA",Non sottoposizione ad accisa per l'energia elettrica prodotta con gruppi elettrogeni azionati da gas metano biologico,ACCISA,A REGIME,ESCLUSIONE,Non quantificabile,,,,,SOGGETTI E CATEGORIE PARTICOLARI,,55
2018,10: ENERGIA E DIVERSIFICAZIONE DELLE FONTI ENERGETICHE,42,"Art. 52, comma 2, lettera d), TUA","Non sottoposizione ad accisa per l'energia elettrica prodotta da piccoli impianti generatori comunque azionati, purchè la loro potenza disponibile non sia superiore a 1 kW, nonché prodotta da officine elettriche costituite da gruppi elettrogeni di soccorso aventi potenza disponibile complessiva non superiore a 200 kW",ACCISA,A REGIME,ESCLUSIONE,Non quantificabile,,,,,SOGGETTI E CATEGORIE PARTICOLARI,,55
2018,10: ENERGIA E DIVERSIFICAZIONE DELLE FONTI ENERGETICHE,43,"Art. 52, comma 3, lett. b) , TUA",Esenzione dall'accisa sull'energia elettrica prodotta con fonti rinnovabili in impianti con potenza superiore a 20 kW per autoconsumo,ACCISA,A REGIME,ESENZIONE,"-51,6","-51,6","-51,6",,,SOGGETTI E CATEGORIE PARTICOLARI,,55
2018,10: ENERGIA E DIVERSIFICAZIONE DELLE FONTI ENERGETICHE,44,"Art. 52, comma 2, lettera a), TUA","Esclusione, dal campo di applicazione dell’accisa, dell’energia elettrica prodotta con impianti azionati da fonti rinnovabili, aventi potenza non superiore a 20 kW",ACCISA,A REGIME,ESENZIONE,Non quantificabile,,,,,SOGGETTI E CATEGORIE PARTICOLARI,,55
2018,10: ENERGIA E DIVERSIFICAZIONE DELLE FONTI ENERGETICHE,45,"Art. 8, comma 10, lett. f), della Legge n. 448/98 e successive modifcazioni e integrazioni",Credito d’imposta sulle reti di teleriscaldamento alimentato con biomassa ed energia geotermica,,A REGIME,CREDITO D'IMPOSTA,"-27,0","-27,0","-27,0",229,"117.903,9",SOGGETTI E CATEGORIE PARTICOLARI,,55
2018,10: ENERGIA E DIVERSIFICAZIONE DELLE FONTI ENERGETICHE,46,"Art. 52, comma 3, lett. c), TUA",Esenzione dall'accisa sull'energia elettrica impiegata nelle ferrovie,ACCISA,A REGIME,ESENZIONE,"-74,4","-74,4","-74,4",,,SOGGETTI E CATEGORIE PARTICOLARI,,55
2018,10: ENERGIA E DIVERSIFICAZIONE DELLE FONTI ENERGETICHE,47,"Art. 52, comma 3, lett. d), TUA",Energia elettrica impiegata nell'esercizio delle linee ditrasporto urbano ed interurbano- Esenzione dall'accisa,ACCISA,A REGIME,ESENZIONE,"-10,4","-10,4","-10,4",,,SOGGETTI E CATEGORIE PARTICOLARI,,55
2018,10: ENERGIA E DIVERSIFICAZIONE DELLE FONTI ENERGETICHE,48,"Art. 52, comma 3, lett. e), TUA",Esenzione dall'accisa sull'energia elettrica impiegata nelle abitazioni di residenza con potenza fino a 3 kW fino a 150 kwh di consumo mensile,ACCISA,A REGIME,ESENZIONE,"-586,7","-586,7","-586,7",,,PERSONE FISICHE,,55
2018,10: ENERGIA E DIVERSIFICAZIONE DELLE FONTI ENERGETICHE,49,"Art. 55, comma 3, let. f), TUA","Pagamento dell'accisa con un canone forfetario per le forniture di energia elettrica ""a cottimo"" (piccole forniture)",ACCISA,A REGIME,REGIME FORFETARIO,Non quantificabile,,,,,PERSONE FISICHE,,55
2018,10: ENERGIA E DIVERSIFICAZIONE DELLE FONTI ENERGETICHE,50,"Art. 55, comma 5, TUA",Pagamento dell'accisa sull'energia elettrica con canone annuo di abbonamento (per l’energia elettrica ottenuta da officine non fornite di misuratori),ACCISA,A REGIME,REGIME FORFETARIO,Non quantificabile,,,,,SOGGETTI E CATEGORIE PARTICOLARI,,55
2018,10: ENERGIA E DIVERSIFICAZIONE DELLE FONTI ENERGETICHE,51,"Art. 55, comma 5, TUA","Pagamento dell'accisa sull'energia elettrica con canone annuo di abbonamento (energia elettrica ottenuta da impianti di produzione combinata di energia elettrica e calore, con potenza disponibile non superiore a 100 kW non forniti di misuratori)",ACCISA,A REGIME,REGIME FORFETARIO,Non quantificabile,,,,,SOGGETTI E CATEGORIE PARTICOLARI,,55
2018,10: ENERGIA E DIVERSIFICAZIONE DELLE FONTI ENERGETICHE,52,"Art. 62, comma 2, TUA","Esenzione dall'imposta di consumo per gli oli lubrificanti impiegati nella produzione e nella lavorazione della gomma naturale e sintetica per la fabbricazione dei relativi manufatti, nella produzione delle materie plastiche e delle resine artificiali o sintetiche, comprese le colle adesive, nella produzione degli antiparassitari per le piante da frutta",ALTRO,A REGIME,ESENZIONE,"-1,0","-1,0","-1,0",,,SOGGETTI E CATEGORIE PARTICOLARI,,56
2018,10: ENERGIA E DIVERSIFICAZIONE DELLE FONTI ENERGETICHE,53,"Art. 2, comma 11 della legge n. 203/08",Riduzione dell'accisa sul gas naturale impiegato per usi industriali da soggetti che registrano consumi superiori a 1.200.000 mc annui -,ACCISA,A REGIME,RIDUZIONE DI ALIQUOTA,"-60,9","-60,9","-60,9",,,SOGGETTI E CATEGORIE PARTICOLARI,,56
2018,10: ENERGIA E DIVERSIFICAZIONE DELLE FONTI ENERGETICHE,54,"Articolo 22, comma 2-ter, del decreto-legge 21 giugno 2013, n.69, convertito, con modificazioni, dalla legge 9 agosto 2013, n. 98, come inserito dall’articolo 1, comma 367, della legge 28 dicembre 2015, n. 208",Riduzione dell'accisa sui prodotti energetici impiegati in macchinari per il trasbordo merci in porti logistici,ACCISA,A REGIME,RIDUZIONE DI ALIQUOTA,"-1,8","-1,8","-1,8",,,SOGGETTI E CATEGORIE PARTICOLARI,,56
2018,11: COMPETITIVITA’ E SVILUPPO DELLE IMPRESE,55,"Art. 15, commi 10, 11 e 12 del decreto legge n. 185 del 2008. Art. 23, commi 12-15 D.L. n. 98 del 2011 prorogato dall'art. art. 20 del D.L. n. 201/2011; Art. 1, co. 502, 503 e 505, legge n. 228/2012; Art. 1, co. 95 e 96 della legg e n. 208/2015. Imposta sostitutiva sui maggiori valori attribuiti in bilancio, all’avviamento, ai marchi di impresa e ad altre attività","Il soggetto beneficiario di una operazione straordinaria può assoggettare, in tutto o in parte, i maggiori valori attribuiti in bilancio all’avviamento, ai marchi di impresa e alle altre attività immateriali, a imposta sostitutiva di cui al comma 2-ter dell’art. 176, con l’aliquota del 16%. E', inoltre, possibile riallineare i valori relativi ad attività diverse dalle immobilizzazioni materiali e immateriali (attivo circolante e immobilizzazioni finanziarie), assoggettando i maggiori valori a tassazione con aliquota ordinaria, separatamente dall’imponibile complessivo. I maggiori valori assoggettati ad imposta sostitutiva si considerano riconosciuti fiscalmente a partire dall’inizio del periodo d’imposta nel corso del quale è versata l’imposta sostitutiva. L'agevolazione è applicabile anche ai maggiori valori delle partecipazioni di controllo, iscritti in bilancio a seguito dell'operazione a titolo di avviamento, marchi d'impresa e altre attivita' immateriali.",IRES,A REGIME,REGIME SOSTITUTIVO,"213,6","112,1","54,7",287,"744.250,9",PERSONE GIURIDICHE,,56
2018,11: COMPETITIVITA’ E SVILUPPO DELLE IMPRESE,56,"Art. 31 D.L. 6 luglio 2011, n. 98.","Esenzione dei redditi di capitale da partecipazione ai fondi di venture capital (FVC), ossia i fondi comuni d'investimento che investono almeno il 75 per cento dei capitali raccolti in società non quotate nella fase di sperimentazione, di costituzione, di avvio dell'attività o di sviluppo economico.",IMPOSTA SOSTITUTIVA,A REGIME,ESENZIONE,"-4,3","-4,3","-4,3",,,PERSONE FISICHE,,56
2018,11: COMPETITIVITA’ E SVILUPPO DELLE IMPRESE,57,"Art. 23, commi da 12 a 15, D.L. 6 luglio 2011, n. 98, convertito dalla L. 15 luglio 2011, n. 111. Art. 1, commi 81-83 della legge n. 205 del 2017","Estensione alle partecipazioni di controllo, anche quelle acquisite nell’ambito di operazioni di cessione di azienda, della disciplina di riallineamento dei maggior valori iscritti in bilancio a seguito di aggregazioni aziendali, recata dall’art. 15, commi 10-12, del DL 185/2008. Il riallineamento può essere effettuato anche relativamente alle attività immateriali di pertinenza delle società controllate estere, indipendentemente dalla circostanza che dette società abbiano una stabile organizzazione in Italia.",IMPOSTA SOSTITUTIVA,A REGIME,REGIME SOSTITUTIVO,"-26,4","-26,4","-26,4",163,"-161.963,2",PERSONE GIURIDICHE,,56
2018,11: COMPETITIVITA’ E SVILUPPO DELLE IMPRESE,58,"Art. 6 del D.L. n. 63/02, comma 1, modificato dall'art. 2 del D.L. n. 138/2011",Non concorre a formare il reddito imponibile delle società cooperative e dei loro consorzi la quota del 90 per cento degli utili netti annuali destinata a riserva minima obbligatoria.,IRES,A REGIME,,"-113,1","-113,1","-113,1",,"-4.192,4",,,56
2018,11: COMPETITIVITA’ E SVILUPPO DELLE IMPRESE,59,"Art. 6 del D.L. n. 63/02, comma 2, modificato dall'art. 2 del D.L. n. 138/2011","L de e l s P o r m es m id e e d n i t e c u d i e l a l l a l' a R rt e i p c u o b lo b l 3 i , c a c o 6 m 01 m / a 1 9 2 7 , 3 l e d tt e e s r t a in b a ) t , e d a e d l l a a u l m eg e g n e t o 1 d 4 e 2 l / 2 c 0 a 0 p 1 it a e l e a l d l' e a l r l t e ic s o o lo ci e 1 t 2 à del decreto cooperative non concorrono a formare il reddito imponibile",IRES,A REGIME,ESCLUSIONE,"-1,5","-1,5","-1,5",26.970,"-55,6",SOGGETTI E CATEGORIE PARTICOLARI,,57
2018,11: COMPETITIVITA’ E SVILUPPO DELLE IMPRESE,60,"Art. 6 del D.L. n. 63/02, comma 3, modificato dall'art. 2 del D.L. n. 138/2011",Ritenute su interessi corrisposti ai soci persone fisiche delle cooperative,IMPOSTA SOSTITUTIVA,A REGIME,RIDUZIONE DI ALIQUOTA,"-9,4","-9,4","-9,4",1.335,"-7.063,7",SOGGETTI E CATEGORIE PARTICOLARI,,57
2018,11: COMPETITIVITA’ E SVILUPPO DELLE IMPRESE,61,"Art. 1, comma 47 legge n. 244 del 2007 e art. 176, comma 2-ter, del TUIR D.M. 25 luglio 2008 Imposta sostitutiva sui maggiori valori attribuiti in bilancio agli elementi dell’attivo costituenti immobilizzazioni materiali e immateriali.","Per le operazioni straordinarie (fusioni, scissioni, conferimenti di aziende) di cui agli articoli 172, 173 e 176 del TUIR, l’art. 176, comma 2-ter, del TUIR, prevede che, in alternativa al regime di neutralità fiscale, sia possibile optare per l’applicazione, in tutto o in parte, sui maggiori valori attribuiti in bilancio agli elementi dell’attivo costituenti immobilizzazioni materiali e immateriali, incluso l’avviamento, di un’imposta sostitutiva. Misura dell'imposta sostitutiva: 1 2% fino a 5 milioni di euro; 14% da 5 milioni di euro e fino a 10 milioni di euro; 16% sulla parte che eccede i 10 milioni di euro.",IMPOSTA SOSTITUTIVA,A REGIME,REGIME SOSTITUTIVO,"14,3","18,3","25,1",497,"28.772,6",PERSONE FISICHE E GIURIDICHE,,57
2018,11: COMPETITIVITA’ E SVILUPPO DELLE IMPRESE,62,Art. 12 del D.P.R. n. 601/1973,Per le società cooperative e loro consorzi sono ammesse in deduzione dal reddito le somme ripartite tra i soci sotto forma di restituzione di una parte del prezzo dei beni e servizi acquistati o di maggiore compenso per i conferimenti effettuati.,IRES,A REGIME,DEDUZIONE,"-18,7","-18,7","-18,7",262,"-71.412,2",SOGGETTI E CATEGORIE PARTICOLARI,,57
2018,11: COMPETITIVITA’ E SVILUPPO DELLE IMPRESE,63,"Art. 12 della Legge n. 904/77; art. 1, commi 460 e 464, della Legge n. 311/04; art. 82, comma 28, del D.L. n. 112/08 - D.L. n. 138/2011; D.L. n. 91/2014","Non concorrono al reddito imponibile delle cooperative le somme destinate alle riserve indivisibili, a condizione che sia esclusa la possibilità di distribuirle tra i soci, sia durante la vita dell'ente che all'atto del suo scioglimento. Tale norma non si applica alle cooperative a mutualità prevalente: a) per la quota del 20% degli utili netti delle cooperative agricole; b) per la quota del 40% degli utili netti delle altre cooperative; c) per la quota del 65% degli utili netti delle società cooperative di consumo. La limitazione non si applica alle cooperative sociali. Per le cooperative NON a mutualità prevalente la detassazione è limitata al 30% degli utili netti annuali (23% per coop di consumo, dal 2015), a condizione che tale quota sia destinata ad una riserva indivisibile prevista dallo statuto.",IRES,A REGIME,DEDUZIONE,"-67,6","-67,6","-67,6",26.970,"-2.506,5",SOGGETTI E CATEGORIE PARTICOLARI,,57
2018,11: COMPETITIVITA’ E SVILUPPO DELLE IMPRESE,64,"Art. 10, del D.P.R. n. 601/1973; art. 2, comma 8, della Legge 350/2003 e art. 1, commi 460 e 461, della Legge n. 311/2004","Sono esenti da IRES i redditi conseguiti da società cooperative agricole e loro consorzi mediante l'allevamento di animali con mangimi ottenibili per almeno un quarto dai terreni dei soci nonché mediante la manipolazione, conservazione, valorizzazione, trasformazione e alienazione di prodotti agricoli e zootecnici e di animali conferiti prevalentemente dai soci. I redditi conseguiti dalle cooperative della piccola pesca e dai loro consorzi sono esenti da IRES. Tali esenzioni non operano limitatamente al 20% degli utili netti annuali.",IRES,A REGIME,ESENZIONE,"-78,5","-78,5","-78,5",8.606,"-9.123,9",SOGGETTI E CATEGORIE PARTICOLARI,,57
2018,11: COMPETITIVITA’ E SVILUPPO DELLE IMPRESE,65,"Art. 11, D.P.R. n. 601/1973; art. 1, commi 462 e 463, L. n. 311/2004","I redditi conseguiti dalle società cooperative di produzione e lavoro, limitatamente al reddito imponibile derivante dall'indeducibilità dell'imposta regionale sulle attività produttive, sono esenti da IRES se l'ammontare delle retribuzioni effettivamente corrisposte ai soci non è inferiore al cinquanta per cento dell'ammontare complessivo di tutti gli altri costi; se l'ammontare delle retribuzioni è inferiore al cinquanta per cento ma non al venticinque per cento dell'ammontare complessivo degli altri costi l'imposta sul reddito delle persone giuridiche e l'imposta locale sui redditi sono ridotte alla metà",IRES,A REGIME,ESENZIONE,,,,,,SOGGETTI E CATEGORIE PARTICOLARI,,57
2018,11: COMPETITIVITA’ E SVILUPPO DELLE IMPRESE,66,"Comma 137 dell’art. 1 della legge 27 dicembre 2006, n. 296 Conferimenti immobili in SIIQ;SIINQ e Fondi immobiliari","Imposta sostitutiva con aliquota del 20% per le plusvalenze realizzate all’atto del conferimento di immobili e di diritti reali su immobili: - in SIIQ; - in SIINQ; - in fondi comuni di investimento immobiliare istituiti ai sensi dell’articolo 37 del testo unico di cui al decreto legislativo 24 febbraio 1998, n. 58 (comma 140, art. 1 L296/2006).",IMPOSTA SOSTITUTIVA,A REGIME,REGIME SOSTITUTIVO,"51,8","13,5","-24,7",22,"2.354.545,5",PERSONE FISICHE E GIURIDICHE,,58
2018,11: COMPETITIVITA’ E SVILUPPO DELLE IMPRESE,67,"Comma 126, art. 1, legge 27 dicembre 2006, n. 296 Imposta d’ingresso nel regime SIIQ e SIINQ relativa agli immobili posseduti dalla società alla data di chiusura dell’ultimo esercizio in regime ordinario.","L’ingresso nel regime speciale SIIQ e SIINQ comporta il realizzo a valore normale degli immobili, nonché dei diritti reali su immobili destinati alla locazione, posseduti dalla società alla data di chiusura dell’ultimo esercizio in regime ordinario. L’importo complessivo delle plusvalenze così realizzate, al netto di eventuali minusvalenze, è assoggettato a imposta sostitutiva con l’aliquota del 20 %.",IRES,A REGIME,REGIME SPECIALE,Effetti di trascurabile entità,,,,,SOGGETTI E CATEGORIE PARTICOLARI,,58
2018,11: COMPETITIVITA’ E SVILUPPO DELLE IMPRESE,68,"Art. 1, commi da 134 a 136, della legge 27 dicembre 2006, n. 296","Tassazione degli azionisti sugli utili corrisposti da SIIQ o SIINQ. Ritenuta del 20 per cento sugli utili derivanti dall'attività di locazione immobiliare. La misura è ridotta al 15 per cento in relazione alla parte dell’utile di esercizio riferibile a contratti di locazione di immobili ad uso abitativo stipulati ai sensi dell'articolo 2, comma 3, della legge 9 dicembre 1998, n. 431. La ritenuta è applicata a titolo d’acconto, nei confronti di: a) imprenditori individuali, se le partecipazioni sono relative all'impresa commerciale; b) società in nome collettivo, in accomandita semplice ed equiparate, società ed enti indicati nelle lettere a) e b) del comma 1 dell'articolo 73 del Tuir, e stabili organizzazioni nel territorio dello Stato delle società e degli enti di cui alla lettera d) del predetto articolo 73, comma 1. La ritenuta è applicata a titolo d'imposta in tutti gli altri casi.",IMPOSTA SOSTITUTIVA,A REGIME,REGIME SOSTITUTIVO,"-4,8","-4,8","-4,8",,,SOGGETTI E CATEGORIE PARTICOLARI,,58
2018,11: COMPETITIVITA’ E SVILUPPO DELLE IMPRESE,69,"Art. 21, comma 1, della Legge n. 448/98; Art. 6, comma 3, della legge 388/00; Art. 1, comma 129, Legge n. 266/05; Art. 1, comma 393, della Legge n. 296/06; Art.1, comma 168, della Legge n. 244/2007; Art.1, comma 8, del D.L. n.194/09; Art. 2, comma 5, del D.L. n. 225/2010; art. 34 co. 1-3 L. 183/2011 come modificato dall’art. 4, comma 7-bis, DL 69/2013.",Deduzione forfetaria dal reddito di impresa a favore degli esercenti impianti di distribuzione carburante,IRES,A REGIME,DEDUZIONE,"-40,3","-40,3","-40,3",10.322,"-3.904,3",SOGGETTI E CATEGORIE PARTICOLARI,,58
2018,11: COMPETITIVITA’ E SVILUPPO DELLE IMPRESE,70,"Artt. da 155 a 161, TUIR (Art. 7, D.Lgs. 29/10/2016, n. 221) Art. 10, della L n. 167/2017 [Agevolazioni fiscali per le navi iscritte nei registri degli Stati dell'UE o SEE (Caso EU Pilot 7060/14/TAXU)]","Tonnage tax: regime di determinazione del reddito dei soggetti di cui all'art. 73, comma 1, lettera a), del TUIR, derivante dall'utilizzo delle navi indicate nell'art. 8-bis, comma 1, lett. a), del D.P.R. n. 633/1972, iscritte nel registro internazionale di cui al D.L. n. 457/1997, convertito, con modificazioni, dalla L. n. 30/1998. Il regime è opzionale e comporta la determinazione del reddito in via forfetaria secondo i criteri previsti dall'art. 156 del TUIR (notifica ai sensi dell'art. 108 del TFUE)",IRES,A REGIME,REGIME FORFETARIO,"-56,6","-56,6","-56,6",73,"-775.342,5",PERSONE GIURIDICHE,,58
2018,11: COMPETITIVITA’ E SVILUPPO DELLE IMPRESE,71,Art. 11 della Legge n. 59/92,"I versamenti effettuati ai Fondi mutualistici per la promozione e lo sviluppo della cooperazione di cui all'art. 11, comma 1, della L. n. 59/1992, effettuati dai soggetti di cui all'art. 73, comma 1, lett. a) del TUIR sono esenti da imposte e sono deducibili, nei limiti del 3%, dalla base imponibile del soggetto che effettua l'erogazione.",IRES,A REGIME,DEDUZIONE,"-9,6","-9,6","-9,6",26.970,"-356,0",SOGGETTI E CATEGORIE PARTICOLARI,,58
2018,11: COMPETITIVITA’ E SVILUPPO DELLE IMPRESE,72,"Art. 4, comma 2, del D.L. n. 457/1997, art. 13, comma 3, della L. 488/1999 e art. 145, comma 66, della L. n. 388/2000; Art. 4, D.Lgs. 29/10/2016, n. 221; Art. 10, della L n. 167/2017 [Agevolazioni fiscali per le navi iscritte nei registri degli Stati dell'UE o SEE (Caso EU Pilot 7060/14/TAXU)]",Il reddito derivante dall'utilizzo di navi iscritte nel registro internazionale concorre in misura pari al 20% a formare il reddito complessivo ai fini IRES e IRPEF; (notifica ai sensi dell'art. 108 del TFUE),IRPEF/IRES,A REGIME,ESCLUSIONE,"-16,5","-16,5","-16,5",67,"-246.268,7",PERSONE FISICHE E GIURIDICHE,,59
2018,11: COMPETITIVITA’ E SVILUPPO DELLE IMPRESE,73,"Art. 7, comma 3, della Legge n. 59/92, DL 91/2014, art. 17-bis, comma 1","Non concorrono a formare il reddito imponibile ai fini delle imposte dirette le quote di utili destinate ad aumento gratuito del capitale sociale, anche in deroga ai limiti massimi di partecipazione, purché nei limiti della variazione dell'indice dei prezzi al consumo accertata dall'Istat. (de minimis per coop di consumo)",IRES,A REGIME,ESCLUSIONE,"-1,4","-1,4","-1,4",142,"-9.577,5",SOGGETTI E CATEGORIE PARTICOLARI,,59
2018,11: COMPETITIVITA’ E SVILUPPO DELLE IMPRESE,74,"Art. 8 della legge 21 novembre 2000, n. 342","Previsione di un’imposta sostitutiva, con l'aliquota del 19%, delle imposte sui redditi sulle plusvalenze derivanti da conferimenti o cessioni di beni o aziende a favore dei Centri di assistenza fiscale (CAF).",IMPOSTA SOSTITUTIVA,A REGIME,REGIME SOSTITUTIVO,Effetti di trascurabile entità,,,,,PERSONE FISICHE E GIURIDICHE,,59
2018,11: COMPETITIVITA’ E SVILUPPO DELLE IMPRESE,75,"Art. 15 legge 25 gennaio 1994, n. 86 Imposta sostitutiva dei fondi immobiliari chiusi","Le società di gestione del risparmio, relativamente ai fondi comuni d’investimento immobiliare già istituiti nel settembre 2001, possono assoggettare ad imposta sostitutiva IRES del 25% il reddito relativo alla gestione di ciascun fondo.",IMPOSTA SOSTITUTIVA,A REGIME,REGIME SOSTITUTIVO,Non quantificabile,,,,,SOGGETTI E CATEGORIE PARTICOLARI,,59
2018,11: COMPETITIVITA’ E SVILUPPO DELLE IMPRESE,76,Art. 22 del D.P.R. n. 601/1973,"I proventi dei fondi di garanzia di cui alle leggi n. 454/1961e n. 1068/1964, e al decreto-legge n. 976/1966, convertito nella L. n. 1142/1966, derivanti da contributi a fondo perduto, periodici o una volta tanto, dello Stato o di altri enti, nonché quelli derivanti dalle somme che le aziende e istituti di credito trattengono sui finanziamenti assistiti da garanzie e versati successivamente ai fondi, non concorrono a formare il reddito dei fondi stessi, ai fini IRES, a condizione che il loro ammontare venga integralmente destinato a costituire o incrementare un fondo di garanzia.",IRES,A REGIME,ESCLUSIONE,Non quantificabile,,,,,SOGGETTI E CATEGORIE PARTICOLARI,,59
2018,11: COMPETITIVITA’ E SVILUPPO DELLE IMPRESE,77,"Art. 2, commi da 218 a 220, della Legge n. 244/2007","Procedura accelerata di ammortamento dei beni mobili registrati con costo ammortizzabile ai fini fiscali non inferiore a 10 anni ed equipaggio di almeno 6 persone qualora siano concessi in locazione finanziaria con obbligo di acquisto, da un Gruppo europeo di interesse economico (GEIE) o da una società per azioni o a responsabilità limitata per le quali sia stata esercitata l'opzione prevista dall'articolo 115, comma 4, del Tuir (trasparenza fiscale), ad un'impresa che li destini all'esercizio della propria attività abituale. Esclusione dall’applicazione delle disposizioni di cui all'articolo 102, commi 1, 2, 3 e 7, del Tuir.",IRPEF/IRES,A REGIME,ALTRO,Non quantificabile,,,,,IMPRESE E SOCIETA',,59
2018,11: COMPETITIVITA’ E SVILUPPO DELLE IMPRESE,78,"Art. 66, c. 4., TUIR","Deduzione forfetaria per spese non documentate (per un importo pari a determinate percentuali dell’ammontare dei ricavi) a favore degli intermediari, dei rappresentanti di commercio e degli esercenti attività di somministrazione di pasti e bevande e di prestazioni alberghiere (di cui al co. 1 dell’art. 1 del DM 13 ottobre 1979).",IRPEF,A REGIME,ESCLUSIONE,"-26,7","-26,7","-26,7",100.545,"-265,6",PERSONE FISICHE E SOCIETA' DI PERSONE,,59
2018,11: COMPETITIVITA’ E SVILUPPO DELLE IMPRESE,79,"Art. 66, c.5., TUIR; art. 1, co. 652 legge n. 208/2015",Deduzione forfetaria per spese non documentate in base ai viaggi effettuati dagli esercenti autotrasporto c/terzi di minori dimensioni. Previsto un importo unico di deduzione forfetaria per i trasporti effettuati personalmente dall’imprenditore oltre i confini del Comune in cui ha sede l’impresa. Per i trasporti personalmente effettuati dall’imprenditore nell’ambito del Comune ove ha sede l’impresa viene prevista una deduzione pari al 35 per cento dell’importo spettante in caso di trasporto fuori Comune,IRPEF,A REGIME,ESCLUSIONE,"-67,7","-67,7","-67,7",,,SOGGETTI E CATEGORIE PARTICOLARI,,59
2018,11: COMPETITIVITA’ E SVILUPPO DELLE IMPRESE,80,"Art. 1, comma 131, della legge 27 dicembre 2006, n. 296 e art. 10 del DM 174/2007",Esenzione dall'Ires del reddito d'impresa derivante dall'attività di locazione immobiliare. Esenzione dall’Irap della quota del valore della produzione proporzionalmente corrispondente al rapporto tra i componenti positivi imputabili alla gestione esente rilevanti ai fini Irap e l’ammontare complessivo dei componenti positivi rilevanti agli stessi effetti.,IRES,A REGIME,ESENZIONE,"-12,1","-12,1","-12,1",339,"-35.693,2",SOGGETTI E CATEGORIE PARTICOLARI,,60
2018,11: COMPETITIVITA’ E SVILUPPO DELLE IMPRESE,81,"Art. 29, D.L. 179/2012; Art. 9, c. 16-ter, D.L. n. 76/2013, convertito, con modificazioni, dalla L. n. 99/2013; (Art. 1 c. 66-67, della Legge n. 232/2016)",Incentivi all'investimento in start-up innovative. (notifica ai sensi dell'art. 108 del TFUE),IRPEF/IRES,A REGIME,DETRAZIONE/DEDU ZIONE,"-16,5","-16,5","-16,5",,,PERSONE FISICHE E IMPRESE E SOCIETA',,60
2018,11: COMPETITIVITA’ E SVILUPPO DELLE IMPRESE,82,"Art. 4, DL 3/2015 (Art. 1, c. 68, della Legge n. 232/2016)",Incentivi all'investimento in PMI innovative. (notifica ai sensi dell'art. 108 del TFUE),IRPEF/IRES,A REGIME (IN ATTESA DI AUTORIZZAZIONE CE),DETRAZIONE/DEDU ZIONE,"-7,3","-7,3","-7,3",,,PERSONE FISICHE E IMPRESE E SOCIETA',,60
2018,11: COMPETITIVITA’ E SVILUPPO DELLE IMPRESE,83,"Art. 1, co. 89-90 legge n. 208/2015","Rientrano tra i soggetti per i quali l’Ires è ridotta alla metà di cui all’art. 6 del D.P.R. n. 601/1973, gli enti aventi le stesse finalità sociali degli Iacp, istituiti nella forma di società (con personalità giuridica) che rispondono ai requisiti della legislazione UE in materia di “in house providing” e che siano costituiti e operanti alla data del 31/12/13. Per tali soggetti è stato inoltre stabilito che non si considerano contributi o liberalità, e pertanto non sono sopravvenienze attive ai sensi dell’art. 88 del Tuir, i finanziamenti erogati dallo Stato, dalle Regioni e dalle Province autonome per la costruzione, ristrutturazione e manutenzione straordinaria e ordinaria di immobili di edilizia residenziale pubblica.",IRES,A REGIME,RIDUZIONE DI ALIQUOTA,"-5,8","-5,8","-5,8",,,SOGGETTI E CATEGORIE PARTICOLARI,,60
2018,11: COMPETITIVITA’ E SVILUPPO DELLE IMPRESE,84,"Art. 1, co. 987-989 legge n.208/2015 - art. 100, co. 2, lett. o-ter) del Tuir","Sono deducibili le somme corrisposte, anche su base volontaria, a consorzi cui le imprese aderiscono ottemperando a obblighi di legge, indipendentemente dal trattamento contabile e purché utilizzate agli scopi dei consorzi. Le medesime somme sono deducibili dall’IRAP. Tali disposizioni si applicano dall’esercizio in corso al 31/12/15.",IRES/IRAP,A REGIME,DEDUZIONE,"-23,6","-23,6","-23,6",767,"-30.769,2",PERSONE FISICHE E GIURIDICHE,,60
2018,11: COMPETITIVITA’ E SVILUPPO DELLE IMPRESE,85,"Art. 1, co. 170 e 171 legge n. 208/2015","I maggiori o minori valori derivanti dalla riduzione o conversione di azioni disposta dalla Banca d'Italia per il risanamento o risoluzione di enti creditizi e delle imprese di investimento, disciplinata dal D.lgs. n. 180/2015 non concorrono a formare il reddito imponibile ai fini delle imposte dirette, né a formare la base imponibile Irap del soggetto che ha emesso gli strumenti stessi. I maggiori o minori valori derivanti dal cd. bail in, (ossia dalla misura di risoluzione delle banche che prevede la riduzione o la conversione in capitale dei diritti degli azionisti e dei creditori), nonché i conferimenti del Fondo di risoluzione e le somme corrisposte dal sistema di garanzia dei depositanti nel corso della procedura di risoluzione, non concorrono alla formazione del reddito imponibile ai fini Ires, per la parte che eccede le perdite pregresse e di periodo, né alla base imponibile Irap dell’ente sottoposto a risoluzione. In tale ipotesi non si applicano gli ordinari limiti di riportabilità delle perdite; rilevano anche le perdite trasferite al consolidato nazionale, non ancora utilizzate.",IRES,A REGIME,ESCLUSIONE,Effetti di trascurabile entità,,,,,BANCHE E ASSICURAZIONI,,60
2018,11: COMPETITIVITA’ E SVILUPPO DELLE IMPRESE,86,"Art. 1, co. 850 legge n. 208/2015","Nel caso in cui siano adottate azioni di risoluzione bancaria la trasformazione in credito d'imposta delle attività per imposte anticipate relative ai componenti negativi di cui al co. 55 dell'art. 2 del D.L. n. 225/2010, iscritte nella situazione contabile di riferimento dell'ente sottoposto a risoluzione decorre dalla data di avvio della risoluzione e opera sulla base dei dati della medesima situazione contabile. Con decorrenza dal periodo d'imposta in corso alla data di avvio della risoluzione non sono deducibili i componenti negativi corrispondenti alle attività per imposte anticipate trasformate in credito d'imposta .",IRES,A REGIME,ALTRO,"-0,3","-0,3","-0,3",27,"-10.000,0",BANCHE E ASSICURAZIONI,,60
2018,11: COMPETITIVITA’ E SVILUPPO DELLE IMPRESE,87,"Art. 1, co. 853 legge n. 208/2015",Escluse dalle sopravvenienze attive i versamenti effettuati dal fondo di risoluzione agli enti ponte.,IRES,A REGIME,ESCLUSIONE,Effetti di trascurabile entità,,,,,BANCHE E ASSICURAZIONI,,61
2018,11: COMPETITIVITA’ E SVILUPPO DELLE IMPRESE,88,Art. 15 D.L. n. 18/2016,"La cessione di diritti, attività e passività di una banca sottoposta a risoluzione a un ente ponte non costituisce realizzo di plusvalenze o minusvalenze ai fini Ires e Irap. I beni ricevuti dall'ente ponte sono valutati fiscalmente in base agli ultimi valori fiscali riconosciuti in capo all'ente cedente. Dalla data in cui ha effetto la cessione l'ente ponte subentra nella posizione dell'ente sottoposto a risoluzione in ordine ai diritti, attività o passività oggetto di cessione, incluse la deduzione o la tassazione dei componenti di reddito dell'ente sottoposto a risoluzione già imputati a conto economico e non ancora dedotti o tassati dallo stesso alla data della cessione, e nelle deduzioni derivanti da opzioni di riallineamento dell'avviamento e di altre attività immateriali esercitate dall'ente sottoposto a risoluzione. Le perdite dell'ente sottoposto a risoluzione sono portate in diminuzione del reddito dell'ente ponte.",IRES,A REGIME,ALTRO,Effetti di trascurabile entità,,,,,BANCHE E ASSICURAZIONI,,61
2018,11: COMPETITIVITA’ E SVILUPPO DELLE IMPRESE,89,"Art. 14 D.L. n. 18/2016. Art. 88, co. 3 bis Tuir.","Irrilevanza fiscale dei contributi volontari percepiti da soggetti sottoposti a procedure di crisi o che sono stati sottoposti a procedure di crisi nei 24 mesi antecedenti alla data in cui hanno ricevuto il contributo. Inserimento comma 3 bis all'art. 88 del Tuir. Non costituiscono sopravvenienze attive, in quanto escluse, i contributi percepiti a titolo di liberalità dai soggetti sottoposti ad alcune procedure concorsuali, alle procedure di crisi di cui all'art. 20 del D.lgs. n. 180/2015 (dissesto o rischio di dissesto bancario), alla procedura di amministrazione straordinaria di cui all'art. 70 e ss. del D.lgs. n.385/1993.",IRPEF/IRES,A REGIME,ESCLUSIONE,"-19,9","-19,9","-19,9",491,"-40.543,8",BANCHE E ASSICURAZIONI,,61
2018,11: COMPETITIVITA’ E SVILUPPO DELLE IMPRESE,90,"Art. 4, comma 1, del D.L. n. 457/1997 e art. 13, comma 2, della L. 488/1999; Art. 4, D.Lgs. N. 221/2016; Art. 10, della L n. 167/2017 [Agevolazioni fiscali per le navi iscritte nei registri degli Stati dell'UE o SEE (Caso EU Pilot 7060/14/TAXU)]","Credito d'imposta a favore delle imprese armatoriali. (notifica ai sensi dell'art. 108 del TFUE) in misura corrispondente all'imposta sul reddito delle persone fisiche dovuta sui redditi di lavoro dipendente e di lavoro autonomo corrisposti al personale di bordo imbarcato sulle navi iscritte nel Registro internazionale, da valere ai fini del versamento delle ritenute alla fonte relative a tali redditi.",,A REGIME,CREDITO D'IMPOSTA,"-247,8","-247,8","-247,8",125,"1.982.400,0",PERSONE GIURIDICHE,,61
2018,11: COMPETITIVITA’ E SVILUPPO DELLE IMPRESE,91,"Art. 1, comma 172, della Legge n. 244/07; art. 2, comma 2, della Legge n. 203/08","Estensione dei benefici di cui all'art. 4, commi 1 e 2, del D.L. n. 457/1997, nel limite dell'80%, alle imprese che esercitano la pesca costiera, nonché alle imprese che esercitano la pesca nelle acque interne e lagunari corrispondenti all'imposta sul reddito delle persone fisiche dovuta sui redditi di lavoro dipendente e di lavoro autonomo corrisposti al personale di bordo imbarcato sulle navi iscritte nel Registro internazionale, da valere ai fini del versamento delle ritenute alla fonte relative a tali redditi. Il reddito derivante dall'utilizzazione di navi iscritte nel Registro internazionale concorre in misura pari al 20 per cento a formare il reddito complessivo assoggettabile all'imposta sul reddito delle persone fisiche e all'imposta sul reddito delle persone giuridiche L'art. 2, comma 2, della L. 203/2008 stabilizza a regime detto beneficio a decorrere dal periodo d'imposta 2009.",,A REGIME,CREDITO D'IMPOSTA,"-8,0","-8,0","-8,0",5.460,"-1.465,2",SOGGETTI E CATEGORIE PARTICOLARI,,61
2018,11: COMPETITIVITA’ E SVILUPPO DELLE IMPRESE,92,"Art. 6-bis, comma 1, e 4, comma 1, del D.L. n. 457/1997","Estensione dei benefici di cui all'art. 4, commi 1 e 2, del D.L. n. 457/1997, alle imprese che esercitano la pesca oltre gli stretti e, nel limite del 70%, a quelle che esercitano la pesca mediterranea.",,A REGIME,CREDITO D'IMPOSTA,Stima già compresa nel punto 91,,,,,SOGGETTI E CATEGORIE PARTICOLARI,,61
2018,11: COMPETITIVITA’ E SVILUPPO DELLE IMPRESE,93,"Artt. 3 e 4, della Legge n.193/2000, come modificati dall'art. 3-bis, comma 2, del DL n. 78/2013; D.M. n. 87/2002 e DM 24/7/2014 n. 148",Credito d’imposta assunzione lavoratori detenuti,,A REGIME,CREDITO D'IMPOSTA,"-3,9","-3,9","-3,9",9,"-433.333,3",SOGGETTI E CATEGORIE PARTICOLARI,,61
2018,11: COMPETITIVITA’ E SVILUPPO DELLE IMPRESE,94,"Art. 50, commi 6 e 13-bis, del D.L. n. 269/03",Credito d’imposta a favore delle farmacie pubbliche e private per acquisto di software,,A REGIME,CREDITO D'IMPOSTA,"0,0","0,0","0,0",19,"247,4",SOGGETTI E CATEGORIE PARTICOLARI,,62
2018,11: COMPETITIVITA’ E SVILUPPO DELLE IMPRESE,95,Art. 33 del DL n. 179/2012,Credito d'imposta per la realizzazione di nuove infrastrutture,,2020,CREDITO D'IMPOSTA,Effetti di trascurabile entità,,,,,IMPRESE E SOCIETA',,62
2018,11: COMPETITIVITA’ E SVILUPPO DELLE IMPRESE,96,"Art. 18, L. 183/2011. Delibera CIPE 1/2013 (RU Codice credito 94)",Finanziamento di infrastrutture mediante defiscalizzazione,,A REGIME,CREDITO D'IMPOSTA,Effetti di trascurabile entità,,,,,IMPRESE E SOCIETA',,62
2018,11: COMPETITIVITA’ E SVILUPPO DELLE IMPRESE,97,"Articolo 20, D.Lgvo n. 28 del 2010","Credito d'imposta commisurato all'indennità corrisposta ai soggetti abilitati a svolgere la mediazione con un massimo di 500 euro. In caso di insuccesso della mediazione, il credito d'imposta è ridotto della metà.",,A REGIME,CREDITO D'IMPOSTA,Effetti di trascurabile entità,,,,,PERSONE FISICHE E GIURIDICHE,,62
2018,11: COMPETITIVITA’ E SVILUPPO DELLE IMPRESE,98,"art. 1, c.103, L. n. 266/2005; art. 1, c. 396, L. n. 296/2006; art. 1, c.v169, L. n. 244/2007; art. 2, c. 3, L. n. 203/2008; art. 1, c. 150, L. 190/2014; D.M.. 29/04/2015, n. 130, Comunicato stampa Agenzia delle entrate 4/07/2017",Credito d’imposta per il recupero del contributo versato al S.S.N. dagli autotrasportatori,,A REGIME,CREDITO D'IMPOSTA,"-20,0","-20,0","-20,0",,,SOGGETTI E CATEGORIE PARTICOLARI,,62
2018,11: COMPETITIVITA’ E SVILUPPO DELLE IMPRESE,99,"Art. 16 del D.Lgs. n. 147 del 2015, modificato dall'art. 1, comma 150, L. n. 232 del 2016. Art. 3, comma 3- novies, D.L. n. 244 del 2016, convertito, con modificazioni, dalla L. n. 19 del 2017. Art. 8-bis, c.2 D.L. n.148/2017, convertito, con modificazioni dalla L.n. 172/2017",Riduzione nella misura del 50 per cento dei redditi di lavoro dipendente e di lavoro autonomo prodotti in Italia. L'agevolazione spetta a decorrere dal periodo d'imposta del trasferimento della residenza in Italia e per i quattro periodi d’imposta successivi,IRPEF,A REGIME,ESCLUSIONE,"-43,8","-43,8","-23,6",1.200,"-19.682,8",PERSONE FISICHE,,62
2018,11: COMPETITIVITA’ E SVILUPPO DELLE IMPRESE,100,"Art. 74 della legge 22 ottobre 1971, n. 865",Imposta minima di registro e esenzione da imposta ipotecaria per i trasferimenti di proprietà o concessione del diritto di superficie relativi ad aree da destinare ad insediamenti produttivi,"IMPOSTE DI REGISTRO, DI BOLLO E IPOCASTATALI",A REGIME,RIDUZIONE DI ALIQUOTA,Non quantificabile,,,,,IMPRESE E SOCIETA',,62
2018,11: COMPETITIVITA’ E SVILUPPO DELLE IMPRESE,101,"Art. 35, comma 4, TUA",Determinazione forfettaria dell’accisa sulla birra per piccole fabbriche,ACCISA,A REGIME,REGIME FORFETARIO,Non quantificabile,,,,,SOGGETTI E CATEGORIE PARTICOLARI,,62
2018,11: COMPETITIVITA’ E SVILUPPO DELLE IMPRESE,102,"Art. 1, commi 8 e 12-13, legge n. 232 del 2016; art. 14 D.L. n. 91 del 2017. Art. 1, comma 29, della legge n. 205 del 2017",Proroga super ammortamento (maggiorazione del costo acquisto del 40% - 30% dal 2018 - ai fini della determinazione delle quote di ammortamento) con esclusione delle autovetture.,IRPEF/IRES,2018,DEDUZIONE,"-1.923,0","-1.586,0","1.414,0",,,IMPRESE E SOCIETA',,63
2018,11: COMPETITIVITA’ E SVILUPPO DELLE IMPRESE,103,"Art. 1, commi 9-13, legge n. 232 del 2016; art. 14 D.L. n. 91 del 2017. Art. 1, comma 30, della legge n. 205 del 2017","Proroga e ampliamento dell'iperammortamento (maggiorazione del 150% anzichè del 40%) per taluni investimenti altamente tecnologici in chiave industria 4,0 e introduzione del super ammortamento (maggiorazione del 40%) per i relativi software applicativi interconnessi.",IRPEF/IRES,2018,DEDUZIONE,,,,,,IMPRESE E SOCIETA',,63
2018,11: COMPETITIVITA’ E SVILUPPO DELLE IMPRESE,104,"Art. 1, commi da 88 a 91, della legge 11 dicembre 2016, n. 232, come integrato dall'art. 57, comma 2, decreto-legge 24 aprile 2017, n. 50.","Agevolazione fiscale a favore delle casse previdenziali titolari di investimenti qualificati di cui all'articolo 1, comma 89, della legge 11 dicembre 2016, n. 232. Esenzione per i redditi di natura finanziaria prodotti dagli investimenti qualificati",IRPEF,A REGIME,ESENZIONE,"-13,1","-17,0","-17,0",,,,,63
2018,11: COMPETITIVITA’ E SVILUPPO DELLE IMPRESE,105,"Art. 1, commi da 92 a 94, della legge 11 dicembre 2016, n. 232. come integrato dall'art. 57, comma 2, decreto-legge 24 aprile 2017, n. 50.","Agevolazione fiscale a favore delle forme di previdenza complementare titolari di investimenti qualificati di cui all'articolo 1, comma 89, della legge 11 dicembre 2016, n. 232. Esenzione per i redditi di natura finanziaria prodotti dagli investimenti qualificati",IRPEF,A REGIME,ESENZIONE,,,,,,,,63
2018,11: COMPETITIVITA’ E SVILUPPO DELLE IMPRESE,106,"Art. 1, comma 95, della legge 11 dicembre 2016, n. 232. come integrato dall'art.art. 57, comma 2, decreto- legge 24 aprile 2017, n. 50.",Agevolazione fiscale a favore dei fondi pensione esteri istituiti negli Stati membri dell’Unione europea e negli Stati aderenti all’Accordo sullo spazio economico europeo inclusi nella white list. Esenzione per i redditi di natura finanziaria prodotti dagli investimenti qualificati,IRPEF,A REGIME,ESENZIONE,,,,,,,,63
2018,11: COMPETITIVITA’ E SVILUPPO DELLE IMPRESE,107,"Art. 1, commi da 100 a 114, della legge 11 dicembre 2016, n. 232.",Agevolazione in materia di piani individuali di risparmio a lungo termine. Esenzioneper i redditi di natura finanziaria prodotti dagli investimenti qualificati conferiti nei PIR,IRPEF,A REGIME,ESENZIONE,"-44,6","-69,9","-100,4",120.000,"-371,7",,,63
2018,11: COMPETITIVITA’ E SVILUPPO DELLE IMPRESE,108,"Art. 18, comma 3 del D.Lgs. n. 112 del 2017","Detrazione del 30 per cento della somma investita dal contribuente nel capitale sociale di una o più società, incluse le società cooperative, che abbiano acquisito la qualifica di impresa sociale, per un importo massimo detraibile di 1.000.000 euro.",IRPEF,A REGIME,DETRAZIONE,"-1,8","-1,8","-1,8",,,PERSONE FISICHE,,63
2018,11: COMPETITIVITA’ E SVILUPPO DELLE IMPRESE,109,"Art. 57, comma 2, decreto-legge 24 aprile 2017, n. 50.","Agevolazione fiscale a favore delle casse previdenziali titolari di investimenti qualificati di cui all'articolo 1, comma 102, della legge 11 dicembre 2016, n. 232.",IRPEF,A REGIME,ESENZIONE,"0,0","0,0","0,0",,,SOGGETTI E CATEGORIE PARTICOLARI,,63
2018,11: COMPETITIVITA’ E SVILUPPO DELLE IMPRESE,110,"Art. 57, comma 2, decreto-legge 24 aprile 2017, n. 50.","Agevolazione fiscale a favore delle forme di previdenza complementare titolari di investimenti qualificati di cui all'articolo 1, comma 102, della legge 11 dicembre 2016, n. 232.",IMPOSTA SOSTITUTIVA,A REGIME,ESENZIONE,"0,0","0,0","0,0",,,SOGGETTI E CATEGORIE PARTICOLARI,,64
2018,11: COMPETITIVITA’ E SVILUPPO DELLE IMPRESE,111,"Art. 57-bis del DL n. 50/2017 (convertito con L. 21 giugno 2017, n. 96); Art. 4 del DL n. 148/2017",Credito d'imposta investimenti pubblicitari incrementali sulla stampa quotidiana e periodica e sulle emittenti televisive e radiofoniche locali (nel rispetto della normativa europea) utilizzabile esclusivamente in compensazione,,A REGIME,CREDITO D'IMPOSTA,"0,0","0,0","0,0",,,PERSONE FISICHE E GIURIDICHE,,64
2018,11: COMPETITIVITA’ E SVILUPPO DELLE IMPRESE,112,Art. 7 del D.L. n. 99/2017,"Trattamento tributario delle operazioni poste in essere nell’ambito della liquidazione coatta amministrativa di Banca Popolare di Vicenza S.p.A. e di Veneto Banca S.p.A. La disposizione consente l'tilizzo da parte del cessionario, dei crediti d’imposta generati dalla trasformazione delle imposte differite attive (DTA), ai sensi dell’articolo 2, commi 55-56-ter, del DL n. 225/2010. Inoltre, viene assicurato al cedente e al cessionario la neutralità fiscale dell’operazione prevedendo, altresì, la continuità fiscale per quei componenti negativi o positivi di reddito la cui deducibilità/tassazione è sospesa in virtù dell’applicazione di norme fiscali nonché il trasferimento al cessionario dei diritti relativi all’utilizzo delle perdite. Viene prevista, infine, l’irrilevanza fiscale dei finanziamenti dello Stato.",IRES/IRAP,,ALTRO,Effetti di trascurabile entità,,,,,BANCHE E ASSICURAZIONI,,64
2018,11: COMPETITIVITA’ E SVILUPPO DELLE IMPRESE,113,"Art. 1, c. 45-56, della L n. 205/2017","Credito d'imposta per le spese di formazione nel settore delle tecnologie 4.0, riconosciuto nel rispetto del Reg. UE 651/2014 (art. 31) utilizzabile esclusivamente in compensazione, attuato con decreto del MISE di concerto MEF e MLPS",,2018,CREDITO D'IMPOSTA,"-250,0",,,,,IMPRESE,,64
2018,11: COMPETITIVITA’ E SVILUPPO DELLE IMPRESE,114,"Art. 1, c. 89-92, della L n. 205/2017","Credito d'imposta per le spese di consulenza relative alla quotazione delle PMI, concesso nel rispetto del Reg. UE 651/2014 (art. 18) utilizzabile esclusivamente in compensazione, attuato con decreto del MISE di concerto MEF",,2018-2020,CREDITO D'IMPOSTA,"-20,0","-30,0","-30,0",,,IMPRESE,,64
2018,11: COMPETITIVITA’ E SVILUPPO DELLE IMPRESE,115,"Art. 1, co. 502-503, legge n. 205/2017","Ai fini delle imposte dirette, all’attività enoturistica si applicano le medesime disposizioni dell’agriturismo di cui all’art. 5, comma 1, della legge n. 413/1991 sull’agriturismo. Quindi, per quanto concerne le imposte dirette, i soggetti - diversi da società di capitali ed enti commerciali (art. 73 co. 1, lett. a) e b) del Tuir) - determinano il reddito imponibile applicando all'ammontare dei ricavi conseguiti con l'esercizio di tale attività, al netto dell’Iva, il coefficiente di redditività del 25%.",IRPEF/IRES,A REGIME,ALTRO,"-1,9","-1,1","-1,1",,,"PERSONE FISICHE, SOCIETA DI PERSONE, ENTI NON COMMERCIALI",,64
2018,11: COMPETITIVITA’ E SVILUPPO DELLE IMPRESE,116,"Articolo 24-ter del TUA. Tale articolo è stato inserito nel medesimo TUA dall'art. 4-ter, comma 1, lett. f), D.L. 22 ottobre 2016, n. 193, convertito, con modificazioni, dalla L. 1° dicembre 2016, n. 225.","Riduzione di accisa sul gasolio impiegato come carburante per l'autotrasporto merci ed altre categorie di trasporto passeggeri. (L'agevolazione deve intendersi come prosecuzione dell'art. 6, c. 2, D. Lgs 26/2007)",ACCISA,A REGIME,RIDUZIONE DI ALIQUOTA,"-1.587,5","-1.587,5","-1.587,5",,,SOGGETTI E CATEGORIE PARTICOLARI,,64
2018,13: DIRITTO ALLA MOBILITA' E SVILUPPO DEI SISTEMI DI TRASPORTO,117,"Tabella A, punto 4, TUA",Carburanti per i trasporti ferroviari di passeggeri e merci - applicazione di un'aliquota pari al 30% di quella normale,ACCISA,A REGIME,RIDUZIONE DI ALIQUOTA,"-18,3","-18,3","-18,3",,,SOGGETTI E CATEGORIE PARTICOLARI,,65
2018,13: DIRITTO ALLA MOBILITA' E SVILUPPO DEI SISTEMI DI TRASPORTO,118,"Tabella A, punto 8, TUA",Riduzione dell'accisa sui carburanti per le prove sperimentali e collaudo di motori di aviazione e marina,ACCISA,A REGIME,RIDUZIONE DI ALIQUOTA,"-0,5","-0,5","-0,5",,,SOGGETTI E CATEGORIE PARTICOLARI,,65
2018,13: DIRITTO ALLA MOBILITA' E SVILUPPO DEI SISTEMI DI TRASPORTO,119,"Tabella A, punto 12, TUA",Riduzione dell'accisa sui carburanti per i Taxi,ACCISA,A REGIME,RIDUZIONE DI ALIQUOTA,"-10,8","-10,8","-10,8",,,SOGGETTI E CATEGORIE PARTICOLARI,,65
2018,13: DIRITTO ALLA MOBILITA' E SVILUPPO DEI SISTEMI DI TRASPORTO,120,"Art. 74, comma 1, lett. e), del D.P.R. n. 633/72",Regime speciale monofase per i documenti di viaggio per il trasporto pubblico urbano,IVA,A REGIME,REGIME SPECIALE,Non quantificabile,,,,,SOGGETTI E CATEGORIE PARTICOLARI,,65
2018,13: DIRITTO ALLA MOBILITA' E SVILUPPO DEI SISTEMI DI TRASPORTO,121,"Art. 9, n. 1, del D.P.R. 633/72",Trasporti internazionali di persone. Non imponibilità con diritto alla detrazione a monte,IVA,A REGIME,REGIME SPECIALE,Non quantificabile,,,,,PERSONE FISICHE,,65
2018,13: DIRITTO ALLA MOBILITA' E SVILUPPO DEI SISTEMI DI TRASPORTO,122,"Art. 10, primo comma, n. 14), d.P.R. 633/1972",Esenzione delle prestazioni di trasporto urbano di persone effettuate mediante taxi. Esenzione con pro rata di detraibilità a monte,IVA,A REGIME,REGIME SPECIALE,"-19,7","-19,7","-19,7",8.278,"-2.381,0",SOGGETTI E CATEGORIE PARTICOLARI,,65
2018,17: RICERCA E INNOVAZIONE,123,"Art. 54, comma 8, primo periodo TUIR","Deduzione forfetaria del 25% per i redditi derivanti dalla utilizzazione economica, da parte dell'autore o inventore, di opere dell'ingegno, di brevetti industriali e di processi, formule o informazioni relativi ad esperienze acquisite in campo industriale, commerciale o scientifico, se non sono conseguiti nell'esercizio di imprese commerciali. La deduzione è elevata al 40% se il percettore non ha superato i 35 anni di età",IRPEF,A REGIME,DEDUZIONE,"-46,0","-46,0","-46,0",51147,"-899,4",PERSONE FISICHE,,65
2018,17: RICERCA E INNOVAZIONE,124,"Art. 3 del DL n. 145/2013, così come sostituito dall'art. 1, comma 35, della L n. 190/2014. DM 27/05/2015; Art. 1, c. 15-16 della legge n. 232/2016",Credito d'imposta per investimenti in attività di ricerca e siluppo,,2020,CREDITO D'IMPOSTA,"-1274,1","-891,1","0,0",16262,"78.889,4",IMPRESE E SOCIETA',,65
2018,17: RICERCA E INNOVAZIONE,125,"Art. 1, comma 353, della Legge n. 266/2005, DPCM 31 ottobre 2016","Integrale deducibilità dei fondi trasferiti per il finanziamento della ricerca, a titolo di contributo o liberalità",IRES,A REGIME,DEDUZIONE,"-21,1","-21,1","-21,1",68,"-310.882,4",PERSONE GIURIDICHE,,65
2018,17: RICERCA E INNOVAZIONE,126,"Art. 1, co. da 37 a 45 legge n. 190/2014; Art. 5, D.L. del 24/1/15, n. 3 - Art. 1, co. 148 della legge n. 208/2015 - Art. 56, D.L. n. 50 del 2017","Patent Box. Tassazione agevolata per i redditi derivanti dall’utilizzo di: software protetto da copyright; brevetti industriali; disegni e modelli; processi, formule e informazioni relativi ad esperienze acquisite nel campo industriale, commerciale o scientifico giuridicamente tutelabili. Il regime è valevole per 5 esercizi sociali in base a opzione irrevocabile. Esclusione dal reddito del 50% (a regime) dei redditi derivanti dall'utilizzo di alcuni beni immateriali. DL 50/2017 Esclusione dei marchi d’impresa dal gruppo dai beni agevolabili con la cd. Patent box. Sono, invece, agevolabili anche i redditi derivanti dall’utilizzo congiunto di beni immateriali, legati da vincoli di complementarietà, ai fini della realizzazione di un prodotto o di una famiglia di prodotti o di un processo o di un gruppo di processi. Le nuove disposizioni si applicano a partire dal 3° periodo d’imposta successivo a quello in corso al 31/12/14 (in linea generale dal 2017). Conserva i benefici patent box secondo la disciplina originaria (dunque anche per i marchi) - per tutto il quinquennio di validità delle stesse e, comunque, non oltre il 30/6/21 - chi ha esercitato l’opzione per i primi 2 periodi d'imposta di applicazione dell’agevolazione (2015 e 2016).",IRPEF/IRES,A REGIME,ESCLUSIONE,"-179,7","-179,7","-179,7",595,"-301.952,9",IMPRESE E SOCIETA',,66
2018,18: SVILUPPO SOSTENIBILE E TUTELA DEL TERRITORIO E DELL’AMBIENTE,127,"Art, 100, c.2, lett. n), TUIR",Deducibilità delle erogazioni liberali in denaro a favore di organismi di gestione di parchi e riserve naturali e zone di speciale tutela paesistico-ambientale,IRPEF/IRES,A REGIME,DEDUZIONE,STIMA COMPRESA IN QUELLA RIPORTATA ALLE VOCI DA N. 186 A 189,,,,,PERSONE FISICHE E GIURIDICHE,,66
2018,18: SVILUPPO SOSTENIBILE E TUTELA DEL TERRITORIO E DELL’AMBIENTE,128,Art. 9 del DPR n. 601/73,Imposta di registro e ipotecaria in misura fissa ed esenzione da imposta catastale per atti di trasferimento di terreni in zone montane,"IMPOSTE DI REGISTRO, DI BOLLO E IPOCASTATALI",A REGIME,IMPOSTA IN MISURA FISSA,"-0,1","-0,1","-0,1",,,SOGGETTI E CATEGORIE PARTICOLARI,,66
2018,18: SVILUPPO SOSTENIBILE E TUTELA DEL TERRITORIO E DELL’AMBIENTE,129,"Articolo 31 della legge 13 maggio 1999, n. 133",Accesso gratuito alle conservatorie dei registri immobiliari da parte dei Consorzi di bonifica e irrigazione e rilascio gratuito dei relativi certificati,ALTRO,A REGIME,ESENZIONE,Non quantificabile,,,,,SOGGETTI E CATEGORIE PARTICOLARI,,66
2018,18: SVILUPPO SOSTENIBILE E TUTELA DEL TERRITORIO E DELL’AMBIENTE,130,"Art. 15, comma 1, lett. i-decies) del TUIR, introdotta dall'art.1, comma 28, lettera a) della L. n. 205/2017. Art. 15, comma 2 del TUIR.","Detraibilità delle spese sostenute per l'acquisto di abbonamenti ai servizi di trasporto pubblico locale, regionale e interregionale per un importo non superiore a 250 euro, anche se sostenute per i familiari a carico.",IRPEF,A REGIME,DETRAZIONE,"-88,9","-50,8","-50,8",,,PERSONE FISICHE,,66
2018,18: SVILUPPO SOSTENIBILE E TUTELA DEL TERRITORIO E DELL’AMBIENTE,131,"Art. 1, c. 96-99, della L n. 205/2017","Credito d'imposta per l'acquisto di prodotti di plastiche differenziate, utilizzabile esclusivamente in compensazione, attuato con decreto MEF di concerto MISE e MATTM",,2018-2020,CREDITO D'IMPOSTA,"-1,0","-1,0","0,0",,,IMPRESE,,66
2018,19: CASA E ASSETTO URBANISTICO,132,"Art. 10, comma 3-bis), TUIR",Deduzione della rendita catastale dell'unità immobiliare adibita ad abitazione principale e delle relative pertinenze rapportata al periodo dell'anno durante il quale sussiste tale destinazione ed in proporzione alla quota di possesso,IRPEF,A REGIME,DEDUZIONE,"-3.633,0","-3.633,0","-3.633,0",26.100.000,"-139,2",PERSONE FISICHE,,66
2018,19: CASA E ASSETTO URBANISTICO,133,"Art. 16-bis del TUIR, introdotto dall'art. 4, comma 1, lettera c), del D.L. n. 201 del 2011 convertito, con modificazioni, dalla L. n. 214 del 2011","Detrazione, nella misura del 36%, delle spese per interventi di recupero del patrimonio edilizio e di riqualificazione energetica degli edifici",IRPEF,A REGIME,DETRAZIONE,"-143,0","-530,7","-918,5",,,PERSONE FISICHE,,66
2018,19: CASA E ASSETTO URBANISTICO,134,"Art. 37, comma 4-bis, TUIR, come modificato, da ultimo, dall'art. 4, comma 74, della L. n. 92/2012",Determinazione del reddito delle unità immobiliari locate: riduzione forfetaria del canone di locazione,IRPEF,A REGIME,ESCLUSIONE,"-444,1","-444,1","-444,1",2.934.437,"-151,3",PERSONE FISICHE,,66
2018,19: CASA E ASSETTO URBANISTICO,135,"Art. 15, comma 1, lett. b) e comma 1-ter TUIR - Art. 66, L. n. 342 del 2000.",Detrazione per interessi passivi e oneri accessori relativi a mutui ipotecari per l'acquisto o la costruzione dell'abitazione principale,IRPEF,A REGIME,DETRAZIONE,"-969,1","-969,1","-969,1",3.841.604,"-252,3",PERSONE FISICHE,,67
2018,19: CASA E ASSETTO URBANISTICO,136,"Art. 3, comma 7, del D.L. n. 330 del 1994, convertito dalla legge n. 473 del 1994",Detrazione per interessi passivi e oneri accessori relativi a mutui ipotecari per l'acquisto di immobili da adibire ad abitazione diversa da quella principale spettante per mutui contratti entro il 31/12/1992,IRPEF,A REGIME,DETRAZIONE,"-4,9","-4,9","-4,9",24.168,"-202,8",PERSONE FISICHE,,67
2018,19: CASA E ASSETTO URBANISTICO,137,"Articolo 1, comma 4, D.L. n. 669 del 1996, convertito dalla legge n. 30 del 1997",Detrazione per interessi passivi relativi a mutui contratti nel 1997 per interventi di recupero del patrimonio edilizio,IRPEF,A REGIME,DETRAZIONE,"-0,4","-0,4","-0,4",1.956,-179,PERSONE FISICHE,,67
2018,19: CASA E ASSETTO URBANISTICO,138,"Art. 15, comma 1, lett. b-bis) TUIR",Detrazione su compensi pagati agli intermediari per l'acquisto dell'abitazione principale per un importo non superiore ad euro 1.000 per ciascuna annualità,IRPEF,A REGIME,DETRAZIONE,"-18,1","-18,1","-18,1",112.932,"-160,3",PERSONE FISICHE,,67
2018,19: CASA E ASSETTO URBANISTICO,139,"Art. 16, commi 01, 1, 1-bis, 1-ter e 1-sexies, TUIR, modificato dall'art. 1, comma 9, L. n. 244/2007.",Detrazione per canoni di locazione di unità immobiliari adibite ad dell'abitazione principale,IRPEF,A REGIME,DETRAZIONE,"-494,3","-494,3","-494,3",1.693.864,"-291,8",PERSONE FISICHE,,67
2018,19: CASA E ASSETTO URBANISTICO,140,Art. 8 della Legge n. 431/98,"Ulteriore riduzione del 30% del reddito imponibile che deriva al proprietario dai contratti stipulati o rinnovati ai sensi del comma 3 dell'art. 2 (contratti a canone concordato), ai sensi del comma 2 dell'articolo 5 (contratti di natura transitoria a studenti universitari) nonchè del comma 3 dell'art. 1(contratti di locazione stipulati dagli enti locali in qualità di conduttori per soddisfare esigenze abitative di carattere transitorio).",IRPEF,A REGIME,ESCLUSIONE,"-55,7","-55,7","-55,7",154.302,"-361,0",PERSONE FISICHE,,67
2018,19: CASA E ASSETTO URBANISTICO,141,"Art. 15, comma 1, lett. g), TUIR","Detrazione per spese di manutenzione, protezione e restauro delle caose vincolate sai sensi della legge n. 1089 del 1939 e del D.P.R. n. 1409 del 1963",IRPEF,A REGIME,DETRAZIONE,"-5,8","-5,8","-5,8",2.061,"-2.814,2",PERSONE FISICHE,,67
2018,19: CASA E ASSETTO URBANISTICO,142,"Art. 10, comma 1, lett. a), TUIR","Deduzione di canoni, livelli, censi, ed altri oneri gravanti sui redditi degli immobili che concorrono a formare il reddito complessivo, compresi i contributi ai consorzi obbligatori per legge o in dipendenza di provvedimenti della pubblica amministrazione",IRPEF,A REGIME,DEDUZIONE,"-5,5","-5,5","-5,5",90.752,"-60,6",PERSONE FISICHE,,67
2018,19: CASA E ASSETTO URBANISTICO,143,"Art. 1, comma 496, della Legge n. 266/05, da ultimo modificato dall'art. 1, comma 310, Legge n. 296/06","Applicazione di un'imposta sostitutiva delle imposte sui redditi, nella misura del 20%, sulle plusvalenze realizzate a seguito di cessioni a titolo oneroso di beni immobili acquistati o costruiti da non più di cinque anni",IMPOSTA SOSTITUTIVA,A REGIME,REGIME SOSTITUTIVO,"-0,4","-0,4","-0,4",,,PERSONE FISICHE,,67
2018,19: CASA E ASSETTO URBANISTICO,144,"Art. 42, TUIR","Non sono produttive di redditi di fabbricati le costruzioni o porzioni di costruzioni rurali, e relative pertinenze, appartenenti al possessore o all'affittuario dei terreni e destinate a specifici utilizzi",IRPEF,A REGIME,ESCLUSIONE,Non quantificabile,,,,,PERSONE FISICHE,,67
2018,19: CASA E ASSETTO URBANISTICO,145,"Art. 1 della Legge n. 449/97; proroga ex art. 2, commi 10-11, della L. n.191/2009. Art. 16, comma 1, del D.L. n. 63 del 2013, convertito dalla L. n. 90 del 2013, come modificato, da ultimo, dall'art. 1, comma 3, lett. b), n.1), L. n. 205/2017","Detrazione, nella misura del 50%, per gli interventi di recupero del patrimonio edilizio esistente (manutenzione ordinaria su parti comuni di edifici residenziali, manutenzione strordinaria, restauro, risanamento conservativo ristrutturazione edilizia ed altri interventi previsti dall'art. 1della L. n. 449 del 1997) o per l'acquisto di fabbricati a uso abitativo ristrutturati",IRPEF,2018,DETRAZIONE,"-6.823,9","-6.637,6","-6.350,0",8.885.191,"-768,0",PERSONE FISICHE,,68
2018,19: CASA E ASSETTO URBANISTICO,146,"Art. 16, commi da 1-bis a 1-septies, del D.L. n. 63 del 2013, inserito dalla legge di conversione n. 90 del 2013, modificato dall'art. 1, comma 2, lettera c), della L. n. 232 del 2016 e dall'art. 46-quater, comma 1, del D.L. n. 50 del 2017, convertito, con modificazioni, dalla L. n. 96 del 2017","Detrazione del 50% per interventi di cui all'articolo 16-bis, comma 1, lettera i), del TUIR realizzati su edifici ricadenti nelle zone sismiche 1, 2 e 3 di cui all'ordinanza del Presidente del Consiglio dei Ministri n. 3274 del 20 marzo 2003, riferiti a costruzioni adibite ad abitazione o ad attività produttive. La detrazione spetta in maggior misura in relazione a specifici interventi nonché in relazione agli interventi realizzati su parti comuni di edifici condominiali. La detrazione spetta anche con riferimento alle spese effettuate per la classificazione e la verifica sismica degli immobili.",IRPEF,2021,DETRAZIONE,"-608,4","-878,7","-1.149,0",,,PERSONE FISICHE,,68
2018,19: CASA E ASSETTO URBANISTICO,147,"Art. 16, comma 2, del D.L. n. 63 del 2013, convertito dalla L. n. 90 del 2013, come modificato, da ultimo, dall'art. 1, comma 3, lett.b), n.3, L. n. 205/2017","Detrazione, nella misura del 50 %, per l'acquisto di mobili e grandi elettrodomestici di classe non inferiore alla A+, nonché A per i forni, per le apparecchiature per le quali sia prevista l'etichetta energetica finalizzati all'arredo dell'immobile oggetto di ristrutturazione ex di cui al comma 1 dell'articolo 16 del D.L. 63/2013",IRPEF,2018,DETRAZIONE,"-346,5","-346,5","-346,5",,,PERSONE FISICHE,,68
2018,19: CASA E ASSETTO URBANISTICO,148,"L. 296/2006, art 1, commi da 344 a 349 - Art. 1, comma 48, della L. n. 220 del 2010; Art. 14 del D.L. n. 63 del 2013, convertito dalla L. n. 90 del 2013 e modificato da ultimo, dall'art. 1, comma 3, lett. a), L. n. 205/2017 - Art. 1, comma 88, della L. n. 208 del 2015","Detrazione, nella misura del 55% e 65%, delle spese sostenute dal 6 giugno 2013 per vari interventi di riqualificazione energetica degli edifici esistenti di qualsiasi categoria catastale, anche rurale, posseduti o detenuti. La medesima detrazione si applica anche alle spese per l'acquisto, l'installazione e la messa in opera di dispositivi multimediali per il controllo a distanza degli impianti di riscaldamento, produzione di acqua calda o di climatizzazione delle unità abitative (""ecobonus"").",IRPEF/IRES,2018,DETRAZIONE,"-1.847,6","-1.847,6","-1.847,6",2.140.588,"-863,1",PERSONE FISICHE E GIURIDICHE,,68
2018,19: CASA E ASSETTO URBANISTICO,149,"Art. 14 del decreto-legge 4 giugno 2013, n. 63, modificato dall'art. 1, comma 2, lettera a) della legge n. 232 del 2016 e dall'art. 4-bis del D.L. n. 50 del 2017 convertito, con modificazioni, dalla L. n. 96 del 2017 nonchè, da ultimo, dall'art. 1, c.3, lett.a), L. n. 205/2017",Detrazione per interventi di riqualificazione energetica sulle parti comuni condominiali,IRPEF,2021,DETRAZIONE,"-50,1","-77,7","-105,3",,,PERSONE FISICHE,,68
2018,19: CASA E ASSETTO URBANISTICO,150,"Art. 14, comma 2-quater.1 del D.L. n. 63 del 2013, convertito, con modificazioni, dalla L. n. 90 del 2013, come introdotto dall'art. 1, comma 3 della L. n. 205 del 2017.",Detrazione per interventi finalizzati congiuntamente alla riduzione del rischio sismico e alla riqualificazione energetica,IRPEF,2021,DETRAZIONE,"-1,0","-5,5","-8,5",,,PERSONE FISICHE,,68
2018,19: CASA E ASSETTO URBANISTICO,151,"Art. 3 del d.lgs. 14 marzo 2011, n. 23, recante ""Disposizioni in materia di federalismo fiscale municipale"" come, da ultimo, modificato dall'art. 4, comma 1, del D.L. n. 102 del 2013 convertito dalla L. n. 124 del 2013","Cedolare secca. Applicazione di un'imposta sostitutiva dell'IRPEF e delle addizionali all'IRPEF nonché dell'imposta di registro e di bollo, con aliquota del 21% sui canoni derivanti dalla locazione di immobili a uso abitativo. L'aliquota è ridotta al 15% nell'ipotesi di locazione a canone concordato",IMPOSTA SOSTITUTIVA,A REGIME,REGIME SOSTITUTIVO,"-1.783,0","-1.783,0","-1.783,0",2.124.856,"-839,1",PERSONE FISICHE,,68
2018,19: CASA E ASSETTO URBANISTICO,152,"Art. 9, commai 1 e 2-bis, del D.L. n. 47 del 2014, convertito con modificazioni dalla L. 23 maggio 2014, n. 80 come modificato dall'art. 1, comma 16, L. n. 205/2017",L'aliquota della cedolare secca nelle ipotesi di locazione a canone concordato è ridotta al 10 per cento,IMPOSTA SOSTITUTIVA,2019,REGIME SOSTITUTIVO,"-174,8","-8,7","0,0",591.982,"-295,3",PERSONE FISICHE,,69
2018,19: CASA E ASSETTO URBANISTICO,153,"Art. 4 del D.L. n. 50 del 2017, convertito, con modificazioni, dalla L. n. 96 del 2017.","Applicazione, per i redditi derivanti dai contratti di locazione breve, dell'aliquota del 21 % in caso di opzione per l'imposta sostitutiva nella forma della cedolare secca.",IMPOSTA SOSTITUTIVA,A REGIME,REGIME SOSTITUTIVO,"-151,8","-151,8","-151,8",,,PERSONE FISICHE,,69
2018,19: CASA E ASSETTO URBANISTICO,154,"Art. 19, comma 15-bis, D.L. n. 201 del 2011",Esenzione dal pagamento dell’imposta sul valore degli immobili situati all'estero (IVIE) con riferimento al possesso dell'abitazione principale o della casa coniugale assegnata al coniuge.,ALTRO,A REGIME,ESENZIONE,"-0,8","-0,8","-0,8",1.451,"-551,3",PERSONE FISICHE,,69
2018,19: CASA E ASSETTO URBANISTICO,155,"Art. 19, comma 15-bis, D.L. n. 201 del 2011","Aliquota ridotta dell’imposta sul valore degli immobili situati all'estero (IVIE) con riferimento al possesso dell'abitazione principale o della casa coniugale assegnata al coniuge, appartenente alla categoria degli immobili di lusso.",ALTRO,A REGIME,RIDUZIONE DI ALIQUOTA,,,,,,PERSONE FISICHE,,69
2018,19: CASA E ASSETTO URBANISTICO,156,Nota 2-bis all'art.1 della Tariffa parte I allegata al D.P.R. n. 131/1986,Misura per l'acquisto della prima casa: riduzione dell'aliquota dell'imposta di registro,"IMPOSTE DI REGISTRO, DI BOLLO E IPOCASTATALI",A REGIME,RIDUZIONE DI ALIQUOTA,"-1.683,0","-1.683,0","-1.683,0",387.589,"3.547,6",PERSONE FISICHE,,69
2018,19: CASA E ASSETTO URBANISTICO,157,Tariffa speciale Allegato B - art.1 alla Legge n. 1216/61 Art. 1,Case popolari ed economiche .Contratti di assicurazione sulla vita umana a garanzia della casa,ALTRO,A REGIME,RIDUZIONE DI ALIQUOTA,"-58,9","-58,9","-58,9",,,PERSONE FISICHE,,69
2018,19: CASA E ASSETTO URBANISTICO,158,Tariffa speciale Allegato B - Legge n. 1216/61 Art. 3,"Cooperative edilizie sovvenzionate dallo Stato .Assicurazioni contro i danni previsti dall'articolo 7, lettera a) della Tariffa allegato A",ALTRO,A REGIME,RIDUZIONE DI ALIQUOTA,Non quantificabile,,,,,SOGGETTI E CATEGORIE PARTICOLARI,,69
2018,19: CASA E ASSETTO URBANISTICO,159,Art.5 della Legge n.168/82,"Applicazione delle imposte ipotecaria, catastale e imposta di registro in misura fissa in relazione a a) permute di immobili compresi in piani di recupero b) trasferimenti di immobili compresi in piani di recupero","IMPOSTE DI REGISTRO, DI BOLLO E IPOCASTATALI",A REGIME,IMPOSTA IN MISURA FISSA,"0,0","0,0","0,0",,,SOGGETTI E CATEGORIE PARTICOLARI,,69
2018,19: CASA E ASSETTO URBANISTICO,160,Art. 32 del D.P.R. n. 601/73,"Esenzione dall’ applicazione delle imposte ipotecarie e catastali, imposta di registro in misura fissa per atti di trasferimento della proprietà: a) delle aree comprese nei piani di edilizia residenziale pubblica b) delle aree comprese nei piani da destinare a insediamenti produttivi","IMPOSTE DI REGISTRO, DI BOLLO E IPOCASTATALI",A REGIME,IMPOSTA IN MISURA FISSA,"-11,4","-11,4","-11,4",4.206,"-2.728,3",SOGGETTI E CATEGORIE PARTICOLARI,,69
2018,19: CASA E ASSETTO URBANISTICO,161,Nota all'articolo 1 della Tariffa allegata al D.lgs n. 347 del 1990,Applicazione imposta ipotecaria in misura fissa per gli acquisti della prima casa,"IMPOSTE DI REGISTRO, DI BOLLO E IPOCASTATALI",A REGIME,IMPOSTA IN MISURA FISSA,"-338,9","-338,9","-338,9",,,PERSONE FISICHE,,69
2018,19: CASA E ASSETTO URBANISTICO,162,Nota all'articolo 1 della Tariffa allegata al D.lgs n. 347 del 1990,Applicazione imposta catastale in misura fissa per gli acquisti della prima casa,"IMPOSTE DI REGISTRO, DI BOLLO E IPOCASTATALI",A REGIME,IMPOSTA IN MISURA FISSA,"-682,6","-682,6","-682,6",,,PERSONE FISICHE,,70
2018,19: CASA E ASSETTO URBANISTICO,163,"Art. 8, comma 1, della Legge n.431/98",Riduzione della base imponibile al 70 per cento del corrispettivo annuo per l'applicazione dell'imposta di registro sui contratti di locazione di immobili adibiti ad uso abitativo,"IMPOSTE DI REGISTRO, DI BOLLO E IPOCASTATALI",A REGIME,ESCLUSIONE,"-3,0","-3,0","-3,0",,,PERSONE FISICHE E GIURIDICHE,,70
2018,19: CASA E ASSETTO URBANISTICO,164,"Art. 2, comma 1-bis, del D.L. 3 agosto 2004, n. 220, convertito con modificazioni dalla legge 19 ottobre 2004, n. 257","Applicabilità delle disposizioni di cui agli artt. 15, 17 e 18 del D.P.R. n. 601 del 1973 per i mutui concessi da istituti ed enti previdenziali per l'acquisto di abitazioni",IMPOSTA SOSTITUTIVA,A REGIME,REGIME SOSTITUTIVO,Non quantificabile,,,,,PERSONE FISICHE,,70
2018,19: CASA E ASSETTO URBANISTICO,165,"Art. 2, comma 5-ter del D.L. n. 148 del 2017 convertito con modificazioni dalla L. n. 172 del 2017.","Esclusione dall' IRPEF dei redditi dei fabbricati distrutti od oggetto di ordinanze sindacali di sgombero, ubicati nei comuni di Casamicciola Terme, Forio e Lacco Ameno",IRPEF,2018,ESCLUSIONE,"-55,9","38,2","0,0",,,PERSONE FISICHE,,70
2018,19: CASA E ASSETTO URBANISTICO,166,"Art. 1, commi 12-15 della L. n. 205 del 2017","Detrazione per un importo pari al 36 per cento delle spese, fino ad un ammontare complessivo non superiore a 5.000 euro per unità immobiliare ad uso abitativo, per sistemazione a verde e per la realizzaizone di coperture a verde e di giardini pensili. La detrazione spetta anche per interventi effettuati sulle parti comuni esterne degli edifici condominiali.",IRPEF,2018,DETRAZIONE,"0,0","-73,9","-43,2",,,PERSONE FISICHE,,70
2018,19: CASA E ASSETTO URBANISTICO,167,"Art. 15, comma 1, lett. f-bis) del TUIR; lettera introdotta dall'art. 1, comma 768 della L. n. 205 del 2017.",Detrazione per premi per assicurazioni aventi per oggetto il rischio di eventi calamitosi stipulate relativamente a unità immobiliari ad uso abitativo.,IRPEF,A REGIME,DETRAZIONE,"-23,9","-17,7","-20,0",,,PERSONE FISICHE,,70
2018,19: CASA E ASSETTO URBANISTICO,168,"comma 1-bis dell'art. 8-bis della tariffa, parte prima, allegata al D.P.R. n. 131 del 1986, aggiunto dall'art. 1, comma 83, lett. c) n. 1 della legge n. 208 del 2015","Imposta di registro in misura ridotta su cessioni di immobili a banche e società di leasing per locazioni finanziarie a favore di utilizzatori aventi i requisiti ""prima casa""","IMPOSTE DI REGISTRO, DI BOLLO E IPOCASTATALI",A REGIME,RIDUZIONE DI ALIQUOTA,"-0,2","-0,2","-0,2",13,"-12.307,7",BANCHE E ASSICURAZIONI,,70
2018,20: TUTELA DELLA SALUTE,169,"Art. 15, comma 1, lett. c) e comma 2, TUIR","Detrazione per spese sanitarie, spese mediche e di assistenza specifica diverse da quelle di cui all'art. 10, comma 1, lett. b), del Tuir, spese per prestazioni mediche specialistiche",IRPEF,A REGIME,DETRAZIONE,"-3.298,3","-3.298,3","-3.298,3",18.125.136,"-182,0",PERSONE FISICHE,,70
2018,20: TUTELA DELLA SALUTE,170,"Art. 15, comma 1, lett. i-bis), TUIR",Detrazione per contributi associativi versati dai soci delle società di mutuo soccorso che operano esclusivamente nei settori di cui all'art.1 della L. n. 3818 del 1886,IRPEF,A REGIME,DETRAZIONE,"-10,3","-10,3","-10,3",116.499,"-88,8",PERSONE FISICHE,,70
2018,20: TUTELA DELLA SALUTE,171,"Art, 100, c. 2, lett. o), TUIR",Deducibilità delle erogazioni liberali in denaro effettuate per la realizzazione di programmi di ricerca scientifica nel settore della sanità,IRPEF/IRES,A REGIME,DEDUZIONE,STIMA COMPRESA IN QUELLA RIPORTATA ALLE VOCI DA N. 186 A 189,,,,,PERSONE FISICHE E GIURIDICHE,,70
2018,20: TUTELA DELLA SALUTE,172,"Art. 8, comma 3, della Legge n. 52/01","Detrazione per le donazioni effettuate da enti o privati all'ente ospedaliero ""Ospedale Galliera"" di Genova",IRPEF/IRES,A REGIME,DETRAZIONE,"0,0","0,0","0,0",38,"-565,9",PERSONE FISICHE E GIURIDICHE,,70
2018,20: TUTELA DELLA SALUTE,173,"Tabella A, punto 13, TUA",Riduzione dell'accisa sui carburanti per le autoambulanze -,ACCISA,A REGIME,RIDUZIONE DI ALIQUOTA,"-2,4","-2,4","-2,4",,,ASSOCIAZIONI ENTI NO PROFIT ONLUS,,70
2018,20: TUTELA DELLA SALUTE,174,"Art. 1, commi 960-963, della L. 28 dicembre 2015, n. 208","Aliquota IVA ridotta del 5% per le prestazioni socio-sanitarie, assistenziali ed educative rese dalle cooperative sociali e loro consorzi dal 1° gennaio",IVA,A REGIME,RIDUZIONE DI ALIQUOTA,"-455,2","-455,2","-455,2",,,PERSONE FISICHE,,71
2018,20: TUTELA DELLA SALUTE,175,"Art. 10, primo comma, n. 18), d.P.R. 633/1972",Esenzione delle prestazioni sanitarie con pro rata di detraibilità a monte,IVA,A REGIME,ESENZIONE,Non quantificabile,,,,,PERSONE FISICHE,,71
2018,20: TUTELA DELLA SALUTE,176,"Art. 10, primo comma, n. 19), d.P.R. 633/1972",Esenzione delle prestazioni di ricovero e cura rese da enti ospedalieri o da cliniche e case di cura convenzionate con pro rata di detraibilità a monte,IVA,A REGIME,ESENZIONE,Non quantificabile,,,,,PERSONE FISICHE,,71
2018,20: TUTELA DELLA SALUTE,177,"Art. 10, primo comma, n. 24), d.P.R. 633/1972","Esenzione delle cessioni di organi, sangue e latte umani e di plasma sanguigno",IVA,A REGIME,ESENZIONE,Non quantificabile,,,,,PERSONE FISICHE E GIURIDICHE,,71
2018,20: TUTELA DELLA SALUTE,178,"Art. 10, primo comma, n. 27-ter), d.P.R. 633/1972","Esenzione delle prestazioni socio-sanitarie, di assistenza domiciliare o ambulatoriale, in comunita' e simili, in favore di persone disagiate rese da organismi di diritto pubblico e da ONLUS con pro rata di detraibilità a monte",IVA,A REGIME,ESENZIONE,Non quantificabile,,,,,PERSONE FISICHE,,71
2018,20: TUTELA DELLA SALUTE,179,"Art. 10, comma 1, lett. b), e comma 2, TUIR",Deduzione delle spese mediche e di quelle di assistenza specifica necessarie nei casi di grave e permanente invalidità o menomazione,IRPEF,A REGIME,DEDUZIONE,"-309,2","-309,2","-309,2",259.303,"-1.192,5",PERSONE FISICHE,,71
2018,20: TUTELA DELLA SALUTE,180,"Art. 10, comma 1, lett. e-ter), TUIR",Deduzione dei contributi versati ai fondi integrativi del servizio sanitario nazionale istituiti o adeguati ai sensi del d.lgs 502 del 1992,IRPEF,A REGIME,DEDUZIONE,"-539,3","-539,3","-539,3",5.344.963,"-100,9",PERSONE FISICHE,,71
2018,20: TUTELA DELLA SALUTE,181,"Art. 5, comma 3, , del D. Lgs. 30 giugno 1993, n, 269","Esenzione da imposta di donazione, ipotecarie e catastali per le donazioni a favore degli istituti di ricovero e cura a carattere scientifico di immobili con specifica destinazione a finalità sanitarie",IMPOSTE SU DONAZIONI E SUCCESSIONI,A REGIME,ESENZIONE,"-0,1","-0,1","-0,1",,,ASSOCIAZIONI ENTI NO PROFIT ONLUS,,71
2018,21: TUTELA E VALORIZZAZIONE DEI BENI E ATTIVITA’ CULTURALI E PAESAGGISTICI,182,"Art. 15, comma 1, lett. h) e h-bis), TUIR","Detrazione per erogazioni liberali in denaro e in natura a favore dello Stato, delle regioni, degli enti locali territoriali, di enti o istituzioni pubbliche, di comitati organizzatori, di fondazioni e associazioni legalmente riconosciute che, senza scopo di lucro, svolgono attività di studio, ricerca e documentazione di rilevante valore culturale e artistico, nonché per le erogazioni effettuate per l’organizzazione di mostre ed esposizioni di rilevante interesse scientifico-culturale.",IRPEF,A REGIME,DETRAZIONE,"-1,5","-1,5","-1,5",11.574,"-133,2",PERSONE FISICHE,,71
2018,21: TUTELA E VALORIZZAZIONE DEI BENI E ATTIVITA’ CULTURALI E PAESAGGISTICI,183,"Art. 1 del D.L. n. 83 del 2014 convertito dalla L. n. 106 del 2014 modificato dall'art. 1, comma 318, della L. n. 208 del 2015; art. 17 DL n. 189/2016, convertito con L. 15 dicembre 2016 n.229; art. 5, comma 1, L. 22 novembre 2017, n. 175.",Credito di imposta nella misura del 65 per cento delle erogazioni liberali in denaro per interventi a favore della cultura e dello spettacolo ART-BONUS,IRPEF/IRES,A REGIME,CREDITO D'IMPOSTA,"-15,5","-15,4","-15,4",,,PERSONE FISICHE E GIURIDICHE,,71
2018,21: TUTELA E VALORIZZAZIONE DEI BENI E ATTIVITA’ CULTURALI E PAESAGGISTICI,184,"Art. 15, comma 1, lett. i), TUIR","Detrazione per erogazioni liberali in denaro in favore di enti o istituzioni pubbliche, fondazioni e associazioni legalmente riconosciute che, senza scopo di lucro, svolgono esclusivamente attività nello spettacolo",IRPEF,A REGIME,DETRAZIONE,"-0,1","-0,1","-0,1",1.004,"-99,6",PERSONE FISICHE,,72
2018,21: TUTELA E VALORIZZAZIONE DEI BENI E ATTIVITA’ CULTURALI E PAESAGGISTICI,185,"Art. 100, comma 1 e comma 2 lett. a), b), d), e), TUIR","Deduzione dal reddito d'impresa con limiti determinati per le singole fattispecie - tra cui: a) opere o servizi destinati ai dipendenti per finalità di educazione, istruzione, ricreazione, assistenza sociale e sanitaria o culto; b) erogazioni liberali in favore di persone giuridiche che perseguono le finalità di cui alla lettera a), ovvero di ricerca scientifica, nonché contributi, donazioni e obliazioni in favore delle O.N.G; c) erogazioni liberali in favore di persone giuridiche aventi sede nel mezzogiorno aventi esclusiva finalità di ricerca scientifica; d) erogazioni liberali a favore di concessionari privati per la radiodiffusione sonora a carattere comunitario; e) spese sostenute dai soggetti obbligati alla manutenzione, protezione e restauro delle cose vincolate.",IRPEF/IRES,A REGIME,DEDUZIONE,"-37,5","-37,5","-37,5",18.181,"-2.062,6",PERSONE FISICHE E GIURIDICHE,,72
2018,21: TUTELA E VALORIZZAZIONE DEI BENI E ATTIVITA’ CULTURALI E PAESAGGISTICI,186,"Art. 100, c. 2, lett. f), TUIR","Deducibilità delle erogazioni liberali in denaro favore di enti o istituzioni pubbliche, associazioni e fondazioni riconosciute con finalità di studio, ricerca e documentazione di rilevante valore culturale e artistico, nonché per le erogazioni effettuate per l’organizzazione di mostre ed esposizioni di rilevante interesse scientifico-culturale.",IRPEF/IRES,A REGIME,,,,,,,,,72
2018,21: TUTELA E VALORIZZAZIONE DEI BENI E ATTIVITA’ CULTURALI E PAESAGGISTICI,187,"Art. 100, c.2, lett. g), TUIR","Deducibilità per un importo non superiore al 2% del reddito d'impresa delle erogazioni liberali in denaro a favore di enti o istituzioni pubbliche, associazioni e fondazioni che, senza scopo di lucro, svolgono attività nello spettacolo",IRPEF/IRES,A REGIME,,,,,,,,,72
2018,21: TUTELA E VALORIZZAZIONE DEI BENI E ATTIVITA’ CULTURALI E PAESAGGISTICI,188,"Art, 100, c.2, lett. m), TUIR",Deducibilità delle erogazioni liberali in denaro per la realizzazione di programmi culturali nei settori dei beni culturali e dello spettacolo,IRPEF/IRES,A REGIME,,,,,,,,,72
2018,21: TUTELA E VALORIZZAZIONE DEI BENI E ATTIVITA’ CULTURALI E PAESAGGISTICI,189,Art.5-bis del D.P.R.n. 601 del 1973,"Non concorrenza alla formazione del reddito complessivo dei redditi catastali degli immobili destinati ad usi culturali (totalmente adibiti a sedi aperte al pubblico di musei , biblioteche, archivi, cineteche )",IRPEF/IRES,A REGIME,ESCLUSIONE,Non quantificabile,,,,,PERSONE FISICHE,,72
2018,21: TUTELA E VALORIZZAZIONE DEI BENI E ATTIVITA’ CULTURALI E PAESAGGISTICI,190,"Art. 1, comma 1 e 2, della Legge n. 28/99 (Fondazione La Biennale di Venezia)",Detrazione e deducibilità delle erogazioni liberali in denaro in favore della Fonadazione La Biennale di Venezia,IRPEF/IRES,A REGIME,DETRAZIONE/DEDU ZIONE,Effetti di trascurabile entità,,,,,PERSONE FISICHE E GIURIDICHE,,72
2018,21: TUTELA E VALORIZZAZIONE DEI BENI E ATTIVITA’ CULTURALI E PAESAGGISTICI,191,"Art.1, comma 3, della Legge n. 28/99 (Fondazione La Biennale di Venezia)",I proventi percepiti nell’esercizio di attività commerciali svolte in conformità agli scopi istituzionali sono esclusi dalle imposte sui redditi,IRES,A REGIME,ESCLUSIONE,Effetti di trascurabile entità,,,,,SOGGETTI E CATEGORIE PARTICOLARI,,72
2018,21: TUTELA E VALORIZZAZIONE DEI BENI E ATTIVITA’ CULTURALI E PAESAGGISTICI,192,"Art.25, commi 1 e 2,del D.Lgs n.367/1996",Detrazione e deducibilità dal reddito d'impresa per le erogazioni liberali a favore degli enti operanti nel settore musicale nonché innalzamento al 30 per cento del limite del reddito complessivo ai fini della detraibilità e della deducibilità delle somme versate al patrimonio delle fondazioni musicali al momento della partecipazione.,IRPEF/IRES,A REGIME,DETRAZIONE/DEDU ZIONE,Stima già compresa nei punti 184-187,,,,,PERSONE FISICHE E GIURIDICHE,,72
2018,21: TUTELA E VALORIZZAZIONE DEI BENI E ATTIVITA’ CULTURALI E PAESAGGISTICI,193,"Art. 25, comma 3, del D.lgs. n.28/04",Le quote versate dai soci e gli incassi derivanti dall’emissione dei titoli di accesso ai soci non concorrono a formare reddito imponibile,IRES,A REGIME,ESCLUSIONE,Non quantificabile,,,,,ASSOCIAZIONI ENTI NO PROFIT ONLUS,,72
2018,21: TUTELA E VALORIZZAZIONE DEI BENI E ATTIVITA’ CULTURALI E PAESAGGISTICI,194,"Art.1, commi 185-187, della Legge n.296/2006 – DM 8.11.2007, n. 228 (Regolamento) – DM 16 marzo 2017","Equiparazione ai soggetti esenti dall’Ires indicati dall’articolo 74, comma 1 del Tuir per le a a s rt s i o s c ti i c a o z i e o n c i u o lt p u e r r a a le nti nelle manifestazioni in ambito locale ma di particolare interesse storico,",IRES,A REGIME,ESCLUSIONE,"-0,2","-0,2","-0,2",218,"-825,7",ASSOCIAZIONI ENTI NO PROFIT ONLUS,,72
2018,21: TUTELA E VALORIZZAZIONE DEI BENI E ATTIVITA’ CULTURALI E PAESAGGISTICI,195,"Art. 3, terzo comma, del D.P.R. 633/72","Non assoggettamento ad IVA delle operazioni di divulgazione pubblicitaria svolte a beneficio di enti e associazioni che perseguono finalita' educative, culturali, sportive, religiose e di assistenza e solidarieta' sociale, nonche' delle ONLUS",IVA,A REGIME,ESCLUSIONE,Non quantificabile,,,,,ASSOCIAZIONI ENTI NO PROFIT ONLUS,,72
2018,21: TUTELA E VALORIZZAZIONE DEI BENI E ATTIVITA’ CULTURALI E PAESAGGISTICI,196,"Art. 3, quarto comma, lett. a), del D.P.R. 633/72",Non assoggettamento ad IVA delle cessioni di diritti d'autore effettuate dagli autori o dai loro eredi,IVA,A REGIME,ESCLUSIONE,Non quantificabile,,,,,PERSONE FISICHE,,73
2018,21: TUTELA E VALORIZZAZIONE DEI BENI E ATTIVITA’ CULTURALI E PAESAGGISTICI,197,Art.13 del D.Lgs. n. 346/90,Esclusione dall'attivo ereditario di beni culturali,IMPOSTE SU DONAZIONI E SUCCESSIONI,A REGIME,ESCLUSIONE,"-1,0","-1,0","-1,0",,,PERSONE FISICHE,,73
2018,21: TUTELA E VALORIZZAZIONE DEI BENI E ATTIVITA’ CULTURALI E PAESAGGISTICI,198,"Nota sub punto 1 all’art. 18 della tariffa, allegata al D.P.R. n. 641/72",Tasse sulle concessioni governative ridotte al 25% ai concessionari privati per la radiodiffusione sonora a carattere comunitario,ALTRO,A REGIME,RIDUZIONE DI ALIQUOTA,"-2,0","-2,0","-2,0",,,SOGGETTI E CATEGORIE PARTICOLARI,,73
2018,21: TUTELA E VALORIZZAZIONE DEI BENI E ATTIVITA’ CULTURALI E PAESAGGISTICI,199,"DLGS 22 gennaio 2004, n. 42 , legge n. 1089 del 1939 e Articolo 1 Tariffa , parte 1 del DPR n. 131 del 1986; articolo 13 del dlgs 31 ottobre 1990, n. 346 .","Per gli atti relativi a beni culturali di cui alle norme citate, imposta di registro con aliquota ridotta al 3 per cento e base imponibile minima .","IMPOSTE DI REGISTRO, DI BOLLO E IPOCASTATALI",A REGIME,RIDUZIONE DI ALIQUOTA,Non quantificabile,,,,,PERSONE FISICHE,,73
2018,21: TUTELA E VALORIZZAZIONE DEI BENI E ATTIVITA’ CULTURALI E PAESAGGISTICI,200,"DLGS 22 gennaio 2004, n. 42 , legge n. 1089 del 1939 e articolo 13 del dlgs 31 ottobre 1990, n. 346 .","Per i beni culturali di cui alla norma citata, esclusione dall'asse ereditario a talune condizioni ai fini dell'imposta di successione",IMPOSTE SU DONAZIONI E SUCCESSIONI,A REGIME,ESCLUSIONE,Non quantificabile,,,,,PERSONE FISICHE,,73
2018,21: TUTELA E VALORIZZAZIONE DEI BENI E ATTIVITA’ CULTURALI E PAESAGGISTICI,201,"comma 4-bis dell'art. 2 del D.L. n. 194 del 2009, modificato dall'art. 1, comma 41, della legge n. 220 del 2010 e dall'art. 1, comma 906 della legge n. 208 del 2015",Imposta di registro ed ipotecaria in misura fissa sui trasferimento a titolo oneroso di terreni agricoli,"IMPOSTE DI REGISTRO, DI BOLLO E IPOCASTATALI",A REGIME,IMPOSTA IN MISURA FISSA,"-0,4","-0,4","-0,4",,,PERSONE FISICHE,,73
2018,21: TUTELA E VALORIZZAZIONE DEI BENI E ATTIVITA’ CULTURALI E PAESAGGISTICI,202,Art. 5 DL n. 953 del 1982,Assicurazioni dei Beni di interesse storico e artistico,ALTRO,A REGIME,ESENZIONE,Non quantificabile,,,,,PERSONE FISICHE E GIURIDICHE,,73
2018,21: TUTELA E VALORIZZAZIONE DEI BENI E ATTIVITA’ CULTURALI E PAESAGGISTICI,203,Art. 15 della legge n. 220/2016,Credito d'imposta riconosciuto in favore delle imprese di produzione cinematografica e audiovisiva in relazione al costo complessivo di produzione di opere cinematografiche e audiovisive (nel rispetto della normativa UE),,A REGIME,CREDITO D'IMPOSTA,,,,,,SOGGETTI E CATEGORIE PARTICOLARI,,73
2018,21: TUTELA E VALORIZZAZIONE DEI BENI E ATTIVITA’ CULTURALI E PAESAGGISTICI,204,Art. 16 della L n. 220/2016,Credito d'imposta riconosciuto in favore delle imprese di distribuzione cinematografica e audiovisiva per le spese complessivamente sostenute per la distribuzione nazionale e internazionale di opere cinematografiche e audiovisive (nel rispetto della normativa UE),,A REGIME,CREDITO D'IMPOSTA,,,,,,SOGGETTI E CATEGORIE PARTICOLARI,,73
2018,21: TUTELA E VALORIZZAZIONE DEI BENI E ATTIVITA’ CULTURALI E PAESAGGISTICI,205,"Art. 17, c. 1, della L n. 220/2016","Credito d'imposta riconosciuto in favore delle imprese di esercizio cinematografico in relazione alle spese complessivamente sostenute per la realizzazione di nuove sale o il ripristino di sale inattive, per la ristrutturazione e l'adeguamento strutturale e tecnologico delle sale cinematografiche, per l'installazione, la ristrutturazione, il rinnovo di impianti, apparecchiature, arredi e servizi accessori delle sale (nel rispetto della normativa UE)",,A REGIME,CREDITO D'IMPOSTA,,,,,,SOGGETTI E CATEGORIE PARTICOLARI,,73
2018,21: TUTELA E VALORIZZAZIONE DEI BENI E ATTIVITA’ CULTURALI E PAESAGGISTICI,206,"Art. 17, c. 2, della L n. 220/2016","Credito d'imposta riconosciuto in favore delle industrie tecniche e di post-produzione, ivi inclusi i laboratori di restauro, in relazione alle spese sostenute per l'adeguamento tecnologico e strutturale del settore (nel rispetto della normativa UE)",,A REGIME,CREDITO D'IMPOSTA,,,,,,SOGGETTI E CATEGORIE PARTICOLARI,,73
2018,21: TUTELA E VALORIZZAZIONE DEI BENI E ATTIVITA’ CULTURALI E PAESAGGISTICI,207,Art. 19 della legge n. 220/2016,Credito d'imposta riconosciuto in favore delle imprese italiane di produzione esecutiva e di post- produzione in relazione ad opere cinematografiche ed audiovisive o a parti di esse realizzate sul territorio nazionale e con manodopera italiana su commissione di prooduzioni estere e commisurato alla spesa sostenuta nel territorio nazionale (nel rispetto della normativa UE),,A REGIME,CREDITO D'IMPOSTA,,,,,,SOGGETTI E CATEGORIE PARTICOLARI,,74
2018,21: TUTELA E VALORIZZAZIONE DEI BENI E ATTIVITA’ CULTURALI E PAESAGGISTICI,208,Art. 20 della legge n. 220/2016,"Credito d'imposta riconosciuto in favore dei soggetti di cui all'art. 73 del TUIR ed ai titolari di reddito d'impresa ai fini IRPEF non appartenenenti al settore cinematografico ed audiovisivo, associati in partecipazione, commisurato all'apporto in denaro effettiato per la produzione e distribuzione di opere (nel rispetto della normativa UE) cinematografiche e audiovisive.",,A REGIME,CREDITO D'IMPOSTA,,,,,,SOGGETTI E CATEGORIE PARTICOLARI,,74
2018,21: TUTELA E VALORIZZAZIONE DEI BENI E ATTIVITA’ CULTURALI E PAESAGGISTICI,209,"Art. 1, comma 340, Legge 27 dicembre 2017, n. 205","L’applicazione dell'aliquota ridotta, nella misura del 10%, è estesa alle prestazioni di servizi relative ad attività spettacolistiche, anche se rese per il tramite di intermediari.",IVA,A REGIME,RIDUZIONE DI ALIQUOTA,"-1,0","-1,0","-1,0",,,PERSONE FISICHE,,74
2018,21: TUTELA E VALORIZZAZIONE DEI BENI E ATTIVITA’ CULTURALI E PAESAGGISTICI,210,Art. 18 della legge n. 220/2016,Credito d'imposta riconosciuto in favore degli esercenti sale cinematografiche per il potenziamento dell'offerta cinematografica e commisurato agli introiti derivanti dalla programmazione di opere audiovisive effettuate nelle rispettive sale (nel rispetto della normativa UE),,A REGIME,CREDITO D'IMPOSTA,"-26,4","-26,4","-26,4",809,"-25.463,5",SOGGETTI E CATEGORIE PARTICOLARI,,74
2018,21: TUTELA E VALORIZZAZIONE DEI BENI E ATTIVITA’ CULTURALI E PAESAGGISTICI,211,"Art. 7, del DL n. 91/2013; DM 2,12,2014; Art. 5, L n. 175/2017",Credito d’imposta per la promozione della musica di nuovi talenti (de minimis) utilizzabile in compensazione con decreto del MIBACT di concerto MEF sentito MISE,,A REGIME,CREDITO D'IMPOSTA,"-0,3","-0,3","-0,3",17,"-15.717,6",IMPRESE,,74
2018,21: TUTELA E VALORIZZAZIONE DEI BENI E ATTIVITA’ CULTURALI E PAESAGGISTICI,212,"Art. 1, c. 57-60, della L n. 205/2017","Credito d'imposta per le imprese culturali e creative (previsto nel rispetto del de minimis) utilizzabile esclusivamente in compensazione, attuato con decreto del MIBACT, di concerto MISE",,2018-2020,CREDITO D'IMPOSTA,"-1,0","-1,0","0,0",,,IMPRESE CULTURALI E CREATIVE,,74
2018,21: TUTELA E VALORIZZAZIONE DEI BENI E ATTIVITA’ CULTURALI E PAESAGGISTICI,213,"Art. 1, c. 319-321, della L n. 205/2017","Credito d'imposta per gli esercenti attività commerciale che operano nel settore della vendita dei libri al dettaglio (nel rispetto del de minimis) utilizzabile esclusivamente in compensazione, attuato con decreto MIBACT di concerto MEF",,A REGIME,CREDITO D'IMPOSTA,"-5,0","-5,0","-5,0",,,ESERCENTI ATTIVITA' COMMERCIALE VENDITA LIBRI AL DETTAGLIO,,74
2018,21: TUTELA E VALORIZZAZIONE DEI BENI E ATTIVITA’ CULTURALI E PAESAGGISTICI,214,"Art. 1, comma 328, L. 205/2017","Esenzione fiscale in favore dell’Accademia dei Lincei ex articolo 3 del decreto luogotenenziale n. 359 del 1944, per tutti i tributi erariali, regionali e locali vigenti, nonché per ogni altro tributo di nuova istituzione, fatta salva espressa deroga legislativa, nell’ambito delle attività istituzionali svolte dalla medesima Accademia non in regime di impresa.",TUTTE LE IMPOSTE,A REGIME,ESENZIONE,"0,0","0,0","0,0",,,ACCADEMIA DEI LINCEI,,74
2018,21: TUTELA E VALORIZZAZIONE DEI BENI E ATTIVITA’ CULTURALI E PAESAGGISTICI,215,"Art. 15, comma 1, lettera e) del TUIR, sostituita, da ultimo, dall'art. 1, comma 954, lettera b), della L. n. 208 del 2015 - Art. 15, comma 1, lettera e-bis) del TUIR, inserita dall'art. 1, comma 151, lettera b), della L. n. 107 del 2015 e modificata dall'art. 1, comma 617, L. n. 232 del 2016 - Art. 15, comma 2, TUIR",Detrazione per spese di istruzione,IRPEF,A REGIME,DETRAZIONE,"-598,2","-597,9","-600,5",3.540.078,"-169,0",PERSONE FISICHE,,75
2018,21: TUTELA E VALORIZZAZIONE DEI BENI E ATTIVITA’ CULTURALI E PAESAGGISTICI,216,"Art. 1, comma 10, della Legge n. 62/2000",Detrazione di un importo equivalente a quello della borsa di studio erogata dalle Regioni e dalle Province autonome di Trento e Bolzano,IRPEF,A REGIME,DETRAZIONE,Effetti di trascurabile entità,,,21,,PERSONE FISICHE,,75
2018,21: TUTELA E VALORIZZAZIONE DEI BENI E ATTIVITA’ CULTURALI E PAESAGGISTICI,217,"Art. 3, comma 3 lett. d-ter), TUIR",Esclusione dalla base imponibile delle somme corrisposte a titolo di borsa di studio dal Governo italiano a cittadini stranieri in forza di accordi e intese internazionali,IRPEF,A REGIME,ESCLUSIONE,Non quantificabile,,,,,PERSONE FISICHE,,75
2018,21: TUTELA E VALORIZZAZIONE DEI BENI E ATTIVITA’ CULTURALI E PAESAGGISTICI,218,"art. 6, comma 13, l 488/99","Esenzione dall'IRPEF delle borse di studio corrisposte nell'ambito del programma Socrates di cui alla Decisione 819/95/CE del Parlamento Europeo e del Consiglio del 14 marzo 1995 nonché le somme aggiuntive corrisposte dalle Università a condizione che l'importo complessivo annuo non superi euro 7746,85",IRPEF,A REGIME,ESENZIONE,Effetti di trascurabile entità,,,,,PERSONE FISICHE,,75
2018,21: TUTELA E VALORIZZAZIONE DEI BENI E ATTIVITA’ CULTURALI E PAESAGGISTICI,219,Art. 4 l. 210/98,"Esenzione dall'IRPEF delle borse di studio corrisposte da Università e istituti di istruzione universitaria per la frequenza dei corsi di perfezionamento e scuole di specializzazione, corsi di dottorato di ricerca, attività di ricerca post dottorato e corsi di perfezionalento all'estero.",IRPEF,A REGIME,ESENZIONE,"-299,0","-299,0","-299,0",68.443,4.369,PERSONE FISICHE,,75
2018,21: TUTELA E VALORIZZAZIONE DEI BENI E ATTIVITA’ CULTURALI E PAESAGGISTICI,220,"Art. 15, comma 1, lett. i- sexies) del TUIR, modificata dall'art. 20, comma 8 bis, del D.L. n 148 del 2017, convertito, con modificazioni dalla L. n.172 del 2017 e, da ultimo, dall'art. 1, c. 23 della L. n. 205 del 2017. Art. 15, comma 2 del TUIR",Detrazione per canoni di locazione (contratti ex lege n. 431 del 1998) stipulati da studenti universitari,IRPEF,A REGIME,DETRAZIONE,"-84,7","-84,7","-84,7",258.406,"-327,8",PERSONE FISICHE,,75
2018,21: TUTELA E VALORIZZAZIONE DEI BENI E ATTIVITA’ CULTURALI E PAESAGGISTICI,221,"Art. 15, comma 1, lettera i-sexies.01), inserita dall'art. 1, comma 23, lettera b) della L. n.205 del 2017","Detrazione per canoni di locazione (contratti ex lege n. 431 del 1998) stipulati da studenti universitari residenti in zone montane o disagiate iscritti ad un corso di laurea presso una università ubicata in un comune diverso da quello di residenza, distante da quest'ultimo almeno 50 chilometri anche se all'interno della stessa provincia",IRPEF,2018,DETRAZIONE,"-7,8","5,9","0,0",,,PERSONE FISICHE,,75
2018,21: TUTELA E VALORIZZAZIONE DEI BENI E ATTIVITA’ CULTURALI E PAESAGGISTICI,222,Art. 4 della Legge n. 476/84,Esenzione dall'IRPEF delle borse di studio corrisposte agli studenti universitari,IRPEF,A REGIME,ESENZIONE,"-8,6","-8,6","-8,6",,,PERSONE FISICHE,,75
2018,21: TUTELA E VALORIZZAZIONE DEI BENI E ATTIVITA’ CULTURALI E PAESAGGISTICI,223,"Art. 1, comma 50, della L. n. 208 del 2015","Esenzione dall'IRPEF delle borse di studio erogate nell'ambito del programma ""Erasmus +""",IRPEF,A REGIME,ESENZIONE,"-0,2","-0,2","-0,2",,,PERSONE FISICHE,,75
2018,21: TUTELA E VALORIZZAZIONE DEI BENI E ATTIVITA’ CULTURALI E PAESAGGISTICI,224,"Art. 4 della Legge n. 407/98 - art. 1, comma 255, L. 28 dicembre 2015, n. 208.",Esenzione dall'IRPEF delle borse di studio corrisposte alle vittime del terrorismo e della criminalità organizzata nonché agli orfani ed ai figli di questi ultimi.,IRPEF,A REGIME,ESENZIONE,"-0,2","-0,2","-0,2",,,PERSONE FISICHE,,76
2018,21: TUTELA E VALORIZZAZIONE DEI BENI E ATTIVITA’ CULTURALI E PAESAGGISTICI,225,"Art. 1, comma 51, della L. n. 208 del 2015","Esenzione dall'IRPEF delle borse di studio per la frequenza dei corsi di perfezionamento, specializzazione ecc. erogate dalla Provincia autonoma di Bolzano.",IRPEF,A REGIME,ESENZIONE,"-0,2","-0,2","-0,2",,,PERSONE FISICHE,,76
2018,21: TUTELA E VALORIZZAZIONE DEI BENI E ATTIVITA’ CULTURALI E PAESAGGISTICI,226,"Art.10, comma 1, lett. l-quater), TUIR","Deduzione delle erogazioni liberali in denaro effettuate a favore di università, fondazioni universitarie, istituzioni universitarie pubbliche, enti di ricerca pubblici e vigilati dal Ministero dell'Istruzione, nonché degli enti parco regionali e nazionali",IRPEF,A REGIME,DEDUZIONE,"-1,7","-1,7","-1,7",15.743,"-105,9",PERSONE FISICHE,,76
2018,21: TUTELA E VALORIZZAZIONE DEI BENI E ATTIVITA’ CULTURALI E PAESAGGISTICI,227,"Art. 15, comma 1, lett. i-octies), TUIR, modificato, da ultimo, dall'art. 1, comma 294, lett. a), L. n. 232 del 2016","Detrazione per erogazioni liberali, a favore degli istituti scolastici di ogni ordine e grado statali e paritari senza scopo di lucro, nonché a favore degli istituti tecnici superiori di cui al decreto del Presidente del Consiglio dei ministri 25 gennaio 2008, pubblicato nella Gazzetta Ufficiale n. 86 dell'11 aprile 2008, delle istituzioni dell'alta formazione artistica, musicale e coreutica e delle università, finalizzate a innovazione tecnologica, edilizia scolastica e ampliamento offerta formativa",IRPEF,A REGIME,DETRAZIONE,"-5,4","-5,4","-5,4",196.296,"-27,5",PERSONE FISICHE,,76
2018,21: TUTELA E VALORIZZAZIONE DEI BENI E ATTIVITA’ CULTURALI E PAESAGGISTICI,228,"Art, 100, c. 2, lett. o-bis), TUIR; modificato da art. 1, comma 294, lettera b), della legge n. 232/2016","Deducibilità delle erogazioni liberali, nel limite del 2% del reddito d'impresa dichiarato e comunque nella misura massima di 70.000 € annui, a favore degli istituti scolastici di ogni ordine e grado e degli istituti tecnici superiori, finalizzate all'innovazione tecnologica all'edilizia scolastica e all'ampliamento dell'offerta formativa",IRPEF/IRES,A REGIME,DETRAZIONE,Stima già compresa nei punti 185-171,,,,,IMPRESE E SOCIETA',,76
2018,21: TUTELA E VALORIZZAZIONE DEI BENI E ATTIVITA’ CULTURALI E PAESAGGISTICI,229,"Art. 8, comma 3, DL 90/90 convertito dalla legge 165/1990","Non costituiscono attività commerciali le prestazioni aventi per oggetto lo svolgimento di attività didattiche e culturali a carattere nazionale o internazionale svolte da collegi universitari legalmente riconosciuti e posti sotto la vigilanza del Ministero dell’università e della ricerca, comprese le prestazioni relative all’alloggio, al vitto e alla fornitura di libri e materiale didattico.",IRES,A REGIME,ESCLUSIONE,Non quantificabile,,,,,IMPRESE E SOCIETA',,76
2018,21: TUTELA E VALORIZZAZIONE DEI BENI E ATTIVITA’ CULTURALI E PAESAGGISTICI,230,"Art. 1, commi da 145 a 149 L.13 luglio 2015, n. 107, modificato dall'art. 1, comma 231, lett. a), L. 28 dicembre 2015, n. 208 (DM 8/4/2016)","Credito d'imposta per le erogazioni liberali destinate agli istituti del Sistema nazionale d'istruzione (""School Bonus"")",,2018,CREDITO D'IMPOSTA,"-6,9","-4,4","0,0",,,PERSONE FISICHE E GIURIDICHE,,76
2018,21: TUTELA E VALORIZZAZIONE DEI BENI E ATTIVITA’ CULTURALI E PAESAGGISTICI,231,"Art. 17 del D.L. n. 185/08 e art. 44 del D.L. n. 78/2010 come modificato, da ultimo, dall'art. 1, comma 149, L. 11 dicembre 2016, n. 232. Art.8-bis, comma 2, del D.L. n.148 del 2017, convertito, con modificazioni, dalla Legge n. 172 del 2017",Detassazione ai fini Irpef sugli emolumenti percepiti da docenti e ricercatori che rientrano in Italia per svolgere la loro attività lavorativa. La misura spetta per il periodo d'imposta in cui si acquisisce la residenza fiscale e per i tre periodi di imposta successivi. Le disposizioni si applicano nel rispetto delle condizioni e dei limiti dei regolamenti comunitari sugli Aiuti di Stato.,IRPEF,A REGIME,ESCLUSIONE,"-72,3","-72,3","-72,3",1.200,"-60.265,3",PERSONE FISICHE,,76
2018,21: TUTELA E VALORIZZAZIONE DEI BENI E ATTIVITA’ CULTURALI E PAESAGGISTICI,232,"Articolo 2-bis, decreto-legge 24 aprile 2017, n. 50, convertito in Legge 21 giugno 2017, n. 96",Trattamento IVA dei servizi di vitto e di alloggio in favore degli studenti universitari – interpretazione autentica.,IVA,A REGIME,ESENZIONE,"-0,8","-0,8","-0,8",119,"-6.722,7",PERSONE FISICHE,,76
2018,"24: DIRITTI SOCIALI, POLITICHE SOCIALI E FAMIGLIA",233,"Art. 3, comma 3, lett. b), TUIR","Esclusione dalla base imponibile degli assegni periodici destinati al mantenimento dei figli spettanti al coniuge in conseguenza di separazione legale ed effettiva o di annullamento, scioglimento o cessazione degli effetti civili del matrimonio, nella misura in cui risultano da provvedimenti del giudice",IRPEF,A REGIME,ESCLUSIONE,"-335,5","-335,5","-335,5",96.693,"-3.469,8",PERSONE FISICHE,,77
2018,"24: DIRITTI SOCIALI, POLITICHE SOCIALI E FAMIGLIA",234,"Art. 3, comma 3, lett. d), TUIR",Esclusione dalla base imponibile degli assegni familiari e dell'assegno per il nucleo familiare,IRPEF,A REGIME,ESCLUSIONE,"-1.801,5","-1.801,5","-1.801,5",4.339.950,"-415,1",PERSONE FISICHE,,77
2018,"24: DIRITTI SOCIALI, POLITICHE SOCIALI E FAMIGLIA",235,"Art. 15, comma 1, lett. f), e comma 2, TUIR, modificato dall'art. 12, comma 1, del D.L. n. 102 del 2013, convertito dalla L. n. 124 del 2013 e, da ultimo, dall'art. 5, comma 1, L. n. 112 del 2016","Detrazione per spese relative a premi assicurativi per morte, invalidità permanente, non autosufficienza",IRPEF,A REGIME,DETRAZIONE,"-284,8","-284,8","-284,8",5.165.754,"-55,1",PERSONE FISICHE,,77
2018,"24: DIRITTI SOCIALI, POLITICHE SOCIALI E FAMIGLIA",236,,Detraibilità delle spese sostenute per le polizze assicurative finalizzate alla tutela delle persone con disabilità grave (cd. DOPO DI NOI),IRPEF,A REGIME,DETRAZIONE,"-0,5","-0,5","-0,5",10.176,"-53,1",PERSONE FISICHE,,77
2018,"24: DIRITTI SOCIALI, POLITICHE SOCIALI E FAMIGLIA",237,"Art.10, comma 1, lett. c), TUIR","Deduzione degli assegni periodici corrisposti al coniuge, ad esclusione di quelli destinati al mantenimento dei figli, in conseguenza di separazione legale ed effettiva, di scioglimento o annullamento del matrimonio, o di cessazione dei suoi effetti civili del matrimonio",IRPEF,A REGIME,DEDUZIONE,"-267,1","-267,1","-267,1",139.541,"-1.914,1",PERSONE FISICHE,,77
2018,"24: DIRITTI SOCIALI, POLITICHE SOCIALI E FAMIGLIA",238,"Art. 15, comma 1, lett. c) e lett. c-ter), TUIR",Detrazione per spese relative a mezzi necessari all'accompagnamento e a facilitare l'autosufficienza dei soggetti disabili; detrazione per spese relative a cani guida per non vedenti; detrazione per servizi di interpretariato,IRPEF,A REGIME,DETRAZIONE,"-73,0","-73,0","-73,0",65.150,"-1.120,3",PERSONE FISICHE,,77
2018,"24: DIRITTI SOCIALI, POLITICHE SOCIALI E FAMIGLIA",239,"Art. 15, comma 1, lett. c) del TUIR. Art. 5-quinquies D.L. n. 148 del 2017.",Detraibilità per le spese sostenute per l'acquisto di alimenti a fini medici speciali.,IRPEF,2018,DETRAZIONE,"-11,4","8,6","0,0",,,PERSONE FISICHE,,77
2018,"24: DIRITTI SOCIALI, POLITICHE SOCIALI E FAMIGLIA",240,"Art. 1, comma 335, della Legge n. 266/05; art.2, comma 6, della Legge n. 203/08",Detrazione del 19% per le spese di frequenza degli asili nido,IRPEF,A REGIME,DETRAZIONE,"-32,4","-32,4","-32,4",302.042,"-107,3",PERSONE FISICHE,,77
2018,"24: DIRITTI SOCIALI, POLITICHE SOCIALI E FAMIGLIA",241,"Art. 15, comma 1, lett. i-septies) e comma 2, TUIR",Detrazione per addetti all'assistenza personale nei casi di non autosufficienza nel compimento degli atti della vita quotidiana,IRPEF,A REGIME,DETRAZIONE,"-46,8","-46,8","-46,8",125.217,"-373,8",PERSONE FISICHE,,77
2018,"24: DIRITTI SOCIALI, POLITICHE SOCIALI E FAMIGLIA",242,"Art. 10, comma 1, lett.d), TUIR","Deduzione degli assegni periodici, corrisposti in forza di testamento o donazione modale e, se risultanti da provvedimenti di autorità giudiziaria, gli assegni alimentari corrisposti alle persone indicate nell'art. 433 del codice civile",IRPEF,A REGIME,DEDUZIONE,"-5,3","-5,3","-5,3",90.752,"-58,4",PERSONE FISICHE,,77
2018,"24: DIRITTI SOCIALI, POLITICHE SOCIALI E FAMIGLIA",243,"Art. 10, comma 1, lett. l-bis), TUIR",Deduzione delle spese sostenute dai genitori adottivi per l'espletamento della procedura di adozione,IRPEF,A REGIME,DEDUZIONE,"-5,3","-5,3","-5,3",90.752,"-58,4",PERSONE FISICHE,,77
2018,"24: DIRITTI SOCIALI, POLITICHE SOCIALI E FAMIGLIA",244,"Art. 15, comma 1, quater , TUIR",Detrazione spese mantenimento cani guida,IRPEF,A REGIME,DETRAZIONE,"-0,3","-0,3","-0,3",565,"-513,3",PERSONE FISICHE,,77
2018,"24: DIRITTI SOCIALI, POLITICHE SOCIALI E FAMIGLIA",245,"Art. 15, comma 1, lett. d), TUIR, sostituita dall'art. 1, comma 954, lettera a), della L. n. 208 del 2005",Detrazione spese funebri,IRPEF,A REGIME,DETRAZIONE,"-139,6","-139,6","-139,6",485.762,"-287,3",PERSONE FISICHE,,77
2018,"24: DIRITTI SOCIALI, POLITICHE SOCIALI E FAMIGLIA",246,"Art. 10, comma 1, lett. h), TUIR",Deduzione dell'indennità per perdita di avviamento corrisposte per disposizioni di legge al conduttore in caso di cessazione di locazione di immobili urbani adibiti ad usi diversi da quello di abitazione,IRPEF,A REGIME,DEDUZIONE,"-5,5","-5,5","-5,5",,,PERSONE FISICHE,,78
2018,"24: DIRITTI SOCIALI, POLITICHE SOCIALI E FAMIGLIA",247,"Art. 10, comma 1, lett. l-ter), TUIR",Deduzione delle erogazioni liberali in denaro per il pagamento degli oneri difensivi dei soggetti ammessi al patrocinio a spese dello Stato,IRPEF,A REGIME,DEDUZIONE,"-5,5","-5,5","-5,5",,,PERSONE FISICHE,,78
2018,"24: DIRITTI SOCIALI, POLITICHE SOCIALI E FAMIGLIA",248,"Art. 11, comma 2-bis, TUIR",Esenzione dall'IRPEF in presenza solo di redditi fondiari di importo non superiore a 500 euro,IRPEF,A REGIME,ESENZIONE,"-3,3","-3,3","-3,3",,,PERSONE FISICHE,,78
2018,"24: DIRITTI SOCIALI, POLITICHE SOCIALI E FAMIGLIA",249,"Art. 11, comma 2, TUIR","Esenzione dalla tassazione dei redditi di terreni fino a euro 185,92 per soggetti titolari di redditi di pensione fino a 7.500 euro",IRPEF,A REGIME,ESENZIONE,"-3,8","-3,8","-3,8",,,PERSONE FISICHE,,78
2018,"24: DIRITTI SOCIALI, POLITICHE SOCIALI E FAMIGLIA",250,"Art. 100, c. 2, lett.h), TUIR",Deducibilità delle erogazioni liberali in denaro per un importo non superiore a 30.000 o al 2% del reddito d'impresa a favore delle ONLUS e di altre persone giuridiche individuate con apposito decreto che svolgono attività umanitarie,IRPEF/IRES,A REGIME,DEDUZIONE,STIMA COMPRESA IN QUELLA RIPORTATA ALLE VOCI DA N. 186 A 189,,,,,PERSONE FISICHE E GIURIDICHE,,78
2018,"24: DIRITTI SOCIALI, POLITICHE SOCIALI E FAMIGLIA",251,"Art. 100, c. 2, lett i), TUIR","Deducibilità delle spese relative all'impiego di lavoratori dipendenti, nel limite del 5‰ dell'ammontare complessivo delle spese per prestazioni di lavoro dipendente, utilizzati per prestazioni di servizi erogate a favore di ONLUS",IRPEF/IRES,A REGIME,DEDUZIONE,,,,,,PERSONE FISICHE E GIURIDICHE,,78
2018,"24: DIRITTI SOCIALI, POLITICHE SOCIALI E FAMIGLIA",252,"Art. 100, c.2, lett. l), TUIR, abrogata dall'art.102, comma 1, lettera e), d.lgs. n.117 del 2017, salvo quanto previsto dall'art. 104, comma 1, del medesimo D.Lgs. n. 117/2017.","Deducibilità delle erogazioni liberali in denaro per un importo non superiore a 1.549,37 o al 2% del reddito di impresa a favore delle associazioni di promozione sociale iscritte negli appositi registri",IRPEF/IRES,A REGIME FINO ALL'OPERATIVITA' DEL REGISTRO UNICO DEL TERZO SETTORE,DEDUZIONE,,,,,,PERSONE FISICHE E GIURIDICHE,,78
2018,"24: DIRITTI SOCIALI, POLITICHE SOCIALI E FAMIGLIA",253,"Art. 6, D.P.R. 601/1973","L'IRES è ridotta alla metà nei confronti di: a) enti e istituti di assistenza sociale, società di mutuo soccorso, enti ospedalieri, enti di assistenza e beneficenza; b) istituti di istruzione e istituti di studio e sperimentazione di interesse generale che non hanno fine di lucro, corpi scientifici, accademie, fondazioni e associazioni storiche, letterarie, scientifiche, di esperienze e ricerche aventi scopi esclusivamente culturali; c) enti il cui fine è equiparato per legge ai fini di beneficenza o di istruzione; d) istituti autonomi per le case popolari, comunque denominati, e loro consorzi nonché enti aventi le stesse finalità sociali dei predetti Istituti, istituiti nella forma di società che rispondono ai requisiti della legislazione dell'Unione europea in materia di ""in house providing"" e che siano costituiti e operanti alla data del 31 dicembre 2013",IRES,A REGIME,RIDUZIONE DI ALIQUOTA,"-157,9","-157,9","-157,9",14.073,"-11.223,5",ASSOCIAZIONI ENTI NO PROFIT ONLUS,,78
2018,"24: DIRITTI SOCIALI, POLITICHE SOCIALI E FAMIGLIA",254,"Art. 77, comma 12, del D.Lgs. 3 luglio 2017, n. 117.","Esclusione dalla base imponibile dell'imposta di successione di cui al D.Lgs. 31 ottobre 1990, n. 346, dei titoli di solidarietà.",IMPOSTA DI SUCCESSIONE,A REGIME,ESCLUSIONE,Effetti di trascurabile entità,,,,,PERSONE FISICHE,,78
2018,"24: DIRITTI SOCIALI, POLITICHE SOCIALI E FAMIGLIA",255,"Art. 77, comma 13, del D.Lgs. 3 luglio 2017, n. 117.",Esclusione dei titoli di solidarietà dalla base imponibile dell'imposta di bollo sulle comunicazioni relative ai dossier titoli.,IMPOSTA DI BOLLO,A REGIME,ESCLUSIONE,"-1,0","-1,4","-1,4",,,PERSONE FISICHE E GIURIDICHE,,79
2018,"24: DIRITTI SOCIALI, POLITICHE SOCIALI E FAMIGLIA",256,"Art. 13, commi 2 e 3, del D.Lgs n.460/97, come modificato dall'art.16, c. 5, della legge n. 166/2016","Non si considerato destinati a finalità estranee all’esercizio dell’impresa le cessioni gratuite agli enti pubblici, alle ONLUS e agli enti privati costituiti per il perseguimento senza scopo di lucro di finalità civiche e solidaristiche che promuovono e realizzano attività di interesse generale di derrate alimentari e prodotti farmaceutici alla cui produzioni o al cui scambio è diretta l’attività dell’impresa (c.2). Non si considerano destinati a finalità estranee all’esercizio di impresa i beni non di lusso diversi da quelli indicati al c. 2 alla cui produzione o scambio è diretta all’attività dell’impresa ceduti gratuitamente alle ONLUS (c.3)",IRPEF/IRES,A REGIME,ESCLUSIONE,"1,1","1,1","1,1",,,ASSOCIAZIONI ENTI NO PROFIT ONLUS,,79
2018,"24: DIRITTI SOCIALI, POLITICHE SOCIALI E FAMIGLIA",257,"Art. 54, comma 1, della Legge n.342/2000","Non si considerano destinati a finalità estranee all’esercizio d’impresa e sono considerati distrutti ai fini IVA (esenzione con diritto alla detrazione dell'IVA a monte), i prodotti editoriali e le dotazioni informatiche ceduti gratuitamente a enti locali, agli istituti di prevenzione e pena, alle istituzioni scolastiche, agli orfanotrofi ed enti religiosi",IRPEF/IRES/IVA,A REGIME,ESCLUSIONE,Non quantificabile per l'effetto IVA (per le IIDD gli effetti sono ricompresi nella norma nr. 238),,,,,STATO E ENTI PUBBLICI,,79
2018,"24: DIRITTI SOCIALI, POLITICHE SOCIALI E FAMIGLIA",258,Art. 92 della Legge n. 289/02,Esenzione dal pagamento dell’imposta sugli intrattenimenti per lo svolgimento occasionale delle attività indicate nella tariffa allegata al DPR n.640 del 1972 a favore dei centri sociali per anziani,ALTRO,A REGIME,ESENZIONE,Non quantificabile,,,,,ASSOCIAZIONI ENTI NO PROFIT ONLUS,,79
2018,"24: DIRITTI SOCIALI, POLITICHE SOCIALI E FAMIGLIA",259,"Art. 1, c. 392-395, della legge n. 208/2015 (DM 1/6/2016)",Credito d'imposta per il contrasto alla povertà minorile (cedibile) che può essere utilizzato esclusivamente in compensazione,,2018,CREDITO D'IMPOSTA,"0,0","0,0","0,0",0,,BANCHE E ASSICURAZIONI,,79
2018,"24: DIRITTI SOCIALI, POLITICHE SOCIALI E FAMIGLIA",260,"Articolo 54, comma 8-bis,TUIR","Determinazione del reddito di lavoro autonomo di volontari e cooperanti, sulla base di retribuzioni convenzionali stabilite da MAE di concerto Min Lavoro",IRPEF,A REGIME,ESCLUSIONE,Non quantificabile,,,,,ASSOCIAZIONI ENTI NO PROFIT ONLUS,,79
2018,"24: DIRITTI SOCIALI, POLITICHE SOCIALI E FAMIGLIA",261,"Art. 14, comma 1, del D.L. n. 35/05, modificato dall'art. 99, comma 3, D.Lgs. n.117 del 2017 e da ultimo dall'art. 5-sexies, comma 1, D.L. n.148 del 2017.","Deduzione delle erogazioni liberali in denaro e in natura a favore degli enti del cd. terzo settore (Onlus, Ong, organismi di volontariato etc etc) nel limte del 10 per cento del reddito complessivo e comunque nella misura massima di 70.000 euro annui",IRPEF/IRES,A REGIME,DEDUZIONE,"-74,4","-74,4","-74,4",677.364,"-109,8",PERSONE FISICHE E GIURIDICHE,,79
2018,"24: DIRITTI SOCIALI, POLITICHE SOCIALI E FAMIGLIA",262,"Art. 6, comma 9, della L. n. 112/2016; Art. 89, comma 10, del D.Lgs. 117/2017","Applicazione delle agevolazioni di cui all'articolo 83, commi 1 e 2, del D.Lgs. 117/2017 alle erogazioni liberali, alle donazioni e agli altri atti a titolo gratuito effettuati dai privati nei confronti dei trust ovvero dei fondi speciali per il sostegno delle persone con disabilità grave (cd. ""DOPO DI NOI"")",IRPEF/IRES,A REGIME,DEDUZIONE,"-0,7","-0,7","-0,7",,,PERSONE FISICHE E GIURIDICHE,,79
2018,"24: DIRITTI SOCIALI, POLITICHE SOCIALI E FAMIGLIA",263,"Art. 15, comma 1.1, TUIR, modificato, da ultimo, dall'art. 1, comma 137, lettera a), della L. n. 190 del 2014",Detrazione per erogazioni liberali in denaro a favore delle ONLUS e di altre persone giuridiche individuate con apposito decreto che svolgono attività umanitarie.,IRPEF,A REGIME,DETRAZIONE,"-57,8","-57,8","-57,8",770.671,"-75,0",PERSONE FISICHE,,79
2018,"24: DIRITTI SOCIALI, POLITICHE SOCIALI E FAMIGLIA",264,"Art. 10, comma 1, lett. i), TUIR",Deduzione delle erogazioni liberali in denaro a favore dell'Istituto centrale per il sostentamento del clero della Chiesa Cattolica italiana,IRPEF,A REGIME,DEDUZIONE,,,,,,PERSONE FISICHE,,79
2018,"24: DIRITTI SOCIALI, POLITICHE SOCIALI E FAMIGLIA",265,"Art. 10, comma 1, lett. l), TUIR","Deduzione delle erogazioni liberali iin denaro a favore dell'Unione delle Chiese Avventiste del 7° giorno, delle Assemblee di Dio in Italia edella Tavola Valdese",IRPEF,A REGIME,DEDUZIONE,"-6,6","-6,6","-6,6",71.400,"-92,4",PERSONE FISICHE,,80
2018,"24: DIRITTI SOCIALI, POLITICHE SOCIALI E FAMIGLIA",266,Art. 16 della legge n. 116 del 1995,Deduzione erogazioni liberali in denaro in favore dell'Unione Cristiana Evangelica Battista d'Italia,IRPEF,A REGIME,DEDUZIONE,,,,,,PERSONE FISICHE,,80
2018,"24: DIRITTI SOCIALI, POLITICHE SOCIALI E FAMIGLIA",267,"Art. 26, comma 2, legge n. 520 del 1995",Deduzione erogazioni liberali in denaro in favore della Chiesa Evangelica Luterana in Italia,IRPEF,A REGIME,DEDUZIONE,,,,,,PERSONE FISICHE,,80
2018,"24: DIRITTI SOCIALI, POLITICHE SOCIALI E FAMIGLIA",268,"Art. 30, comma 2, della L. n. 101 del 1989 sostituito dall'art. 4 della L. n. 638 del 1996",Deduzione dei contributi annuali versati alle Unioni Comunità Ebraiche Italiane,IRPEF,A REGIME,DEDUZIONE,,,,,,PERSONE FISICHE,,80
2018,"24: DIRITTI SOCIALI, POLITICHE SOCIALI E FAMIGLIA",269,"Art. 11, comma 1, del D.L. n. 149 del 2013, convertito dalla L. n. 13 del 2014",Detrazione per erogazioni liberali in denaro a favore di partiti politici iscritti nella prima sezione del registro nazionale dei partiti politici,IRPEF,A REGIME,DETRAZIONE,"-5,4","-5,4","-5,4",9.106,"-593,0",PERSONE FISICHE,,80
2018,"24: DIRITTI SOCIALI, POLITICHE SOCIALI E FAMIGLIA",270,"Art. 11, comma 6, D.L. n. 149/2013","Detrazione del 26% delle erogazioni liberali in denaro ai partiti politici per importi compresi tra 30 euro e 30.000 euro annui. Sono esclusi gli enti nei quali vi sia una partecipazione pubblica o i cui titoli siano negoziati in mercati regolamentati nonché le società ed enti che controllano tali soggetti, nonché le società concessionarie dello Stato o di enti pubblici, per la durata del rapporto di concessione.",IRES,A REGIME,DETRAZIONE,"-0,3","-0,3","-0,3",26,"-9.940,3",PERSONE GIURIDICHE,,80
2018,"24: DIRITTI SOCIALI, POLITICHE SOCIALI E FAMIGLIA",271,"Art. 10, comma 1, lett. g), TUIR. Art. 89, comma 12, D.Lgs. n. 117 del 2017","Deduzione delle oblazioni, donazioni e contributi in favore delle organizzazioni non governative",IRPEF,A REGIME,DEDUZIONE,"-3,6","-3,6","-3,6",46.109,"-78,3",PERSONE FISICHE,,80
2018,"24: DIRITTI SOCIALI, POLITICHE SOCIALI E FAMIGLIA",272,"Art.15, comma 1, lett. i-quater), TUIR, abrogata dall'art.102, comma 1, lettera f), d.lgs. N.117 del 2017, salvo quanto previsto dall'art. 104, comma 1, del medesimo D.Lgs. n. 117/2017.",Detrazione per erogazioni liberali in denaro a favore delle associazioni di promozione sociale iscritte negli appositi registri,IRPEF,A REGIME FINO ALL'OPERATIVITA' DEL REGISTRO UNICO DEL TERZO SETTORE,DETRAZIONE,"-2,8","-2,8","-2,8",69.149,"-40,9",PERSONE FISICHE,,80
2018,"24: DIRITTI SOCIALI, POLITICHE SOCIALI E FAMIGLIA",273,"Art. 15, comma 1, lett. c-bis), TUIR.",Detrazione spese veterinarie,IRPEF,A REGIME,DETRAZIONE,"-26,7","-26,7","-26,7",879.525,"-30,3",PERSONE FISICHE,,80
2018,"24: DIRITTI SOCIALI, POLITICHE SOCIALI E FAMIGLIA",274,"Art. 8, comma 4, legge 266/1991 (legge quadro sul volontariato)","Non imponibilità ai fini delle imposte sui redditi dei proventi derivanti da attività commerciali e produttive marginali come individuate con DM 25 maggio 1995, qualora sia documentato il loro totale impiego per i fini istituzionali dell’organizzazione di volontariato.",IRES,A REGIME,ESCLUSIONE,Non quantificabile,,,,,ASSOCIAZIONI ENTI NO PROFIT ONLUS,,80
2018,"24: DIRITTI SOCIALI, POLITICHE SOCIALI E FAMIGLIA",275,Art. 20 legge 383/2000,"Non è considerata commerciale, così come per gli associati, la cessione di beni e la prestazione di servizi resa da associazioni di promozione sociale nei confronti dei familiari conviventi degli associati.",IRES,A REGIME,ESCLUSIONE,Non quantificabile,,,,,ASSOCIAZIONI ENTI NO PROFIT ONLUS,,80
2018,"24: DIRITTI SOCIALI, POLITICHE SOCIALI E FAMIGLIA",276,Art. 21 legge 383/2000,Esclusione dalla base imponibile ai fini dell' imposta sugli intrattenimenti delle quote e dei contributi corrisposti alle associazioni di promozione sociale,ALTRO,A REGIME,ESCLUSIONE,Non quantificabile,,,,,ASSOCIAZIONI ENTI NO PROFIT ONLUS,,81
2018,"24: DIRITTI SOCIALI, POLITICHE SOCIALI E FAMIGLIA",277,"Art. 1 bis, comma 3, della Legge n. 1216/61","Esenzione da qualsiasi tassa e imposta indiretta e formalità di registrazione operazioni ed atti , pagamento risarcimento vittime della strada e rapporti tra CONSAP ed imprese assicuratrici per responsabilità civile veicoli e natanti","IMPOSTE DI REGISTRO, DI BOLLO E IPOCASTATALI",A REGIME,ESENZIONE,"-1,0","-1,0","-1,0",,,PERSONE FISICHE,,81
2018,"24: DIRITTI SOCIALI, POLITICHE SOCIALI E FAMIGLIA",278,"Art. 13-bis, comma 1, del D.P.R. n. 641/72",Esenzione dalle tasse sulle concessioni governative gli atti e i provvedimenti concernenti le ONLUS e le società e associazioni sportive dilettantistiche,ALTRO,A REGIME,ESENZIONE,"-1,0","-1,0","-1,0",,,ASSOCIAZIONI ENTI NO PROFIT ONLUS,,81
2018,"24: DIRITTI SOCIALI, POLITICHE SOCIALI E FAMIGLIA",279,"Art. 13-bis, comma 1-bis, del D.P.R. n. 641/72","Esenzione dalle tasse sulle concessioni governative gli atti costitutivi, gli statuti ed ogni altro atto necessario per l’adempimento di obblighi dei movimenti o partiti politici, derivanti da disposizioni legislative o regolamentari",ALTRO,A REGIME,ESENZIONE,"-1,0","-1,0","-1,0",,,ASSOCIAZIONI ENTI NO PROFIT ONLUS,,81
2018,"24: DIRITTI SOCIALI, POLITICHE SOCIALI E FAMIGLIA",280,Nota sub punto 3 all’art. 21 della tariffa allegata al D.P.R. n. 641/72,Esenzione da tasse sulle concessioni governative e licenze o i documenti sostitutivi intestati ad invalidi a seguito di perdita anatomica o funzionale di entrambi gli arti inferiori nonchè a non vedenti e a sordi,ALTRO,A REGIME,ESENZIONE,"-0,5","-0,5","-0,5",,,PERSONE FISICHE,,81
2018,"24: DIRITTI SOCIALI, POLITICHE SOCIALI E FAMIGLIA",281,"Art.2, comma 26, della Legge n.191/09",Le vittime di atti di terrorismo e delle stragi di tale matrice e i loro superstiti che siano stati parti in causa in un procedimento giurisdizionale comunque dipendente da atti di terrorismo o strage di tale matrice sono esenti dall'obbligo di pagamento dell'imposta di registro e da ogni altra imposta.,"IMPOSTE DI REGISTRO, DI BOLLO E IPOCASTATALI",A REGIME,ESENZIONE,"-0,2","-0,2","-0,2",,,PERSONE FISICHE,,81
2018,"24: DIRITTI SOCIALI, POLITICHE SOCIALI E FAMIGLIA",282,Art.1 OPCM del 13 agosto 2010,"Esenzione da imposta sulle sucessioni, ipotecaria e catastale, di bollo e dalle altre tasse e diritti per i parenti di primo grado delle persone decedute a causa del sisma del 6 aprile 2009 nella regione Abruzzo",IMPOSTE SU DONAZIONI E SUCCESSIONI,A REGIME,ESENZIONE,"-0,5","-0,5","-0,5",,,PERSONE FISICHE,,81
2018,"24: DIRITTI SOCIALI, POLITICHE SOCIALI E FAMIGLIA",283,"Articolo unico della legge 2 aprile 1958, n. 319 (come sostituito dall'art. 10 della legge 11 agosto 1973, n. 533)","Esenzione, senza limiti di valore, da imposta di bollo, di registro e ogni spesa, tassa o diritto di qualsiasi specie e natura per atti, documenti e provvedimenti relativi alle cause per le controversie individuali di lavoro o concernenti rapporti di pubblico impiego. Per quanto riguarda l'imposta di bollo, esenzione superata poiché l'articolo 37 del D.L: 6 luglio 2011 n. 98 conveertito dalla L. 15 luglio 2011 n. 111 ha previsto che in questi casi si applichi il contributo unificato per spese giudiziarie.","IMPOSTE DI REGISTRO, DI BOLLO E IPOCASTATALI",A REGIME,ESENZIONE,"-8,0","-8,0","-8,0",,,SOGGETTI E CATEGORIE PARTICOLARI,,81
2018,"24: DIRITTI SOCIALI, POLITICHE SOCIALI E FAMIGLIA",284,"Art. 82, primo comma, della legge 4 maggio 1983, n. 184","Esenzione da imposte di bollo, di registro e ogni altra spesa, tassa o diritto per gli atti, documenti e provvedimenti relativi a procedure di affidamento e adozione di minori","IMPOSTE DI REGISTRO, DI BOLLO E IPOCASTATALI",A REGIME,ESENZIONE,"-1,0","-1,0","-1,0",,,PERSONE FISICHE,,81
2018,"24: DIRITTI SOCIALI, POLITICHE SOCIALI E FAMIGLIA",285,"Art. 19 della legge 6 marzo 1987, n.74","Esenzione da imposta di bollo, di registro e ogni altra tassa per i procedimenti di scioglimento di matrimonio e procedimenti anche esecutivi e cautelari diretti ad ottenere la corresponsione o la revisione degli assegni","IMPOSTE DI REGISTRO, DI BOLLO E IPOCASTATALI",A REGIME,ESENZIONE,"-12,3","-12,3","-12,3",,,PERSONE FISICHE,,82
2018,"24: DIRITTI SOCIALI, POLITICHE SOCIALI E FAMIGLIA",286,"Art. 67 della legge 21 novembre 2000, n. 342",Esenzione da imposte e tasse per i trasferimenti di beni mobili e immobili posti in essere dall'Associazione nazionale fra mutilati ed invalidi di guerra a favore della Fondazione dell'associazione nazionale fra mutilati e invalidi di guerra,"IMPOSTE DI REGISTRO, DI BOLLO E IPOCASTATALI",A REGIME,ESENZIONE,Non quantificabile,,,,,PERSONE FISICHE,,82
2018,"24: DIRITTI SOCIALI, POLITICHE SOCIALI E FAMIGLIA",287,"Art. 7 della legge 4 aprile 2001, n. 154","Esenzione da bollo e ogni altra imposta e tassa nonchè dall'obbligo della richiesta di registrazione per gli atti, documenti e provvedimenti relativi all'azione civile contro la violenza nelle relazioni familiari, nonché i procedimenti anche esecutivi e cautelari diretti a ottenere la corresponsione dell'assegno di mantenimento previsto dal comma 3 dell'articolo 282-bis del codice di procedura penale e dal secondo comma dell'articolo 342-ter del codice civile. Per quanto riguarda l'imposta di bollo, ora confluita nella esenzione dal contributo unificato","IMPOSTE DI REGISTRO, DI BOLLO E IPOCASTATALI",A REGIME,ESENZIONE,Non quantificabile,,,,,SOGGETTI E CATEGORIE PARTICOLARI,,82
2018,"24: DIRITTI SOCIALI, POLITICHE SOCIALI E FAMIGLIA",288,"Art. 73 della legge 14 maggio 1981, n. 219","Esenzione da imposte e tributi per le domande, gli atti, i provvedimenti, i contratti, comunque relativi all'attuazione delle leggi per la ricostruzione e lo sviluppo delle zone colpite dal terremoto del novembre 1980 e del febbraio 1981 e qualsiasi documentazione diretta a conseguirne i benefici","IMPOSTE DI REGISTRO, DI BOLLO E IPOCASTATALI",A REGIME,ESCLUSIONE,"-0,5","-0,5","-0,5",,,PERSONE FISICHE E GIURIDICHE,,82
2018,"24: DIRITTI SOCIALI, POLITICHE SOCIALI E FAMIGLIA",289,"Art. 28 della legge 5 ottobre 1962, n. 1431;",Esenzione da imposte e tributi per gli atti relativi a ricostruzione e rinascita delle zone colpite dal terremoto dell'agosto del 1962,"IMPOSTE DI REGISTRO, DI BOLLO E IPOCASTATALI",A REGIME,ESENZIONE,"-0,5","-0,5","-0,5",,,PERSONE FISICHE E GIURIDICHE,,82
2018,"24: DIRITTI SOCIALI, POLITICHE SOCIALI E FAMIGLIA",290,Legge n. 266 del 1991,Esenzione da imposte di bollo e di registro per gli atti costitutivi e connessi allo svolgimento delle attività di volontariato nonché per le donazioni disposte in loro favore,"IMPOSTE DI REGISTRO, DI BOLLO E IPOCASTATALI",A REGIME,ESENZIONE,Non quantificabile,,,,,ASSOCIAZIONI ENTI NO PROFIT ONLUS,,82
2018,"24: DIRITTI SOCIALI, POLITICHE SOCIALI E FAMIGLIA",291,"Art. 6 della legge 22 giugno 2016, n. 112","Esenzione dall'imposta suille successioni e donazioni e dall'imposta di bollo, imposte di registro, ipotacaria e catastale in misura fissa sugli atti costituenti trust, vincoli di destinazione e fondi speciali riservati alle persone disabili",IMPOSTE SU DONAZIONI E SUCCESSIONI,A REGIME,ESENZIONE,"-10,0","-10,0","-10,0",,,PERSONE FISICHE,,82
2018,"24: DIRITTI SOCIALI, POLITICHE SOCIALI E FAMIGLIA",292,"Art. 100, c. 2, lett. m-bis), TUIR (lettera inserita dall'art. 17-bis del DL n. 189/2016, convertito c.m. dalla legge n. 229/2016) Rinvio a un DM MEF non adottato",Deducibilità delle erogazioni liberali in denaro a favore dello Stato e dei comuni per contributi volontari versati in seguito ad eventi sismici o calamitosi che hanno colpito l'ente in favore del quale si effettua il versamento,IRPEF/IRES,A REGIME,DEDUZIONE,Stima già compresa nei punti 185-171,,,,,PERSONE FISICHE E GIURIDICHE,,82
2018,"24: DIRITTI SOCIALI, POLITICHE SOCIALI E FAMIGLIA",293,"Art. 38 del DL n. 189/2016, convertito c.m. dalla legge n. 229/2016 (rinvio ad un DPCM di concerto con MEF)","Credito d'imposta riconosciuto ai datori di lavoro pubblici e privati in relazione agli emolumenti versati al lavoratore legittimamente impegnato come volontario di protezione civile, in misura pari agli importi effettivamente spettanti (cedibile) è utilizzabile esclusivamente in compensazione",,A REGIME,CREDITO D'IMPOSTA,Non quantificabile,,,,,IMPRESE E SOCIETA',,82
2018,"24: DIRITTI SOCIALI, POLITICHE SOCIALI E FAMIGLIA",294,"Art. 1, c. 51, della L n. 232/2016",Regime fiscale agevolato per gli operatori bancari di finanza etica e sostenibile (nel de minimis),IRES,A REGIME,ESCLUSIONE,"-1,0","-1,0","-1,0",,,SOGGETTI E CATEGORIE PARTICOLARI,,82
2018,"24: DIRITTI SOCIALI, POLITICHE SOCIALI E FAMIGLIA",295,"Art. 1, c. 59-64, della L n. 232/2016 (rinvia ad un DM MISE-MEF)","Credito d'imposta ricnosciuto in relazione all'acquisto, anche in locazione finanziaria, di beni mobili strumentali utilizzati direttamente ed esclusivamente per la distribuzione gratuita di prodotti alimentari, di prodotti farmaceutici e di altri prodotti agli indigenti da parte di enti pubblici ed enti privati costituiti per il perseguimento, senza scopo di lucro, di finalità civiche e solidaristiche e che effettuano, a fini di beneficenza, distribuzione gratuita di prodotti alimentari, di prodotti farmaceutici e di altri prodotti agli indigenti. Le imprese costruttrici o importatrici dei beni mobili rimborsano al venditore l'importo del contributo e recuperano tale importo quale credito d'imposta per il versamento delle ritenute dell'imposta sul reddito delle persone fisiche operate in qualità di sostituto d'imposta sui redditi da lavoro dipendente, dell'imposta sul reddito delle persone fisiche, dell'imposta sul reddito delle società e dell'imposta sul valore aggiunto dovute, anche in acconto, per l'esercizio in cui è effettuato l'acquisto.",,2018,CREDITO D'IMPOSTA,"0,0","0,0","0,0",,,ASSOCIAZIONI ENTI NO PROFIT ONLUS,,83
2018,"24: DIRITTI SOCIALI, POLITICHE SOCIALI E FAMIGLIA",296,"Art. 15, comma 1 lett. e-ter) del TUIR, introdotta dall'art. 1 comma 665 della L. n. 205 del 2017",Detrazione per l'acquisto di strumenti compensativi e di sussidi tecnici e informatici necessari all'apprendimento per studenti affetti da disturbo specifico dell'apprendimento (DSA).,IRPEF,A REGIME,DETRAZIONE,"-10,5","-6,0","-6,0",,,PERSONE FISICHE,,83
2018,"24: DIRITTI SOCIALI, POLITICHE SOCIALI E FAMIGLIA",297,"Art. 1. comma 249, della L. 232 del 2016","Le pensioni a favore dei superstiti di assicurato o pensionato percepite dagli orfani, concorrono alla formazione del reddito complessivo per l'importo eccedente 1.000 Euro.",IRPEF,A REGIME,ESCLUSIONE,"-40,0","-40,0","-40,0",,,PERSONE FISICHE,,83
2018,"24: DIRITTI SOCIALI, POLITICHE SOCIALI E FAMIGLIA",298,"Art.1, co.132, della legge n.244/2007 + art.1, co.1, del decreto interministeriale 16/02/2018","Ampliamento ad euro 8.000 della soglia reddituale prevista dall'art. 1, co.132, legge n.244/2007, ai fini dell'esenzione dal pagamento del canone di abbonamento televisivo in favore dei soggetti di età pari o superiore a 75 anni.",ALTRO,A REGIME,ESENZIONE,"-33,8","-33,8","-33,8",375.300,"-90,0",PERSONE FISICHE,,83
2018,"24: DIRITTI SOCIALI, POLITICHE SOCIALI E FAMIGLIA",299,"Art. 16, del DLgs n. 112/2017","Deducibilità ai fini dell'imposta sui redditi della quota non superiore al 3 per cento degli utili netti annuali, dedotte eventuali perdite maturate negli esercizi precedenti, erogata dalle imprese sociali a fondi istituiti dagli enti rappresentativi delle imprese sociali e dalle associazioni nazionali di rappresentanza, assistenza, tutela e revisione del movimento cooperativo, nonché dalla Fondazione Italia Sociale, specificamente ed esclusivamente destinati alla promozione e allo sviluppo delle imprese sociali attraverso azioni ed iniziative di varia natura, quali il finanziamento di progetti di studio e di ricerca in tema di impresa sociale o di attività di formazione dei lavoratori dell'impresa sociale, la promozione della costituzione di imprese sociali o di loro enti associativi, o il finanziamento di specifici programmi di sviluppo di imprese sociali o di loro enti associativi",IRES/IRPEF,A REGIME (IN ATTESA DI AUTORIZZAZIONE CE),DEDUZIONE,Effetti di trascurabile entità,,,,,IMPRESE SOCIALI,,83
2018,"24: DIRITTI SOCIALI, POLITICHE SOCIALI E FAMIGLIA",300,"Art. 18, c. 1, del DLgs n. 112/2017",Non concorrenza alla formazione reddito imponibile imprese sociali degli utili e degli avanzi di gestione destinati ad apposita riserva,IRES/IRPEF,A REGIME (IN ATTESA DI AUTORIZZAZIONE CE),ESCLUSIONE,stima già compresa nel punto 301,,,,,IMPRESE SOCIALI,,83
2018,"24: DIRITTI SOCIALI, POLITICHE SOCIALI E FAMIGLIA",301,"Art. 18, c. 2, del DLgs n. 112/2017",Non concorrenza alla formazione reddito imponibile degli utili e degli avanzi di gestione destinati ad aumento gratuito del capitale sociale,IRES/IRPEF,A REGIME (IN ATTESA DI AUTORIZZAZIONE CE),ESCLUSIONE,"-1,1","-0,6","-0,6",,,IMPRESE SOCIALI,,83
2018,"24: DIRITTI SOCIALI, POLITICHE SOCIALI E FAMIGLIA",302,"Art. 18, c. 3-5, del DLgs n. 112/2017",Incentivi fiscali all’investimento nelle imprese sociali,IRPEF/IRES,A REGIME (IN ATTESA DI AUTORIZZAZIONE CE),DETRAZIONE/DEDU ZIONE,"-3,5","-2,0","-2,0",,,PERSONE FISICHE E GIURIDICHE,,84
2018,"24: DIRITTI SOCIALI, POLITICHE SOCIALI E FAMIGLIA",303,"Art. 62, c. 6, del DLgs n. 117/2017",Credito d'imposta in favore delle fondazioni di cui al D.Lgs n. 153 del 1999 per versamenti al FUN (cedibile) utilizzabile esclusivamente in compensazione,,A REGIME,CREDITO D'IMPOSTA,"-15,0","-10,0","-10,0",,,FONDAZIONI BANCARIE,,84
2018,"24: DIRITTI SOCIALI, POLITICHE SOCIALI E FAMIGLIA",304,"Art. 76, c. 2 del DLgs n. 117/2017; DM 16/11/2017","Contributo sotto forma di sconto sul prezzo di vendita per l'acquisto di autoambulanze, nonché di mezzi antincendio utilizzati dai vigili del fuoco volontari. Il contributo è anticipato dal venditore ed è a quest’ultimo rimborsato sotto forma di credito di imposta. Il venditore recupera le somme corrispondenti alla riduzione praticata mediante compensazione",,A REGIME,CREDITO D'IMPOSTA,"-13,4","-13,4","-13,4",125,"-107.470,1",ORGANIZZAZIONI DI VOLONTARIATO,,84
2018,"24: DIRITTI SOCIALI, POLITICHE SOCIALI E FAMIGLIA",305,"Art. 77, c. 9, del DLgs n. 117/2017","Assoggettamento alla ritenuta agevolata di cui all’articolo 31 del DPR n. 601/1973, degli interessi, dei premi e di ogni altro provento prodotti da tali titoli",IMPOSTA SOSTITUTIVA,A REGIME,REGIME SOSTITUTIVO,"-0,3","-0,6","-1,0",,,"PERSONE FISICHE, ENTI E SOCIETA'",,84
2018,"24: DIRITTI SOCIALI, POLITICHE SOCIALI E FAMIGLIA",306,"Art. 77, c. 10, del DLgs n. 117/2017",Credito d'imposta pari al 50 per cento delle erogazioni liberali in danaro effettuate in favore degli enti del terzo settore dagli istituti di credito emittenti i titoli di solidarietà e commisurate all'ammontare nominale collocato di detti titoli di solidarietà utilizzabile esclusivamente in compensazione,,A REGIME (IN ATTESA DI AUTORIZZAZIONE CE),CREDITO D'IMPOSTA,"-0,4","-0,6","-0,6",,,IMPRESE (ISTITUTO DI CREDITO),,84
2018,"24: DIRITTI SOCIALI, POLITICHE SOCIALI E FAMIGLIA",307,Art. 78 del DLgs n. 117/2017,"Assoggettamento a ritenuta alla fonte a titolo di imposta, secondo le previsioni dell'articolo 26, comma 4 del DPR n. 600 del 1973, con l'aliquota agevolata prevista dall'articolo 31 del DPR n. 601 del 1973 degli importi percepiti a titolo di remunerazione dai soggetti che prestano fondi attraverso portali on line che svolgono attività di social lending, finalizzato al finanziamento e al sostegno delle attività di interesse generale svolte dagli enti del terzo settore.",IMPOSTA SOSTITUTIVA,A REGIME,REGIME SOSTITUTIVO,Effetti di trascurabile entità,,,,,"PERSONE FISICHE, ENTI E SOCIETA'",,84
2018,"24: DIRITTI SOCIALI, POLITICHE SOCIALI E FAMIGLIA",308,Art. 80 del DLgs n. 117/2017,Regime forfetario di determinazione del reddito d'impresa da parte di enti del terzo settore che svolgono in via principale o prevalente attività non commerciali,IRES,A REGIME (IN ATTESA DI AUTORIZZAZIONE CE),REGIME FORFETARIO,stima già compresa nel punto 316,,,,,ENTI DEL TERZO SETTORE,,84
2018,"24: DIRITTI SOCIALI, POLITICHE SOCIALI E FAMIGLIA",309,Art. 81 del D.Lgs. n. 117 del 2017.,"""Social Bonus"" - Credito d'imposta pari al 65 per cento delle erogazioni liberali in denaro effettuate da persone fisiche in favore di enti del Terzo settore.",IRPEF,A REGIME,CREDITO D'IMPOSTA,"-1,1","-3,5","-5,1",,,PERSONE FISICHE,,84
2018,"24: DIRITTI SOCIALI, POLITICHE SOCIALI E FAMIGLIA",310,Art. 81 del DLgs n. 117/2017,"""Social bonus"" - Credito d'imposta pari al 50 per cento se effettuate da enti o società in favore degli enti del terzo settore, che hanno presentato al Ministero del lavoro e delle politiche sociali un progetto per sostenere il recupero degli immobili pubblici inutilizzati e dei beni mobili e immobili confiscati alla criminalità organizzata assegnati ai suddetti enti del terzo settore e da questi utilizzati esclusivamente per lo svolgimento di attività di interesse generale con modalità non commerciali, utilizzabile in compensazione.",IRES,A REGIME,CREDITO D'IMPOSTA,"-10,0","-26,9","-39,0",,,ENTI E SOCIETA',,85
2018,"24: DIRITTI SOCIALI, POLITICHE SOCIALI E FAMIGLIA",311,"Art. 83, commi 1-4, del DLgs n. 117/2017",Detrazioni e deduzioni per erogazioni liberali in denaro e in natura in favore degli enti del terzo settore,IRPEF/IRES,A REGIME,DETRAZIONE/DEDU ZIONE,"-30,7","-15,6","-15,6",,,"PERSONE FISICHE, ENTI E SOCIETA'",,85
2018,"24: DIRITTI SOCIALI, POLITICHE SOCIALI E FAMIGLIA",312,"Art. 83, comma 5, del DLgs n. 117/2017",Detrazioni per contributi associativi versati alle società di mutuo soccorso,IRPEF/IRES,A REGIME,DETRAZIONE,stima già compresa nel punto 311,,,,,"PERSONE FISICHE, ENTI E SOCIETA'",,85
2018,"24: DIRITTI SOCIALI, POLITICHE SOCIALI E FAMIGLIA",313,"Art. 84, c. 2 del DLgs n. 117/2017",Non concorrenza dei redditi degli immobili destinati in via esclusiva o principale allo svolgimento di attività non commerciale,IRES,A REGIME,ESCLUSIONE,stima già compresa nel punto 316,,,,,ORGANIZZAZIONE DI VOLONTARIATO,,85
2018,"24: DIRITTI SOCIALI, POLITICHE SOCIALI E FAMIGLIA",314,"Art. 85, c. 2 e 4 del DLgs n. 117/2017",Decommercializzazione di determinate attività effettuate dalle associazioni di promozione sociale (in de minimis),IRES,A REGIME,ESCLUSIONE,stima già compresa nel punto 316,,,,,ASSOCIAZIONI DI PROMOZIONE SOCIALE,,85
2018,"24: DIRITTI SOCIALI, POLITICHE SOCIALI E FAMIGLIA",315,"Art. 85, c. 7 del DLgs n. 117/2017",Non concorrenza dei redditi degli immobili destinati in via esclusiva o principale allo svolgimento di attività non commerciale,IRES,A REGIME,ESCLUSIONE,stima già compresa nel punto 316,,,,,ASSOCIAZIONI DI PROMOZIONE SOCIALE,,85
2018,"24: DIRITTI SOCIALI, POLITICHE SOCIALI E FAMIGLIA",316,Art. 86 del DLgs n. 117/2017,Regime forfetario di determinazione del reddito per attività commerciali svolte dalle organizzazioni di volontariato e dalle associazioni di promozione sociale,IRES,A REGIME (IN ATTESA DI AUTORIZZAZIONE CE),REGIME FORFETARIO,"0,0","0,0","-49,8",,,ORGANIZZAZIONE DI VOLONTARIATO E ASSOCIAZIONI DI PROMOZIONE SOCIALE,,85
2018,"24: DIRITTI SOCIALI, POLITICHE SOCIALI E FAMIGLIA",317,"Art. 1, c. 201-204, della L n. 205/2017","Credito d'imposta in favore delle fondazioni bancarie utilizzabile, esclusivamente in compensazione, nell'ambito dell'atttività non commerciale, da attuarsi con decreto MLPS di concerto MEF",,2018-2020,CREDITO D'IMPOSTA,"-100,0","-100,0","-100,0",,,FONDAZIONI BANCARIE,,85
2018,25: POLITICHE PREVIDENZIALI,318,"Art. 8 D.Lgs. 5 dicembre 2005, n. 252; Art. 10, comma 1, lett. e-bis), del TUIR.",Deduzione dal reddito imponibile dei contributi versati alle forme di previdenza complementari italiane ed estere localizzate nei Paesi dell'UE e del SEE.,IRPEF,A REGIME,DEDUZIONE,"-2.054,0","-2.054,0","-2.054,0",4.087.227,"-502,5",PERSONE FISICHE,,86
2018,25: POLITICHE PREVIDENZIALI,319,"Art. 3, comma 2, art.4, comma 4 e art. 8, comma 2, della Legge n. 206/04",Esenzione dall'IRPEF delle pensioni e delle indennità corrisposte alle vittime del terrorismo e delle stragi di tale matrice,IRPEF,A REGIME,ESENZIONE,"-3,6","-3,6","-3,6",,,PERSONE FISICHE,,86
2018,25: POLITICHE PREVIDENZIALI,320,"Art. 52, comma 1, lett. d-bis, del TUIR","Sui lavori socialmente utili svolti da soggetti che hanno raggiunto l'età per la pensione di vecchiaia e che hanno un reddito complessivo non superiore a € 9296,22 al netto del reddito derivante dall'abitazione principale, si applica, sulla parte dei lavori socialmente utili che eccede € 3098,74, l'aliquota del 23%, maggiorata delle addizionali vigenti",IRPEF,A REGIME,RIDUZIONE DI ALIQUOTA,Effetti di trascurabile entità,,,204,,PERSONE FISICHE,,86
2018,25: POLITICHE PREVIDENZIALI,321,"art. 76 della legge 30 dicembre 1991, n. 413","Le rendite corrisposte in Italia da parte della assicurazione invalidità, vecchiaia e superstiti Svizzera (AVS), maturata sulla base anche di contributi previdenziali tassati alla fonte in Svizzera, sono assoggettate a ritenuta unica del 5 per cento da parte degli istituti italiani, quali sostituti d'imposta, per il cui tramite l'AVS Svizzera le eroga ai beneficiari in Italia",IMPOSTA SOSTITUTIVA,A REGIME,REGIME SOSTITUTIVO,Non quantificabile,,,,,SOGGETTI E CATEGORIE PARTICOLARI,,86
2018,25: POLITICHE PREVIDENZIALI,322,"Art. 76, comma 1-bis, della L. n. 413 del 1991, introdotto dall'art. 55-quinquies del D.L. n. 50 del 2017 convertito, con modificazioni, dalla L. n. 96 del 2017","Applicazione della ritenuta del 5 per cento, a cura degli intermediari finanziari italiani che intervengono nel pagamento, sulle somme corrisposte in Italia da parte della gestione della previdenza professionale per la vecchiaia, i superstiti e l'invalidita' svizzera (LPP), ivi comprese le prestazioni erogate dagli enti o istituti svizzeri di prepensionamento, maturate sulla base anche di contributi previdenziali tassati alla fonte in Svizzera e in qualunque forma erogate",IMPOSTA SOSTITUTIVA,A REGIME,REGIME SOSTITUTIVO,Non quantificabile,,,,,SOGGETTI E CATEGORIE PARTICOLARI,,86
2018,25: POLITICHE PREVIDENZIALI,323,Imposta sulle assicurazioni Tariffa speciale Allegato B - Legge n. 1216/61 Art.2,"Impiegati dello Stato. Contratti relativi alle assicurazioni integrative degli impiegati civili e militari dello Stato di cui alla legge 7 aprile 1930, n. 456",ALTRO,A REGIME,RIDUZIONE DI ALIQUOTA,Non quantificabile,,,,,SOGGETTI E CATEGORIE PARTICOLARI,,86
2018,25: POLITICHE PREVIDENZIALI,324,"Art. 10, comma 2, TUIR",Deduzione dei contributi previdenziali versati per gli addetti ai servizi domestici e all'assistenza personale e familiare,IRPEF,A REGIME,DEDUZIONE,"-136,3","-136,3","-136,3",589.922,"-231,0",PERSONE FISICHE,,86
2018,25: POLITICHE PREVIDENZIALI,325,"Art. 1, comma 219 della L. n. 205 del 2017",Esenzione IRPEF per le pensioni di reversibilità percepite dai familiari delle vittime dell'attentato terroristico a Dacca,IRPEF,A REGIME,ESENZIONE,Effetti di trascurabile entità,,,,,PERSONE FISICHE,,86
2018,25: POLITICHE PREVIDENZIALI,326,"Art. 1, comma 156 della L. n. 205 del 2017",Applicazione ai dipendenti pubblici delle dispozioni concernenti la deducibilità dei premi e contributi versati e il regime di tassazione delle prestazioni previste per la previdenza complementare nel settore privato.,IRPEF,A REGIME,REGIME SOSTITUTIVO,"-3,5","-4,6","-4,6",,,PERSONE FISICHE,,86
2018,25: POLITICHE PREVIDENZIALI,327,"Articolo 2, comma 5-bis, DLGS n. 184 del 1997",Deduzione a favore dell'interessato ovvero detrazione a favore dei soggetti di cui l'interessato risulta essere a carico dei contributi versati per il riscatto del periodo di corso di laurea,IRPEF,A REGIME,DETRAZIONE/DEDU ZIONE,"-1,2","-1,2","-1,2",2.753,"-435,9",PERSONE FISICHE,,86
2018,26: POLITICHE PER IL LAVORO,328,"Art. 13, comma 1-bis, del TUIR, introdotto dall'art. 1, comma 1, del D.L. n. 66 del 2014 convertito dalla L. n. 89 del 2014, sostituito dall'art. 1, comma 12, della L. n. 190 del 2014 e, da utlimo, modificato dall'art. 1, comma 132, della legge n. 205 del 2017",Erogazione di un credito ai titolari di redditi di lavoro dipendente e di taluni assimilati di importo non superiore a 26.600 euro (Bonus 80 euro).,IRPEF,A REGIME,ALTRO,"-9.392,7","-9.392,7","-9.392,7",11.155.168,"-842,0",PERSONE FISICHE,,87
2018,26: POLITICHE PER IL LAVORO,329,"Art. 24-bis del D.Lgs. n. 148/2015 introdotto dall'art. 1, comma 136 della L. n. 205 del 2017","Esenzione dall'IRPEF dell'indennità di fine rapporto erogata al lavoratore ""ricollocato"" entro il limite massimo di nove mensilità della retribuzione di rifeirmento per il calcolo del TFR.",IRPEF,A REGIME,ESENZIONE,Non quantificabile,,,,,PERSONE FISICHE,,87
2018,26: POLITICHE PER IL LAVORO,330,"Art. 1, commi da 182 a 189, della L. n. 208 del 2015, modificati dall'art. 1, comma 160, lett. a), b) e c), L. n. 232 del 2016. In attuazione del comma 188 è stato emanato il D.M. 25 marzo 2016. Successivamente, la lett. c) del comma 184-bis è stata modificata dall'art. 1, comma 161, della legge n. 205 del 2017 e il comma 189 è stato sostituito dall'articolo 55, comma 1, del D.L. n. 50 del 2017, convertito, con modificazioni, dalla legge n. 96 del 2017","Detassazione premi di produttività. Applicazione di una imposta sostitutiva del 10 per cento sulle somme, fino ad un massimo di 3000 euro, corrisposte ai lavoratori dipendenti del settore privato con limite reddituale di accesso al beneficio di 80.000 euro.",IRPEF,A REGIME,REGIME SOSTITUTIVO,"-499,0","-499,0","-499,0",,,PERSONE FISICHE,,87
2018,26: POLITICHE PER IL LAVORO,331,"Art.11, comma 4, del D.lgs n.252 del 2005 come modificato dall'art. 1, comma 168 della L.205 del 2017 e commi da 4-bis a 4-quinquies inseriti dal medesimo art. 1, comma 168","Rendita integrativa temporanea anticipata (RITA) erogata ai lavoratori pubblici e privati aderenti alla previdenza complementare che, in tutto o in parte, la richiedano, a seguito della cessazione del rapporto di lavoro. La rendita integrativa anticipata è assoggettata a ritenuta a titolo d'imposta con aliquota pari, nel massimo, al 15 per cento e, nel minimo, al 9 per cento, con un decalage dello 0,3 per cento annuo per ciascun anno di adesione al fondo pensione superiore al quindicesimo.",IRPEF,A REGIME,REGIME SOSTITUTIVO,"39,7","-7,1","-10,4",,,PERSONE FISICHE,,87
2018,26: POLITICHE PER IL LAVORO,332,"Art. 34, D.P.R. n. 601 del 1973","Esenzione dall'IRPEF: (comma 1) delle pensioni di guerra di ogni tipo, delle relative indennità accessorie, degli assegni connessi alle pensioni privilegiate ordinarie, delle pensioni connesse alle decorazioni dell'ordine militare d'Italia, nonché delle pensioni privilegiate ordinarie corrisposte ai militari di leva e delle pensioni tabellari spettanti per menomazioni subite durante il servizio di leva obbligatorio; (comma 2) della pensione reversibile, della tredicesima mensilità e delle indennità di accompagnamento, percepite dai ciechi civili ai sensi della legge 27 maggio 1970, n. 382; (comma 3) dei sussidi corrisposti dallo Stato e da altri enti pubblici a titolo assistenziale.",IRPEF,A REGIME,ESENZIONE,"-2.438,0","-2.438,0","-2.438,0",4.322.667,"-564,0",PERSONE FISICHE,,87
2018,26: POLITICHE PER IL LAVORO,333,"Art. 1, comma 175, della L. n. 147 del 2013 coordinato con l'art. 1, comma 690, della L. n. 190 del 2014","Esclusione dalla tassazione dei redditi di importo fino a 7,500 euro - frontalieri",IRPEF,A REGIME,ESCLUSIONE,"-29,7","-29,7","-29,7",14.251,"-2.087,5",SOGGETTI E CATEGORIE PARTICOLARI,,87
2018,26: POLITICHE PER IL LAVORO,334,"Legge 26 luglio 1975, n. 386 Accordo Italo Svizzero",La remunerazione che un lavoratore frontaliero (residente entro 20 KM dal confine svizzero) riceve in corrispettivo di una attività dipendente sono imponibili soltanto nello Stato in cui tale attività è svolta,IRPEF,A REGIME,ESCLUSIONE,"-338,7","-338,7","-338,7",58.813,"-5.758,9",SOGGETTI E CATEGORIE PARTICOLARI,,88
2018,26: POLITICHE PER IL LAVORO,335,Art. 3 del D.P.R. n. 601/73,"Esenzione dall'IRPEF delle retribuzioni di qualsiasi natura, le pensioni e le indennità di fine rapporto corrisposte dalla Santa Sede e dagli enti dalla stessa gestiti ai propri dipendenti",IRPEF,A REGIME,ESENZIONE,"-10,2","-10,2","-10,2",,,SOGGETTI E CATEGORIE PARTICOLARI,,88
2018,26: POLITICHE PER IL LAVORO,336,"Art. 67, comma 1, lett. m) e Art.69, comma 2, TUIR, quest'ultimo modificato dall'Art.1, comma 367, della L. n. 205/2017","Tassazione agevolata delle indennità di trasferta, dei rimborsi forfetari di spesa, dei premi e dei compensi erogati ai direttori artistici e ai collaboratori tecnici per prestazioni di natura non professionale da parte di cori, bande e filodrammatiche che perseguono finalità dilettantistiche, e quelli erogati nell'esercizio diretto di attività sportive dilettantistiche dal CONI, dalle federazioni sportive nazionali, dall'UNIRE, dagli enti di promozione sportiva e da qualunque organismo comunque denominato che persegua finalità sportive dilettantistiche. La disposizione si applica anche ai rapporti di collaborazione coordinata e continuativa di carattere amministrativo-gestionale di natura non professionale resi in favore di società e associazioni sportive dilettantistiche",IRPEF,A REGIME,ESCLUSIONE,"-440,0","-440,0","-440,0",567.984,"-774,7",SOGGETTI E CATEGORIE PARTICOLARI,,88
2018,26: POLITICHE PER IL LAVORO,337,"Art. 10, comma 1, lett. f), TUIR","Deduzione delle somme corrisposte ai dipendenti, chiamati ad adempiere funzioni presso gli uffici elettorali",IRPEF,A REGIME,DEDUZIONE,"-5,5","-5,5","-5,5",,,PERSONE FISICHE,,88
2018,26: POLITICHE PER IL LAVORO,338,"Art. 51, comma 2, lett. c), del TUIR, modificato dall'art. 1, comma 16, della L. n. 190 del 2014","Non concorrono a formare il reddito le somministrazioni di vitto da parte del datore di lavoro, quelle in mense organizzate direttamente dal datore di lavoro o gestite da terzi nonché le prestazioni e le indennità sostitutive, nelle ipotesi previste dalle norme, nel limite di € 5,29, aumentato a 7 € nel caso in cui le stesse siano rese in forma elettronica",IRPEF,A REGIME,ESCLUSIONE,"-614,5","-614,5","-614,5",,,PERSONE FISICHE,,88
2018,26: POLITICHE PER IL LAVORO,339,"Art. 51, comma 2, lett. d), del TUIR",Non concorrono a formare il reddito le prestazioni di servizi di trasporto collettivo rese alla generalità o a categorie di dipendenti; anche se affidate a terzi ivi compresi gli esercenti servizi pubblici.,IRPEF,A REGIME,ESCLUSIONE,Non quantificabile,,,,,PERSONE FISICHE,,88
2018,26: POLITICHE PER IL LAVORO,340,"Art. 51, comma 2, lett. d-bis), del TUIR inserita dall’ art. 1, comma 28, lett. b), della legge n. 205 del 2017","Non concorrono a formare il reddito le somme erogate o rimborsate alla generalità o a categorie di dipendenti dal datore di lavoro o le spese da quest'ultimo direttamente sostenute, volontariamente o in conformità a disposizioni di contratto, di accordo o di regolamento aziendale, per l'acquisto degli abbonamenti per il trasporto pubblico locale, regionale e interregionale del dipendente e dei familiari fiscalmente a carico.",IRPEF,A REGIME,ESCLUSIONE,"-9,4","-7,3","-7,3",,,PERSONE FISICHE,,88
2018,26: POLITICHE PER IL LAVORO,341,"Art. 51, comma 2, lett. e), del TUIR","Non concorrono a formare il reddito i compensi reversibili delle indennità e dei compensi percepiti a carico di terzi dai prestatori di lavoro dipendente per incarichi svolti in relazione a tale qualità, nonché delle indennità, dei gettoni di presenza e degli altri compensi corrisposti dallo Stato, dalle regioni, dalle province e dai comuni per l'esercizio di pubbliche funzioni.",IRPEF,A REGIME,ESCLUSIONE,Non quantificabile,,,,,PERSONE FISICHE,,88
2018,26: POLITICHE PER IL LAVORO,342,"Art. 51, comma 2, lett. f), del TUIR, sostituita dall'art. 1, comma 190, lettera a), n. 1, della L. n. 208 del 2015, come interpretato autenticamente dall'art. 1, comma 162, L. n. 232 del 2016.","Non concorrono a formare il reddito l'utilizzazione delle opere e dei servizi riconosciuti dal datore di lavoro volontariamente o in conformità di disposizioni di contratto, accordo o regolamento aziendale, offerti alla generalità dei dipendenti, categorie di dipendenti o familiari di cui all'art. 12 del TUIR per le finalità di cui al comma 1 dell'art. 100 del citato TUIR.",IRPEF,A REGIME,ESCLUSIONE,Non quantificabile,,,,,PERSONE FISICHE,,88
2018,26: POLITICHE PER IL LAVORO,343,"Art. 51, comma 2, lett. f-bis), del TUIR, sostituita, da ultimo, dall'art. 1, comma 190, lettera a), n. 2, della L. n. 208 del 2015","Non concorrono a formare il reddito le somme, i servizi e le prestazioni erogati dal datore di lavoro alla generalità dei dipendenti o a categorie di dipendenti per la fruizione, da parte dei familiari indicati nell'articolo 12, dei servizi di educazione e istruzione anche in età prescolare, compresi i servizi integrativi e di mensa ad essi connessi, nonché per la frequenza di ludoteche e di centri estivi e invernali e per borse di studio a favore dei medesimi familiari",IRPEF,A REGIME,ESCLUSIONE,Non quantificabile,,,,,PERSONE FISICHE,,89
2018,26: POLITICHE PER IL LAVORO,344,"Art. 51, comma 2, lett. f-ter), del TUIR inserita dall'art. 1, comma 190, lettera a), n. 3, della L. n. 208 del 2015",Non concorrono a formare il reddito le somme e le prestazioni erogate dal datore di lavoro alla generalità dei dipendenti o a categorie di dipendenti per la fruizione dei servizi di assistenza ai familiari anziani o non autosufficienti indicati nell'articolo 12,IRPEF,A REGIME,ESCLUSIONE,Non quantificabile,,,,,PERSONE FISICHE,,89
2018,26: POLITICHE PER IL LAVORO,345,"Art. 51, comma 2, lett. f-quater), del TUIR inserita dall’ art. 1, comma 161, L. 11 dicembre 2016, n. 232","Non concorrono a formare il reddito i contributi e i premi versati dal datore di lavoro a favore della generalità dei dipendenti o di categorie di dipendenti per prestazioni, anche in forma assicurativa, aventi per oggetto il rischio di non autosufficienza nel compimento degli atti della vita quotidiana o il rischio di gravi patologie.",IRPEF,A REGIME,ESCLUSIONE,"-2,4","-2,4","-2,4",,,PERSONE FISICHE,,89
2018,26: POLITICHE PER IL LAVORO,346,"Art. 51, comma 2, lett. g), del TUIR. Art. 1, comma 184-bis , lett. c) della L. n. 208 del 2015,modificata dall 'art. 1, comma 161 della L. n. 205 del 2017.","Non concorrono a formare il reddito il valore delle azioni offerte alla generalità dei dipendenti per un importo annuo non superiore a € 2065,83",IRPEF,A REGIME,ESCLUSIONE,Non quantificabile,,,,,PERSONE FISICHE,,89
2018,26: POLITICHE PER IL LAVORO,347,"Art. 51, comma 2, lett. h), del TUIR","Non concorrono a formare il reddito le somme trattenute al dipendente per oneri di cui all'art. 10 alle condizioni ivi previste, nonché le erogazioni effettuate dal datore di lavoro in conformità a contratti collettivi o ad accordi e regolamenti aziendali",IRPEF,A REGIME,ESCLUSIONE,Non quantificabile,,,,,PERSONE FISICHE,,89
2018,26: POLITICHE PER IL LAVORO,348,"Art. 51, comma 2, lett. i), del TUIR",Non concorrono a formare il reddito le mance percepite dai croupiers nella misura del 25% dell'ammontare percepito nell'anno,IRPEF,A REGIME,ESCLUSIONE,Non quantificabile,,,,,PERSONE FISICHE,,89
2018,26: POLITICHE PER IL LAVORO,349,"Art. 51, comma 3, del TUIR","Non concorrono a formare il reddito il valore dei beni ceduti e dei servizi prestati se complessivamente di importo non superiore nell'anno a € 258,23",IRPEF,A REGIME,ESCLUSIONE,Non quantificabile,,,,,PERSONE FISICHE,,89
2018,26: POLITICHE PER IL LAVORO,350,"Art. 51, comma 4, lett. a), del TUIR","Ai fini della determinazione del fringe benefit per gli autoveicoli, i motocicli e i ciclomotori concessi in uso promiscuo si assume il 30% dell'importo corrispondente a una percorrenza convenzionale di 15.000 km calcolato sulla base del costo chilometrico di esercizio desumibile dalle tabelle ACI elaborate ciascun anno",IRPEF,A REGIME,ESCLUSIONE,Non quantificabile,,,,,PERSONE FISICHE,,89
2018,26: POLITICHE PER IL LAVORO,351,"Art. 51, comma 4, lett. b) del TUIR","Ai fini della determinazione del fringe benefit, in caso di concessione di prestiti, si assume il 50% della differenza tra l'importo degli interessi calcolato al tasso ufficiale di sconto vigente al termine di ciascun anno e l'importo degli interessi calcolato al tasso applicato sugli stesssi",IRPEF,A REGIME,ESCLUSIONE,Non quantificabile,,,,,PERSONE FISICHE,,89
2018,26: POLITICHE PER IL LAVORO,352,"Art. 51, comma 4, lett. c), del TUIR","Ai fini della determinazione del fringe benefit, per i fabbricati concessi in locazione, in uso o in comodato, si assume la differrenza tra la rendita catastale del fabbricato aumentata di tutte le spese inerenti e quanto corrisposto per il godimento del fabbricato stesso",IRPEF,A REGIME,ESCLUSIONE,Non quantificabile,,,,,PERSONE FISICHE,,89
2018,26: POLITICHE PER IL LAVORO,353,"Art. 51, comma 4, lett. c-bis), del TUIR","Ai fini della determinazione del fringe benefit, per i servizi di trasporto ferroviario di persone prestati gratuitamente, si assume, al netto degli importi trattenuti, l'ammontare corrispondente all'introito medio per passeggero/chilometro, per una percorrenza media convenzionale di 2.600 km",IRPEF,A REGIME,ESCLUSIONE,Non quantificabile,,,,,PERSONE FISICHE,,89
2018,26: POLITICHE PER IL LAVORO,354,"Art. 51, comma 5, del TUIR","Le indennità percepite per le trasferte o le missioni fuori del territorio comunale concorrono a formare il reddito per la parte che eccede € 46,48 al giorno, elevati a € 77,47 per le trasferte all'estero",IRPEF,A REGIME,ESCLUSIONE,Non quantificabile,,,,,PERSONE FISICHE,,90
2018,26: POLITICHE PER IL LAVORO,355,"Art. 51, comma 6, del TUIR, così come interpretato autenticamente dall'art. 7-quinquies, commi 1 e 2, D.L. n. 193 del 2016, convertito, con modificazioni, dalla L. n. 225 del 2016.",Le indennità e le maggiorazioni di retribuzione spettanti ai trasfertisti concorrono a formare il reddito nella misura del 50%,IRPEF,A REGIME,ESCLUSIONE,Non quantificabile,,,,,PERSONE FISICHE,,90
2018,26: POLITICHE PER IL LAVORO,356,"Art. 51, comma 7, del TUIR","Le indennità di trasferimento, quelle di prima sistemazioni e quelle equipollenti non concorrono a formare il reddito nella misura del 50% per un importo complessivo annuo non superiore a € 1549,37 per i trasferimenti all'interno del territorio nazionale ed € 4648,11 per quelli fuori del territorio nazionale o in destinazione a quest'ultimo",IRPEF,A REGIME,ESCLUSIONE,Non quantificabile,,,,,PERSONE FISICHE,,90
2018,26: POLITICHE PER IL LAVORO,357,"Art. 51, comma 8, del TUIR, modificato dall'art. 1, comma 319, della L. n. 190 del 2014, autenticamente interpretato dall'art. 1, comma 271, della legge n. 205 del 2017",Gli assegni di sede e le altre indennità percepite per servizi prestati all'estero costituiscono reddito nella misura del 50%,IRPEF,A REGIME,ESCLUSIONE,Non quantificabile,,,,,PERSONE FISICHE,,90
2018,26: POLITICHE PER IL LAVORO,358,"Art. 51, comma 8-bis, del TUIR, così come autenticamente interpretato dall'art. 5, comma 5, della legge n. 88 del 2001","Il reddito di lavoro dipendente, prestato all'estero in via continuativa e come oggetto esclusivo del rapporto da dipendenti che nell'arco di dodici mesi soggiornano nello Stato estero per un periodo superiore a 183 giorni, è determinato sulla base di retribuzioni convenzionali. La disposizione non è applicabile al reddito derivante dall'attività prestata per un periodo superiore a 183 giorni nell'arco di dodici mesi sulle navi battenti bandiera estera. Tale reddito continua a essere escluso dalla base imponibile fiscale.",IRPEF,A REGIME,ESCLUSIONE,Non quantificabile,,,,,PERSONE FISICHE,,90
2018,26: POLITICHE PER IL LAVORO,359,"Art. 52, comma 1, lett. a-bis, del TUIR",I compensi percepiti per attività libero professionale intramuraria costituiscono reddito nella misura del 75%,IRPEF,A REGIME,ESCLUSIONE,"-77,9","-77,9","-77,9",48.973,"-1.590,7",PERSONE FISICHE,,90
2018,26: POLITICHE PER IL LAVORO,360,"Art. 52, comma 1, lett. b), del TUIR","Non concorrono a formare il reddito le somme erogate a titolo di rimborso di spese ai titolari di cariche elettive, nonché a coloro che esercitano le funzioni di cui agli artt. 114 e 135 della Costituzione . Gli assegni vitalizi sono assoggettati a tassazione per la quota parte che non deriva da fonti riferibili a trattenute effettuate al percettore già assoggettate a ritenute fiscali. Detta quota parte è determinata per ciascun periodo d'imposta.",IRPEF,A REGIME,ESCLUSIONE,"-57,2","-57,2","-57,2",64.005,"-893,7",PERSONE FISICHE,,90
2018,26: POLITICHE PER IL LAVORO,361,Art. 4 del D.P.R. n. 601/73,Esenzione dall'IRPEF dei redditi derivanti dall'esercizio della funzione di ambasciatori e agenti diplomatici degli Stati esteri accreditati in Italia.,IRPEF,A REGIME,ESENZIONE,"-10,0","-10,0","-10,0",,,SOGGETTI E CATEGORIE PARTICOLARI,,90
2018,26: POLITICHE PER IL LAVORO,362,"Art. 9, comma 2, della L. n. 53 del 1990",Gli onorari corrisposti ai membri dei seggi elettorali costituiscono rimborso spese fisso forfetario non assoggettabile a ritenute o imposte e non concorrono alla formazione della base imponibile ai fini fiscali,IRPEF,A REGIME,ESCLUSIONE,Non quantificabile,,,,,PERSONE FISICHE,,90
2018,26: POLITICHE PER IL LAVORO,363,"Art. 54-bis, comma 4, D.L. n. 50 del 2017 convertito, con modificazioni dallla L. n. 96 del 2017",Esenzione dei redditi derivanti da prestazioni di lavoro occasionali per tali intendendosi quelle di importo non supeiore complessivamente nell'anno a 5000 euro,IRPEF,A REGIME,ESENZIONE,Non quantificabile,,,,,PERSONE FISICHE,,91
2018,26: POLITICHE PER IL LAVORO,364,"Art. 24, comma 3-bis, del TUIR, inserito dall'art. 7, comma 1, della L. n. 161 del 2014, modificato dall'art. 1, comma 954, lettera c), della L. n. 208 del 2015",Riconoscimento di tutte le agevolazioni fiscali previste per i residenti in Italia ai soggetti non residenti che producono in Italia almeno il 75% del loro reddito complessivo e che non godono di analoghe agevolazioni nel Paese di residenza. Procedura di infrazione n. 2013/2027,IRPEF,A REGIME,DETRAZIONE/DEDU ZIONE,"-4,7","-4,7","-4,7",3.893,"-1.212,4",PERSONE FISICHE,,91
2018,26: POLITICHE PER IL LAVORO,365,"Art. 3, terzo comma, del D.P.R. 633/72","Non assoggettamento ad IVA delle somministrazioni nelle mense aziendali, delle prestazioni di trasporto, didattiche, educative e ricreative, di assistenza sociale e sanitaria, a favore del personale dipendente.",IVA,A REGIME,ESCLUSIONE,Non quantificabile,,,,,PERSONE FISICHE,,91
2018,26: POLITICHE PER IL LAVORO,366,"Art. 2, comma 514, della legge n. 244/07; decreto del Ministero dell'economia e delle finanze 20 marzo 2008",Detrazione sulle indennità di fine rapporto di importo minimo,IRPEF,A REGIME,DETRAZIONE,"-166,0","-166,0","-166,0",2.852.296,"-58,2",PERSONE FISICHE,,91
2018,26: POLITICHE PER IL LAVORO,367,"Art. 1, comma 9, della Legge n. 296/06","Clausola di salvaguardia per le indennità di fine rapporto di cui all'art. 17, comma 1, lett. a), del TUIR con blocco delle aliquota a quelle del 31 dicembre 2006",IRPEF,A REGIME,RIDUZIONE DI ALIQUOTA,"-176,0","-176,0","-176,0",972.371,"-181,0",PERSONE FISICHE,,91
2018,26: POLITICHE PER IL LAVORO,368,"Art. 11 del D. Lgs. 47/2000 modificato dall'art. 1, comma 693, della L. n. 190 del 2014",Applicazione dell'imposta sostitutiva del 17% sulle rivalutazioni del TFR maturate dal 2001,IRPEF,A REGIME,REGIME SOSTITUTIVO,"-243,0","-243,0","-243,0",,,PERSONE FISICHE,,91
2018,26: POLITICHE PER IL LAVORO,369,"Art. 1, comma 359 della L. n. 205 del 2017","I compensi derivanti dai contratti di co.co.co. stipulati da associazioni sportive dilettantistiche non lucrative riconosciute dal CONI costituiscono redditi diversi ai sensi dell'art. 67, comma 1, lett. m), con conseguente applicazione del regime di tassazIone agevolata di cui all'art. 69, comma 2 del TUIR. Nel caso in cui l'associazione dilettantistica svolga attività lucrativa, invece, tali redditi vengono classificati come assimilati a quelli di lavoro dipendente.",IRPEF,A REGIME,ESCLUSIONE,"0,0","0,0","0,0",,,PERSONE FISICHE,,91
2018,26: POLITICHE PER IL LAVORO,370,"Art. 54-bis, comma 1, lett. c-bis) del D.L. n. 50 del 2017 convertito, con modificazioni, dalla L. n. 96 del 2017, come introdotto dall'art. 1, comma 368 della L. n. 205 del 2017.","Le prestazioni di lavoro occasionale per attivita' di cui al decreto del Ministro dell'interno 8 agosto 2007, sono esenti da IRPEF qualora i compensi non siano di importo complessivo superiore a 5.000 euro per ciascun utilizzatore.",IRPEF,A REGIME,ESENZIONE,Non quantificabile,,,,,PERSONE FISICHE,,91
2018,26: POLITICHE PER IL LAVORO,371,"Art. 1, comma 468 della L. n. 205 del 2017","Ai consiglieri di Stato spetta il rimborso delle spese, ai sensi della legge 18 dicembre 1973, n. 836, o, a scelta dell'interessato, l'indennita' di trasferta, ai sensi dell'articolo 3, comma 79, della legge 24 dicembre 2003, n. 350, e successive modificazioni, a titolo risarcitorio indennitario, in relazione al mantenimento della residenza nel territorio della provincia di Bolzano, nel limite di spesa pari a 50.000 euro annui a decorrere dal 2018.",IRPEF,A REGIME,ESCLUSIONE,Non quantificabile,,,,,PERSONE FISICHE,,91
2018,26: POLITICHE PER IL LAVORO,372,"Art. 1, comma 511 della L. n. 205 del 2017.",Esclusione dall' IRPEF dei proventi dell'apicoltura condotta da apicoltori con meno di 20 alveari e ricadenti nei comuni classificati montani.,IRPEF,A REGIME,ESCLUSIONE,"-1,8","-1,1","-1,1",,,PERSONE FISICHE,,92
2018,28: SVILUPPO E RIEQUILIBRIO TERRITORIALE,373,"art.8, comma 4 D.L. 70-2011",Tassazione dei titoli per il finanziamento di iniziative economiche nel Mezzogiorno emessi da banche con scadenza non inferiore a 18 mesi riduzione a metà della ritenuta,IMPOSTA SOSTITUTIVA,A REGIME,RIDUZIONE DI ALIQUOTA,"-11,4","-11,4","-11,4",,,PERSONE FISICHE,,92
2018,28: SVILUPPO E RIEQUILIBRIO TERRITORIALE,374,"Art. 8, comma 10, lettera c) della Legge n. 448/98 e art.2, comma 12 della legge n. 203/08","Gasolio e GPL impiegati per riscaldamento in aree geograficamente o climaticamente svantaggiate (zone montane, Sardegna, isole minori) - Riduzione di prezzo",ACCISA,A REGIME,RIDUZIONE DI ALIQUOTA,"-152,8","-152,8","-152,8",,,SOGGETTI E CATEGORIE PARTICOLARI,,92
2018,28: SVILUPPO E RIEQUILIBRIO TERRITORIALE,375,"Articolo 10, comma 1-bis, del decreto-legge 28 aprile 2009, n. 39. Art. 70 DL 1/2012 - D.M. 26/06/2012",ZFU per il sisma L’Aquila. agevolazione concessa nel de minimis.,IRPEF/IRES,2026,REGIME SPECIALE,"-2,7","-2,7","-2,7",955,"-2.827,2",IMPRESE E SOCIETA',,92
2018,28: SVILUPPO E RIEQUILIBRIO TERRITORIALE,376,"Articolo 37 del decreto-legge 18 ottobre 2012, n. 179. Articolo 1, comma 319, della legge 27 dicembre 2013, n. 147. Art. 1 c. 603 – 604, L. n. 208/2015; DM 10/04/2013; DM 05/06/2017","ZFU Obiettivo Convergenza, Sulcis e Pelagie, nonché nuove ZFU non ricomprese nell'Obiettivo Convergenza (ZFU di Pescara, Matera, Velletri, Sora, Ventimiglia, Campobasso, Cagliari, Iglesias, Quartu Sant'Elena, Massa-Carrara) individuate dalla delibera CIPE n. 14 dell'8 maggio 2009",IRPEF/IRES,2027,REGIME SPECIALE,"-28,3","-28,3","-28,3",6.724,"-4.208,8",IMPRESE E SOCIETA',,92
2018,28: SVILUPPO E RIEQUILIBRIO TERRITORIALE,377,"Art. 47 del DL n. 189/2016, convertito c.m. dalla L n. 229/2016","Detassazione di contributi, indennizi e risarcimenti connessi agli eventi sismici del Centro Italia (nel rispetto della normativa europea in materia di aiuti di Stato - misura comunicata in esenzione alla Commissione europea)",IRPEF/IRES/IRAP,2021,ESCLUSIONE,Non quantificabile,,,,,IMPRESE E SOCIETA',,92
2018,28: SVILUPPO E RIEQUILIBRIO TERRITORIALE,378,"Art. 48, comma 16, del D.L. n. 189 del 2016 convertito con modificazioni dalla L. n. 229 del 2016, modificato dall'art. 11, comma 1, lett. g-bis), D.L. n. 8 del 2017, convertito, con modificazioni, dalla L. n. 45 del 2017, dall'art.45, comma 1, D.L. n. 50 del 2017, convertito, con modificazioni, dalla L. n. 96 del 2017 e, da ultimo, dall'art. 1, comma 736, lett.c), L. n. 205 del 2017","I redditi dei fabbricati, ubicati nelle zone colpite dagli eventi sismici di agosto 2016, purché distrutti od oggetto di ordinanze sindacali di sgombero, in quanto inagibili totalmente o parzialmente, non concorrono alla formazione del reddito imponibile ai fini dell'imposta sul reddito delle persone fisiche e dell'imposta sul reddito delle società, fino alla definitiva ricostruzione e agibilità dei fabbricati medesimi",IRPEF/IRES,2018,ESENZIONE,"-3,5","1,5","0,0",,,PERSONE FISICHE E GIURIDICHE,,92
2018,28: SVILUPPO E RIEQUILIBRIO TERRITORIALE,379,"Art. 12 del DL 19 giugno 2015, n. 78 (Art. 14, comma 12-quinquies lett. b) del DL n. 244/2016, convertito con L. 27 febbraio 2017, n.19",ZFU per l’alluvione e sisma Emilia. agevolazione concessa nel de minimis.,IRPEF/IRES/IMU,2015-2019,REGIME SPECIALE,"-4,6","0,0","0,0",1.947,"-2.378,8",IMPRESE E SOCIETA',,92
2018,28: SVILUPPO E RIEQUILIBRIO TERRITORIALE,380,"Art. 1 commi da 445 a 453 della L 28 dicembre 2015, n. 208 (Art. 46-sexies del DL n. 50/2017 convertito con L. 21 giugno 2017, n. 96); Art. 1, c. 719-720, L n. 205/2017",ZFU per il sisma Lombardia. agevolazione concessa nel de minimis.,IRPEF/IRES/IMU,2016-2019,REGIME SPECIALE,"-1,2","0,0","0,0",547,"-2.142,5",IMPRESE E SOCIETA',,92
2018,28: SVILUPPO E RIEQUILIBRIO TERRITORIALE,381,"Art. 46 del DL n. 50/2017 (convertito con L. 21 giugno 2017, n. 96); Art. 1, c. 745-748, L n. 205/2017","ZFU SISMA CENTRO ITALIA: contributo sotto forma di credito d'imposta in favore delle imprese con sede princpale o unità locale situata nei Comuni delle Regioni Lazio, Umbria, Marche e Abruzzo colpiti dal sisma del 2016 e 2017 in de minimis",IRPEF/IRES/IMU,2017-2019,REGIME SPECIALE,"-22,7","0,0","0,0",3.422,"-6.644,2",IMPRESE E SOCIETA',,93
2018,28: SVILUPPO E RIEQUILIBRIO TERRITORIALE,382,"Art. 1, c. 98-108, della L. 28/12/2015, n. 208, come modificato dall'art. 7-quater del D.L. 29 dicembre 2016, n. 243, convertito, con modificazioni, dalla L. 27 febbraio 2017, n. 18; art. 12, c. 1, DL n. 50/2017; art. 1, c. 892, L. n. 205/2017",Credito d'imposta per nuovi investimenti Mezzogiorno (concesso ai sensi del Reg. UE 651/2014) utilizzabile esclusivamente in compensazione,,2019,CREDITO D'IMPOSTA,"-829,8","-150,2","0,0",,,IMPRESE E SOCIETA',,93
2018,28: SVILUPPO E RIEQUILIBRIO TERRITORIALE,383,"Art. 18-quater del DL n. 8/2017, convertito dalla legge n. 45/2017 (prorogato dall'art. 44 del DL n. 50/2017 al 31.12.2019)","CREDITO D'IMPOSTA PER INVESTIMENTI SISMA CENTRO ITALIA: estensione del credito d'imposta di cui all'art. 1, c. 98 e ss., della legge n. 208/2015 per investimenti in beni strumentali nuovi destinati a strutture produttive ubicate nelle regioni dell'Italia centrale colpite dagli eventi sismici (Lazio, Umbria, Marche e Abruzzo) nel rispetto dell'art. 108 del TFUE",,2019,CREDITO D'IMPOSTA,"-200,0","-200,0","0,0",,,IMPRESE E SOCIETA',,93
2018,28: SVILUPPO E RIEQUILIBRIO TERRITORIALE,384,"Art. 5, c. 2, del DL n. 91/2017","CREDITO D'IMPOSTA PER INVESTIMENTI ZES: estensione del credito d'imposta di cui all'art. 1, c. 98 e ss., della legge n. 208/2015 per investimenti in beni strumentali nuovi destinati a strutture produttive ubicate nelle ZES del Mezzorgiorno nel rispetto del Reg. UE 651/2014",,2020,CREDITO D'IMPOSTA,"-31,3","-150,2","0,0",,,IMPRESE E SOCIETA',,93
2018,28: SVILUPPO E RIEQUILIBRIO TERRITORIALE,385,"Art. 48, comma 7, del decreto-legge 17 ottobre 2016, n. 189, prorogato dall'art. 43, comma 1, lett. a-bis), D.L. 24 aprile 2017, n. 50","Esenzione dall'imposta di bollo e di registro per le istanze, i contratti e i documenti presentati alla P.A. fino al 31 dicembre 2018 in esecuzione delle ordinanze commissariali per la ricostruzione.","IMPOSTE DI REGISTRO, DI BOLLO E IPOCASTATALI",2018,ESENZIONE,Non quantificabile,,,,,PERSONE FISICHE E GIURIDICHE,,93
2018,29: POLITICHE ECONOMICO-FINANZIARIE E DI BILANCIO E TUTELA DELLA FINANZA PUBBLICA,386,"Art. 148, TUIR","Non commercialità delle attività svolte dagli enti associativi - con varie limitazioni sia soggettive che oggettive - in favore degli associati o partecipanti, in conformità alle finalità istituzionali.",IRES,A REGIME,ESCLUSIONE,Non quantificabile,,,,,ASSOCIAZIONI ENTI NO PROFIT ONLUS,,93
2018,29: POLITICHE ECONOMICO-FINANZIARIE E DI BILANCIO E TUTELA DELLA FINANZA PUBBLICA,387,"Art. 150, TUIR",Per le ONLUS non costituisce esercizio di attività commerciali lo svolgimento delle attività istituzionali nel perseguimento di esclusive finalità di solidarietà sociale. I proventi derivanti dall'esercizio delle attività direttamente connesse non concorrono alla formazione del reddito imponibile.,IRES,A REGIME,ESCLUSIONE,Non quantificabile,,,,,ASSOCIAZIONI ENTI NO PROFIT ONLUS,,93
2018,29: POLITICHE ECONOMICO-FINANZIARIE E DI BILANCIO E TUTELA DELLA FINANZA PUBBLICA,388,"art. 24-bis del TUIR introdotto dall'art. 1, commi da 152 a 159, L. 11 dicembre 2016, n. 232","Facoltà concessa alle persone fisiche che trasferiscono la propria residenza in Italia e che non sono state residenti fiscalmente in Italia per un tempo almeno pari a nove periodi d’imposta nel corso dei dieci precedenti l’esercizio dell’opzione per l’imposta sostitutiva, di optare, per un periodo non superiore a 15 anni, per l’applicazione sui redditi prodotti all’estero, a prescindere dall’importo degli stessi, di un’imposta sostitutiva dell’imposta sui redditi delle persone fisiche forfetaria pari a 100.000 euro per ciascun periodo d’imposta.",IRPEF,A REGIME,REGIME SOSTITUTIVO,Non quantificabile,,,,,PERSONE FISICHE,,93
2018,29: POLITICHE ECONOMICO-FINANZIARIE E DI BILANCIO E TUTELA DELLA FINANZA PUBBLICA,389,"Art. 147, TUIR","Rinvio all'art 15, c. 1, lett. a), lett. g), lett.h), lett. h-bis, lett. i), lett. i-bis, lett. i-quater e lett. i-octies del Tuir",IRES,A REGIME,DETRAZIONE,"-14,1","-14,1","-14,1",477,"-29.599,6",ASSOCIAZIONI ENTI NO PROFIT ONLUS,,93
2018,29: POLITICHE ECONOMICO-FINANZIARIE E DI BILANCIO E TUTELA DELLA FINANZA PUBBLICA,390,"Art. 145, TUIR","La norma prevede, per gli enti non commerciali ammessi al regime di contabilità semplificata, la possibilità di optare per la determinazione forfetaria del reddito d'impresa, applicando all'ammontare dei ricavi conseguiti un coefficiente di redditività corrispondente ad una classe determinata in base all'ammontare dei ricavi stessi, ed incrementando l'importo così determinato dei componenti di reddito di cui agli artt. 86, 88, 89 e 90 del TUIR.",IRES,A REGIME,REGIME FORFETARIO,"-0,9","-0,9","-0,9",1.304,"-700,9",ASSOCIAZIONI ENTI NO PROFIT ONLUS,,94
2018,29: POLITICHE ECONOMICO-FINANZIARIE E DI BILANCIO E TUTELA DELLA FINANZA PUBBLICA,391,"Art. 146 (rinvio all'art. 10, c. 1, lett.a), f) e g), TUIR","Deduzione dal reddito complessivo degli enti non commerciali dei canoni, livelli, censi, ed altri oneri gravanti sui redditi degli immobili che concorrono a formare il reddito complessivo, delle somme corrisposte ai chiamati ad adempiere funzioni presso uffici elettorali e dei contributi, donazioni e oblazioni a favore di organizzazioni non governative fino al 2% del reddito complessivo dichiarato.",IRES,A REGIME,DEDUZIONE,"-1,4","-1,4","-1,4",817,"-1.689,1",ASSOCIAZIONI ENTI NO PROFIT ONLUS,,94
2018,29: POLITICHE ECONOMICO-FINANZIARIE E DI BILANCIO E TUTELA DELLA FINANZA PUBBLICA,392,Art. 7 del D.P.R. n. 601/1973,Il reddito derivante dall'esercizio di attività commerciali svolte in occasione di manifestazioni propagandistiche da partiti politici rappresentati nelle assemblee nazionali o regionali è esente da IRES.,IRES,A REGIME,ESENZIONE,Effetti di trascurabile entità,,,,,ASSOCIAZIONI ENTI NO PROFIT ONLUS,,94
2018,29: POLITICHE ECONOMICO-FINANZIARIE E DI BILANCIO E TUTELA DELLA FINANZA PUBBLICA,393,"Art. 143, comma 3, TUIR","Esclusioni dalla base imponibile degli enti non commerciali dei seguenti proventi: a) fondi pervenuti a seguito di raccolte pubbliche effettuate occasionalmente, in concomitanza di celebrazioni, ricorrenze, campagne di sensibilizzazione; b) contributi corrisposti da amministrazioni pubbliche per lo svolgimento di attività in regime di convenzione o accreditamento, aventi finalità sociali esercitate in conformità alle finalità istituzionali.",IRES,A REGIME,ESCLUSIONE,Non quantificabile,,,,,ASSOCIAZIONI ENTI NO PROFIT ONLUS,,94
2018,29: POLITICHE ECONOMICO-FINANZIARIE E DI BILANCIO E TUTELA DELLA FINANZA PUBBLICA,394,Art. 2 del D.P.R. n. 601 del 1973,"Esenzione per i fabbricati di proprietà della Santa Sede indicati negli artt. 13, 14, 15 e 16 del Trattato lateranense",IRES,A REGIME,ESENZIONE,Non quantificabile,,,,,SOGGETTI E CATEGORIE PARTICOLARI,,94
2018,29: POLITICHE ECONOMICO-FINANZIARIE E DI BILANCIO E TUTELA DELLA FINANZA PUBBLICA,395,"Art. 1, comma 21, legge 23 dicembre 2014, n. 190","Credito d'imposta a favore dei i soggetti che non si avvalgono di lavoratori dipendenti, da utilizzare esclusivamente in compensazione ai sensi dell'articolo 17 del decreto legislativo 9 luglio 1997, n. 241, pari al 10 per cento dell'IRAP lorda determinata secondo le disposizioni del decreto legislativo n. 446 del 1997.",,A REGIME,CREDITO D'IMPOSTA,"-163,0","-163,0","-163,0",,,SOGGETTI PASSIVI IRAP AD ECCEZIONE DELLE PUBBLICHE AMMINISTRAZIONI E DELLE IMPRESE OPERANTI IN BASE A CONCESSIONE E TARIFFA,,94
2018,29: POLITICHE ECONOMICO-FINANZIARIE E DI BILANCIO E TUTELA DELLA FINANZA PUBBLICA,396,"Art. 21-bis del DL n. 83/2015, come modificato dall'art. 1, comma 618, lett. a), L. 28 dicembre 2015, n. 208","Credito d’imposta per i procedimenti di negoziazione assistita e arbitrato (cd. incentivo fiscale alla ""degiurisdizionalizzazione"") utilizzabile in compensazione",,A REGIME,CREDITO D'IMPOSTA,Effetti di trascurabile entità,,,,,PERSONE FISICHE E GIURIDICHE,,94
2018,29: POLITICHE ECONOMICO-FINANZIARIE E DI BILANCIO E TUTELA DELLA FINANZA PUBBLICA,397,"Art. 74, comma 1, lett. a), del D.P.R. n. 633/72",Regime speciale monofase per i tabacchi lavorati,IVA,A REGIME,REGIME SPECIALE,Non quantificabile,,,,,SOGGETTI E CATEGORIE PARTICOLARI,,94
2018,29: POLITICHE ECONOMICO-FINANZIARIE E DI BILANCIO E TUTELA DELLA FINANZA PUBBLICA,398,"Art. 74, comma 1, lett. b), del D.P.R. n. 633/72",Regime speciale monofase per i fiammiferi,IVA,A REGIME,REGIME SPECIALE,Non quantificabile,,,,,SOGGETTI E CATEGORIE PARTICOLARI,,94
2018,29: POLITICHE ECONOMICO-FINANZIARIE E DI BILANCIO E TUTELA DELLA FINANZA PUBBLICA,399,"Art. 74, comma 1, lett. c), del D.P.R. n. 633/72",Regime speciale monofase per il settore editoriale,IVA,A REGIME,REGIME SPECIALE,"-153,0","-153,0","-153,0",,,SOGGETTI E CATEGORIE PARTICOLARI,,94
2018,29: POLITICHE ECONOMICO-FINANZIARIE E DI BILANCIO E TUTELA DELLA FINANZA PUBBLICA,400,"Art. 74, comma 1, lett. d), del D.P.R. n. 633/72",Regime speciale monofase per le schede telefoniche,IVA,A REGIME,REGIME SPECIALE,Non quantificabile,,,,,SOGGETTI E CATEGORIE PARTICOLARI,,94
2018,29: POLITICHE ECONOMICO-FINANZIARIE E DI BILANCIO E TUTELA DELLA FINANZA PUBBLICA,401,Art. 74-ter del DPR n. 633/72,Regime speciale per le agenzie di viaggio con detraibilità base da base,IVA,A REGIME,REGIME SPECIALE,Effetti di trascurabile entità,,,,,SOGGETTI E CATEGORIE PARTICOLARI,,94
2018,29: POLITICHE ECONOMICO-FINANZIARIE E DI BILANCIO E TUTELA DELLA FINANZA PUBBLICA,402,Art. 74-quater del D.P.R. n. 633/72,Regime speciale per le attività spettacolistiche semplificazione degli obblighi formali e sostanziali dell'IVA,IVA,A REGIME,REGIME SPECIALE,Non quantificabile,,,,,SOGGETTI E CATEGORIE PARTICOLARI,,95
2018,29: POLITICHE ECONOMICO-FINANZIARIE E DI BILANCIO E TUTELA DELLA FINANZA PUBBLICA,403,Art. 40-bis del D.L. n. 41 del 23 febbraio 1995.,Regime speciale per le vendite all'asta applicazione dell'imposta sul margine,IVA,A REGIME,REGIME SPECIALE,Effetti di trascurabile entità,,,,,SOGGETTI E CATEGORIE PARTICOLARI,,95
2018,29: POLITICHE ECONOMICO-FINANZIARIE E DI BILANCIO E TUTELA DELLA FINANZA PUBBLICA,404,Artt. da 36 a 40 del D.L. n. 41/1995,"Regime del margine per i beni usati, oggetti d'arte, d'antiquario e da collezione applicazione dell'imposta sul margine",IVA,A REGIME,REGIME SPECIALE,Effetti di trascurabile entità,,,,,SOGGETTI E CATEGORIE PARTICOLARI,,95
2018,29: POLITICHE ECONOMICO-FINANZIARIE E DI BILANCIO E TUTELA DELLA FINANZA PUBBLICA,405,Artt. da 36 a 40 del D.L. n. 41/1995,Regime del margine per le auto usate applicazione dell'imposta sul margine,IVA,A REGIME,REGIME SPECIALE,Effetti di trascurabile entità,,,,,SOGGETTI E CATEGORIE PARTICOLARI,,95
2018,29: POLITICHE ECONOMICO-FINANZIARIE E DI BILANCIO E TUTELA DELLA FINANZA PUBBLICA,406,"Art. 2, secondo comma, n. 4, del D.P.R. 633/72","Non assoggettamento ad IVA delle cessioni gratuite di beni di valore inferiore ad euro 25,82",IVA,A REGIME,ESCLUSIONE,Non quantificabile,,,,,PERSONE FISICHE E GIURIDICHE,,95
2018,29: POLITICHE ECONOMICO-FINANZIARIE E DI BILANCIO E TUTELA DELLA FINANZA PUBBLICA,407,"Art. 2, terzo comma, lett. a), del D.P.R. 633/72",Non assoggettamento ad IVA dei contributi a fondo perduto,IVA,A REGIME,ESCLUSIONE,Non quantificabile,,,,,PERSONE FISICHE E GIURIDICHE,,95
2018,29: POLITICHE ECONOMICO-FINANZIARIE E DI BILANCIO E TUTELA DELLA FINANZA PUBBLICA,408,"Art. 2, terzo comma, lett. m), del D.P.R. 633/72",Non assoggettamento ad IVA delle cessioni di beni relativi alle operazioni e concorsi a premi,IVA,A REGIME,ESCLUSIONE,Non quantificabile,,,,,PERSONE FISICHE,,95
2018,29: POLITICHE ECONOMICO-FINANZIARIE E DI BILANCIO E TUTELA DELLA FINANZA PUBBLICA,409,"Art. 3, terzo comma, del D.P.R. 633/72","Non assoggettamento ad IVA delle prestazioni gratuite di servizi di valore inferiore ad euro 25,82",IVA,A REGIME,ESCLUSIONE,Non quantificabile,,,,,PERSONE FISICHE E GIURIDICHE,,95
2018,29: POLITICHE ECONOMICO-FINANZIARIE E DI BILANCIO E TUTELA DELLA FINANZA PUBBLICA,410,"Art. 3, terzo comma, del D.P.R. 633/72","Non assoggettamento ad IVA delle operazioni di diffusione di messaggi, rappresentazioni, immagini o comunicazioni di pubblico interesse richieste o patrocinate dallo Stato o da enti pubblici",IVA,A REGIME,ESCLUSIONE,Non quantificabile,,,,,STATO E ENTI PUBBLICI,,95
2018,29: POLITICHE ECONOMICO-FINANZIARIE E DI BILANCIO E TUTELA DELLA FINANZA PUBBLICA,411,"Art. 3, quinto comma, del D.P.R. 633/72",Non assoggettamento ad IVA delle prestazioni relative agli spettacoli rese ai possessori di titoli per l'accesso gratuito rilasciati dagli organizzatori nel limite massimo del 5 per cento di capienza del locale o da determinati enti nel limite stabilito con provvedimento del Direttore dell'Agenzia delle entrate,IVA,A REGIME,ESCLUSIONE,Non quantificabile,,,,,PERSONE FISICHE,,95
2018,29: POLITICHE ECONOMICO-FINANZIARIE E DI BILANCIO E TUTELA DELLA FINANZA PUBBLICA,412,"Art. 4, quarto comma, del D.P.R. 633/72","Non assoggettamento ad IVA delle cessioni di beni e prestazioni di servizi ai soci, associati o partecipanti effettuate in conformita' alle finalita' istituzionali da associazioni politiche, sindacali e di categoria, religiose, assistenziali, culturali sportive dilettantistiche, di promozione sociale e di formazione extra-scolastica della persona in presenza di determinate condizioni",IVA,A REGIME,ESCLUSIONE,Non quantificabile,,,,,PERSONE FISICHE,,95
2018,29: POLITICHE ECONOMICO-FINANZIARIE E DI BILANCIO E TUTELA DELLA FINANZA PUBBLICA,413,"Art. 4, quinto comma, del D.P.R. 633/72",Non assoggettamento ad IVA delle mense e spacci militari,IVA,A REGIME,ESCLUSIONE,Non quantificabile,,,,,PERSONE FISICHE,,95
2018,29: POLITICHE ECONOMICO-FINANZIARIE E DI BILANCIO E TUTELA DELLA FINANZA PUBBLICA,414,"Art. 4, quinto comma, del D.P.R. 633/72","Non assoggettamento ad IVA dei servizi di controllo qualititativo dei prodotti, compresa l'applicazione di marchi di qualità",IVA,A REGIME,ESCLUSIONE,Non quantificabile,,,,,PERSONE FISICHE E GIURIDICHE,,96
2018,29: POLITICHE ECONOMICO-FINANZIARIE E DI BILANCIO E TUTELA DELLA FINANZA PUBBLICA,415,"Art. 4, quinto comma, del D.P.R. 633/72",Non assoggettamento ad IVA delle cessioni di beni e prestazioni di servizi effettuate in occasione di manifestazioni propagandistiche dai partiti politici,IVA,A REGIME,ESCLUSIONE,Non quantificabile,,,,,ASSOCIAZIONI ENTI NO PROFIT ONLUS,,96
2018,29: POLITICHE ECONOMICO-FINANZIARIE E DI BILANCIO E TUTELA DELLA FINANZA PUBBLICA,416,"Art. 4, quinto comma, del D.P.R. 633/72","Non assoggettamento ad IVA delle cessioni di beni e prestazioni di servizi poste in essere dalla Presidenza della Repubblica, dal Senato della Repubblica, dalla Camera dei deputati e dalla Corte Costituzionale, nel perseguimento delle proprie finalita' istituzionali",IVA,A REGIME,ESCLUSIONE,Non quantificabile,,,,,STATO E ENTI PUBBLICI,,96
2018,29: POLITICHE ECONOMICO-FINANZIARIE E DI BILANCIO E TUTELA DELLA FINANZA PUBBLICA,417,"Art. 4, quinto comma, del D.P.R. 633/72",Non assoggettamento ad IVA delle prestazioni sanitarie soggette al pagamento di quote di partecipazione alla spesa sanitaria erogate dalle unita' sanitarie locali e dalle aziende ospedaliere del Servizio sanitario nazionale,IVA,A REGIME,ESCLUSIONE,Non quantificabile,,,,,PERSONE FISICHE,,96
2018,29: POLITICHE ECONOMICO-FINANZIARIE E DI BILANCIO E TUTELA DELLA FINANZA PUBBLICA,418,"Art. 4, sesto comma, del D.P.R. 633/72","Non assoggettamento ad IVA della somministrazione di alimenti e bevande effettuata, presso le sedi delle associazioni di promozione sociale, da bar ed esercizi similari",IVA,A REGIME,ESCLUSIONE,Non quantificabile,,,,,PERSONE FISICHE,,96
2018,29: POLITICHE ECONOMICO-FINANZIARIE E DI BILANCIO E TUTELA DELLA FINANZA PUBBLICA,419,"Art. 5, secondo comma, del D.P.R. 633/72",Non assoggettamento ad IVA delle prestazioni di servizi derivanti dall'attivita' di levata dei protesti esercitata dai segretari comunali,IVA,A REGIME,ESCLUSIONE,Non quantificabile,,,,,PERSONE FISICHE E GIURIDICHE,,96
2018,29: POLITICHE ECONOMICO-FINANZIARIE E DI BILANCIO E TUTELA DELLA FINANZA PUBBLICA,420,"Art. 5, secondo comma, del D.P.R. 633/72",Non assoggettamento ad IVA delle prestazioni di vigilanza e custodia rese da guardie giurate,IVA,A REGIME,ESCLUSIONE,Non quantificabile,,,,,PERSONE FISICHE E GIURIDICHE,,96
2018,29: POLITICHE ECONOMICO-FINANZIARIE E DI BILANCIO E TUTELA DELLA FINANZA PUBBLICA,421,"Art. 8, primo comma, lettera c), del D.P.R. 633/72",Cessioni di beni effettuate nei confronti di esportatori abituali nei limiti del plafond maturato,IVA,A REGIME,ESCLUSIONE,Non quantificabile,,,,,SOGGETTI E CATEGORIE PARTICOLARI,,96
2018,29: POLITICHE ECONOMICO-FINANZIARIE E DI BILANCIO E TUTELA DELLA FINANZA PUBBLICA,422,"Art. 8-bis, lettera a), del D.P.R. n. 633/72",Cessioni di navi destinate alla demolizione,IVA,A REGIME,ESCLUSIONE,Non quantificabile,,,,,IMPRESE E SOCIETA',,96
2018,29: POLITICHE ECONOMICO-FINANZIARIE E DI BILANCIO E TUTELA DELLA FINANZA PUBBLICA,423,"Art. 8-bis, lettera b), del D.P.R. n. 633/72",Cessioni di navi e di aeromobili ad organi dello Stato,IVA,A REGIME,ESCLUSIONE,Non quantificabile,,,,,STATO E ENTI PUBBLICI,,96
2018,29: POLITICHE ECONOMICO-FINANZIARIE E DI BILANCIO E TUTELA DELLA FINANZA PUBBLICA,424,"Art. 9, n.6, del D.P.R. 633/72","Servizi prestati nei porti, aeroporti e simili nonché quelli resi dagli agenti marittimi raccomandatari",IVA,A REGIME,ESCLUSIONE,Non quantificabile,,,,,IMPRESE E SOCIETA',,96
2018,29: POLITICHE ECONOMICO-FINANZIARIE E DI BILANCIO E TUTELA DELLA FINANZA PUBBLICA,425,"Art. 9, n. 8, del D.P.R. 633/72",Manipolazioni usuali eseguite nei depositi doganali,IVA,A REGIME,ESCLUSIONE,Non quantificabile,,,,,IMPRESE E SOCIETA',,96
2018,29: POLITICHE ECONOMICO-FINANZIARIE E DI BILANCIO E TUTELA DELLA FINANZA PUBBLICA,426,"Art. 10, primo comma, n. 5), d.P.R. 633/1972",Esenzione per le operazioni relative alla riscossione dei tributi con pro rata di detraibilità a monte,IVA,A REGIME,ESENZIONE,Non quantificabile,,,,,PERSONE FISICHE,,96
2018,29: POLITICHE ECONOMICO-FINANZIARIE E DI BILANCIO E TUTELA DELLA FINANZA PUBBLICA,427,"Art. 10, primo comma, n. 12), d.P.R. 633/1972","Esenzione per le cessioni gratuite di beni fatte ad enti pubblici, associazioni riconosciute o fondazioni aventi esclusivamente finalita'di assistenza, beneficenza, educazione, istruzione, studio o ricerca scientifica e alle ONLUS con pro rata di detraibilità a monte",IVA,A REGIME,ESENZIONE,"-6,0","-6,0","-6,0",815,"-7.362,0",ASSOCIAZIONI ENTI NO PROFIT ONLUS,,96
2018,29: POLITICHE ECONOMICO-FINANZIARIE E DI BILANCIO E TUTELA DELLA FINANZA PUBBLICA,428,"Art. 10, primo comma, n. 13), d.P.R. 633/1972",Esenzione per le cessioni gratuite di beni fatte a favore delle popolazioni colpite da calamità naturali con pro rata di detraibilità a monte,IVA,A REGIME,ESENZIONE,"-0,5","-0,5","-0,5",,,PERSONE FISICHE E GIURIDICHE,,97
2018,29: POLITICHE ECONOMICO-FINANZIARIE E DI BILANCIO E TUTELA DELLA FINANZA PUBBLICA,429,"Art. 10, primo comma, n. 27), d.P.R. 633/1972",Esenzione delle prestazioni dei servizi di pompe funebri con pro rata di detraibilità a monte,IVA,A REGIME,ESENZIONE,"-28,7","-28,7","-28,7",5.724,"-5.134,5",PERSONE FISICHE,,97
2018,29: POLITICHE ECONOMICO-FINANZIARIE E DI BILANCIO E TUTELA DELLA FINANZA PUBBLICA,430,"Art. 10, primo comma, n. 27-quater), d.P.R. 633/1972",Esenzione delle prestazioni delle compagnie barracellari con pro rata di detraibilità a monte,IVA,A REGIME,ESENZIONE,"-0,5","-0,5","-0,5",,,PERSONE FISICHE,,97
2018,29: POLITICHE ECONOMICO-FINANZIARIE E DI BILANCIO E TUTELA DELLA FINANZA PUBBLICA,431,"Art. 74, comma 4, DPR n.633/72","Versamenti trimestrali senza pagamento di interessi per alcune categorie di contribuenti autorizzati con D.M. (somministrazione di gas, acqua ed energia elettrica)",IVA,A REGIME,ALTRO,"-9,0","-9,0","-9,0",1.805,"-4.166,2",IMPRESE E SOCIETA',,97
2018,29: POLITICHE ECONOMICO-FINANZIARIE E DI BILANCIO E TUTELA DELLA FINANZA PUBBLICA,432,"Art. 74, comma 4, DPR n.633/72",Versamenti trimestrali senza pagamento di interessi per gli esercenti impianti distribuzione carburante per uso autotrazione,IVA,A REGIME,ALTRO,"-1,3","-1,3","-1,3",11.113,"-112,5",SOGGETTI E CATEGORIE PARTICOLARI,,97
2018,29: POLITICHE ECONOMICO-FINANZIARIE E DI BILANCIO E TUTELA DELLA FINANZA PUBBLICA,433,"Art.74, comma 4, DPR n.633/1972",Versamenti trimestrali senza pagamento di interessi per gli autotrasportatori cose conto terzi,IVA,A REGIME,ALTRO,"-7,8","-7,8","-7,8",,,SOGGETTI E CATEGORIE PARTICOLARI,,97
2018,29: POLITICHE ECONOMICO-FINANZIARIE E DI BILANCIO E TUTELA DELLA FINANZA PUBBLICA,434,"Art.74, comma 4, DPR n.633/1972",Versamenti differiti di un trimestre per gli autotrasportatori cose conto terzi,IVA,A REGIME,ALTRO,Non quantificabile,,,,,SOGGETTI E CATEGORIE PARTICOLARI,,97
2018,29: POLITICHE ECONOMICO-FINANZIARIE E DI BILANCIO E TUTELA DELLA FINANZA PUBBLICA,435,"Art. 74, comma 5, decreto del DPR n.633/72",Versamenti trimestrali senza pagamento di interessi per i subfornitori,IVA,A REGIME,ALTRO,Non quantificabile,,,,,PERSONE FISICHE,,97
2018,29: POLITICHE ECONOMICO-FINANZIARIE E DI BILANCIO E TUTELA DELLA FINANZA PUBBLICA,436,"Art. 74, comma 6, del d.P.R. n. 633/72","Regime speciale per gli intrattenimenti, i giochi e le altre attività di cui alla tariffa allegata al d.P.R. n. 640/72 Detrazione forfettizzata dell'imposta nella misura del 50%",IVA,A REGIME,REGIME SPECIALE,Non quantificabile,,,,,SOGGETTI E CATEGORIE PARTICOLARI,,97
2018,29: POLITICHE ECONOMICO-FINANZIARIE E DI BILANCIO E TUTELA DELLA FINANZA PUBBLICA,437,"Art. 74, comma 6, del d.P.R. n. 633/72","Regime speciale per gli intrattenimenti, esteso alle società sportive dilettantistiche che optano per il regime di favore di cui alla legge n. 398/1991 Detrazione forfettizzata dell'imposta nella misura del 50%",IVA,A REGIME,REGIME SPECIALE,Non quantificabile,,,,,SOGGETTI E CATEGORIE PARTICOLARI,,97
2018,29: POLITICHE ECONOMICO-FINANZIARIE E DI BILANCIO E TUTELA DELLA FINANZA PUBBLICA,438,"Art. 1, commi da 96 a 117, della Legge n. 244 del 2007 - Art. 27, commi 1 e 2, del D.L. n. 98 del 2011 (convertito nella legge n. 111 del 2011); Art. 1 legge n. 190/2014; art. 10, co.12 undecies D.L. n. 192/2014","""Vecchio"" regime dei contribuenti minimi. Per i soggetti rispondenti ai requisiti previsti dalla norma, è prevista l'applicazione di un'imposta sostitutiva dell'imposta sui redditi e delle addizionali regionali e comunali pari al 5%. I contribuenti sono esenti da Irap, non addebitano l'IVA sulle vendite e non hanno diritto alla detrazione per l'IVA sugli acquisti. E' possibile optare per l'applicazione dell'IVA e dell'IRPEF nei modi ordinari. Si applica, per il periodo d'imposta in cui l'attività è iniziata e per i quattro successivi. Il regime è applicabile anche oltre il quarto periodo di imposta successivo, fino al compimento del trentacinquesimo anno di età.",IRPEF/IRAP/IVA,2019,REGIME SPECIALE,"-88,9","0,0","0,0",47.863,"-1.857,4",SOGGETTI E CATEGORIE PARTICOLARI,,97
2018,29: POLITICHE ECONOMICO-FINANZIARIE E DI BILANCIO E TUTELA DELLA FINANZA PUBBLICA,439,"Art. 1, co. da 54 a 89, legge n. 190/2014; art. 1, co. 111- 113, legge n. 208/2015","""Nuovo"" regime forfettario agli effetti dell’Iva, dell’Irpef e dell’Irap di determinazione del reddito da assoggettare ad un’unica imposta sostituiva di quelle dovute, con l’aliquota del 15% per le persone fisiche con un limite di ricavi annui diversificati per settore .",IRPEF/IRES/IVA,A REGIME,REGIME SPECIALE,"-349,7","-349,7","-349,7",1.160.000,"-301,5",SOGGETTI E CATEGORIE PARTICOLARI,,98
2018,29: POLITICHE ECONOMICO-FINANZIARIE E DI BILANCIO E TUTELA DELLA FINANZA PUBBLICA,440,"Articolo 5, comma 1, della legge n. 413/1991","Gli enti non commerciali che esercitano attività di agriturismo di cui alla legge 5 dicembre 1985, n. 730, determinano il reddito imponibile applicando all'ammontare dei ricavi conseguiti con l'esercizio di tale attività, al netto della imposta sul valore aggiunto, il coefficiente di redditività del 25 per cento",IRPEF/IRES,A REGIME,REGIME SPECIALE,Effetti di trascurabile entità,,,,,SOGGETTI E CATEGORIE PARTICOLARI,,98
2018,29: POLITICHE ECONOMICO-FINANZIARIE E DI BILANCIO E TUTELA DELLA FINANZA PUBBLICA,441,"Articolo 5, comma 2, della legge n. 413/1991",Regime di detrazione forfettizzata per le attività di agriturismo,IVA,A REGIME,REGIME SPECIALE,"-0,8","-0,8","-0,8",16.325,"-48,2",SOGGETTI E CATEGORIE PARTICOLARI,,98
2018,29: POLITICHE ECONOMICO-FINANZIARIE E DI BILANCIO E TUTELA DELLA FINANZA PUBBLICA,442,32bis del d.l. n 83/2012 (Art. 7 d.l. n. 185/2008),"Regime dell'IVA di cassa in base al quale il versamento dell'IVA è differito al momento della riscossione dei corrispettivi, ma comunque non oltre un anno",IVA,A REGIME,REGIME SPECIALE,"-295,6","0,0","0,0",,,IMPRESE E SOCIETA',,98
2018,29: POLITICHE ECONOMICO-FINANZIARIE E DI BILANCIO E TUTELA DELLA FINANZA PUBBLICA,443,Art. 8 comma 1-bis del DL 351 del 25 settembre 2001.,Esclusione da IVA (assimilaz. A conferimento di ramo d'azienda) degli apporti a fondi immobiliari chiusi di pluralità di immobili prevalentemente locati,IVA,A REGIME,ESCLUSIONE,Non quantificabile,,,,,SOGGETTI E CATEGORIE PARTICOLARI,,98
2018,29: POLITICHE ECONOMICO-FINANZIARIE E DI BILANCIO E TUTELA DELLA FINANZA PUBBLICA,444,"Legge 27.12.2006, n. 296, art. 1, comma 138",Esclusione da IVA (assimilaz. a conferimento di ramo d'azienda) degli apporti a SIIQ e SIINQ di pluralità di immobili prevalentemente locati,IVA,A REGIME,ESCLUSIONE,Non quantificabile,,,,,SOGGETTI E CATEGORIE PARTICOLARI,,98
2018,29: POLITICHE ECONOMICO-FINANZIARIE E DI BILANCIO E TUTELA DELLA FINANZA PUBBLICA,445,"art. 1, comma 126 della legge 28/12/2015 n. 208, che ha sostituito l'art. 26 del dPR n. 633/1972",Le note di variazione in diminuzione ai fini Iva in caso di assoggettamento a procedure concorsuali del debitore possono essere emesse solo in presenza di procedure rimaste infruttuose al fine di alleggerire il peso dell'anticipazione finanziaria dell'IVA,IVA,A REGIME,ALTRO,"-340,0","-340,0","-340,0",,,PERSONE FISICHE E GIURIDICHE,,98
2018,29: POLITICHE ECONOMICO-FINANZIARIE E DI BILANCIO E TUTELA DELLA FINANZA PUBBLICA,446,Artt. 15 e seguenti del D.P.R. n. 601/73,"Per le operazioni concernenti il settore del credito è prevista l'applicazione dell'imposta sostitutiva in luogo delle imposte di registro, di bollo, ipotecaria e catastale e tassa sulle concessioni governative","IMPOSTE DI REGISTRO, DI BOLLO E IPOCASTATALI",A REGIME,REGIME SOSTITUTIVO,"-1.993,1","-1.993,1","-1.993,1",,,BANCHE E ASSICURAZIONI,,98
2018,29: POLITICHE ECONOMICO-FINANZIARIE E DI BILANCIO E TUTELA DELLA FINANZA PUBBLICA,447,"Art. 1, comma 1, del DPR n. 131/1986",Riduz. imposta di registro all'1% per trasferim. abitazioni esenti da IVA nei confronti di società immobiliari,"IMPOSTE DI REGISTRO, DI BOLLO E IPOCASTATALI",A REGIME,RIDUZIONE DI ALIQUOTA,"-5,4","-5,4","-5,4",506,"-16.250,1",SOGGETTI E CATEGORIE PARTICOLARI,,98
2018,29: POLITICHE ECONOMICO-FINANZIARIE E DI BILANCIO E TUTELA DELLA FINANZA PUBBLICA,448,"Art. 4 comma 1, lett a), n. 2) del DPR n. 131/1986",Imposta di registro in misura ridotta del 4% per atti di conferimento di fabbricati a destinazione commerciale e di aree su cui costruire detti fabbricati,"IMPOSTE DI REGISTRO, DI BOLLO E IPOCASTATALI",A REGIME,RIDUZIONE DI ALIQUOTA,"-2,9","-2,9","-2,9",177,"-10.742,6",IMPRESE E SOCIETA',,98
2018,29: POLITICHE ECONOMICO-FINANZIARIE E DI BILANCIO E TUTELA DELLA FINANZA PUBBLICA,449,"Art. 35, comma 10-ter1 del DL 223/2006",Imposte di registro e ipocatastali in misura fissa su riscatto dell'immobile concesso in leasing,"IMPOSTE DI REGISTRO, DI BOLLO E IPOCASTATALI",A REGIME,IMPOSTA IN MISURA FISSA,Non quantificabile,,,,,PERSONE FISICHE E GIURIDICHE,,98
2018,29: POLITICHE ECONOMICO-FINANZIARIE E DI BILANCIO E TUTELA DELLA FINANZA PUBBLICA,450,"Art. 16, comma 2, della Legge n. 1216/61","Esenzione da imposta di registro e formalità di registrazione contratti di assicurazione e riassicurazione, ricevute e quietanze","IMPOSTE DI REGISTRO, DI BOLLO E IPOCASTATALI",A REGIME,ESENZIONE,"-514,5","-514,5","-514,5",,,PERSONE FISICHE E GIURIDICHE,,98
2018,29: POLITICHE ECONOMICO-FINANZIARIE E DI BILANCIO E TUTELA DELLA FINANZA PUBBLICA,451,Art. 3 del D.Lgs. n. 346/90,"Trasferimenti a favore dello Stato, regioni , province , comuni, enti pubblici, alcuni associazioni e fondazioni, ONLUS, movimenti e partiti politici nonché a condizione di reciprocità enti pubblici, fondazioni ed associazioni esteri","IMPOSTE DI REGISTRO, DI BOLLO E IPOCASTATALI",A REGIME,ESENZIONE,"-17,5","-17,5","-17,5",,,ASSOCIAZIONI ENTI NO PROFIT ONLUS,,99
2018,29: POLITICHE ECONOMICO-FINANZIARIE E DI BILANCIO E TUTELA DELLA FINANZA PUBBLICA,452,Artt. 1 e 10 del D.Lgs. n. 347/90,"Formalità di trascrizione, iscrizione, rinnovazione, annotazione e volture eseguite nell'interesse dello Stato, ovvero relative ai trasferimenti a favore di regioni , province , comuni, enti pubblici, alcuni associazioni e fondazioni, ONLUS, movimenti e partiti politici nonché a condizione di reciprocità enti pubblici, fondazioni ed associazioni esteri","IMPOSTE DI REGISTRO, DI BOLLO E IPOCASTATALI",A REGIME,ESENZIONE,"-6,5","-6,5","-6,5",,,ASSOCIAZIONI ENTI NO PROFIT ONLUS,,99
2018,29: POLITICHE ECONOMICO-FINANZIARIE E DI BILANCIO E TUTELA DELLA FINANZA PUBBLICA,453,Nota sub punto 3 all’art. 4 della tariffa allegata al D.P.R. n. 641/72,"Esenzione dalle tasse sulle concessioni governative le licenze rilasciate a dipendenti civili dello Stato, a norma dell’articolo 74 del regolamento di pubblica sicurezza nonché alle persone comprese nelle categorie, individuate a norma dell’art. 7, comma",ALTRO,A REGIME,ESENZIONE,"-1,0","-1,0","-1,0",,,PERSONE FISICHE,,99
2018,29: POLITICHE ECONOMICO-FINANZIARIE E DI BILANCIO E TUTELA DELLA FINANZA PUBBLICA,454,Tabella allegata al D.P.R. 131/1986,Imposta in misura fissa per la registrazione volontaria atti non assoggettati all'obbligo della registrazione indicati nella Tabella per i quali la predetta registrazione viene volontariamente richiesta,"IMPOSTE DI REGISTRO, DI BOLLO E IPOCASTATALI",A REGIME,IMPOSTA IN MISURA FISSA,Non quantificabile,,,,,PERSONE FISICHE E GIURIDICHE,,99
2018,29: POLITICHE ECONOMICO-FINANZIARIE E DI BILANCIO E TUTELA DELLA FINANZA PUBBLICA,455,Art. 1 del D.Lgs. n.346/90,Esenzione delle liberalità indirette risultanti da atti di trasferimento soggetti a registrazione,IMPOSTE SU DONAZIONI E SUCCESSIONI,A REGIME,ESENZIONE,"-1,0","-1,0","-1,0",,,PERSONE FISICHE,,99
2018,29: POLITICHE ECONOMICO-FINANZIARIE E DI BILANCIO E TUTELA DELLA FINANZA PUBBLICA,456,Art.25 del D.Lgs. n. 346/90,"Riduzione di imposta per: successioni apertesi entro 5 anni da altre successioni; beni immobili culturali non sottoposti a vincolo anteriormente all'apertura della successione; fondi rustici devoluti al coniuge e parenti prossimi di valore non superiore a lire 200 milioni; immobili o parti di immobili adibiti all'esercizio dell'impresa e devoluti al coniuge e/o parenti prossimi; aziende, quote di società di persone o beni strumentali ubicate in comuni montani e trasferiti al coniuge e/o parenti prossimi.",IMPOSTE SU DONAZIONI E SUCCESSIONI,A REGIME,ALTRO,"-0,5","-0,5","-0,5",,,PERSONE FISICHE,,99
2018,29: POLITICHE ECONOMICO-FINANZIARIE E DI BILANCIO E TUTELA DELLA FINANZA PUBBLICA,457,"D.lgs . N. 347 del 1990, Tariffa, art. 4",Applicazione imposte ipotecaria e catastale in misura fissa per gli atti di fusione o di scissione di società di qualunque tipo e di atti di conferimento di aziende o di complessi aziendli relativi a singoli rami di impresa.,"IMPOSTE DI REGISTRO, DI BOLLO E IPOCASTATALI",A REGIME,IMPOSTA IN MISURA FISSA,Non quantificabile,,,,,IMPRESE E SOCIETA',,99
2018,29: POLITICHE ECONOMICO-FINANZIARIE E DI BILANCIO E TUTELA DELLA FINANZA PUBBLICA,458,"D.lgs . N. 347 del 1990, Tariffa, art. 4",Applicazione imposte ipotecaria e catastale in misura fissa per gli atti di regolarizzazione di società di fatto derivanti da comunione ereditaria di azienda registrati entro un anno dall'apertura della successione,"IMPOSTE DI REGISTRO, DI BOLLO E IPOCASTATALI",A REGIME,IMPOSTA IN MISURA FISSA,Non quantificabile,,,,,PERSONE FISICHE,,99
2018,29: POLITICHE ECONOMICO-FINANZIARIE E DI BILANCIO E TUTELA DELLA FINANZA PUBBLICA,459,Art. 18 del D.P.R. n. 115/02,"Esenzione dall’imposta di bollo 1. Gli atti e provvedimenti del processo penale; 2. Gli atti e provvedimenti del processo civile, e tributario, compresa la procedura concorsuale e di volontaria giurisdizione, e del processo amministrativo, nonché delle pubblico impiego soggetti al contributo unificato; 3. Le copie autentiche, comprese quelle esecutive, degli atti e dei provvedimenti, purchè richieste dalle parti processuali.","IMPOSTE DI REGISTRO, DI BOLLO E IPOCASTATALI",A REGIME,ESENZIONE,La misura del bollo risulta essere compreso nel contributo unificato,,,,,PERSONE FISICHE E GIURIDICHE,,99
2018,29: POLITICHE ECONOMICO-FINANZIARIE E DI BILANCIO E TUTELA DELLA FINANZA PUBBLICA,460,"Articolo 17, comma 2, D.Lvo n. 28 del 2010",Esenzione da imposta di Bollo e ogni altra spesa tassa o diritto per documenti e provvedimenti relativi al procedimento di mediazione,"IMPOSTE DI REGISTRO, DI BOLLO E IPOCASTATALI",A REGIME,ESENZIONE,,,,,,PERSONE FISICHE E GIURIDICHE,,99
2018,29: POLITICHE ECONOMICO-FINANZIARIE E DI BILANCIO E TUTELA DELLA FINANZA PUBBLICA,461,"Articolo 17, comma 3, D.Lvo n. 28 del 2010","Esenzione dall'imposta di registro per il verbale del procedimento di mediazione entro il limite di valore di 50.000 euro, l'imposta è dovuta per la parte eccedente","IMPOSTE DI REGISTRO, DI BOLLO E IPOCASTATALI",A REGIME,ESENZIONE,"16,2","16,2","16,2",,,PERSONE FISICHE E GIURIDICHE,,100
2018,29: POLITICHE ECONOMICO-FINANZIARIE E DI BILANCIO E TUTELA DELLA FINANZA PUBBLICA,462,"Art. 13 commi 2 bis e 2 ter della Tariffa allegata al DPR 26 ottobre 1972, n. 642","Estratti conto comunicazione relativi al deposito titoli, comunicazioni da banca a cliente sui cc postali e bancari","IMPOSTE DI REGISTRO, DI BOLLO E IPOCASTATALI",A REGIME,REGIME SOSTITUTIVO,Non quantificabile,,,,,PERSONE FISICHE E GIURIDICHE,,100
2018,29: POLITICHE ECONOMICO-FINANZIARIE E DI BILANCIO E TUTELA DELLA FINANZA PUBBLICA,463,Tabella allegato B del DPR 642 del 1972 ( Atti e documenti esenti in modo assoluto dall''imposta di bollo),La tabella Individua gli atti esenti dall'imposta,"IMPOSTE DI REGISTRO, DI BOLLO E IPOCASTATALI",A REGIME,ESENZIONE,Non quantificabile,,,,,STATO E ENTI PUBBLICI,,100
2018,29: POLITICHE ECONOMICO-FINANZIARIE E DI BILANCIO E TUTELA DELLA FINANZA PUBBLICA,464,"Nota all'articolo 19 della Tariffa, parte prima, allegata al DPR n. 642 del 1972",Esenti dall'imposta di bollo i ceritficati rilasciati da organi dell'autorità giudiziaria relativi alla materia penale,"IMPOSTE DI REGISTRO, DI BOLLO E IPOCASTATALI",A REGIME,ESENZIONE,"-157,3","-157,3","-157,3",9.830.948,"-16,0",PERSONE FISICHE,,100
2018,29: POLITICHE ECONOMICO-FINANZIARIE E DI BILANCIO E TUTELA DELLA FINANZA PUBBLICA,465,Articolo 37 del DPR n . 445 del 2000,"Esenti dall'imposta di bollo le dichiarazioni sostitutive comprovanti stati, qualità personali e fatti","IMPOSTE DI REGISTRO, DI BOLLO E IPOCASTATALI",A REGIME,ESENZIONE,Non quantificabile,,,,,PERSONE FISICHE,,100
2018,29: POLITICHE ECONOMICO-FINANZIARIE E DI BILANCIO E TUTELA DELLA FINANZA PUBBLICA,466,Articolo 34 del DPR n. 445 del 2000,Esente da imposta di bollo l'autenticazione di fotografie per documenti personali,"IMPOSTE DI REGISTRO, DI BOLLO E IPOCASTATALI",A REGIME,ESENZIONE,Non quantificabile,,,,,PERSONE FISICHE,,100
2018,29: POLITICHE ECONOMICO-FINANZIARIE E DI BILANCIO E TUTELA DELLA FINANZA PUBBLICA,467,"Articolo 32 , comma 5 ter del D.L. n. 78 del 2010 convertito dalla legge 122 del 2010","Misura fissa delle imposte di registro , ipotecaria e catastale per gli atti di liquidazione del patrimonio immobilare ( fondi immobiliari)","IMPOSTE DI REGISTRO, DI BOLLO E IPOCASTATALI",A REGIME,IMPOSTA IN MISURA FISSA,Non quantificabile,,,,,SOGGETTI E CATEGORIE PARTICOLARI,,100
2018,29: POLITICHE ECONOMICO-FINANZIARIE E DI BILANCIO E TUTELA DELLA FINANZA PUBBLICA,468,Convenzione di Vienna sulle relazioni diplomatiche e consolari del 18 aprile 1961 e successive integrazioni,Misure sui trasferimenti del personale diplomatico e consolare,"IMPOSTE DI REGISTRO, DI BOLLO E IPOCASTATALI",A REGIME,ESENZIONE,Non quantificabile,,,,,SOGGETTI E CATEGORIE PARTICOLARI,,100
2018,29: POLITICHE ECONOMICO-FINANZIARIE E DI BILANCIO E TUTELA DELLA FINANZA PUBBLICA,469,Accordi internazionali ed accordi di sede,Misure soggette a specifiche condizioni,"IMPOSTE DI REGISTRO, DI BOLLO E IPOCASTATALI",A REGIME,ESENZIONE,Non quantificabile,,,,,STATO E ENTI PUBBLICI,,100
2018,29: POLITICHE ECONOMICO-FINANZIARIE E DI BILANCIO E TUTELA DELLA FINANZA PUBBLICA,470,"Articolo 47, comma 1, del DPR n. 602 del 1973 - Imposta ipotecaria, Tassa ipotecaria.","Gratuità delle trascrizioni, iscrizioni , cancellazione dei pignoramenti mobiliari ed immobiliari richieste dal concessionario della riscossione","IMPOSTE DI REGISTRO, DI BOLLO E IPOCASTATALI",A REGIME,ESENZIONE,Non quantificabile,,,,,SOGGETTI E CATEGORIE PARTICOLARI,,100
2018,29: POLITICHE ECONOMICO-FINANZIARIE E DI BILANCIO E TUTELA DELLA FINANZA PUBBLICA,471,"Articolo 47bis, comma 1, del del DPR n. 602 del 1973 Imposta di registro.","Ai traferimenti di beni mobili non registrati la cui vendita è curata dai concessionari , l'imposta di rgistro si applica nella misura fissa ridotta pari a dieci euro","IMPOSTE DI REGISTRO, DI BOLLO E IPOCASTATALI",A REGIME,IMPOSTA IN MISURA FISSA,Non quantificabile,,,,,SOGGETTI E CATEGORIE PARTICOLARI,,100
2018,29: POLITICHE ECONOMICO-FINANZIARIE E DI BILANCIO E TUTELA DELLA FINANZA PUBBLICA,472,"D.Lgs. 28 luglio 1989, n. 271 (cfr. art. 32 disp. att. c.p.p..)","Esenzione da bolli, imposte e spese per le procedure di recupero crediti professionali del difensore d'ufficio. Per quanto riguarda l'imposta di bollo, ora confluita nella esenzione dal contributo unificato","IMPOSTE DI REGISTRO, DI BOLLO E IPOCASTATALI",A REGIME,ESENZIONE,Non quantificabile,,,,,SOGGETTI E CATEGORIE PARTICOLARI,,100
2018,29: POLITICHE ECONOMICO-FINANZIARIE E DI BILANCIO E TUTELA DELLA FINANZA PUBBLICA,473,"Art. 2, primo comma, della legge 1 dicembre 1981, n. 692","Esenzione da tasse di bollo, di registro e altre imposte per i provvedimenti di restituzione delle terre a comuni, liquidazione di usi civici, legittimazioni, assegnazioni e atti dei procedimenti di cui alla legge 1766 del 1927","IMPOSTE DI REGISTRO, DI BOLLO E IPOCASTATALI",A REGIME,ESENZIONE,Non quantificabile,,,,,STATO E ENTI PUBBLICI,,100
2018,29: POLITICHE ECONOMICO-FINANZIARIE E DI BILANCIO E TUTELA DELLA FINANZA PUBBLICA,474,"Art. 40-bis, comma 2, del D. Lgs. 1 settembre 1993, n. 385 (già contenuta nel D.L. n. 7 del 2007)",Esenzione da tributi per il procedimento semplificato di cancellazione dell'ipoteca,"IMPOSTE DI REGISTRO, DI BOLLO E IPOCASTATALI",A REGIME,ESENZIONE,Non quantificabile,,,,,PERSONE FISICHE,,101
2018,29: POLITICHE ECONOMICO-FINANZIARIE E DI BILANCIO E TUTELA DELLA FINANZA PUBBLICA,475,"Art. 8, comma 4-bis, del D.L. 31 gennaio 2007, n. 7 convertito con modificazioni dalla legge 2007, n. 40 (cfr. articolo 120-quater del D. Lgs. n. 385 del 1993)",Esenzione dalle imposta sostitutiva di cui all'art. 17 del D.P.R. n. 601 del 1973 ed esenzione dalle imposte di cui all'art. 15 del medesimo D.P.R. per le operazioni di portabilità del mutuo,"IMPOSTE DI REGISTRO, DI BOLLO E IPOCASTATALI",A REGIME,ESENZIONE,Non quantificabile,,,,,PERSONE FISICHE,,101
2018,29: POLITICHE ECONOMICO-FINANZIARIE E DI BILANCIO E TUTELA DELLA FINANZA PUBBLICA,476,"Art. 4 del D.L. 1 ottobre 1996, n. 510, convertito dalla legge 28 novembre 1996, n. 608","Misure concernenti le cessioni di beni relativi ad attività produttive dismesse, effettuate gratuitamente nei confroni di enti locali territoriali, enti pubblici, ASI e altri, nonchè successive cessioni gratuite","IMPOSTE DI REGISTRO, DI BOLLO E IPOCASTATALI",A REGIME,IMPOSTA IN MISURA FISSA,Non quantificabile,,,,,STATO E ENTI PUBBLICI,,101
2018,29: POLITICHE ECONOMICO-FINANZIARIE E DI BILANCIO E TUTELA DELLA FINANZA PUBBLICA,477,"Art. 31, comma 22, della legge 23 dicembre 1998, n. 448",Esenzione per la registrazione e la trascrizione dei provvedimenti comunali di accorpamento al demanio stradale delle porzioni di terreno utilizzate ad uso pubblico disposto in sede di revisione catastale,"IMPOSTE DI REGISTRO, DI BOLLO E IPOCASTATALI",A REGIME,ESENZIONE,Non quantificabile,,,,,STATO E ENTI PUBBLICI,,101
2018,29: POLITICHE ECONOMICO-FINANZIARIE E DI BILANCIO E TUTELA DELLA FINANZA PUBBLICA,478,"Art. 118, comma 1, del D.Lgs. 18 agosto 2000, n.267","Esenzione dalle imposte e tributi per i trasferimenti effettuati dai Comuni, dalle Province e da consorzi fra tali enti a favore di Aziende speciali o società a capitale interamente pubblico di cui al comma 13 dell'art. 113","IMPOSTE DI REGISTRO, DI BOLLO E IPOCASTATALI",A REGIME,ESENZIONE,Non quantificabile,,,,,STATO E ENTI PUBBLICI,,101
2018,29: POLITICHE ECONOMICO-FINANZIARIE E DI BILANCIO E TUTELA DELLA FINANZA PUBBLICA,479,"Art. 8, comma 10, del DL 15 aprile 2002, n. 63 connvertito dalla legge 15 giugno 2002, n. 112","Esenzione da imposte e tributi per le cessioni a favore di Infrastrutture spa, operazioni di finanziamento, provvedimenti, contratti, trasferimenti e formalità, ivi comprese le garanzie prestate, surroghe, sostituzioni, postergazioni, frazionamenti e cancellazioni","IMPOSTE DI REGISTRO, DI BOLLO E IPOCASTATALI",A REGIME,ESENZIONE,Non quantificabile,,,,,SOGGETTI E CATEGORIE PARTICOLARI,,101
2018,29: POLITICHE ECONOMICO-FINANZIARIE E DI BILANCIO E TUTELA DELLA FINANZA PUBBLICA,480,"Art. 2, comma 6, del D.L. 25 settembre 2001, n. 351, convertito con modificazioni dalla legge 23 novembre 2001, n. 410","Esenzione da imposte e tributi per le operazioni di cartolarizzazione del patrimonio immobiliare pubblico, tutti gli atti, contratti e trasferimenti posti in essere per il relativo perfezionamento, nonché formalità connesse","IMPOSTE DI REGISTRO, DI BOLLO E IPOCASTATALI",A REGIME,ESENZIONE,Non quantificabile,,,,,STATO E ENTI PUBBLICI,,101
2018,29: POLITICHE ECONOMICO-FINANZIARIE E DI BILANCIO E TUTELA DELLA FINANZA PUBBLICA,481,"Art 5, comma 24, D.L. 30 settembre 2003, n. 269, convertito dalla legge 24 novembre 2003, n. 326","Esenzione da imposte e tributi per gli atti , contratti, trasferimenti, prestazioni, e formalità relative a oerazioni di raccolta e impiego effettuate dalla gestione separata della CDP spa, ivi comprese le garanzie prestate","IMPOSTE DI REGISTRO, DI BOLLO E IPOCASTATALI",A REGIME,ESENZIONE,Non quantificabile,,,,,STATO E ENTI PUBBLICI,,101
2018,29: POLITICHE ECONOMICO-FINANZIARIE E DI BILANCIO E TUTELA DELLA FINANZA PUBBLICA,482,"Art.1, comma 275, della legge 30 dicembre 2004, n. 311",Esenzione da imposte e da tributi per i trasferimenti di immobili dei Comuni a fondazioni o società di cartolarizzazione o ad associazioni per la valorizzazione del patrimonio immobiliare,"IMPOSTE DI REGISTRO, DI BOLLO E IPOCASTATALI",A REGIME,ESENZIONE,Non quantificabile,,,,,STATO E ENTI PUBBLICI,,101
2018,29: POLITICHE ECONOMICO-FINANZIARIE E DI BILANCIO E TUTELA DELLA FINANZA PUBBLICA,483,"Articolo unico della legge 15 maggio 1954, n.228","Esenzione da diritti e compensi di cui alla legge 17.07.1951, n. 575 per servizi catastali richiesti/erogati nei confronti di Regioni, Province, Comuni, Enti di beneficienza","IMPOSTE DI REGISTRO, DI BOLLO E IPOCASTATALI",A REGIME,ESENZIONE,Non quantificabile,,,,,STATO E ENTI PUBBLICI,,101
2018,29: POLITICHE ECONOMICO-FINANZIARIE E DI BILANCIO E TUTELA DELLA FINANZA PUBBLICA,484,"Art. 1 della legge 21 novembre 1967 n.1149 ( cfr. Titolo III Tabella A allegata al D.L. 31 luglio 1954, n. 533, convertito, con modificazioni nella L. 26 settembre 1954, n. 869, e successive modificazioni)",Esenzione da diritti catastali per atti e documenti relativi alla procedura di espropriazione per causa di pubblica utilità promossa dalle amministrazioni dello Stato e da enti pubblici,ALTRO,A REGIME,ESENZIONE,Non quantificabile,,,,,STATO E ENTI PUBBLICI,,101
2018,29: POLITICHE ECONOMICO-FINANZIARIE E DI BILANCIO E TUTELA DELLA FINANZA PUBBLICA,485,"Artt. da 91 a 96 del Regolamento di conservazione del nuovo catasto, approvato con regio decreto 8 dicembre 1938, n. 2153","Rilascio in carta libera e senza applicazione di tassa o diritti sulle copie, sui certificati, sugli estratti a favore di varie categorie di soggetti","IMPOSTE DI REGISTRO, DI BOLLO E IPOCASTATALI",A REGIME,ESENZIONE,Non quantificabile,,,,,PERSONE FISICHE E GIURIDICHE,,101
2018,29: POLITICHE ECONOMICO-FINANZIARIE E DI BILANCIO E TUTELA DELLA FINANZA PUBBLICA,486,"Art. 47 bis D.P.R.29 settembre 1973, n. 602 (cfr. anche art. 18, co. 1, D.Lgs. 13 aprile 1999, n. 112)",Rilascio gratuito delle visure ipotecarie ai concessionari e loro incaricati,"IMPOSTE DI REGISTRO, DI BOLLO E IPOCASTATALI",A REGIME,ESENZIONE,Non quantificabile,,,,,SOGGETTI E CATEGORIE PARTICOLARI,,102
2018,29: POLITICHE ECONOMICO-FINANZIARIE E DI BILANCIO E TUTELA DELLA FINANZA PUBBLICA,487,Art.19 D. Lgs 347 del 31/10/1990,Esenzione dalle tasse ipotecarie per le operazioni nell'interesse dello Stato,ALTRO,A REGIME,ESENZIONE,Non quantificabile,,,,,STATO E ENTI PUBBLICI,,102
2018,29: POLITICHE ECONOMICO-FINANZIARIE E DI BILANCIO E TUTELA DELLA FINANZA PUBBLICA,488,"Art.11, comma 3, del D. Lgs. 30 dicembre 1992, n. 504",Esenzione da spese e diritti per le richieste dati e notizie ed elementi rilevanti agli uffici pubblici competenti ai fini dell'accertamento e liquidazione dell'ICI,"IMPOSTE DI REGISTRO, DI BOLLO E IPOCASTATALI",A REGIME,ESENZIONE,Non quantificabile,,,,,STATO E ENTI PUBBLICI,,102
2018,29: POLITICHE ECONOMICO-FINANZIARIE E DI BILANCIO E TUTELA DELLA FINANZA PUBBLICA,489,"Art. 66, comma 6-bis, del D.L: 30.08.1993, n. 331, convertito con legge 29 ottobre 1993, 427","Misure a favore di società cooperative edilizie di abitazione e loro consorzi - Atti costitutivi e modificativi; atti, documenti registi relativi alle operazioni previste dagli statuti.","IMPOSTE DI REGISTRO, DI BOLLO E IPOCASTATALI",A REGIME,ESENZIONE,Non quantificabile,,,,,SOGGETTI E CATEGORIE PARTICOLARI,,102
2018,29: POLITICHE ECONOMICO-FINANZIARIE E DI BILANCIO E TUTELA DELLA FINANZA PUBBLICA,490,"Art. 18, comma 1, del D.Lgs 13 aprile 1999, n. 112",Rilascio gratuito visure ed estrazione copie richieste dagli agenti della riscossione di dati atti riguardanti beni dei debitori iscritti a ruolo e i coobbligati,"IMPOSTE DI REGISTRO, DI BOLLO E IPOCASTATALI",A REGIME,ESENZIONE,Non quantificabile,,,,,SOGGETTI E CATEGORIE PARTICOLARI,,102
2018,29: POLITICHE ECONOMICO-FINANZIARIE E DI BILANCIO E TUTELA DELLA FINANZA PUBBLICA,491,"Legge 25 gennaio 1994,n. 86, articolo 14bis ; decreto legge Decreto legge 25 settembre 2001, n. 351, convertito dalla legge 23 novembre 2001, n. 410, articolo 9, comma 1 che rinvia all'articolo 7 della Tabella allegata al DPR 26 aprile 1986, n. 131","Imposta di registro in misura fissa in caso di registrazione per gli atti costitutivi dei fondi , il rimborso delle quote ed altre operazioni .","IMPOSTE DI REGISTRO, DI BOLLO E IPOCASTATALI",A REGIME,IMPOSTA IN MISURA FISSA,Non quantificabile,,,,,SOGGETTI E CATEGORIE PARTICOLARI,,102
2018,29: POLITICHE ECONOMICO-FINANZIARIE E DI BILANCIO E TUTELA DELLA FINANZA PUBBLICA,492,"Articolo 8, comma 1 bis, del decreto legge 25 settembre 2001, n. 351 convertito dalla legge 23 novembre 2001, n. 410, che rinvia all'articolo 4, comma 1, lettera a) n. 3 della Tariffa, parte Prima del DPR n. 131 del 1986; all'articolo 4 della Tariffa allegata al Dlgs","Imposte di registro, ipotecaria e catastale in misura fissa per gli apporti ai fondi immobiliari chiusi disciplinati dall'artixcolo 37 del Dlgs n. 58 del 1998 e dall'articolo 14 bis della legge n. 86 del 1994.","IMPOSTE DI REGISTRO, DI BOLLO E IPOCASTATALI",A REGIME,IMPOSTA IN MISURA FISSA,"-0,9","-0,9","-0,9",6,142.500,SOGGETTI E CATEGORIE PARTICOLARI,,102
2018,29: POLITICHE ECONOMICO-FINANZIARIE E DI BILANCIO E TUTELA DELLA FINANZA PUBBLICA,493,Legge 381 del 1991,"Esenzione da imposte di bollo , di registro, e dalle concessioni governative per gli atti costitutivi e modificativi e per gli atti di ammissione e recesso soci , di nomina e accettazione delle cariche sociali e per gli atti di variazione del capitale sociale che non abbiano obbligo di registrazione . ART. 7: esenzione dall'imposta per le successioni o donazioni a favore delle cooperative sociali e riduzione ad un quarto delle imposte ipotecarie e catastali dovute a seguito della stipula dei contratti di mutuo, di acquisto o di locazione relativi ad immobili destinati all'esercizio dell'attività sociale (ONLUS)","IMPOSTE DI REGISTRO, DI BOLLO E IPOCASTATALI",A REGIME,ESENZIONE,Non quantificabile,,,,,ASSOCIAZIONI ENTI NO PROFIT ONLUS,,102
2018,29: POLITICHE ECONOMICO-FINANZIARIE E DI BILANCIO E TUTELA DELLA FINANZA PUBBLICA,494,Dlgs 460 del 1997,Esenzione da imposta di bollo e dalla tassa sulle concessioni governative ( ONLUS),"IMPOSTE DI REGISTRO, DI BOLLO E IPOCASTATALI",A REGIME,ESENZIONE,Non quantificabile,,,,,ASSOCIAZIONI ENTI NO PROFIT ONLUS,,103
2018,29: POLITICHE ECONOMICO-FINANZIARIE E DI BILANCIO E TUTELA DELLA FINANZA PUBBLICA,495,"art. 1, comma 57 della legge n. 208 del 2015","esenzione dalle imposte di registro,ipotecaria e catastale e bollo su atti e provvedimenti in esecuzione dei piani di ricomposizione e riordino fondiario promossi da regioni, province, comuni e comunità montane","IMPOSTE DI REGISTRO, DI BOLLO E IPOCASTATALI",A REGIME,ESENZIONE,"-4,6","-4,6","-4,6",1.654,,STATO E ENTI PUBBLICI,,103
2018,29: POLITICHE ECONOMICO-FINANZIARIE E DI BILANCIO E TUTELA DELLA FINANZA PUBBLICA,496,"art. 32 del D.P.R. n. 601 del 1973 e art. 1, comma 58 della legge n. 208 del 2016",Imposta di registro in misura fissa ed esenzione dalle imposte ipotecaria e catastale per gli atti di trasferimento della proprietà delle aree da parte degli enti locali,"IMPOSTE DI REGISTRO, DI BOLLO E IPOCASTATALI",A REGIME,ESENZIONE,"-0,4","-0,4","-0,4",,,STATO E ENTI PUBBLICI,,103
2018,29: POLITICHE ECONOMICO-FINANZIARIE E DI BILANCIO E TUTELA DELLA FINANZA PUBBLICA,497,Art. 9-quater DL n. 457 del 1997,"Riduzione aliquota allo 0,05 per cento (dal 7,5 per cento) per le navi immatricolate in Italia",ALTRO,A REGIME,RIDUZIONE DI ALIQUOTA,Non quantificabile,,,,,SOGGETTI E CATEGORIE PARTICOLARI,,103
2018,29: POLITICHE ECONOMICO-FINANZIARIE E DI BILANCIO E TUTELA DELLA FINANZA PUBBLICA,498,"Art. 10 del DL n. 83/2014 convertito L n. 106/2014; Art. 1, c. 4-6, della L n. 232/2016; Art. 12-bis DL n. 50/2017; Art. 1, c. 17-18, della L. n. 205/2017",Credito d'imposta per riqualificare e migliorare le strutture ricettive turistico-alberghiere e favorire l'imprenditorialità nel settore turistico (de minimis) utilizzabile esclusivamente in compensazione,,2018,CREDITO D'IMPOSTA,"-6,8","-6,8","-6,8",3.371,"-2.017,2",SOGGETTI E CATEGORIE PARTICOLARI,,103
2018,29: POLITICHE ECONOMICO-FINANZIARIE E DI BILANCIO E TUTELA DELLA FINANZA PUBBLICA,499,"Art.7 della L. n. 448 del 2001. Art. 2, comma 2, del D.L. n. 282 del 2002 come modificato, da ultimo, dall'art. 1, comma 997, della L. n. 205 del 2017. Art. 1, comma 998 della L. n. 205 del 2017.",Rideterminazione dei valori dei terreni e delle partecipazioni non quotate posseduti alla data del 1 gennaio 2018,IMPOSTA SOSTITUTIVA,2018,REGIME SOSTITUTIVO,"175,0","175,0","-58,0",,,PERSONE FISICHE,,103
2018,29: POLITICHE ECONOMICO-FINANZIARIE E DI BILANCIO E TUTELA DELLA FINANZA PUBBLICA,500,"Art. 1, c. 924-925, della L n. 205/2017. Provv Ag E. 73203/2018 e Circ Ag E. 8/2018","Credito d'imposta esercenti impianti carburante (riconosciuto nel rispetto delle condizioni e dei limiti del de minimis) per le transazioni effettuate, a partire dal 1° luglio 2018, tramite sistemi di pagamento elettronico mediante carte di credito, debito o prepagate.",,A REGIME,CREDITO D'IMPOSTA,"-17,3","-34,6","-34,6",,,Esercenti impianti carburante,,103
2018,30: GIOVANI E SPORT,501,"Art. 15, comma 1, lettere i-sexies.1) e i-sexies.2), del TUIR introdotte dall'art. 1, comma 82, della L. n. 208 del 2015","Detrazione, nella misura del 19 %, dei canoni e degli oneri accessori relativi a contratti di locazione finanziaria di unità immobiliari da adibire ad abitazione principale, per un importo non superiore a 8.000 euro annui; detrazione, nella misura del 19%, del costo di riscatto a fronte dell’esercizio dell’opzione finale, per un importo non superiore a 20.000 euro. Tali detrazioni spettano a giovani di età non superiore a 35 anni con reddito complessivo non superiore a 55,000 €. Gli importi sui quali sono calcolate le detrazioni sono dimezzati con riferimento ai giovani di età superiore a 35 anni.",IRPEF,2020,DETRAZIONE,"-0,1","-0,1","-0,1",136,"-498,8",PERSONE FISICHE,,103
2018,30: GIOVANI E SPORT,502,"Art. 15, comma 1, lett. i-quinquies) e comma 2, TUIR",Detrazione per l'iscrizione annuale/abbonamento per i ragazzi di età compresa tra i 5 e i 18 anni ad associazioni sportive palestre piscine etc individuate con apposito decreto,IRPEF,A REGIME,DETRAZIONE,"-77,7","-77,7","-77,7",1.832.423,"-42,4",PERSONE FISICHE,,103
2018,30: GIOVANI E SPORT,503,"Art. 15, comma 1, lett. i-ter), TUIR",Detrazione per erogazioni liberali in denaro a favore delle società ed associazioni sportive dilettantistiche,IRPEF,A REGIME,DETRAZIONE,"-2,2","-2,2","-2,2",23.482,"-93,7",PERSONE FISICHE,,103
2018,30: GIOVANI E SPORT,504,"Legge n. 398/91, art. 9-bis D.L. 417/91, art. 25 commi 1-bis e 2 della L. 133/99, art. 2 comma 31 L. 350/2003; Art. 1, co. 50, Legge n. 232/2016",Possibilità di optare per un regime fiscale agevolato per le associazioni sportive non aventi scopo di lucro,IRES,A REGIME,REGIME SPECIALE,"-27,4","-27,4","-27,4",56.626,"-484,5",ASSOCIAZIONI ENTI NO PROFIT ONLUS,,104
2018,30: GIOVANI E SPORT,505,"Art. 90, comma 1, della Legge n. 289/02",Estensione delle disposizioni tributarie riguardanti le associazioni sportive dilettantistiche anche alle società sportive dilettantistiche costituite in società di capitali senza fine di lucro,IRES,A REGIME,REGIME SPECIALE,"-2,4","-2,4","-2,4",2.879,"-830,1",SOGGETTI E CATEGORIE PARTICOLARI,,104
2018,30: GIOVANI E SPORT,506,Art. 9-bis del D.L. n. 417/1991,La norma estende alle associazioni senza scopo di lucro ed alle pro-loco le disposizioni a favore delle associazioni sportive dilettantistiche di cui alla L. n. 398/1991.,IRES,A REGIME,REGIME SPECIALE,stima già compresa nel punto 504,,,,,ASSOCIAZIONI ENTI NO PROFIT ONLUS,,104
2018,30: GIOVANI E SPORT,507,"Art. 25, commi 1-bis), e 2, della Legge n.133/99","Non concorrono a formare il reddito imponibile, per un numero di eventi complessivamente non superiore a 2 per anno e per un importo non superiore al limite annuo fissato con DM: a) i proventi realizzati nello svolgimento di attività commerciali connesse agli scopi istituzionali; b) i proventi realizzati tramite raccolta pubblica di fondi, in conformità all’art.143, c.3, lett. a)",IRES,A REGIME,ESCLUSIONE,stima già compresa nel punto 504,,,,,ASSOCIAZIONI ENTI NO PROFIT ONLUS,,104
2018,30: GIOVANI E SPORT,508,"Art. 90, comma 11-bis, della Legge n. 289/02","La pubblicità realizzata negli impianti utilizzati per manifestazioni sportive dilettantistiche con capienza inferiore ai 3.000 posti si considera occasionale, ai fini dell’imposta sugli spettacoli, sugli intrattenimenti (art. 7-octies, DL 7/2005) e dell’imposta sulla pubblicità (art.1, c. 128, L. 266/2005)",IRES,A REGIME,ESCLUSIONE,"-5,0","-5,0","-5,0",,,ASSOCIAZIONI ENTI NO PROFIT ONLUS,,104
2018,30: GIOVANI E SPORT,509,"Art. 90, comma 23, della Legge n. 289/02","Ai dipendenti pubblici possono essere riconosciute esclusivamente le indennità e i rimborsi di cui all’art. 67, c. 1, lett. m) del Tuir",IRPEF,A REGIME,ESCLUSIONE,Non quantificabile,,,,,PERSONE FISICHE,,104
2018,30: GIOVANI E SPORT,510,"Art. 2, comma 31 della Legge n.350/03","Estensione delle disposizioni tributarie riguardanti le associazioni sportive dilettantistiche (legge 16 dicembre 1991, n. 398) alle associazioni bandistiche e cori amatoriali, filodrammatiche, di musica e danza popolare",IRES,A REGIME,REGIME SPECIALE,stima già compresa nel punto 504,,,,,ASSOCIAZIONI ENTI NO PROFIT ONLUS,,104
2018,30: GIOVANI E SPORT,511,"Art. 1, c. 352, lett. a), della L n. 205/2017","Credito d'imposta per l'ammodernamento impianti di calcio in favore delle società appartenenti alla Lega di serie B, alla Lega Pro e alla Lega nazionale dilettanti che hanno beneficiato della mutualità (riconosciuto nel rispetto del de minimis) da attuare con DPCM di concerto MEF",,A REGIME,CREDITO D'IMPOSTA,"-4,0","-4,0","-4,0",,,"IMPRESE (società appartenenti a Lega serie B, Lega Pro e Lega nazionale dilettanti che hanno beneficiato della mutualità)",,104
2018,30: GIOVANI E SPORT,512,"Art. 1, c. 363-366, della L n. 205/2017","Credito d'imposta impianti sportivi (Sport-Bonus) utilizzabile esclusivamente in compensazione, attuato con DPCM di concerto MEF",,2018,CREDITO D'IMPOSTA,"-3,3","-3,3","0,0",,,IMPRESE,,104
2018,31: TURISMO,513,"Art. 32, comma 1, del D.L. 12 settembre 2014, n. 133, convertito in legge 11 novembre 2014, n. 164 (comma modificato dall'art. 1, comma 365, L. 28 dicembre 2015, n. 208) e D.M. 3 ottobre 2014","Marina resort: le strutture organizzate per la sosta e il pernottamento di turisti all'interno delle proprie unità da diporto ormeggiate nello specchio acqueo appositamente attrezzato, secondo i requisiti stabiliti dal MIT, sentito il MIBACT, rientrano nelle strutture ricettive all'aria apertacona applicazione dell'aliquota IVA del 10%dal 1° gennaio 2016 Descrizione",IVA,A REGIME,RIDUZIONE DI ALIQUOTA,"-11,3","-11,3","-11,3",78.639,"-143,7",PERSONE FISICHE,,104
