rsf_year,missione,n,norma,descrizione,tributo,termine_vigenza,natura,effetto_2025,effetto_2026,effetto_2027,numero_frequenze,effetto_procapite,beneficiari,vigore_5plus,page
2022,9: AGRICOLTURA POLITICHE AGROALIMENTARI E PESCA,1,"Art. 21, comma 6, L. 25 maggio 1970, n. 364","I premi sui contratti di assicurazione a favore di soci di consorzi, associazioni e cooperative agricole sono esenti dall'imposta sulle assicurazioni.",IMPOSTA SULLE ASSICURAZIONI,A REGIME,ESENZIONE,Non quantificabile,,,,,SOGGETTI E CATEGORIE PARTICOLARI,X,24
2022,9: AGRICOLTURA POLITICHE AGROALIMENTARI E PESCA,2,"Art. 34, comma 1, d.P.R. 26 ottobre 1972, n. 633",Regime speciale IVA per i produttori agricoli - detrazione forfetizzata,IVA,A REGIME,REGIME SPECIALE,"-327,6","-327,6","-327,6",,,SOGGETTI E CATEGORIE PARTICOLARI,X,24
2022,9: AGRICOLTURA POLITICHE AGROALIMENTARI E PESCA,3,"Art. 34, comma 6, d.P.R. 26 ottobre 1972, n. 633",Regime speciale IVA: esonero dal versamento dell’IVA e da tutti gli adempimenti documentali e contabili per i produttori agricoli con volume d’affari non superiore a 7.000 Euro.,IVA,A REGIME,REGIME SPECIALE,"-11,1","-11,1","-11,1",,,SOGGETTI E CATEGORIE PARTICOLARI,X,24
2022,9: AGRICOLTURA POLITICHE AGROALIMENTARI E PESCA,4,"Art. 34, commi 7 e 8, d.P.R. 26 ottobre 1972, n. 633","Assoggettamento ad IVA dei conferimenti alle cooperative dei prodotti agricoli dei soci differito al momento del pagamento del prezzo, nonché ai passaggi di prodotti ittici provenienti da acque marittime, lagunari e salmastre.",IVA,A REGIME,REGIME SPECIALE,Non quantificabile,,,,,SOGGETTI E CATEGORIE PARTICOLARI,X,24
2022,9: AGRICOLTURA POLITICHE AGROALIMENTARI E PESCA,5,"Art. 34-bis, d.P.R. 26 ottobre 1972, n. 633","Attività agricole connesse: detrazione forfetizzata dell'imposta nella misura del 50%. Imprenditori agricoli che effettuano cessioni di beni e forniture di servizi ai sensi dell'art. 2135, terzo comma, del codice civile.",IVA,A REGIME,REGIME SPECIALE,"-8,1","-8,1","-8,1",11.246,"-715,9",SOGGETTI E CATEGORIE PARTICOLARI,X,24
2022,9: AGRICOLTURA POLITICHE AGROALIMENTARI E PESCA,6,"Art. 9, comma 2, d.P.R. 29 settembre 1973, n. 601",Gli atti di trasferimento di terreni in zone montane fatti a scopo di arrotondamento o di accorpamento di proprietà diretto-coltivatrici sono soggetti a imposte di registro e ipotecaria in misura fissa e sono esenti da imposta catastale,IMPOSTE DI REGISTRO E IPOCATASTALI,A REGIME,ESENZIONE E MISURA FISSA,"-18,7","-18,7","-18,7",4.753,"-3.944,4",SOGGETTI E CATEGORIE PARTICOLARI,X,24
2022,9: AGRICOLTURA POLITICHE AGROALIMENTARI E PESCA,7,"Art. 5, Tariffa, parte prima, d.P.R. 26 aprile 1986, n. 131","Sugli atti relativi alle locazioni di fondi rustici l'imposta di registro si applica nella misura ridotta dello 0,50%",IMPOSTA DI REGISTRO,A REGIME,RIDUZIONE DI ALIQUOTA,"-6,3","-6,3","-6,3",,,SOGGETTI E CATEGORIE PARTICOLARI,X,24
2022,9: AGRICOLTURA POLITICHE AGROALIMENTARI E PESCA,8,"Art. 15, comma 1, lett. a), TUIR","Dall'imposta lorda si detrae un importo pari al 19 per cento degli interessi passivi e relativi oneri accessori pagati in dipendenza a di prestiti e mutui agrari di ogni specie, nei limiti dei redditi dei terreni dichiarati",IRPEF,A REGIME,DETRAZIONE,"-1,2","-1,2","-1,2",4.877,"-253,4",PERSONE FISICHE,X,24
2022,9: AGRICOLTURA POLITICHE AGROALIMENTARI E PESCA,9,"Art. 31, comma 2, TUIR","Reddito dominicale pari a zero in caso di perdita, per eventi naturali, di almeno il 30% del prodotto ordinario del fondo rustico preso a base per la formazione delle tariffe d'estimo",IRPEF,A REGIME,ESCLUSIONE,"-4,7","-4,7","-4,7",15.730,"-298,8",PERSONE FISICHE,X,24
2022,9: AGRICOLTURA POLITICHE AGROALIMENTARI E PESCA,10,"Art. 35, TUIR","Reddito agrario pari a zero in caso di perdita, per eventi naturali, di almeno il 30% del prodotto ordinario del fondo rustico preso a base per la formazione delle tariffe d'estimo",IRPEF,A REGIME,ESCLUSIONE,"-1,8","-1,8","-1,8",14.958,"-120,3",PERSONE FISICHE SOGGETTI E,X,24
2022,9: AGRICOLTURA POLITICHE AGROALIMENTARI E PESCA,11,"Art. 5, comma 2, L. 30 dicembre 1991, n. 413",Regime di detrazione forfetizzata per le attività di agriturismo,IVA,A REGIME,REGIME SPECIALE,"-5,6","-5,6","-5,6",16.235,"-346,2",SOGGETTI E CATEGORIE PARTICOLARI,X,24
2022,9: AGRICOLTURA POLITICHE AGROALIMENTARI E PESCA,12,"Art. 78, comma 8, L. 30 dicembre 1991, n. 413","Determinazione forfetaria del reddito imponibile e dell'Iva per le associazioni sindacali e di categoria operanti nel settore agricolo relativamente alle attività di assistenza rese agli associati. Le associazioni sindacali e di categoria operanti nel settore agricolo per l'attività di assistenza fiscale resa agli associati determinano il reddito imponibile applicando all'ammontare dei ricavi il coefficiente di redditività del 9 per cento e determinano l'imposta sul valore aggiunto riducendo l'imposta relativa alle operazioni imponibili in misura pari a un terzo del suo ammontare, a titolo di detrazione forfetaria dell'imposta afferente agli acquisti ed alle importazioni.",IRES/IVA,A REGIME,REGIME FORFETARIO,"-0,2","-0,2","-0,2",497,"-363,2",PARTICOLARI SOGGETTI E CATEGORIE PARTICOLARI,X,24
2022,9: AGRICOLTURA POLITICHE AGROALIMENTARI E PESCA,13,"Tabella A, punto 5, TUA","Impiego dei prodotti energetici nei lavori agricoli e assimilati (orticoltura, allevamento, silvicoltura, apicoltura, piscicoltura e florovivaistica) - Applicazione di un'aliquota pari al 22% di quella normale per il gasolio e al 49% di quella normale per la benzina (uso carburanti). Esenzione per gli oli vegetali non modificati chimicamente",ACCISA,A REGIME,RIDUZIONE DI ALIQUOTA,"-1.206,4","-1.206,4","-1.206,4",,,SOGGETTI E CATEGORIE PARTICOLARI,X,24
2022,9: AGRICOLTURA POLITICHE AGROALIMENTARI E PESCA,14,"Tabella A, punto 6, TUA",Esenzione dall'accisa sui carburanti per il prosciugamento e la sistemazione dei terreni allagati nelle zone colpite da alluvione,ACCISA,A REGIME,ESENZIONE,"-0,5","-0,5","-0,5",,,SOGGETTI E CATEGORIE PARTICOLARI,X,24
2022,9: AGRICOLTURA POLITICHE AGROALIMENTARI E PESCA,15,"Tabella A, punto 7, TUA",Esenzione dall'accisa sui carburanti per il sollevamento delle acque allo scopo di agevolare la coltivazione dei fondi rustici sui terreni bonificati,ACCISA,A REGIME,ESENZIONE,"-0,5","-0,5","-0,5",,,SOGGETTI E CATEGORIE PARTICOLARI,X,24
2022,9: AGRICOLTURA POLITICHE AGROALIMENTARI E PESCA,16,"Art. 14, commi 1 e 2, L. 15 dicembre 1998, n. 441","Le successioni e le donazioni riguardanti l'azienda agricola a favore di ascendenti o discendenti coltivatori diretti di età inferiore a quaranta anni sono esenti dall'imposta sulle successioni e donazioni, dall'imposta catastale, dall'imposta di bollo e sono soggette all'imposta ipotecaria in misura fissa.","IMPOSTE SU SUCCESSIONI, DONAZIONI E ALTRE INDIRETTE",A REGIME,ESENZIONE E MISURA FISSA,Non quantificabile,,,,,PERSONE FISICHE,X,24
2022,9: AGRICOLTURA POLITICHE AGROALIMENTARI E PESCA,17,"Art. 2, comma 6, L. 24 dicembre 2003, n. 350","Modifiche in favore del settore agricolo: - modifica dei criteri per l'individuazione delle attività agricole ""connesse"" comunque produttive di reddito agrario di cui all'art. 32, comma 2, lettera c) del Tuir. Rinvio alle attività di cui al terzo comma dell'art. 2135 del c.c. e previsione di un decreto del Ministro dell'economia e delle finanze per l'individuazione dei beni che possono essere oggetto delle attività agricole ""connesse""; - articolo 56-bis del Tuir relativo alle modalità, opzionali, di determinazione del reddito delle ""altre attività agricole""; - articolo 71, comma 2-bis) del Tuir relativo all'applicazione dei coefficienti di redditività di cui all'articolo 56-bis del Tuir per la determinazione dei redditi derivanti dalle attività commerciali non esercitate abitualmente poste in essere dai soggetti che svolgono le attività di cui all'articolo 32 del Tuir eccedenti i limiti di cui al comma 2, lettera c).",IRPEF/IRES,A REGIME,REGIME SPECIALE,"-50,3","-50,3","-50,3",28.934,"-1.737,3",SOGGETTI E CATEGORIE PARTICOLARI,X,25
2022,9: AGRICOLTURA POLITICHE AGROALIMENTARI E PESCA,18,"Art. 1, comma 1093, L. 27 dicembre 2006, n. 296","Possibilità per le società di persone, le società a responsabilità limitata e le società cooperative che rivestono la qualifica di società agricola ai sensi dell'articolo 2 del decreto legislativo 29 marzo 2004, n. 99 di optare per la determinazione catastale del reddito, ex articolo 32 del Tuir.",IRPEF/IRES,A REGIME,REGIME SPECIALE,"-81,2","-87,5","-91,3",3.275,"-24.790,2",SOGGETTI E CATEGORIE PARTICOLARI,X,25
2022,9: AGRICOLTURA POLITICHE AGROALIMENTARI E PESCA,19,"Art. 1, comma 1094, L. 27 dicembre 2006, n. 296","Possibilità per le società di persone e le società a responsabilità limitata, costituite da imprenditori agricoli, che esercitano esclusivamente le attività dirette alla manipolazione, conservazione, trasformazione, commercializzazione e valorizzazione di prodotti agricoli ceduti dai soci, di determinare il reddito applicando all'ammontare dei ricavi il coefficiente di redditività del 25 per cento.",IRPEF/IRES,A REGIME,REGIME SPECIALE,,,,,,SOGGETTI E CATEGORIE PARTICOLARI,X,25
2022,9: AGRICOLTURA POLITICHE AGROALIMENTARI E PESCA,20,"Art. 2, comma 4-bis, D.L. 30 dicembre 2009, n. 194","Gli atti di trasferimento a titolo oneroso di terreni agricoli a favore di coltivatori diretti ed IAP, dei proprietari di masi chiusi nonche' le operazioni fondiarie operate attraverso l'ISMEA sono soggetti alle imposte di registro ed ipotecaria nella misura fissa ed all'imposta catastale nella misura dell'1 per cento.",IMPOSTE DI REGISTRO E IPOCATASTALI,A REGIME,REGIME SPECIALE,"-220,9","-220,9","-220,9",,,SOGGETTI E CATEGORIE PARTICOLARI,X,25
2022,9: AGRICOLTURA POLITICHE AGROALIMENTARI E PESCA,21,"Art. 1, comma 908, L. 28 dicembre 2015, n. 208",Innalzamento al 10% delle percentuali di compensazione di detrazione dell'IVA applicabili a taluni prodotti dei settori lattiero-caseario,IVA,A REGIME,REGIME SPECIALE,"-40,8","-40,8","-40,8",,,SOGGETTI E CATEGORIE PARTICOLARI,X,25
2022,9: AGRICOLTURA POLITICHE AGROALIMENTARI E PESCA,22,"Art. 1, comma 44, L. 11 dicembre 2016, n. 232 (norma istitutiva) Art. 1, comma 25, L. 30 dicembre 2021, n. 234 (proroga)",Per gli anni dal 2017 al 2022 i redditi dominicali e agrari dei coltivatori diretti e degli imprenditori agricoli professionali iscritti nella previdenza agricola non concorrono alla formazione della base imponibile Irpef,IRPEF,2022,ESCLUSIONE,"-237,6","96,9","0,0",,,SOGGETTI E CATEGORIE PARTICOLARI,X,25
2022,9: AGRICOLTURA POLITICHE AGROALIMENTARI E PESCA,23,"Art. 1, comma 503, L. 27 dicembre 2017, n. 205; art. 1, commi 513 e 514, L. 27 dicembre 2019, n. 160 (estensione)","Allo svolgimento dell'attività di enoturismo e oleoturismo si applica la detrazione forfetaria nella misura del 50% delle operazioni imponibili, prevista dall'articolo 5 della legge 30 dicembre 1991, n. 413 per l'attività di agriturismo. L'agevolazione si applica solo ai produttori agricoli di cui agli articoli 295 e seguenti della direttiva 2006/112/CE.",IVA,A REGIME,REGIME SPECIALE,Effetti di trascurabile entità,,,,,SOGGETTI E CATEGORIE PARTICOLARI,,25
2022,9: AGRICOLTURA POLITICHE AGROALIMENTARI E PESCA,24,"Art. 1, comma 662, L. 30 dicembre 2018, n. 145","Innalzamento delle percentuali di compensazione di detrazione dell'IVA applicabili alle cessioni di legno e legna da ardere al 6,4%. Per le percentuali di compensazione vedi D.M. 5 febbraio 2021 e art. 1, D.M. 19 dicembre 2021.",IVA,A REGIME,REGIME SPECIALE,"-0,7","-0,7","-0,7",,,SOGGETTI E CATEGORIE PARTICOLARI,,25
2022,9: AGRICOLTURA POLITICHE AGROALIMENTARI E PESCA,25,"Art. 1, commi 692-695, L. 30 dicembre 2018, n. 145","Applicazione di un'imposta sostitutiva in misura fissa pari a euro 100 ai redditi derivanti dallo svolgimento, in via occasionale, da parte delle persone fisiche, delle attività di raccolta di prodotti selvatici non legnosi. Tale attività si intende svolta in via occasionale se i corrispettivi percepiti dalla vendita del prodotto non superano il limite annuo di euro 7.000",IRPEF,A REGIME,REGIME SOSTITUTIVO,"-1,2","-1,2","-1,2",,,PERSONE FISICHE,,25
2022,9: AGRICOLTURA POLITICHE AGROALIMENTARI E PESCA,26,"Art. 1, comma 698, L. 30 dicembre 2018, n. 145","Applicazione dell’aliquota IVA ridotta del 5 per cento, ai tartufi freschi o refrigerati e l'applicazione dell’aliquota IVA ridotta del 10 per cento ai tartufi congelati, essiccati o preservati immersi in acqua salata, solforata o addizionata di altre sostanze atte ad assicurare temporaneamente la conservazione, ma non preparati per il consumo immediato.",IVA,A REGIME,REGIME SPECIALE,"-0,2","-0,2","-0,2",,,SOGGETTI E CATEGORIE PARTICOLARI,,25
2022,9: AGRICOLTURA POLITICHE AGROALIMENTARI E PESCA,27,"Art. 1, comma 705, L. 30 dicembre 2018, n. 145","Estensione della disciplina fiscale propria dei titolari dell'impresa agricola ai familiari coadiuvanti, appartenenti al medesimo nucleo familiare, che risultano iscritti nella gestione assistenziale e previdenziale agricola quali coltivatori diretti",IRPEF,A REGIME,ALTRO,"0,0","0,0","0,0",,,PERSONE FISICHE,,25
2022,9: AGRICOLTURA POLITICHE AGROALIMENTARI E PESCA,28,"Art. 1, comma 513, L. 27 dicembre 2019, n. 160","All’attività oleoturistica, ai fini delle imposte dirette, si applicano le disposizioni sull'enoturismo di cui all'articolo 1, commi da 502 a 505, della legge n. 205/2017, che a loro volta richiamano quelle sull’agriturismo di cui all’articolo 5, comma 1, della legge n. 413/1991, che prevedono la determinazione del reddito imponibile in base all’applicazione del coefficiente di redditività del 25% all’ammontare dei ricavi conseguiti nell’esercizio di tale attività, al netto dell’Iva.",IRPEF,A REGIME,RIDUZIONE DI IMPOSTA,"-1,3","-1,3","-1,3",,,IMPRESE,,25
2022,9: AGRICOLTURA POLITICHE AGROALIMENTARI E PESCA,29,"Art. 1, comma 131, L. 30 dicembre 2020, n.178","Credito d'imposta a sostegno del made in Italy di cui all'articolo 3, comma 1, del decreto-legge n. 91 del 2014 (applicabile nel de minimis) concesso alle reti di imprese agricole e agroalimentari, anche costituite in forma cooperativa o riunite in consorzi o aderenti ai disciplinari delle “strade del vino” per le annualità dal 2021 al 2023. Il credito d’imposta è concesso in misura pari al 40% per la realizzazione e l'ampliamento delle infrastrutture informatiche destinate al potenziamento del commercio elettronico, nel limite di 5 milioni di euro per ciascuno degli anni 2021, 2022 e 2023.",,2023,CREDITO D'IMPOSTA,"-5,0","0,0","0,0",,,SOGGETTI E CATEGORIE PARTICOLARI,,26
2022,9: AGRICOLTURA POLITICHE AGROALIMENTARI E PESCA,30,"Art. 68, comma 1, D.L. 25 maggio 2021, n. 73 Art. 1, comma 506, ultimo periodo, L. 27 dicembre 2017, n. 205 Art. 1, comma 527, L. 30 dicembre 2021, n. 234","Per gli anni 2021 e 2022 le percentuali di compensazione IVA, di cui all'articolo 34, comma 1, del decreto del Presidente della Repubblica 26 ottobre 1972, n. 633, applicabili alle cessioni di animali vivi della specie bovina e suina sono fissate nella misura del 9,5%. A partire dal 2016 e fino al 2020, le percentuali di compensazione applicabili alle cessioni di animali vivi della specie bovina e della specie suina sono state fissate con provvedimenti annuali, rispettivamente, nella misura del 7,65% e del 7,95% (la percentuale di forfetizzazione ordinaria è fissata nella misura dell 7 % per le cessioni di animali vivi della specie bovine e del 7,3% per le cessioni di animali vivi della specie suina).",IVA,2022,REGIME SPECIALE,"0,0","0,0","0,0",,,SOGGETTI E CATEGORIE PARTICOLARI,,26
2022,9: AGRICOLTURA POLITICHE AGROALIMENTARI E PESCA,31,"Art. 18, D.L. 21 marzo 2022, n. 21","Contributo straordinario, sotto forma di credito d'imposta, a favore delle imprese esercenti attività agricola e della pesca, nella misura del 20% della spesa sostenuta per l'acquisto di carburante nel primo trimestre 2022",,2022,CREDITO D'IMPOSTA,"0,0","0,0","0,0",,,SOGGETTI E CATEGORIE PARTICOLARI,,26
2022,10: ENERGIA E DIVERSIFICAZIONE DELLE FONTI ENERGETICHE,32,"Art. 17, comma 4 bis, TUA","Esenzione dall'accisa sui tabacchi denaturati e usati a fini industriali od orticoli, distrutti sotto sorveglianza amministrativa, destinati esclusivamente a prove scientifiche ed a prove relative alla qualità dei prodotti, riutilizzati dal produttore.",ACCISA,A REGIME,ESENZIONE,Non quantificabile,,,,,IMPRESE E SOCIETA',X,26
2022,10: ENERGIA E DIVERSIFICAZIONE DELLE FONTI ENERGETICHE,33,"Art. 26, comma 6, TUA",Esclusione dal campo di applicazione dell’accisa delle miscele gassose di origine biologica destinate agli usi propri del soggetto che le produce,ACCISA,A REGIME,ESCLUSIONE,"-1,0","-1,0","-1,0",,,SOGGETTI E CATEGORIE PARTICOLARI,X,26
2022,10: ENERGIA E DIVERSIFICAZIONE DELLE FONTI ENERGETICHE,34,"Art. 27, comma 3, lett. h), TUA","Esenzione dall'accisa per l'alcool e le bevande alcoliche impiegati come campioni per analisi, per prove di produzione necessarie o a fini scientifici",ACCISA,A REGIME,ESENZIONE,Non quantificabile,,,,,IMPRESE E SOCIETA',X,26
2022,10: ENERGIA E DIVERSIFICAZIONE DELLE FONTI ENERGETICHE,35,"Art. 27, comma 3, lett. i), TUA",Esenzione dall'accisa per l'alcool e le bevande alcoliche utilizzati nella fabbricazione di un componente non soggetto ad accisa,ACCISA,A REGIME,ESENZIONE,Non quantificabile,,,,,SOGGETTI E CATEGORIE PARTICOLARI,X,26
2022,10: ENERGIA E DIVERSIFICAZIONE DELLE FONTI ENERGETICHE,36,"Art. 33, comma 2, TUA",Determinazione forfettaria dell’accisa sull’alcool etilico prodotto da piccoli alambicchi,ACCISA,A REGIME,REGIME FORFETARIO,Non quantificabile,,,,,SOGGETTI E CATEGORIE PARTICOLARI,X,26
2022,10: ENERGIA E DIVERSIFICAZIONE DELLE FONTI ENERGETICHE,37,"Art. 52, comma 2, lettera a), TUA","Esclusione, dal campo di applicazione dell’accisa, dell’energia elettrica prodotta con impianti azionati da fonti rinnovabili, aventi potenza non superiore a 20 Kw",ACCISA,A REGIME,ESCLUSIONE,Non quantificabile,,,,,SOGGETTI E CATEGORIE PARTICOLARI,X,26
2022,10: ENERGIA E DIVERSIFICAZIONE DELLE FONTI ENERGETICHE,38,"Art. 52, comma 2, lettera b), TUA","Esclusione dal campo di applicazione dell’accisa dell’energia elettrica impiegata negli aeromobili, nelle navi, negli autoveicoli, purchè prodotta a bordo con mezzi propri, esclusi gli accumulatori, nonché quella prodotta da gruppi elettrogeni mobili in dotazione alle forze armate dello Stato ed ai corpi ad esse assimilati",ACCISA,A REGIME,ESCLUSIONE,Non quantificabile,,,,,SOGGETTI E CATEGORIE PARTICOLARI,X,26
2022,10: ENERGIA E DIVERSIFICAZIONE DELLE FONTI ENERGETICHE,39,"Art. 52, comma 2, lettera c), TUA",Esclusione dal campo di applicazione dell’accisa dell’energia elettrica prodotta con gruppi elettrogeni azionati da gas metano biologico,ACCISA,A REGIME,ESCLUSIONE,Non quantificabile,,,,,SOGGETTI E CATEGORIE PARTICOLARI,X,26
2022,10: ENERGIA E DIVERSIFICAZIONE DELLE FONTI ENERGETICHE,40,"Art. 52, comma 2, lettera d), TUA","Esclusione dal campo di applicazione dell’accisa dell’energia elettrica prodotta da piccoli impianti generatori comunque azionati, purchè la loro potenza disponibile non sia superiore a 1 kW, nonché prodotta da officine elettriche costituite da gruppi elettrogeni di soccorso aventi potenza disponibile complessiva non superiore a 200 kW",ACCISA,A REGIME,ESCLUSIONE,Non quantificabile,,,,,SOGGETTI E CATEGORIE PARTICOLARI,X,26
2022,10: ENERGIA E DIVERSIFICAZIONE DELLE FONTI ENERGETICHE,41,"Art. 52, comma 3, lett. b) , TUA",Esenzione dall'accisa sull'energia elettrica prodotta con fonti rinnovabili in impianti con potenza superiore a 20 kW per autoconsumo,ACCISA,A REGIME,ESENZIONE,"-52,5","-52,5","-52,5",,,SOGGETTI E CATEGORIE PARTICOLARI,X,26
2022,10: ENERGIA E DIVERSIFICAZIONE DELLE FONTI ENERGETICHE,42,"Art. 52, comma 3, lett. c), TUA",Esenzione dall'accisa sull'energia elettrica impiegata nelle ferrovie,ACCISA,A REGIME,ESENZIONE,"-2,0","-2,0","-2,0",,,SOGGETTI E CATEGORIE PARTICOLARI,X,26
2022,10: ENERGIA E DIVERSIFICAZIONE DELLE FONTI ENERGETICHE,43,"Art. 52, comma 3, lett. d), TUA",Esenzione dall'accisa sull'energia elettrica impiegata nell'esercizio delle linee ditrasporto urbano ed interurbano,ACCISA,A REGIME,ESENZIONE,"-6,7","-6,7","-6,7",,,SOGGETTI E CATEGORIE PARTICOLARI,X,26
2022,10: ENERGIA E DIVERSIFICAZIONE DELLE FONTI ENERGETICHE,44,"Art. 52, comma 3, lett. e), TUA",Esenzione dall'accisa sull'energia elettrica impiegata nelle abitazioni di residenza con potenza fino a 3 kW fino a 150 kwh di consumo mensile,ACCISA,A REGIME,ESENZIONE,"-572,1","-572,1","-572,1",,,PERSONE FISICHE,X,26
2022,10: ENERGIA E DIVERSIFICAZIONE DELLE FONTI ENERGETICHE,45,"Art. 55, comma 3, TUA","Pagamento dell'accisa con un canone forfetario per le forniture di energia elettrica ""a cottimo"" (piccole forniture)",ACCISA,A REGIME,REGIME FORFETARIO,Non quantificabile,,,,,PERSONE FISICHE,X,27
2022,10: ENERGIA E DIVERSIFICAZIONE DELLE FONTI ENERGETICHE,46,"Art. 55, comma 5, TUA",Pagamento dell'accisa sull'energia elettrica con canone annuo di abbonamento (per l’energia elettrica ottenuta da officine non fornite di misuratori),ACCISA,A REGIME,REGIME FORFETARIO,Non quantificabile,,,,,SOGGETTI E CATEGORIE PARTICOLARI,X,27
2022,10: ENERGIA E DIVERSIFICAZIONE DELLE FONTI ENERGETICHE,47,"Art. 55, comma 5, TUA","Pagamento dell'accisa sull'energia elettrica con canone annuo di abbonamento (energia elettrica ottenuta da impianti di produzione combinata di energia elettrica e calore, con potenza disponibile non superiore a 100 kW non forniti di misuratori)",ACCISA,A REGIME,REGIME FORFETARIO,Non quantificabile,,,,,SOGGETTI E CATEGORIE PARTICOLARI,X,27
2022,10: ENERGIA E DIVERSIFICAZIONE DELLE FONTI ENERGETICHE,48,"Art. 62, comma 2, TUA","Esenzione dall'imposta di consumo per gli oli lubrificanti impiegati nella produzione e nella lavorazione della gomma naturale e sintetica per la fabbricazione dei relativi manufatti, nella produzione delle materie plastiche e delle resine artificiali o sintetiche, comprese le colle adesive, nella produzione degli antiparassitari per le piante da frutta",IMPOSTA DI CONSUMO,A REGIME,ESENZIONE,"-78,8","-78,8","-78,8",,,SOGGETTI E CATEGORIE PARTICOLARI,X,27
2022,10: ENERGIA E DIVERSIFICAZIONE DELLE FONTI ENERGETICHE,49,"Tabella A, punto 10, TUA","Riduzione dell'accisa sul gas naturale impiegato negli usi di cantiere, nei motori fissi e nelle operazioni di campo per la coltivazione di idrocarburi",ACCISA,A REGIME,RIDUZIONE DI ALIQUOTA,"-0,2","-0,2","-0,2",,,SOGGETTI E CATEGORIE PARTICOLARI,X,27
2022,10: ENERGIA E DIVERSIFICAZIONE DELLE FONTI ENERGETICHE,50,"Tabella A, punto 11-bis, TUA",Esenzione dall'accisa sull'energia elettrica prodotta da impianti di gasificazione,ACCISA,A REGIME,ESENZIONE,"-0,5","-0,5","-0,5",,,SOGGETTI E CATEGORIE PARTICOLARI,X,27
2022,10: ENERGIA E DIVERSIFICAZIONE DELLE FONTI ENERGETICHE,51,"Tabella A, punto 15 TUA",Riduzione dell'accisa sul GPL utilizzato negli impianti centralizzati per usi industriali,ACCISA,A REGIME,RIDUZIONE DI ALIQUOTA,"-15,6","-15,6","-15,6",,,SOGGETTI E CATEGORIE PARTICOLARI,X,27
2022,10: ENERGIA E DIVERSIFICAZIONE DELLE FONTI ENERGETICHE,52,"Tabella A, punto 15 TUA",Riduzione dell'accisa sul GPL impiegato come carburante per gli autobus urbani ed extraurbani adibiti al servizio pubblico,ACCISA,A REGIME,RIDUZIONE DI ALIQUOTA,"-0,3","-0,3","-0,3",,,SOGGETTI E CATEGORIE PARTICOLARI,X,27
2022,10: ENERGIA E DIVERSIFICAZIONE DELLE FONTI ENERGETICHE,53,"Tabella A, punto 16-bis, TUA",Riduzione dell'accisa su carburanti per motori (benzina e gasolio) e combustibili per riscaldamento (gasolio e gas naturale) impiegati dalle Forze armate nazionali,ACCISA,A REGIME,RIDUZIONE DI ALIQUOTA,"-5,6","-5,6","-5,6",,,SOGGETTI E CATEGORIE PARTICOLARI,X,27
2022,10: ENERGIA E DIVERSIFICAZIONE DELLE FONTI ENERGETICHE,54,"Tabella A, punto 16-bis, TUA",Esenzione dell'accisa su carburanti per motori (GPL e gas naturale) e combustibili per riscaldamento (GPL) impiegati dalle Forze armate nazionali,ACCISA,A REGIME,ESENZIONE,,,,,,SOGGETTI E CATEGORIE PARTICOLARI,X,27
2022,10: ENERGIA E DIVERSIFICAZIONE DELLE FONTI ENERGETICHE,55,"Art. 8, comma 10, lett. f), L. 23 dicembre 1998, n. 448 e successive modificazioni e integrazioni",Credito d’imposta per la gestione di reti di teleriscaldamento alimentato con biomassa quale fonte energetica nei comuni ricadenti in determinate zone climatiche - E ed F - ovvero per gli impianti e le reti di teleriscaldamento alimentati da energia geotermica,,A REGIME,CREDITO D'IMPOSTA,"-24,2","-24,2","-24,2",,,SOGGETTI E CATEGORIE PARTICOLARI,X,27
2022,10: ENERGIA E DIVERSIFICAZIONE DELLE FONTI ENERGETICHE,56,"Art. 2, comma 11, L. 22 dicembre 2008, n. 203",Riduzione dell'accisa sul gas naturale impiegato per usi industriali da soggetti che registrano consumi superiori a 1.200.000 mc annui,ACCISA,A REGIME,RIDUZIONE DI ALIQUOTA,"-8,0","-8,0","-8,0",,,SOGGETTI E CATEGORIE PARTICOLARI,X,27
2022,10: ENERGIA E DIVERSIFICAZIONE DELLE FONTI ENERGETICHE,57,"Art. 129-bis, commi 3-5, D.L. 19 maggio 2020, n. 34","Concessione, per una durata di sei anni, previa autorizzazione del Consiglio dell’Unione Europea, dell’applicazione di aliquote ridotte di accisa per il comune di Campione d’Italia, sul gasolio usato come combustibile per riscaldamento e sull'energia elettrica.",ACCISA,2027,RIDUZIONE DI ALIQUOTA,"-0,1","-0,1","-0,1",,,PERSONE FISICHE,,27
2022,10: ENERGIA E DIVERSIFICAZIONE DELLE FONTI ENERGETICHE,58,"Art. 15, D.L. 27 gennaio 2022, n. 4; art. 9, D.L. 21 marzo 2022, n. 21 (cessione)","Contributo straordinario, sotto forma di credito d'imposta, a favore delle imprese a forte consumo di energia elettrica, nella misura del 20% delle spese sostenute per la componente energetica acquistata per il primo trimestre dell'anno 2022",,2022,CREDITO D'IMPOSTA,"0,0","0,0","0,0",,,SOGGETTI E CATEGORIE PARTICOLARI,,27
2022,10: ENERGIA E DIVERSIFICAZIONE DELLE FONTI ENERGETICHE,59,"Art. 15.1, D.L. 27 gennaio 2022, n. 4, introdotto dall'art. 4, D.L. 17 maggio 2022, n. 50","Contributo straordinario, sotto forma di credito d’imposta, a favore delle imprese a forte consumo di gas naturale, nella misura del 10% della spesa sostenuta per l'acquisto del medesimo gas per il primo trimestre dell’anno 2022",,2022,CREDITO D'IMPOSTA,"0,0","0,0","0,0",,,SOGGETTI E CATEGORIE PARTICOLARI,,27
2022,10: ENERGIA E DIVERSIFICAZIONE DELLE FONTI ENERGETICHE,60,"Art. 4, D.L. 1 marzo 2022, n. 17; art. 5, comma 1, D.L. 21 marzo 2022, n. 21 (incremento aliquota); art. 9, D.L. 21 marzo 2022, n. 21 (cessione)","Contributo straordinario, sotto forma di credito d'imposta, a favore delle imprese a forte consumo di energia elettrica, nella misura del 25% delle spese sostenute per la componente energetica acquistata per il secondo trimestre dell'anno 2022",,2022,CREDITO D'IMPOSTA,"0,0","0,0","0,0",,,SOGGETTI E CATEGORIE PARTICOLARI,,27
2022,10: ENERGIA E DIVERSIFICAZIONE DELLE FONTI ENERGETICHE,61,"Art. 5, D.L. 1 marzo 2022, n. 17; art. 5, comma 2, D.L. 21 marzo 2022, n. 21 (incremento aliquota); art. 9, D.L. 21 marzo 2022, n. 21 (cessione); art. 2, comma 2, D.L. 17 maggio 2022, n. 50 (incremento aliquota)","Contributo straordinario, sotto forma di credito d'imposta, a favore delle imprese a forte consumo di gas naturale nella misura del 25% della spesa sostenuta per l'acquisto del medesimo gas per il secondo trimestre 2022",,2022,CREDITO D'IMPOSTA,"0,0","0,0","0,0",,,SOGGETTI E CATEGORIE PARTICOLARI,,27
2022,10: ENERGIA E DIVERSIFICAZIONE DELLE FONTI ENERGETICHE,62,"Art. 6, comma 3, D.L. 1 marzo 2022, n. 17","Contributo straordinario, sotto forma di credito d'imposta a favore delle imprese esercenti attività logistiche o di trasporto delle merci in conto terzi con mezzi di trasporto di ultima generazione Euro VI/D a bassissime emissioni inquinanti nella misura del 15% del costo di acquisto del componente AdBlue",,2022,CREDITO D'IMPOSTA,"0,0","0,0","0,0",,,SOGGETTI E CATEGORIE PARTICOLARI,,28
2022,10: ENERGIA E DIVERSIFICAZIONE DELLE FONTI ENERGETICHE,63,"Art. 6, comma 5, D.L. 1 marzo 2022, n. 17","Contributo straordinario sotto forma di credito d'imposta, a favore delle imprese esercenti attività logistiche o di trasporto merci in conto terzi con mezzi di trasporto ad elevata sostenibilità ad alimentazione alternativa a metano liquefatto nella misura pari al 20% delle spese sostenute per l'aquisto del gas naturale liquefatto (GNL)",,2022,CREDITO D'IMPOSTA,"0,0","0,0","0,0",,,SOGGETTI E CATEGORIE PARTICOLARI,,28
2022,10: ENERGIA E DIVERSIFICAZIONE DELLE FONTI ENERGETICHE,64,"Art. 3, D.L. 21 marzo 2022, n. 21; art. 2, comma 3, D.L. 17 maggio 2022, n. 50 (incremento aliquota)","Contributo straordinario, sotto forma di credito d'imposta, a favore delle imprese dotate di contatori di energia elettrica di potenza disponibile pari o superiore a 16,5 kW, diverse dalle imprese a forte consumo di energia elettrica, nella miusra del 15% della spesa sostenuta per l'acquisto della componente energetica per il secondo trimestre 2022",,2022,CREDITO D'IMPOSTA,"0,0","0,0","0,0",,,SOGGETTI E CATEGORIE PARTICOLARI,,28
2022,10: ENERGIA E DIVERSIFICAZIONE DELLE FONTI ENERGETICHE,65,"Art. 4, D.L. 21 marzo 2022, n. 21; art. 2, comma 1, D.L. 17 maggio 2022, n. 50 (incremento aliquota)","Contributo straordinario, sotto forma di credito d'imposta, a favore delle imprese diverse da quelle a forte consumo di gas naturale, nella misura del 25% della spesa sostenuta per l'acquisto del medesimo gas per il secondo trimestre del 2022",,2022,CREDITO D'IMPOSTA,"0,0","0,0","0,0",,,OGGETTI E CATEGORIE PARTCOLARI,,28
2022,10: ENERGIA E DIVERSIFICAZIONE DELLE FONTI ENERGETICHE,66,"Art. 3, D.L. 17 maggio 2022, n. 50","Contributo straordinario sotto forma di credito d'imposta alle imprese aventi sede legale o stabile organizzazione in Italia esercenti le attività di trasporto indicate all’articolo 24-ter, comma 2, lettera a), pari al del 28% della spesa sostenuta nel primo trimestre dell’anno 2022 per l’acquisto del gasolio impiegato dai medesimi soggetti in veicoli, di categoria euro 5 o superiore, utilizzati per l’esercizio delle predette attività",,2022,CREDITO D'IMPOSTA,"0,0","0,0","0,0",,,SOGGETTI E CATEGORIE PARTICOLARI,,28
2022,10: ENERGIA E DIVERSIFICAZIONE DELLE FONTI ENERGETICHE,67,"Art. 3-bis, D.L. 17 maggio 2022, n. 50","Estensione al secondo trimestre 2022 del contributo, sotto forma di credito d'imposta, per l'acquisto di carburanti di cui all'articolo 18 del decreto-legge 21 marzo 2022, n. 21, limitatamente in favore delle imprese esercenti la pesca.",,2022,CREDITO D'IMPOSTA,"0,0","0,0","0,0",,,SOGGETTI E CATEGORIE PARTICOLARI,,28
2022,11: COMPETITIVITA’ E SVILUPPO DELLE IMPRESE,68,"Art. 16, L. 29 ottobre 1961, n. 1216","Applicazione dell'imposta sulle assicurazioni in luogo dell'imposta di registro sui contratti di assicurazione e riassicurazione, ricevute e quietanze",IMPOSTA DI REGISTRO,A REGIME,REGIME SOSTITUTIVO,"-508,9","-508,9","-508,9",,,BANCHE E ASSICURAZIONI,X,28
2022,11: COMPETITIVITA’ E SVILUPPO DELLE IMPRESE,69,"Art. 74, L. 22 ottobre 1971, n. 865",Gli atti di trasferimento della proprietà o di concessione del diritto di superficie relativi alle aree da destinare a insediamenti produttivi sono soggetti all'imposta fissa di registro e sono esenti da imposta ipotecaria.,IMPOSTE DI REGISTRO E IPOTECARIA,A REGIME,ESENZIONE E MISURA FISSA,Non quantificabile,,,,,IMPRESE E SOCIETA',X,28
2022,11: COMPETITIVITA’ E SVILUPPO DELLE IMPRESE,70,"Art. 10, d.P.R. 29 settembre 1973, n. 601 (norma istitutiva); Art. 2, comma 8, L. 24 dicembre 2003, n. 350 (modifica); Art. 1, commi 460 e 461, L. 30 dicembre 2004, n. 311 (limitazione)","Sono esenti da IRES i redditi conseguiti da società cooperative agricole e loro consorzi mediante l'allevamento di animali con mangimi ottenibili per almeno un quarto dai terreni dei soci nonché mediante la manipolazione, conservazione, valorizzazione, trasformazione e alienazione di prodotti agricoli e zootecnici e di animali conferiti prevalentemente dai soci. I redditi conseguiti dalle cooperative della piccola pesca e dai loro consorzi sono esenti da IRES. Tali esenzioni non operano limitatamente al 20% degli utili netti annuali.",IRES,A REGIME,ESENZIONE,"-49,0","-49,0","-49,0",8.151,"-6.009,6",SOGGETTI E CATEGORIE PARTICOLARI,X,28
2022,11: COMPETITIVITA’ E SVILUPPO DELLE IMPRESE,71,"Art. 11, d.P.R. 29 settembre 1973, n. 601 (norma istitutiva); Art. 1, commi 462 e 463, L. 30 dicembre 2004, n. 311 (limitazione)","I redditi conseguiti dalle società cooperative di produzione e lavoro, limitatamente al reddito imponibile derivante dall'indeducibilità dell'imposta regionale sulle attività produttive, sono esenti da IRES se l'ammontare delle retribuzioni effettivamente corrisposte ai soci non è inferiore al cinquanta per cento dell'ammontare complessivo di tutti gli altri costi; se l'ammontare delle retribuzioni è inferiore al cinquanta per cento ma non al venticinque per cento dell'ammontare complessivo degli altri costi l'imposta sul reddito delle persone giuridiche e l'imposta locale sui redditi sono ridotte alla metà",IRES,A REGIME,ESENZIONE,,,,,,SOGGETTI E CATEGORIE PARTICOLARI,X,28
2022,11: COMPETITIVITA’ E SVILUPPO DELLE IMPRESE,72,"Art. 12, d.P.R. 29 settembre 1973, n. 601",Per le società cooperative e loro consorzi sono ammesse in deduzione dal reddito le somme ripartite tra i soci sotto forma di restituzione di una parte del prezzo dei beni e servizi acquistati o di maggiore compenso per i conferimenti effettuati.,IRES,A REGIME,DEDUZIONE,"-13,4","-13,4","-13,4",140,"-95.505,8",SOGGETTI E CATEGORIE PARTICOLARI,X,28
2022,11: COMPETITIVITA’ E SVILUPPO DELLE IMPRESE,73,"Art. 22, d.P.R. 29 settembre 1973, n. 601","I proventi dei fondi di garanzia di cui alle leggi n. 454/1961 e n. 1068/1964, e al decreto-legge n. 976/1966, convertito nella L. n. 1142/1966, derivanti da contributi a fondo perduto, periodici o una volta tanto, dello Stato o di altri enti, nonché quelli derivanti dalle somme che le aziende e istituti di credito trattengono sui finanziamenti assistiti da garanzie e versati successivamente ai fondi, non concorrono a formare il reddito dei fondi stessi, ai fini IRES, a condizione che il loro ammontare venga integralmente destinato a costituire o incrementare un fondo di garanzia.",IRES,A REGIME,ESCLUSIONE,Non quantificabile,,,,,SOGGETTI E CATEGORIE PARTICOLARI,X,28
2022,11: COMPETITIVITA’ E SVILUPPO DELLE IMPRESE,74,"Art. 12, L. 16 dicembre 1977, n. 904; Art. 1, commi 460 e 464, L. 30 dicembre 2004, n. 311 (limitazione); Art. 82, comma 28, D.L. 25 giugno 2008, n. 112 e D.L. 13 agosto 2011, n. 138; D.L. 24 giugno 2014, n. 91 (modifica)","Non concorrono al reddito imponibile delle cooperative le somme destinate alle riserve indivisibili, a condizione che sia esclusa la possibilità di distribuirle tra i soci, sia durante la vita dell'ente che all'atto del suo scioglimento. Tale norma non si applica alle cooperative a mutualità prevalente: a) per la quota del 20% degli utili netti delle cooperative agricole; b) per la quota del 40% degli utili netti delle altre cooperative; c) per la quota del 65% degli utili netti delle società cooperative di consumo. La limitazione non si applica alle cooperative sociali. Per le cooperative NON a mutualità prevalente la detassazione è limitata al 30% degli utili netti annuali (23% per coop di consumo, dal 2015), a condizione che tale quota sia destinata ad una riserva indivisibile prevista dallo statuto.",IRES,A REGIME,ESCLUSIONE,"-124,1","-124,1","-124,1",27.465,"-4.519,6",SOGGETTI E CATEGORIE PARTICOLARI,X,29
2022,11: COMPETITIVITA’ E SVILUPPO DELLE IMPRESE,75,"Art. 24-ter, TUA, introdotto dall'art. 4-ter, comma 1, lett. f), D.L. 22 ottobre 2016, n. 193; art. 1, comma 630, L. 27 dicembre 2019, n. 160 (modifica)","Riduzione di accisa sul gasolio impiegato come carburante per l'autotrasporto merci ed altre categorie di trasporto passeggeri. (L'agevolazione deve intendersi come prosecuzione dell'art. 6, c. 2, D.Lgs. 26/2007). Con la modifica apportata all'articolo 24-ter dalla predetta Legge di Bilancio 2020 sono esclusi dal predetto beneficio, con decorrenza 1° ottobre 2020, anche i veicoli appartententi alla categoria euro 3 e, a decorrere dal 1° gennaio 2021, anche i veicoli di categoria euro 4.",ACCISA,A REGIME,RIDUZIONE DI ALIQUOTA,"-1.157,1","-1.157,1","-1.157,1",,,SOGGETTI E CATEGORIE PARTICOLARI,X,29
2022,11: COMPETITIVITA’ E SVILUPPO DELLE IMPRESE,76,"Art. 35, comma 3-bis, TUA (Comma sostituito dall'art. 1, comma 690, lett. a), L. 30 dicembre 2018, n. 145, a decorrere dal 1° gennaio 2019)","Riduzione del 40 per cento dell’aliquota di accisa sulla birra prodotta nei birrifici di cui all’articolo 2, comma 4- bis, della legge 16 agosto 1962, n. 1354, aventi una produzione annua non superiore a 10'000 ettolitri.",ACCISA,A REGIME,RIDUZIONE DI ALIQUOTA,"-9,5","-9,5","-9,5",,,SOGGETTI E CATEGORIE PARTICOLARI,,29
2022,11: COMPETITIVITA’ E SVILUPPO DELLE IMPRESE,77,"Tabella A, punto 9, TUA (numero sostituito dall'art. 4-ter, comma 1, lett. o), n. 2), D.L. 22 ottobre 2016, n. 193","Riduzione al 30% dell'aliquota di accisa sui prodotti energetici diversi dal gas naturale impiegati per la produzione di forza motrice con motori fissi, utilizzati all'interno di delimitati stabilimenti industriali, agricolo-industriali, laboratori, cantieri di ricerche di idrocarburi e di forze endogene e cantieri di costruzione e azionamento di macchine impiegate nei porti, non ammesse alla circolazione su strada, destinate alla movimentazione di merci per operazioni di trasbordo",ACCISA,A REGIME,RIDUZIONE DI ALIQUOTA,Non quantificabile,,,,,SOGGETTI E CATEGORIE PARTICOLARI,X,29
2022,11: COMPETITIVITA’ E SVILUPPO DELLE IMPRESE,78,"Art. 4, comma 1, lett. a) n. 2, Tariffa, parte prima, allegata al d.P.R. 26 aprile 1986, n. 131",L'imposta di registro si applica nella misura ridotta del 4% per gli atti di conferimento societari di immobili strumentali,IMPOSTA DI REGISTRO,A REGIME,RIDUZIONE DI ALIQUOTA,"-3,1","-3,1","-3,1",146,"-21.388,4",IMPRESE E SOCIETA',X,29
2022,11: COMPETITIVITA’ E SVILUPPO DELLE IMPRESE,79,"Art. 66, comma 4, TUIR","Deduzione forfetaria per spese non documentate (per un importo pari a determinate percentuali dell’ammontare dei ricavi) a favore degli intermediari, dei rappresentanti di commercio e degli esercenti attività di somministrazione di pasti e bevande e di prestazioni alberghiere (di cui al co. 1 dell’art. 1 del DM 13 ottobre 1979).",IRPEF,A REGIME,DEDUZIONE,"-14,2","-14,2","-14,2",76.558,"-185,1",PERSONE FISICHE E GIURIDICHE,X,29
2022,11: COMPETITIVITA’ E SVILUPPO DELLE IMPRESE,80,"Art. 66, comma 5, TUIR; Art. 1, comma 652, L. 28 dicembre 2015, n. 208 (modifica)",Deduzione forfetaria per spese non documentate in base ai viaggi effettuati dagli esercenti autotrasporto c/terzi di minori dimensioni. Previsto un importo unico di deduzione forfetaria per i trasporti effettuati personalmente dall’imprenditore oltre i confini del Comune in cui ha sede l’impresa. Per i trasporti personalmente effettuati dall’imprenditore nell’ambito del Comune ove ha sede l’impresa viene prevista una deduzione pari al 35 per cento dell’importo spettante in caso di trasporto fuori Comune,IRPEF,A REGIME,DEDUZIONE,"-68,9","-68,9","-68,9",24.126,"-2.854,9",SOGGETTI E CATEGORIE PARTICOLARI,,29
2022,11: COMPETITIVITA’ E SVILUPPO DELLE IMPRESE,81,"Art. 88, comma 3-bis, TUIR; Art. 14, D.L. 14 febbraio 2016, n. 18","Irrilevanza fiscale dei contributi volontari percepiti da soggetti sottoposti a procedure di crisi o che sono stati sottoposti a procedure di crisi nei 24 mesi antecedenti alla data in cui hanno ricevuto il contributo. Inserimento comma 3 bis all'art. 88 del Tuir. Non costituiscono sopravvenienze attive, in quanto escluse, i contributi percepiti a titolo di liberalità dai soggetti sottoposti ad alcune procedure concorsuali, alle procedure di crisi di cui all'art. 20 del D.lgs. n. 180/2015 (dissesto o rischio di dissesto bancario), alla procedura di amministrazione straordinaria di cui all'art. 70 e ss. del D.lgs. n.385/1993.",IRPEF/IRES,A REGIME,ESCLUSIONE,"-9,4","-9,4","-9,4",960,"-9.796,8",BANCHE E ASSICURAZIONI,X,29
2022,11: COMPETITIVITA’ E SVILUPPO DELLE IMPRESE,82,"Artt. da 155 a 161, TUIR (Art. 7, D.Lgs. 29 ottobre 2016, n. 221); Art. 10, L. 20 novembre 2017, n. 167","Tonnage tax: regime di determinazione del reddito dei soggetti di cui all'art. 73, comma 1, lettera a), del TUIR, derivante dall'utilizzo delle navi indicate nell'art. 8-bis, comma 1, lett. a), del D.P.R. n. 633/1972, iscritte nel registro internazionale di cui al D.L. n. 457/1997, convertito, con modificazioni, dalla L. n. 30/1998. Il regime è opzionale e comporta la determinazione del reddito in via forfetaria secondo i criteri previsti dall'art. 156 del TUIR (notifica ai sensi dell'art. 108 del TFUE)",IRES,A REGIME,REGIME FORFETARIO,"-91,3","-91,3","-91,3",66,"-1.383.333,3",PERSONE GIURIDICHE,X,29
2022,11: COMPETITIVITA’ E SVILUPPO DELLE IMPRESE,83,"Art. 176, comma 2-ter, TUIR; Art. 1, commi 46 e 47, L. 24 dicembre 2007, n. 244 (norma introduttiva e decorrenza)","Imposta sostitutiva sui maggiori valori attribuiti in bilancio agli elementi dell’attivo costituenti immobilizzazioni materiali e immateriali. Per le operazioni straordinarie (fusioni, scissioni, conferimenti di aziende) di cui agli articoli 172, 173 e 176 del TUIR, l’art. 176, comma 2-ter, del TUIR, prevede che, in alternativa al regime di neutralità fiscale, sia possibile optare per l’applicazione, in tutto o in parte, sui maggiori valori attribuiti in bilancio agli elementi dell’attivo costituenti immobilizzazioni materiali e immateriali, incluso l’avviamento, di un’imposta sostitutiva. Misura dell'imposta sostitutiva: 12% fino a 5 milioni di euro; 14% da 5 milioni di euro e fino a 10 milioni di euro; 16% sulla parte che eccede i 10 milioni di euro.",IMPOSTA SOSTITUTIVA,A REGIME,REGIME SOSTITUTIVO,"-0,6","37,2","59,7",435,"-1.284,0",PERSONE FISICHE E GIURIDICHE,X,30
2022,11: COMPETITIVITA’ E SVILUPPO DELLE IMPRESE,84,"Art. 4, Tariffa, D.Lgs. 31 ottobre 1990, n. 347",Applicazione delle imposte ipotecaria e catastale in misura fissa per gli atti di fusione o di scissione di società di qualunque tipo e per gli atti di conferimento di aziende o di complessi aziendli relativi a singoli rami di impresa.,IMPOSTE IPOCATASTALI,A REGIME,IMPOSTA IN MISURA FISSA,Non quantificabile,,,,,IMPRESE E SOCIETA',X,30
2022,11: COMPETITIVITA’ E SVILUPPO DELLE IMPRESE,85,"Art. 4, Tariffa, D.Lgs. 31 ottobre 1990, n. 347",Applicazione delle imposte ipotecaria e catastale in misura fissa per gli atti di regolarizzazione di società di fatto derivanti da comunione ereditaria di azienda registrati entro un anno dall'apertura della successione,IMPOSTE IPOCATASTALI,A REGIME,IMPOSTA IN MISURA FISSA,Non quantificabile,,,,,PERSONE FISICHE,X,30
2022,11: COMPETITIVITA’ E SVILUPPO DELLE IMPRESE,86,"Art. 7, comma 3, L. 31 gennaio 1992, n. 59; Art. 17-bis, comma 1, D.L. 24 giugno 2014, n. 91","Non concorrono a formare il reddito imponibile ai fini delle imposte dirette le quote di utili destinate ad aumento gratuito del capitale sociale, anche in deroga ai limiti massimi di partecipazione, purché nei limiti della variazione dell'indice dei prezzi al consumo accertata dall'Istat. (de minimis per coop di consumo)",IRES,A REGIME,ESCLUSIONE,"-0,8","-0,8","-0,8",130,"-6.424,0",SOGGETTI E CATEGORIE PARTICOLARI,X,30
2022,11: COMPETITIVITA’ E SVILUPPO DELLE IMPRESE,87,"Art. 11, comma 9, L. 31 gennaio 1992, n. 59","I versamenti effettuati ai Fondi mutualistici per la promozione e lo sviluppo della cooperazione di cui all'art. 11, comma 1, della L. n. 59/1992, effettuati dai soggetti di cui all'art. 73, comma 1, lett. a) del TUIR sono esenti da imposte e sono deducibili, nei limiti del 3%, dalla base imponibile del soggetto che effettua l'erogazione.",IRES,A REGIME,ESENZIONE E DEDUZIONE,"-18,7","-18,7","-18,7",27.465,"-680,1",SOGGETTI E CATEGORIE PARTICOLARI,X,30
2022,11: COMPETITIVITA’ E SVILUPPO DELLE IMPRESE,88,"Art. 14-bis, comma 11, L. 25 gennaio 1994, n. 86","Per l'insieme degli apporti immobiliari nei fondi immobiliari chiusi e delle eventuali successive retrocessioni si applica un'imposta sostitutiva fissa in luogo delle imposte di registro, ipotecaria e catastale","IMPOSTE DI REGISTRO, DI BOLLO E IPOCATASTALI",A REGIME,IMPOSTA IN MISURA FISSA,Non quantificabile,,,,,SOGGETTI E CATEGORIE PARTICOLARI,X,30
2022,11: COMPETITIVITA’ E SVILUPPO DELLE IMPRESE,89,"Art. 15, L. 25 gennaio 1994, n. 86","Imposta sostitutiva dei fondi immobiliari chiusi - Le società di gestione del risparmio, relativamente ai fondi comuni d’investimento immobiliare già istituiti nel settembre 2001, possono assoggettare ad imposta sostitutiva IRES del 25% il reddito relativo alla gestione di ciascun fondo.",IRES,A REGIME,REGIME SOSTITUTIVO,Non quantificabile,,,,,SOGGETTI E CATEGORIE PARTICOLARI,X,30
2022,11: COMPETITIVITA’ E SVILUPPO DELLE IMPRESE,90,"Art. 4, comma 1, D.L. 30 dicembre 1997, n. 457 e art. 13, commi 1 e 2, L. 23 dicembre 1999 n. 488; Art. 4, D.Lgs. 29 ottobre 2016, n. 221; Art. 10, L. 20 novembre 2017, n. 167","Credito d'imposta a favore delle imprese armatoriali. (notifica ai sensi dell'art. 108 del TFUE) in misura corrispondente all'imposta sul reddito delle persone fisiche dovuta sui redditi di lavoro dipendente e di lavoro autonomo corrisposti al personale di bordo imbarcato sulle navi iscritte nel Registro internazionale, da valere ai fini del versamento delle ritenute alla fonte relative a tali redditi.",,A REGIME,CREDITO D'IMPOSTA,"-215,4","-215,4","-215,4",840,"-256.428,6","PERSONE FISICHE, ENTI E SOCIETA'",X,30
2022,11: COMPETITIVITA’ E SVILUPPO DELLE IMPRESE,91,"Art. 4, comma 2, D.L. 30 dicembre 1997, n. 457 e art. 13, comma 3, L. 23 dicembre 1999 n. 488; Art. 4, D.Lgs. 29 ottobre 2016, n. 221; Art. 10, L. 20 novembre 2017, n. 167",Il reddito derivante dall'utilizzo di navi iscritte nel registro internazionale concorre in misura pari al 20% a formare il reddito complessivo ai fini IRES e IRPEF; (notifica ai sensi dell'art. 108 del TFUE),IRPEF/IRES,A REGIME,ESCLUSIONE,"-2,5","-2,5","-2,5",10,"-250.000,0",PERSONE FISICHE E GIURIDICHE,X,30
2022,11: COMPETITIVITA’ E SVILUPPO DELLE IMPRESE,92,"Art. 6-bis, comma 1 e 4, comma 1, D.L. 30 dicembre 1997, n. 457","Estensione dei benefici di cui all'art. 4, commi 1 e 2, del D.L. n. 457/1997, alle imprese che esercitano la pesca oltre gli stretti e, nel limite del 70%, a quelle che esercitano la pesca mediterranea.",,A REGIME,CREDITO D'IMPOSTA/NON CONCORRENZA AL REDDITO,Stima compresa nella misura 111,,,,,SOGGETTI E CATEGORIE PARTICOLARI,X,30
2022,11: COMPETITIVITA’ E SVILUPPO DELLE IMPRESE,93,"Art. 21, comma 1, L. 23 dicembre 1998, n. 448; Art. 6, comma 3, L. 23 dicembre 2000, n. 388 (proroga); Art. 1, comma 129, L. 23 dicembre 2005, n. 266; Art. 1, comma 393, L. 27 dicembre 2006, n. 296; Art.1, comma 168, L. 24 dicembre 2007, n. 244; Art.1, comma 8, D.L. 30 dicembre 2009 n.194; Art. 2, comma 5, D.L. 29 dicembre 2010, n. 225; Art. 34 commi 1-3, L. 12 novembre 2011, n. 183 come modificato dall’art. 4, comma 7-bis, D.L. 21 giugno 2013, n. 69",Deduzione forfetaria dal reddito di impresa a favore degli esercenti impianti di distribuzione carburante,IRPEF/IRES,A REGIME,DEDUZIONE,"-35,7","-35,7","-35,7",10.590,"-3.368,9",SOGGETTI E CATEGORIE PARTICOLARI,X,31
2022,11: COMPETITIVITA’ E SVILUPPO DELLE IMPRESE,94,"Art. 7.1, comma 4-bis, L. 30 aprile 1999, n. 130","Nell'ambito della cartolarizzazione di crediti deteriorati da parte di banche e intermediari finanziari, si applicano le imposte di registro, ipotecaria e catastale in misura fissa sugli atti e le operazioni inerenti il trasferimento dei beni mobili e immobili in favore delle società veicolo.",IMPOSTE DI REGISTRO E IPOCATASTALI,A REGIME,IMPOSTA IN MISURA FISSA,"0,0","0,0","0,0",,,SOGGETTI E CATEGORIE PARTICOLARI,X,31
2022,11: COMPETITIVITA’ E SVILUPPO DELLE IMPRESE,95,"Art. 7.1, comma 4-ter, L. 30 aprile 1999, n. 130","Nell'ambito della cartolarizzazione di crediti deteriorati da parte di banche e intermediari finanziari, le trascrizioni nei pubblici registri e le volture catastali effettuate in relazione ai beni acquisiti dalle società veicolo le imposte di registro, ipotecaria e catastale sono dovute in misura fissa .",IMPOSTE DI REGISTRO E IPOCATASTALI,A REGIME,IMPOSTA IN MISURA FISSA,"0,0","0,0","0,0",,,SOGGETTI E CATEGORIE PARTICOLARI,X,31
2022,11: COMPETITIVITA’ E SVILUPPO DELLE IMPRESE,96,"Art. 7.1, comma 4-quater, L. 30 aprile 1999, n. 130","Nell'ambito della cartolarizzazione di crediti deteriorati da parte di banche e intermediari finanziari, gli atti e i provvedimenti riguardanti il successivo trasferimento, a favore di soggetti che svolgono attività d'impresa, della proprietà o di diritti reali sui beni immobili acquistati dalle società veicolo in relazione all'operazione di cartolarizzazione, le imposte di registro, ipotecaria e catastale sono dovute in misura fissa, a condizione che l'acquirente intenda trasferirli entro cinque anni dalla data di acquisto.",IMPOSTE DI REGISTRO E IPOCATASTALI,A REGIME,IMPOSTA IN MISURA FISSA,"0,0","0,0","0,0",,,SOGGETTI E CATEGORIE PARTICOLARI,X,31
2022,11: COMPETITIVITA’ E SVILUPPO DELLE IMPRESE,97,"Art. 7.1, comma 4-quinquies, L. 30 aprile 1999, n. 130","Nell'ambito della cartolarizzazione di crediti deteriorati da parte di banche e intermediari finanziari, gli atti e i provvedimenti riguardanti il successivo trasferimento,emessi a favore di privati per i quali ricorrano le condizioni per l'agevolazione prima casa, sono assoggettati alle imposte di registro, ipotecaria e catastale nella misura fissa .",IMPOSTE DI REGISTRO E IPOCATASTALI,A REGIME,IMPOSTA IN MISURA FISSA,"0,0","0,0","0,0",,,SOGGETTI E CATEGORIE PARTICOLARI,X,31
2022,11: COMPETITIVITA’ E SVILUPPO DELLE IMPRESE,98,"Artt. 3 e 4, L. 22 giugno 2000, n.193; art. 3-bis, comma 2, D.L. 1° luglio 2013, n. 78 (modifica)","Credito d’imposta assunzione di lavoratori detenuti. In particolare, sono previsti i seguenti due crediti d'imposta: 1) un credito d'imposta mensile a favore delle imprese che assumono per un periodo di tempo non inferiore a 30 giorni lavoratori detenuti o internati ovvero ammessi al lavoro all'esterno, o che svolgono attività formative nei loro confronti, nella misura massima di 700 euro per ogni lavoratore assunto; 2) un credito d'imposta mensile a favore delle imprese che assumono, per un periodo di tempo non inferiore a 30 giorni, detenuti semiliberi provenienti dalla detenzione, o che svolgono effettivamente attività formative nei loro confronti, nella misura massima di 350 euro per ogni lavoratore assunto.",,A REGIME,CREDITO D'IMPOSTA,"-4,4","-4,4","-4,4",308,"-14.290,5",SOGGETTI E CATEGORIE PARTICOLARI,X,31
2022,11: COMPETITIVITA’ E SVILUPPO DELLE IMPRESE,99,"Art. 118, comma 1, D.Lgs. 18 agosto 2000, n. 267","Esenzione dalle imposte di registro, bollo, ipotecaria e catastale per i trasferimenti di beni mobili e immobili riguardanti le reti effettuati dai Comuni, dalle Province e da consorzi a favore di aziende speciali o di società a capitale interamente pubblico","IMPOSTE DI REGISTRO, DI BOLLO E IPOCATASTALI",A REGIME,ESENZIONE,Non quantificabile,,,,,ENTI PUBBLICI,X,31
2022,11: COMPETITIVITA’ E SVILUPPO DELLE IMPRESE,100,"Art. 8, L. 21 novembre 2000, n. 342","Previsione di un’imposta sostitutiva, con l'aliquota del 19%, delle imposte sui redditi sulle plusvalenze derivanti da conferimenti o cessioni di beni o aziende a favore dei Centri di assistenza fiscale (CAF).",IMPOSTA SOSTITUTIVA,A REGIME,REGIME SOSTITUTIVO,Effetti di trascurabile entità,,,,,PERSONE FISICHE E GIURIDICHE,X,31
2022,11: COMPETITIVITA’ E SVILUPPO DELLE IMPRESE,101,"Art. 8, comma 1 bis, D.L. 25 settembre 2001, n. 351","Imposte di registro, ipotecaria e catastale in misura fissa per gli apporti ai fondi immobiliari chiusi","IMPOSTE DI REGISTRO, DI BOLLO E IPOCATASTALI",A REGIME,IMPOSTA IN MISURA FISSA,"-0,9","-0,9","-0,9",,,SOGGETTI E CATEGORIE PARTICOLARI,X,31
2022,11: COMPETITIVITA’ E SVILUPPO DELLE IMPRESE,102,"Art. 6, comma 1, D.L. 15 aprile 2002, n. 63 Art. 2, D.L. 13 agosto 2011, n. 138",Non concorre a formare il reddito imponibile delle società cooperative e dei loro consorzi la quota del 90 per cento degli utili netti annuali destinata a riserva minima obbligatoria.,IRES,A REGIME,ESCLUSIONE,"-229,1","-229,1","-229,1",27.465,"-8.342,3",SOGGETTI E CATEGORIE PARTICOLARI,X,31
2022,11: COMPETITIVITA’ E SVILUPPO DELLE IMPRESE,103,"Art. 6, comma 2, D.L. 15 aprile 2002, n. 63; Art. 2, D.L. 13 agosto 2011, n. 138","Le somme di cui all'articolo 3, comma 2, lettera b), della legge 142/2001 e all'articolo 12 del decreto del Presidente della Repubblica 601/1973 destinate ad aumento del capitale delle società cooperative non concorrono a formare il reddito imponibile",IRES,A REGIME,ESCLUSIONE,"-1,5","-1,5","-1,5",27.465,"-54,6",SOGGETTI E CATEGORIE PARTICOLARI,X,31
2022,11: COMPETITIVITA’ E SVILUPPO DELLE IMPRESE,104,"Art. 6, comma 3, D.L. 15 aprile 2002, n. 63; Art. 3, comma 1, D.L. 24 aprile 2014, n. 66 (misura dell'aliquota)","Applicazione di una ritenuta a titolo d'imposta, con aliquota pari al 26 per cento, sugli interessi corrisposti ai soci persone fisiche delle cooperative e di loro consorzi, che non soddisfano i requisiti di piccole e micro imprese di cui alla raccomandazione 2003/361/CE del 6 maggio 2003 (c.d. interessi su prestito sociale).",IRPEF,A REGIME,REGIME SOSTITUTIVO,"-5,5","-5,5","-5,5",1.129,"-4.831,6",SOGGETTI E CATEGORIE PARTICOLARI,X,32
2022,11: COMPETITIVITA’ E SVILUPPO DELLE IMPRESE,105,"Art. 8, comma 10, D.L. 15 aprile 2002, n. 63","Le cessioni a favore della società Infrastrutture Spa, e tutti i provvedimenti, atti, contratti, trasferimenti, prestazioni e formalita' inerenti alle cessioni sono esenti dalle imposte di registro, bollo, ipotecarie e catastali e da ogni altra imposta indiretta, nonché ogni altro tributo o diritto.","IMPOSTE DI REGISTRO, DI BOLLO E IPOCATASTALI",A REGIME,ESENZIONE,Non quantificabile,,,,,SOGGETTI E CATEGORIE PARTICOLARI,X,32
2022,11: COMPETITIVITA’ E SVILUPPO DELLE IMPRESE,106,"Art. 50, commi 6 e 13-bis, D.L. 30 settembre 2003, n. 269",Credito d’imposta a favore delle farmacie pubbliche e private per acquisto di software certificato da utilizzare per la trasmissione dei dati delle ricette mediche in misura pari a 250 euro.,,A REGIME,CREDITO D'IMPOSTA,Effetti di trascurabile entità,,,,,SOGGETTI E CATEGORIE PARTICOLARI,X,32
2022,11: COMPETITIVITA’ E SVILUPPO DELLE IMPRESE,107,"Art. 1, comma 126, L. 27 dicembre 2006, n. 296","Imposta d’ingresso nel regime SIIQ e SIINQ relativa agli immobili posseduti dalla società alla data di chiusura dell’ultimo esercizio in regime ordinario. L’ingresso nel regime speciale SIIQ e SIINQ comporta il realizzo a valore normale degli immobili, nonché dei diritti reali su immobili destinati alla locazione, posseduti dalla società alla data di chiusura dell’ultimo esercizio in regime ordinario. L’importo complessivo delle plusvalenze così realizzate, al netto di eventuali minusvalenze, è assoggettato a imposta sostitutiva con l’aliquota del 20 %.",IRES,A REGIME,REGIME SPECIALE,Effetti di trascurabile entità,,,,,SOGGETTI E CATEGORIE PARTICOLARI,X,32
2022,11: COMPETITIVITA’ E SVILUPPO DELLE IMPRESE,108,"Art. 1, comma 131, L. 27 dicembre 2006, n. 296","Esenzione dall'Ires del reddito d'impresa derivante dall'attività di locazione immobiliare. Esenzione dall’Irap della quota del valore della produzione proporzionalmente corrispondente al rapporto tra i componenti positivi imputabili alla gestione esente rilevanti ai fini Irap e l’ammontare complessivo dei componenti positivi rilevanti agli stessi effetti (Art. 10, D.M. 7 settembre 2007, n. 174 (Irap)",IRES/IRAP,A REGIME,ESENZIONE,"-16,4","-16,4","-16,4",998,"-16.477,6",SOGGETTI E CATEGORIE PARTICOLARI,X,32
2022,11: COMPETITIVITA’ E SVILUPPO DELLE IMPRESE,109,"Art. 1, commi da 134 a 136, L. 27 dicembre 2006, n. 296","Tassazione sugli utili corrisposti da SIIQ o SIINQ agli azionisti mediante ritenuta con aliquota ridotta pari al 15 per cento in relazione alla parte dell’utile di esercizio riferibile a contratti di locazione di immobili ad uso abitativo stipulati ai sensi dell'articolo 2, comma 3, della legge 9 dicembre 1998, n. 431. La ritenuta è applicata a titolo d’acconto, nei confronti di: a) imprenditori individuali, se le partecipazioni sono relative all'impresa commerciale; b) società in nome collettivo, in accomandita semplice ed equiparate, società ed enti indicati nelle lettere a) e b) del comma 1 dell'articolo 73 del Tuir, e stabili organizzazioni nel territorio dello Stato delle società e degli enti di cui alla lettera d) del predetto articolo 73, comma 1. La ritenuta è applicata a titolo d'imposta in tutti gli altri casi.",IRPEF,A REGIME,REGIME SOSTITUTIVO,"-1,2","-1,2","-1,2",133,"-8.851,8",SOGGETTI E CATEGORIE PARTICOLARI,X,32
2022,11: COMPETITIVITA’ E SVILUPPO DELLE IMPRESE,110,"Art. 1, comma 137, L. 27 dicembre 2006, n. 296","Conferimenti immobili in SIIQ, SIINQ e Fondi immobiliari Imposta sostitutiva con aliquota del 20% per le plusvalenze realizzate all’atto del conferimento di immobili e di diritti reali su immobili: - in SIIQ; - in SIINQ; - in fondi comuni di investimento immobiliare istituiti ai sensi dell’articolo 37 del testo unico di cui al decreto legislativo 24 febbraio 1998, n. 58 (comma 140, art. 1 L. 296/2006).",IRPEF/IRES,A REGIME,REGIME SOSTITUTIVO,"13,3","7,7","2,0",4,"3.334.935,7",PERSONE FISICHE E GIURIDICHE,X,32
2022,11: COMPETITIVITA’ E SVILUPPO DELLE IMPRESE,111,"Art. 1, comma 172, L. 24 dicembre 2007, n. 244; Art. 2, comma 2, L. 22 dicembre 2008, n. 203","Estensione alle imprese che esercitano la pesca costiera, nonché alle imprese che esercitano la pesca nelle acque interne e lagunari dei benefici di cui all'art. 4, commi 1 e 2, D.L. n. 457/1997, nel limite dell'80%, che prevede un credito d'imposta in misura corrispondente all'imposta sul reddito delle persone fisiche dovuta sui redditi di lavoro dipendente e di lavoro autonomo corrisposti al personale di bordo imbarcato sulle navi iscritte nel Registro internazionale, da valere ai fini del versamento delle ritenute alla fonte relative a tali redditi. Il reddito derivante dall'utilizzazione di navi iscritte nel Registro internazionale concorre in misura pari al 20% a formare il reddito complessivo assoggettabile all'imposta sul reddito delle persone fisiche e all'imposta sul reddito delle persone giuridiche. L'art. 2, comma 2, L n. 203/2008 stabilizza a regime detto beneficio a decorrere dal periodo d'imposta 2009.",,A REGIME,CREDITO D'IMPOSTA/NON CONCORRENZA AL REDDITO,"-11,5","-11,5","-11,5",2.263,"-5.081,7",SOGGETTI E CATEGORIE PARTICOLARI,X,32
2022,11: COMPETITIVITA’ E SVILUPPO DELLE IMPRESE,112,"Art. 2, commi da 218 a 220, L. 24 dicembre 2007, n. 244","Procedura accelerata di ammortamento dei beni mobili registrati con costo ammortizzabile ai fini fiscali non inferiore a 10 anni ed equipaggio di almeno 6 persone qualora siano concessi in locazione finanziaria con obbligo di acquisto, da un Gruppo europeo di interesse economico (GEIE) o da una società per azioni o a responsabilità limitata per le quali sia stata esercitata l'opzione prevista dall'articolo 115, comma 4, del Tuir (trasparenza fiscale), ad un'impresa che li destini all'esercizio della propria attività abituale. Esclusione dall’applicazione delle disposizioni di cui all'articolo 102, commi 1, 2, 3 e 7, del Tuir.",IRPEF/IRES,A REGIME,ALTRO,Non quantificabile,,,,,IMPRESE E SOCIETA',X,33
2022,11: COMPETITIVITA’ E SVILUPPO DELLE IMPRESE,113,"Art. 15, commi 10, 11 e 12, D.L. 29 novembre 2008, n. 185; Art. 23, commi 12-15, D.L. 6 luglio 2011, n. 98 (estensione); Art. 20, D.L. 6 dicembre 2011, n. 201 (proroga); Art. 1, commi 502, 503 e 505, L. 24 dicembre 2012, n. 228 (modifica); Art. 1, comma 150, L. 27 dicembre 2013, n. 147 (proroga); Art. 1, commi 95 e 96, L. 28 dicembre 2015, n. 208 (modifica); Art. 1, commi 81-83, L. 27 dicembre 2017, n. 205 (modifica)","Il soggetto beneficiario di una operazione straordinaria può ottenere il riconoscimento fiscale, in tutto o in parte, dei maggiori valori attribuiti in bilancio all’avviamento, ai marchi di impresa e alle altre attività immateriali, mediante assoggettamento ad imposta sostitutiva di cui al comma 2-ter dell’art. 176 del TUIR, con l’aliquota del 16%. Le suddette previsioni si applicano anche ai maggiori valori delle partecipazioni di controllo in società residenti e non residenti anche prive di stabile organizzazione in Italia, iscritti in bilancio a seguito dell'operazione a titolo di avviamento, marchi d'impresa e altre attività immateriali nonché ai maggiori valori - attribuiti ad avviamenti, marchi di impresa e altre attivita' immateriali nel bilancio consolidato - delle partecipazioni di controllo acquisite nell'ambito di operazioni di cessione di azienda ovvero di partecipazioni in societa' residenti e non residenti anche prive di stabile organizzazione in Italia. I maggiori valori assoggettati ad imposta sostitutiva si considerano riconosciuti fiscalmente a partire dall’inizio del periodo d’imposta nel corso del quale è versata l’imposta sostitutiva. E', inoltre, possibile riallineare i minori valori fiscali ai maggiori valori contabili relativi ad attività diverse dalle immobilizzazioni materiali e immateriali (attivo circolante e immobilizzazioni finanziarie), assoggettando i maggiori valori a tassazione con aliquota ordinaria, separatamente dall’imponibile complessivo.",IRES,A REGIME,REGIME SOSTITUTIVO,"320,5","186,7","52,9",225,"1.424.385,3",PERSONE GIURIDICHE,X,33
2022,11: COMPETITIVITA’ E SVILUPPO DELLE IMPRESE,114,"Art. 20, D.Lgs. 4 marzo 2010, n. 28","Credito d'imposta commisurato all'indennità corrisposta ai soggetti abilitati a svolgere la mediazione con un massimo di 500 euro. In caso di insuccesso della mediazione, il credito d'imposta è ridotto della metà.",,A REGIME,CREDITO D'IMPOSTA,Effetti di trascurabile entità,,,,,PERSONE FISICHE E GIURIDICHE,X,33
2022,11: COMPETITIVITA’ E SVILUPPO DELLE IMPRESE,115,"Art. 32, comma 5-ter, D.L. 31 maggio 2010, n. 78","Le imposte di registro, ipotecaria e catastale si applicano in misura fissa agli atti di liquidazione del patrimonio immobilare di pertinenza dei fondi immobiliari chiusi",IMPOSTE DI REGISTRO E IPOCATASTALI,A REGIME,IMPOSTA IN MISURA FISSA,Non quantificabile,,,,,SOGGETTI E CATEGORIE PARTICOLARI,X,33
2022,11: COMPETITIVITA’ E SVILUPPO DELLE IMPRESE,116,"Art. 31, D.L. 6 luglio 2011, n. 98; art. 1, comma 219, L. 30 dicembre 2018, n. 145 (modifica)","Esenzione dei redditi di capitale da partecipazione ai fondi di venture capital (FVC), ossia i fondi comuni d'investimento che investono almeno l'85 per cento dei capitali raccolti in società non quotate nella fase di sperimentazione, di costituzione, di avvio dell'attività o di sviluppo del prodotto.",IMPOSTA SOSTITUTIVA,A REGIME,ESENZIONE,"-2,6","-2,6","-2,6",,,PERSONE FISICHE,X,33
2022,11: COMPETITIVITA’ E SVILUPPO DELLE IMPRESE,117,"Art. 18, L. 12 novembre 2011, n. 183","Misure di compensazione fiscale previste per il finanziamento di opere infrastrutturali, da realizzare o in corso di affidamento, con contratti di partenariato pubblico privato. La delibera del CIPE n. 1/2013 (RU Codice credito 94) ha definito le linee guida per l’applicazione delle misure agevolative. Le predette misure fiscali sono alternative al credito d’imposta di cui all’art. 33, D.L. n. 179/2012.",,A REGIME,CREDITO D'IMPOSTA,Non quantificabile,,,,,IMPRESE E SOCIETA',X,33
2022,11: COMPETITIVITA’ E SVILUPPO DELLE IMPRESE,118,"Art. 1, D.L. 22 giugno 2012, n. 83","Estensione del regime dei titoli di Stato alle obbligazioni e altri titoli di debito emessi dalle società di cui all'articolo 185 del D.Lgs. 18 aprile 2016, n. 50, recante codice dei contratti pubblici (c.d. project bond).",IMPOSTA SOSTITUTIVA,A REGIME,REGIME SOSTITUTIVO,"0,0","0,0","0,0",,,PERSONE FISICHE,X,33
2022,11: COMPETITIVITA’ E SVILUPPO DELLE IMPRESE,119,"Art. 29, D.L. 18 ottobre 2012, n. 179; Art. 9, comma 16-ter, D.L. 28 giugno 2013, n. 76 (proroga); Art. 1, commi 66-67, L. 11 dicembre 2016, n. 232 (modifica limiti, condizioni, aliquote; notifica 108 TFUE)","Incentivi all'investimento in start-up innovative. (notifica ai sensi dell'art. 108 del TFUE). Dall'imposta lorda sul reddito delle persone fisiche si detrae un importo pari al 30% della somma investita dal contribuente nel capitale sociale di una o più start-up innovative direttamente ovvero per il tramite di organismi di investimento collettivo del risparmio che investano prevalentemente in start-up innovative. L'investimento massimo detraibile non può eccedere, in ciascun periodo d'imposta, l'importo di euro 1.000.000 e deve essere mantenuto per almeno tre anni. Non concorre alla formazione del reddito dei soggetti passivi dell'imposta sul reddito delle società, diversi da imprese start-up innovative, il 30% della somma investita nel capitale sociale di una o più start-up innovative direttamente ovvero per il tramite di organismi di investimento collettivo del risparmio o altre società che investano prevalentemente in start-up innovative.L'investimento massimo deducibile non può eccedere, in ciascun periodo d'imposta, l'importo di euro 1.800.000 e deve essere mantenuto per almeno tre anni.",IRPEF/IRES,A REGIME,DETRAZIONE/DED UZIONE,"-39,9","-39,9","-39,9",7.030,"-5.669,9",PERSONE FISICHE E GIURIDICHE,X,33
2022,11: COMPETITIVITA’ E SVILUPPO DELLE IMPRESE,120,"Art. 29-bis, D.L. 18 ottobre 2012, n. 179 introdotto dall'art. 38, comma 7, D.L. 19 maggio 2020, n. 34","Incentivi in «de minimis» all'investimento in start-up innovative. In alternativa a quanto previsto dall'art. 29 del D.L. n. 179 del 2012, dall'imposta lorda sul reddito delle persone fisiche si detrae un importo pari al 50 per cento della somma investita dal contribuente nel capitale sociale di una o piu' start-up innovative direttamente ovvero per il tramite di organismi di investimento collettivo del risparmio che investano prevalentemente in start-up innovative. L'investimento massimo detraibile non puo' eccedere, in ciascun periodo d'imposta, l'importo di euro 100.000 e deve essere mantenuto per almeno tre anni.",IRPEF,A REGIME,DETRAZIONE,"-30,7","-30,7","-30,7",3.578,"-8.573,1",PERSONE FISICHE,,34
2022,11: COMPETITIVITA’ E SVILUPPO DELLE IMPRESE,121,"Art. 33, D.L. 18 ottobre 2012, n. 179","Credito d'imposta, a valere sull'IRES e sull'IRAP, per la realizzazione di nuove opere infrastrutturali, la cui progettazione definitiva sia approvata entro il 31 dicembre 2016, di importo superiore a 50 milioni di euro mediante l'utilizzazione di contratti di partenariato pubblico-privato.",,A REGIME PER I PROGETTI APPROVATI ENTRO IL 2016,CREDITO D'IMPOSTA,Effetti di trascurabile entità,,,,,IMPRESE E SOCIETA',X,34
2022,11: COMPETITIVITA’ E SVILUPPO DELLE IMPRESE,122,"Art. 4, comma 9, D.L. 24 gennaio 2015, n. 3; art. 1, comma 68, L. 11 dicembre 2016, n. 232 (modifica)","Incentivi all'investimento in PMI innovative. (notifica ai sensi dell'art. 108 del TFUE) L'articolo 29 del D.L. n. 179/2012 si applica alle PMI innovative nel rispetto delle condizioni e dei limiti previsti dagli Orientamenti sugli aiuti di Stato destinati a promuovere gli investimenti per il finanziamento del rischio, di cui alla comunicazione 2014/C 19/04 della Commissione, del 22 gennaio 2014.",IRPEF/IRES,A REGIME,DETRAZIONE/DED UZIONE,"-10,8","-10,8","-10,8",2.210,"-4.894,4",PERSONE FISICHE E GIURIDICHE,X,34
2022,11: COMPETITIVITA’ E SVILUPPO DELLE IMPRESE,123,"Art. 4, comma 9-ter, D.L. 24 gennaio 2015, n. 3 , inserito dall'art.38, comma 8, D.L. 19 maggio 2020, n. 34","Incentivi in «de minimis» all'investimento in PMI innovative . Dall'imposta lorda sul reddito delle persone fisiche si detrae un importo pari al cinquanta per cento della somma investita dal contribuente nel capitale sociale di una o piu' PMI innovative direttamente ovvero per il tramite di organismi di investimento collettivo del risparmio che investano prevalentemente in PMI innovative; la detrazione si applica alle sole PMI innovative iscritte alla sezione speciale del Registro delle imprese al momento dell'investimento. L'investimento massimo detraibile non puo' eccedere, in ciascun periodo d'imposta, l'importo di euro 300.000 e deve essere mantenuto per almeno tre anni. La detrazione in esame spetta prioritariamente rispetto alla detrazione di cui all’articolo 29 del decreto-legge 18 ottobre 2012, n. 179, convertito, con modificazioni, dalla legge 17 dicembre 2012, n. 221, e fino all’ammontare di investimento di cui al periodo precedente. Sulla parte di investimento che eccede tale limite è fruibile esclusivamente la detrazione di cui al citato articolo 29 del decreto-legge n. 179 del 2012 nei limiti del regolamento (UE) n. 1407/2013 della Commissione, del 18 dicembre 2013.",IRPEF,A REGIME,DETRAZIONE,"-8,5","-8,5","-8,5",1.026,"-8.289,7",PERSONE FISICHE,,34
2022,11: COMPETITIVITA’ E SVILUPPO DELLE IMPRESE,124,"Art. 16, D.Lgs. 14 settembre 2015, n. 147 (Regime dei lavoratori impatriati) Art. 5, D.L. 30 aprile 2019, n. 34 e art. 13-ter, D.L. 26 ottobre 2019, n. 124 (riforma); Art. 1, comma 50, L. 30 dicembre 2020, n.178 a decorrere dal 1° gennaio 2021; Art. 12-quater, D.L. 21 marzo 2022, n. 21 (modifica)","Riduzione nella misura del 50 per cento dei redditi di lavoro dipendente e di lavoro autonomo prodotti in Italia. L'agevolazione spetta a decorrere dal periodo d'imposta del trasferimento della residenza in Italia e per i quattro periodi d’imposta successivi. Dal periodo d'imposta 2019 ai soggetti che a decorrere dal 30 aprile 2019 trasferiscono la residenza fiscale in Italia e risultano beneficiari del regime per i lavoratori impatriati di cui all'art. 16 del D.Lgs n.147 del 2015 l'agevolazione, estesa anche alle persone fisiche titolari di reddito d'impresa, consiste nella riduzione dell'imponibile nella misura del 70 per cento. Sono previste, inoltre, a determinate condizioni, ulteriori agevolazioni per il quinquennio successivo al primo. I soggetti che siano stati iscritti all'Anagrafe degli italiani residenti all'estero o che siano cittadini di Stati membri dell'Unione europea, che hanno già trasferito la residenza prima dell'anno 2020 e che alla data del 31 dicembre 2019 risultano beneficiari del regime previsto dall'articolo 16 del D.Lgs n. 147/2015 possono optare per l'applicazione delle agevolazioni relative al quinquennio successivo al primo previo pagamento di un importo pari al 10% o al 5% - a seconda dei requisiti posseduti - dei r l e e d d d i s i t p i o a s g i e z v i o o n l a i t s i o r p e r l a a t c i v i t i a a t e l l ’ s a i n a n p u p a l i l c i t a à n p o r , e l c i m e d i e t a n t t a e m a e q n u t e e l a l a d d u i n e q s u e r i n c i q z u i o e n d n e i l o l , ’ o p p e z r i i o r n e e d . d A i t i i r p a r p o p d o o r t t t i i d i n i l d a i v s o c r i p o l s i n p e o r t i v o professionistiche dai contribuenti con più di 20 anni di età e sempre che siano superiori ad euro 1.000.000 o 500.000 a seconda della disciplina. In tali circostanze i redditi concorrono alla formazione del reddito complessivo limitatamente al 50 per cento del loro ammontare e l'esercizio dell'opzione comporta il versamento di un contributo pari allo 0,5 per cento della base imponibile.",IRPEF,A REGIME,ESCLUSIONE,"-673,9","-673,2","-673,2",15.080,"-44.690,2",PERSONE FISICHE,,34
2022,11: COMPETITIVITA’ E SVILUPPO DELLE IMPRESE,125,"Art. 1, commi 89-90, L. 28 dicembre 2015, n. 208","Rientrano tra i soggetti per i quali l’Ires è ridotta alla metà di cui all’art. 6 del D.P.R. n. 601/1973, gli enti aventi le stesse finalità sociali degli Iacp, istituiti nella forma di società (con personalità giuridica) che rispondono ai requisiti della legislazione UE in materia di “in house providing” e che siano costituiti e operanti alla data del 31/12/13. Per tali soggetti è stato inoltre stabilito che non si considerano contributi o liberalità, e pertanto non sono sopravvenienze attive ai sensi dell’art. 88 del Tuir, i finanziamenti erogati dallo Stato, dalle Regioni e dalle Province autonome per la costruzione, ristrutturazione e manutenzione straordinaria e ordinaria di immobili di edilizia residenziale pubblica.",IRES,A REGIME,RIDUZIONE DI ALIQUOTA/ESCLU SIONE,Effetti di trascurabile entità,,,,,SOGGETTI E CATEGORIE PARTICOLARI,X,34
2022,11: COMPETITIVITA’ E SVILUPPO DELLE IMPRESE,126,"Art. 1, commi 170 e 171, L. 28 dicembre 2015, n. 208","I maggiori o minori valori derivanti dalla riduzione o conversione di azioni disposta dalla Banca d'Italia per il risanamento o risoluzione di enti creditizi e delle imprese di investimento, disciplinata dal D.lgs. n. 180/2015 non concorrono a formare il reddito imponibile ai fini delle imposte dirette, né a formare la base imponibile Irap del soggetto che ha emesso gli strumenti stessi. I maggiori o minori valori derivanti dal cd. bail in, (ossia dalla misura di risoluzione delle banche che prevede la riduzione o la conversione in capitale dei diritti degli azionisti e dei creditori), nonché i conferimenti del Fondo di risoluzione e le somme corrisposte dal sistema di garanzia dei depositanti nel corso della procedura di risoluzione, non concorrono alla formazione del reddito imponibile ai fini Ires, per la parte che eccede le perdite pregresse e di periodo, né alla base imponibile Irap dell’ente sottoposto a risoluzione. In tale ipotesi non si applicano gli ordinari limiti di riportabilità delle perdite; rilevano anche le perdite trasferite al consolidato nazionale, non ancora utilizzate.",IRES,A REGIME,ESCLUSIONE,Effetti di trascurabile entità,,,,,BANCHE E ASSICURAZIONI,X,35
2022,11: COMPETITIVITA’ E SVILUPPO DELLE IMPRESE,127,"Art. 1, comma 850, L. 28 dicembre 2015, n. 208","Nel caso in cui siano adottate azioni di risoluzione bancaria la trasformazione in credito d'imposta delle attività per imposte anticipate relative ai componenti negativi di cui al co. 55 dell'art. 2 del D.L. n. 225/2010, iscritte nella situazione contabile di riferimento dell'ente sottoposto a risoluzione decorre dalla data di avvio della risoluzione e opera sulla base dei dati della medesima situazione contabile. Con decorrenza dal periodo d'imposta in corso alla data di avvio della risoluzione non sono deducibili i componenti negativi corrispondenti alle attività per imposte anticipate trasformate in credito d'imposta .",IRES,A REGIME,ALTRO,"-0,1","-0,1","-0,1",10,"-13.952,4",BANCHE E ASSICURAZIONI,X,35
2022,11: COMPETITIVITA’ E SVILUPPO DELLE IMPRESE,128,"Art. 1, comma 853, L. 28 dicembre 2015, n. 208",Non si considerano sopravvenienze attive i versamenti effettuati dal fondo di risoluzione agli enti ponte.,IRES,A REGIME,ESCLUSIONE,Non quantificabile,,,,,BANCHE E ASSICURAZIONI,X,35
2022,11: COMPETITIVITA’ E SVILUPPO DELLE IMPRESE,129,"Art. 1, commi 987-989, L. 28 dicembre 2015, n. 208 (si inserisce su art. 100, comma 2, lett. o-ter) del TUIR nonché sull'art. 11, comma 1, lett. a), D.Lgs. 15 dicembre 1997, n. 446)","Sono deducibili le somme corrisposte, anche su base volontaria, a consorzi cui le imprese aderiscono ottemperando a obblighi di legge, indipendentemente dal trattamento contabile e purché utilizzate agli scopi dei consorzi. Le medesime somme sono deducibili dall’IRAP. Tali disposizioni si applicano dall’esercizio in corso al 31/12/15.",IRES/IRAP,A REGIME,DEDUZIONE,"-23,5","-23,5","-23,5",770,"-30.519,5",PERSONE FISICHE E GIURIDICHE,X,35
2022,11: COMPETITIVITA’ E SVILUPPO DELLE IMPRESE,130,"Art. 1, commi da 91 a 94 e 97 e allegato n. 3, L. 28 dicembre 2015, n. 208","Maggiorazione del 40%, ai fini delle imposte sui redditi, del costo di acquisizione dei beni materiali strumentali nuovi, anche realizzati in economia o tramite appalto, con esclusivo riferimento alle quote di ammortamento e dei canoni di leasing. Ambito temporale: investimenti effettuati dal 15 ottobre 2015 al 31 dicembre 2016. Sono esclusi gli investimenti in beni con coefficiente di ammortamento inferiore al 6,5%, in fabbricati e costruzioni e in beni di cui all'allegato n. 3 della L. 28 dicembre 2015, n. 208. Sono compresi gli investimenti in veicoli e mezzi di trasporto di cui all'art. 164, comma 1, lettera b), del Tuir.",IRPEF/IRES,2016,DEDUZIONE,"-819,0","-36,0","299,0",,,IMPRESE E SOCIETA',X,35
2022,11: COMPETITIVITA’ E SVILUPPO DELLE IMPRESE,131,"Art. 15, D.L. 14 febbraio 2016, n. 18","La cessione di diritti, attività e passività di una banca sottoposta a risoluzione a un ente ponte non costituisce realizzo di plusvalenze o minusvalenze ai fini Ires e Irap. I beni ricevuti dall'ente ponte sono valutati fiscalmente in base agli ultimi valori fiscali riconosciuti in capo all'ente cedente. Dalla data in cui ha effetto la cessione l'ente ponte subentra nella posizione dell'ente sottoposto a risoluzione in ordine ai diritti, attività o passività oggetto di cessione, incluse la deduzione o la tassazione dei componenti di reddito dell'ente sottoposto a risoluzione già imputati a conto economico e non ancora dedotti o tassati dallo stesso alla data della cessione, e nelle deduzioni derivanti da opzioni di riallineamento dell'avviamento e di altre attività immateriali esercitate dall'ente sottoposto a risoluzione. Le perdite dell'ente sottoposto a risoluzione sono portate in diminuzione del reddito dell'ente ponte.",IRES/IRAP,A REGIME,ALTRO,Non quantificabile,,,,,BANCHE E ASSICURAZIONI,X,35
2022,11: COMPETITIVITA’ E SVILUPPO DELLE IMPRESE,132,"Art. 1, commi 8 e 12-13, L. 11 dicembre 2016, n. 232","Maggiorazione del 40%, ai fini delle imposte sui redditi, del costo di acquisizione dei beni materiali strumentali nuovi anche realizzati in economia o tramite appalto, con esclusivo riferimento alle quote di ammortamento e dei canoni di leasing. Ambito temporale: investimenti effettuati dal 31 dicembre 2016 al 31 dicembre 2017, ovvero entro il 30 settembre 2018 a condizione che entro la data del 31 dicembre 2017 il relativo ordine risulti accettato dal venditore e sia avvenuto il pagamento di acconti in misura almeno pari al 20% del costo di acquisizione. Sono esclusi gli investimenti in beni con coefficiente di ammortamento inferiore al 6,5%, in fabbricati e costruzioni e in beni di cui all'allegato n. 3 della L. 28 dicembre 2015, n. 208. Sono esclusi anche gli investimenti in veicoli e mezzi di trasporto non utilizzati esclusivamente ad uso strumentale di cui all'art. 164, comma 1, lettera b) e b-bis), del Tuir.",IRPEF/IRES,2018,DEDUZIONE,"-147,0","-147,0","-147,0",,,IMPRESE E SOCIETA',X,35
2022,11: COMPETITIVITA’ E SVILUPPO DELLE IMPRESE,133,"Art. 1, commi 9-13, L. 11 dicembre 2016, n. 232; Art. 14, D.L. 20 giugno 2017, n. 91 (proroga termini)","Maggiorazione, ai fini delle imposte sui redditi, del costo di acquisizione di beni strumentali nuovi, materiali (150%) e immateriali (40%), compresi rispettivamente nell'Allegato A e nell'Allegato B annessi alla Legge 11 dicembre 2016, n. 232, con esclusivo riferimento alla determinazione delle quote di ammortamento e dei canoni di locazione finanziaria. Ambito temporale: investimenti effettuati dal 1 gennaio 2017 al 31 dicembre 2017, ovvero entro il 30 settembre 2018 a condizione che entro la data del 31 dicembre 2017 il relativo ordine risulti accettato dal venditore e sia avvenuto il pagamento di acconti in misura almeno pari al 20% del costo di acquisizione.",IRPEF/IRES,2018,DEDUZIONE,"-606,6","-598,9","-284,2",,,IMPRESE E SOCIETA',,36
2022,11: COMPETITIVITA’ E SVILUPPO DELLE IMPRESE,134,"Art. 1, commi da 88 a 91, L. 11 dicembre 2016, n. 232; Art. 1, comma 210, L. 30 dicembre 2018, n. 145 (modifica)","Agevolazione fiscale a favore delle casse previdenziali titolari di investimenti qualificati di cui all'articolo 1, comma 89, della legge 11 dicembre 2016, n. 232. Esenzione per i redditi di natura finanziaria prodotti dagli investimenti qualificati",IRES,A REGIME,ESENZIONE,"-41,6","-41,6","-41,6",,,SOGGETTI E CATEGORIE PARTICOLARI,,36
2022,11: COMPETITIVITA’ E SVILUPPO DELLE IMPRESE,135,"Art. 1, commi da 92 a 94, L. 11 dicembre 2016, n. 232, Art. 1, comma 210, L. 30 dicembre 2018, n. 145 (modifica)","Agevolazione fiscale a favore delle forme di previdenza complementare titolari di investimenti qualificati di cui all'articolo 1, comma 89, della legge 11 dicembre 2016, n. 232. Esenzione per i redditi di natura finanziaria prodotti dagli investimenti qualificati",IMPOSTA SOSTITUTIVA,A REGIME,ESENZIONE,,,,,,SOGGETTI E CATEGORIE PARTICOLARI,,36
2022,11: COMPETITIVITA’ E SVILUPPO DELLE IMPRESE,136,"Art. 1, comma 95, L. 11 dicembre 2016, n. 232 art. 1, comma 210, lett. d), L. 30 dicembre 2018, n. 145 (modifica)",Agevolazione fiscale a favore dei fondi pensione esteri istituiti negli Stati membri dell’Unione europea e negli Stati aderenti all’Accordo sullo spazio economico europeo inclusi nella white list. Esenzione per i redditi di natura finanziaria prodotti dagli investimenti qualificati,IMPOSTA SOSTITUTIVA,A REGIME,ESENZIONE,,,,,,SOGGETTI E CATEGORIE PARTICOLARI,,36
2022,11: COMPETITIVITA’ E SVILUPPO DELLE IMPRESE,137,"Art. 1, commi da 100 a 114, L. 11 dicembre 2016, n. 232, art. 13-bis del D.L. 26 ottobre 2019, n. 124 (modifica)",Agevolazione in materia di piani individuali di risparmio a lungo termine. Esenzione per i redditi di natura finanziaria prodotti dagli investimenti qualificati conferiti nei PIR,IRPEF,A REGIME,ESENZIONE,"-103,0","-103,0","-103,0",,,PERSONE FISICHE,,36
2022,11: COMPETITIVITA’ E SVILUPPO DELLE IMPRESE,138,"Art. 57, comma 2, lett. a), D.L. 24 aprile 2017, n. 50.","Agevolazione fiscale a favore delle forme di previdenza complementare che investono nei piani individuali di risparmio di cui all'articolo 1, comma 102, della legge 11 dicembre 2016, n. 232.",IMPOSTA SOSTITUTIVA,A REGIME,ESENZIONE,"0,0","0,0","0,0",,,SOGGETTI E CATEGORIE PARTICOLARI,,36
2022,11: COMPETITIVITA’ E SVILUPPO DELLE IMPRESE,139,"Art. 57, comma 2, lett. b), D.L. 24 aprile 2017, n. 50.","Agevolazione fiscale a favore delle casse previdenziali che investono nei piani individuali di risparmio di cui all'articolo 1, comma 102, della legge 11 dicembre 2016, n. 232.",IRES,A REGIME,ESENZIONE,"0,0","0,0","0,0",,,SOGGETTI E CATEGORIE PARTICOLARI,,36
2022,11: COMPETITIVITA’ E SVILUPPO DELLE IMPRESE,140,"Art. 57-bis, D.L. 24 aprile 2017, n. 50; Art. 4, comma 1, lett. 0a), D.L. 16 ottobre 2017, n. 148 (estensione); Art. 1, comma 762, L. 30 dicembre 2018, n. 145 (de minimis); Art. 3-bis, D.L. 28 giugno 2019, n. 59; Art. 98, comma 1, D.L. 17 marzo 2020, n. 18; Art. 186, D.L. 19 maggio 2020, n. 34; Art. 96, comma 1, lett. a), b), c) e d), D.L. 14 agosto 2020, n. 104; Art. 1, comma 608, L. 30 dicembre 2020, n. 178; Art. 67, commi 10, D.L. 25 maggio 2021, n. 73; Art. 25-bis, D.L. 1 marzo 2022, n. 17 (modifiche)","Credito d'imposta a favore di imprese, lavoratori autonomi ed enti non commerciali per investimenti pubblicitari. Il credito d'imposta - introdotto a decorrere dal 2018 - ha subito negli anni diverse modifiche. Per gli anni 2020, 2021 e 2022, l'incentivo è riconosciuto -nel rispetto del ""de minimis"" - in misura pari al 50% del valore degli investimenti pubblicitari sulla stampa quotidiana e periodica e sulle emittenti televisive e radiofoniche locali . A decorrere dall'anno 2023, il credito d'imposta è concesso nella misura del 75% del valore incrementale degli investimenti effettuati in campagne pubblicitarie esclusivamente sulla stampa quotidiana e periodica, anche on line, nel limite massimo di spesa di 30 milioni di euro in ragione d'anno, che costituisce tetto di spesa.",,A REGIME,CREDITO D'IMPOSTA,"-65,0","-65,0","-65,0",15.037,"-4.323,7",PERSONE FISICHE E GIURIDICHE,,36
2022,11: COMPETITIVITA’ E SVILUPPO DELLE IMPRESE,141,"Art. 7, D.L. 25 giugno 2017, n. 99","Trattamento tributario delle operazioni poste in essere nell’ambito della liquidazione coatta amministrativa di Banca Popolare di Vicenza S.p.A. e di Veneto Banca S.p.A. La disposizione consente l'utilizzo da parte del cessionario, dei crediti d’imposta generati dalla trasformazione delle imposte differite attive (DTA), ai sensi dell’articolo 2, commi 55-56-ter, del DL n. 225/2010. Inoltre, viene assicurato al cedente e al cessionario la neutralità fiscale dell’operazione prevedendo, altresì, la continuità fiscale per quei componenti negativi o positivi di reddito la cui deducibilità/tassazione è sospesa in virtù dell’applicazione di norme fiscali nonché il trasferimento al cessionario dei diritti relativi all’utilizzo delle perdite. Viene prevista, infine, l’irrilevanza fiscale dei finanziamenti dello Stato.",IRES/IRAP,A REGIME,ALTRO,Non quantificabile,,,,,BANCHE E ASSICURAZIONI,,36
2022,11: COMPETITIVITA’ E SVILUPPO DELLE IMPRESE,142,"Art. 18, comma 3, D.Lgs. 3 luglio 2017, n. 112 art. 7, comma 1, lett. b) e lett. c), D.Lgs. 20 luglio 2018, n. 95 (modifica)","Detrazione del 30 per cento della somma investita dal contribuente nel capitale sociale di una o più società, incluse le società cooperative, che abbiano acquisito la qualifica di impresa sociale da non più di 5 anni. L'investimento massimo detraibile non può eccedere, in ciascun periodo d'imposta, l'importo di euro 1.000.000 e deve essere mantenuto per almeno cinque anni.",IRPEF,A REGIME,DETRAZIONE,"-1,8","-1,8","-1,8",,,PERSONE FISICHE,,36
2022,11: COMPETITIVITA’ E SVILUPPO DELLE IMPRESE,143,"Art. 1, comma 29, L. 27 dicembre 2017, n. 205","Maggiorazione del 30%, ai fini delle imposte sui redditi, del costo di acquisizione dei beni materiali strumentali nuovi, anche realizzati in economia o tramite appalto, con esclusivo riferimento alle quote di ammortamento e dei canoni di leasing. Ambito temporale: investimenti effettuati dal 1 gennaio 2018 al 31 dicembre 2018, ovvero entro il 30 giugno 2019 a condizione che entro la data del 31 dicembre 2018 il relativo ordine risulti accettato dal venditore e sia avvenuto il pagamento di acconti in misura almeno pari al 20% del costo di acquisizione. Sono esclusi gli investimenti in beni con coefficiente di ammortamento inferiore al 6,5%, in fabbricati e costruzioni e in beni di cui all'allegato n. 3 della L. 28 dicembre 2015, n. 208. Sono esclusi anche gli investimenti in veicoli e mezzi di trasporto di cui all'art. 164, comma 1, del Tuir.",IRPEF/IRES,2019,DEDUZIONE,"-597,0","-537,0","-487,0",,,IMPRESE E SOCIETA',,37
2022,11: COMPETITIVITA’ E SVILUPPO DELLE IMPRESE,144,"Art. 1, comma 30, L. 27 dicembre 2017, n. 205","Maggiorazione, ai fini delle imposte sui redditi, del costo di acquisizione di beni strumentali nuovi, materiali (150%) e immateriali (40%), compresi rispettivamente nell'Allegato A e nell'Allegato B annessi alla Legge 11 dicembre 2016, n. 232, con esclusivo riferimento alla determinazione delle quote di ammortamento e e dei canoni di locazione finanziaria. Ambito temporale: investimenti effettuati dal 1 gennaio 2018 al 31 dicembre 2018, ovvero entro il 31 dicembre 2019 a condizione che entro la data del 31 dicembre 2018 il relativo ordine risulti accettato dal venditore e sia avvenuto il pagamento di acconti in misura almeno pari al 20% del costo di acquisizione.",IRPEF/IRES,2019,DEDUZIONE,"-708,0","-311,0","146,0",,,IMPRESE E SOCIETA',,37
2022,11: COMPETITIVITA’ E SVILUPPO DELLE IMPRESE,145,"Art. 1, commi 46-56, L. 27 dicembre 2017, n. 205 (norma istitutiva) Art. 1, commi 78-81, L. 30 dicembre 2018, n. 145 (proroga e modifiche) Art. 1, commi da 210 a 217, L. 27 dicembre 2019, n. 160 (proroga e modifica) Art. 22, D.L. 17 maggio 2022, n. 50 (maggiorazione aliquote a determinate condizioni)","Credito d'imposta per le spese di formazione nel settore delle tecnologie 4.0, riconosciuto, nel rispetto del Reg. UE 651/2014 (art. 31) utilizzabile esclusivamente in compensazione, attuato con decreto del MISE di concerto MEF e MLPS. In particolare, il credito d'imposta è riconosciuto: - per le piccole imprese, in misura pari al 50% delle spese ammissibili e nel limite massimo annuale di 300.000 euro; - per le medie imprese, in misura pari al 40% delle spese ammissibili e nel limite massimo annuale di 250.000 euro. - per le grandi imprese, in misura pari al 30% delle spese ammissibili e nel limite massimo annuale di 250.000 euro. La misura del credito d'imposta è comunque aumentata per tutte le imprese, fermi restando i limiti massimi annuali, al 60% nel caso in cui i destinatari delle attività di formazione ammissibili rientrino nelle categorie dei lavoratori dipendenti svantaggiati o molto svantaggiati, come definite dal decreto del Ministro del lavoro e delle politiche sociali 17 ottobre 2017. Nel 2022 la misura del credito d'imposta è stata aumentata, fino al 70 per cento per le piccole imprese e fino al 50 per cento per le medie imprese, in relazione alle spese di formazione del personale dipendente finalizzate all'acquisizione o al consolidamento delle competenze nelle tecnologie rilevanti per la trasformazione tecnologica e digitale delle imprese, a condizione che le attività formative siano erogate dai soggetti individuati con decreto del Ministro dello sviluppo economico e che i risultati relativi all'acquisizione o al consolidamento delle suddette competenze siano certificati.",,2022,CREDITO D'IMPOSTA,"-362,5","0,0","0,0",10.423,"-34.778,9",IMPRESE E SOCIETA',,37
2022,11: COMPETITIVITA’ E SVILUPPO DELLE IMPRESE,146,"Art. 1, commi 89-92, L. 27 dicembre 2017, n. 205; Art. 1, comma 230, lett. a), L. 30 dicembre 2020, n. 178 (modifica termine) Art. 1, comma 46, L. 30 dicembre 2021, n. 234 (modifica importo massimo e termine)","Credito d'imposta per le spese di consulenza sostenute fino al 31 dicembre 2022 per la quotazione delle PMI, riconosciuto nella misura del 50% e concesso nel rispetto del Reg. UE 651/2014 (art. 18) utilizzabile esclusivamente in compensazione, attuato con decreto del MISE di concerto MEF",,2022,CREDITO D'IMPOSTA,"0,0","0,0","0,0",,,IMPRESE E SOCIETA',,37
2022,11: COMPETITIVITA’ E SVILUPPO DELLE IMPRESE,147,"Art. 1, commi 502-503, L. 27 dicembre 2017, n. 205","Ai fini delle imposte dirette, all’attività enoturistica si applicano le medesime disposizioni dell’agriturismo di cui all’art. 5, comma 1, della legge n. 413/1991 sull’agriturismo. Quindi, per quanto concerne le imposte dirette, i soggetti - diversi da società di capitali ed enti commerciali (art. 73 co. 1, lett. a) e b) del Tuir) - determinano il reddito imponibile applicando all'ammontare dei ricavi conseguiti con l'esercizio di tale attività, al netto dell’Iva, il coefficiente di redditività del 25%.",IRPEF/IRES,A REGIME,ALTRO,"-1,1","-1,1","-1,1",,,PERSONE FISICHE E GIURIDICHE,,37
2022,11: COMPETITIVITA’ E SVILUPPO DELLE IMPRESE,148,"Art.1, commi 60-65, L. 30 dicembre 2018, n. 145","Maggiorazione, ai fini delle imposte sui redditi, del costo di acquisizione di beni strumentali nuovi, materiali (170% investimenti fino al 2,5 milioni di euro, 100% investimenti compresi tra 2,5 milioni di euro e 10 milioni di euro, 50% per gli investimenti compresi tra 10 milioni di euro e 20 milioni di euro, nessuna maggiorazione per investimenti oltre i 20 milioni di euro) e immateriali (40%), compresi rispettivamente nell'Allegato A e nell'Allegato B annessi alla Legge 11 dicembre 2016, n. 232, con esclusivo riferimento alla determinazione delle quote di ammortamento e e dei canoni di locazione finanziaria. Ambito temporale: investimenti effettuati dal 1 gennaio 2019 al 31 dicembre 2019, ovvero entro il 31 dicembre 2020 a condizione che entro la data del 31 dicembre 2019 il relativo ordine risulti accettato dal venditore e sia avvenuto il pagamento di acconti in misura almeno pari al 20% del costo di acquisizione.",IRPEF/IRES,2020,DEDUZIONE,Stima compresa nella misura 133,,,,,IMPRESE E SOCIETA',,38
2022,11: COMPETITIVITA’ E SVILUPPO DELLE IMPRESE,149,"Art. 9, D.L. 30 aprile 2019, n. 34",I maggiori o i minori valori derivanti dall'attuazione di specifiche previsioni contrattuali che determinano svalutazioni del valore nominale di strumenti finanziari con determinate caratteristiche ovvero la loro conversione in azioni non concorrono alla formazione del reddito dei soggetti emittenti (AT1),IRES/IRAP,A REGIME,ESENZIONE,"0,0","0,0","0,0",,,IMPRESE E SOCIETA',,38
2022,11: COMPETITIVITA’ E SVILUPPO DELLE IMPRESE,150,"Art. 1, D.L. 30 aprile 2019, n. 34; Art. 50, D.L. 19 maggio 2020, n. 34 (proroga)","Maggiorazione del 30%, per investimenti entro i 2,5 milioni di euro, ai fini delle imposte sui redditi, del costo di acquisizione dei beni materiali strumentali nuovi, anche realizzati in economia o tramite appalto, con esclusivo riferimento alle quote di ammortamento e dei canoni di leasing. Ambito temporale: investimenti effettuati dal 1 aprile 2019 al 31 dicembre 2019, ovvero entro il 31 dicembre 2020 a condizione che entro la data del 31 dicembre 2019 il relativo ordine risulti accettato dal venditore e sia avvenuto il pagamento di acconti in misura almeno pari al 20% del costo di acquisizione. Sono esclusi gli investimenti in beni con coefficiente di ammortamento inferiore al 6,5%, in fabbricati e costruzioni e in beni di cui all'allegato n. 3 della L. 28 dicembre 2015, n. 208. Sono esclusi anche gli investimenti in veicoli e mezzi di trasporto di cui all'art. 164, comma 1, del Tuir.",IRPEF/IRES,2020,DEDUZIONE,Stima compresa nella misura 132,,,,,IMPRESE E SOCIETA',,38
2022,11: COMPETITIVITA’ E SVILUPPO DELLE IMPRESE,151,"Art. 11, D.L. 30 aprile 2019, n. 34 (norma istitutiva); Art. 1, comma 71, L. 30 dicembre 2021, n. 234 (modifica)","Le operazioni di aggregazione tra imprese sono agevolate: in particolare per fusioni e scissioni è previsto il riconoscimento fiscale gratuito del disavanzo da concambio, per i conferimenti di azienda è previsto il riconoscimento fiscale gratuito del maggior valore iscritto dalla conferitaria.",IRES/IRAP,2021,DEDUZIONE,"0,0","0,0","0,0",,,SOCIETA',,38
2022,11: COMPETITIVITA’ E SVILUPPO DELLE IMPRESE,152,"Art. 32-ter, comma 1, D.L. 26 ottobre 2019, n. 124","Riduzione di aliquota IVA dal 22% al 5%, per i prodotti per la protezione dell'igiene femminile compostabili secondo la norma UNI EN 13432:2002 o lavabili; coppette mestruali (tabella A, parte II-bis, n. 1-quater, allegata al DPR n. 633 del 1972, introdotto dall'art. 32-ter del D.L. n. 124 del 2020).",IVA,A REGIME,RIDUZIONE DI ALIQUOTA,"-6,7","-6,7","-6,7",,,PERSONE FISICHE,,38
2022,11: COMPETITIVITA’ E SVILUPPO DELLE IMPRESE,153,"Art. 1, comma 13, L. 30 dicembre 2021, n. 234","Riduzione dell'aliquota IVA dal 22% al 10% per i prodotti assorbenti e tamponi, destinati alla protezione dell’igiene femminile, diversi da quelli compostabili secondo la norma UNI EN 13432:2002 o lavabili e dalle coppette mestruali (i prodotti compostabili o lavabili e le coppette mestruali sono assoggettate all'aliquota del 5%)",IVA,A REGIME,RIDUZIONE DI ALIQUOTA,"-9,6","-9,6","-9,6",,,PERSONE FISICHE,,38
2022,11: COMPETITIVITA’ E SVILUPPO DELLE IMPRESE,154,"Art. 53-bis, D.L. 26 ottobre 2019, n. 124","Applicazione dell'aliquota ridotta del 4% agli autoveicoli con motore ibrido o con motore elettrico adattati per la locomozione degli invalidi. L'agevolaizone si applica ai veicoli con motore ibrido a benzina di cilindrata fino a 2.000 centimetri cubici, ai veicoli con motore ibrido diesel di cilindarata fino a 2.800 centimetri cubici, ai veicoli elettrici di potenza non superiore a 150 kW. La medesima aliquota era già prevista, dalla tabella A, parte II, n. 31), allegata al D.P.R. n. 633 del 1972, per gli autoveicoli adattati per la locomozione degli invalidi di cilindrata fino a 2.000 centimetri cubici se con motore a benzina e fino a 2.800 centimetri cubici se con motore diesel.",IVA,A REGIME,RIDUZIONE DI ALIQUOTA,"-12,9","-12,9","-12,9",,,PERSONE FISICHE,,38
2022,11: COMPETITIVITA’ E SVILUPPO DELLE IMPRESE,155,"Art. 1, commi da 185 a 197, L. 27 dicembre 2019, n. 160",Credito d'imposta per investimenti in beni strumentali nuovi. Il credito d’imposta previsto in relazione agli investimenti in beni diversi da quelli elencati negli allegati A (beni materiali funzionali alla trasformazione tecnologica e digitale delle imprese secondo il modello “Industria 4.0”) e B (beni immateriali connessi a investimenti in beni materiali “Industria 4.0”) alla legge n. 232 del 2016 spetta anche agli esercenti arti e professioni.,,2020,CREDITO D'IMPOSTA,"-1.332,0","-1.187,0","-1.150,7",,,IMPRESE E LAVORATORI AUTONOMI,,38
2022,11: COMPETITIVITA’ E SVILUPPO DELLE IMPRESE,156,"Art. 1, comma 225, L. 27 dicembre 2019, n. 160","È introdotto un regime di determinazione forfetario del reddito d’impresa degli imprenditori florovivaistici derivante dall’attività di commercializzazione di piante vive e prodotti della floricoltura acquistate da altri imprenditori agricoli florovivaistici, nei limiti del 10% del loro volume di affari. Il reddito si determina applicando all’ammontare dei corrispettivi il coefficiente di redditività del 5 per cento",IRPEF/IRES,A REGIME,RIDUZIONE DI IMPOSTA,"-2,4","-2,4","-2,4",,,IMPRESE,,38
2022,11: COMPETITIVITA’ E SVILUPPO DELLE IMPRESE,157,"Art. 1, comma 690, L. 27 dicembre 2019, n. 160","Estromissione agevolata immobili strumentali dell'imprenditore individuale: entro il 31 maggio 2020 gli imprenditori individuali potranno estromettere in regime agevolato tutti gli immobili strumentali posseduti al 31 ottobre 2019, pagando un'imposta sostitutiva dell’Irpef e dell’Irap dell'8%.",IRPEF/IRAP,2020,REGIME SOSTITUTIVO,"-1,1","-1,4","-1,4",2.966,"-376,0",IMPRESE,,39
2022,11: COMPETITIVITA’ E SVILUPPO DELLE IMPRESE,158,"Art. 1, commi 696-704, L. 27 dicembre 2019, n. 160; Art. 12-ter, D.L. 8 aprile 2020, n. 23 convertito con L. 5 giugno 2020, n. 40","La disposizione consente alle imprese: a) la rivalutazione dei beni d’impresa e delle partecipazioni, b) il riallineamento dei valori fiscali dei beni a quelli di bilancio. La rivalutazione va effettuata nel bilancio 2019 e deve riguardare tutti i beni risultanti dal bilancio al 31 dicembre 2018 appartenenti alla stessa categoria omogenea. Il maggior valore dei beni è riconosciuto ai fini fiscali a partire dal 3° esercizio successivo a quello della rivalutazione (in generale, dal 2022) tramite il versamento di un’imposta sostitutiva determinata nelle seguenti misure: - 12% per i beni ammortizzabili; - 10% per i beni non ammortizzabili. Limitatamente agli immobili, il maggior valore è riconosciuto ai fini fiscali dal periodo d’imposta in corso all’1 dicembre 2021. È possibile l’affrancamento, anche parziale, della riserva di rivalutazione mediante il pagamento di un’imposta sostitutiva ai fini IRES/IRAP in misura pari al 10%. L'articolo 12-ter del DL 23 del 2020 ha previsto che la rivalutazione dei beni d'impresa può essere effettuata nel bilancio dell'esercizio successivo a quello in corso al 31/12/19, al 31/12/20 o al 31/12/21. I maggiori valori iscritti in bilancio per i beni immobili si considerano riconosciuti, rispettivamente, con effetto dal periodo di imposta in corso alla data del 1/12/22 del 1/12/23 o del 1/12/24.",IRPEF/IRES/IRAP,"2019, 2020, 2021 e 2022",REGIME SOSTITUTIVO,"-62,9","-43,3","-45,6",1.841,"-34.147,6",IMPRESE E SOCIETA',,39
2022,11: COMPETITIVITA’ E SVILUPPO DELLE IMPRESE,159,"Art. 6-bis, D.L. 8 aprile 2020, n. 23; Art. 5-bis, D.L. 22 marzo 2021, n. 41 (norma di interpretazione autentica)","Le imprese che operano nei settori alberghiero e termale possono rivalutare i beni di impresa e le partecipazioni, ad esclusione degli immobili alla cui produzione o al cui scambio è diretta l'attività di impresa, risultanti dal bilancio dell'esercizio in corso al 31/12/19, sul modello della rivalutazione disciplinata dall’art. 1, commi da 696 a 704, della legge n. 160 del 2019 (legge di bilancio 2020).La rivalutazione consentita dalla disposizione si applica anche agli immobili a destinazione alberghiera concessi in locazione o affitto di azienda a soggetti operanti nei settori alberghiero e termale ovvero per gli immobili in corso di costruzione, rinnovo o completamento. La rivalutazione deve essere eseguita in uno o entrambi i bilanci o rendiconti relativi ai 2 esercizi successivi a quello in corso al 31/12/19 (2020 e 2021). Sui maggiori valori dei beni e delle partecipazioni iscritti in bilancio non è dovuta alcuna imposta sostitutiva o altra imposta. Il maggior valore attribuito ai beni e alle partecipazioni si considera riconosciuto, ai fini Ires e Irap, a decorrere dall'esercizio nel cui bilancio la rivalutazione è eseguita.",IMPOSTA SOSTITUTIVA,2020 e 2021,REGIME SOSTITUTIVO,"-1,8","-1,9","-1,8",,,SOGGETTI E CATEGORIE PARTICOLARI,,39
2022,11: COMPETITIVITA’ E SVILUPPO DELLE IMPRESE,160,"Art. 48-bis, D.L. 19 maggio 2020, n. 34; art. 8, D.L. 25 maggio 2021, n. 73 (proroga e modifica limite di spesa); Art. 3, comma 3, D.L. 27 gennaio 2022, n. 4 (estensione applicabilità e modifica limite di spesa) Art. 10-sexies, D.L. 21 marzo 2022, n. 21 (modifica fruizione)","Credito d’imposta, pari al 30% del valore delle rimanenze finali di magazzino che eccede la media del medesimo valore registrato nei tre periodi d’imposta precedenti a quello di spettanza del beneficio, riconosciuto ai soggetti esercenti attività d’impresa che operano nell'industria del tessile e della moda, del calzaturiero e della pelletteria (TMA), nel rispetto dei limiti e delle condizioni previsti dal quadro normativo dell’Unione Europea sugli aiuti di Stato.",,2021,CREDITO D'IMPOSTA,"0,0","0,0","0,0",,,SOGGETTI E CATEGORIE PARTICOLARI,,39
2022,11: COMPETITIVITA’ E SVILUPPO DELLE IMPRESE,161,"Art. 136, D.L. 19 maggio 2020, n. 34",Agevolazione in materia di piani individuali di risparmio a lungo termine dedicati alle piccole e medie imprese. Esenzione per i redditi di natura finanziaria prodotti dagli investimenti qualificati conferiti nei PIR-PMI.,IRPEF,A REGIME,ESENZIONE,"-132,6","-183,6","-239,8",,,PERSONE FISICHE,,39
2022,11: COMPETITIVITA’ E SVILUPPO DELLE IMPRESE,162,"Art. 136, D.L. 19 maggio 2020, n. 34",Agevolazione fiscale a favore delle casse previdenziali che investono nei piani di risparmio a lungo termine dedicati alle piccole e medie imprese. Esenzione per i redditi di natura finanziaria prodotti dagli investimenti qualificati conferiti nei PIR-PMI.,IRES,A REGIME,ESENZIONE,Stima compresa nella misura 161,,,,,SOGGETTI E CATEGORIE PARTICOLARI,,39
2022,11: COMPETITIVITA’ E SVILUPPO DELLE IMPRESE,163,"Art. 136, D.L. 19 maggio 2020, n. 34",Agevolazione a favore delle forme di previdenza complementare che investono nei piani individuali di risparmio a lungo termine dedicati alle piccole e medie imprese. Esenzione per i redditi di natura finanziaria prodotti dagli investimenti qualificati conferiti nei PIR-PMI.,IMPOSTA SOSTITUTIVA,A REGIME,ESENZIONE,Stima compresa nella misura 161,,,,,SOGGETTI E CATEGORIE PARTICOLARI,,39
2022,11: COMPETITIVITA’ E SVILUPPO DELLE IMPRESE,164,"Art. 136-bis, D.L. 19 maggio 2020, n. 34","La disposizione consente alle cooperative agricole e loro consorzi la possibilità di rivalutare i beni mobili e immobili, ai sensi dell'art. 1, comma 697 della legge n. 160 del 2019, senza assolvere le imposte sostitutive fino a concorrenza delle perdite fiscali pregresse riportate a nuovo nel limite del 70% del loro ammontare. Tali perdite non potranno più essere utilizzate in diminuzione del reddito ai sensi dell'articolo 84 del TUIR. L’efficacia della misura è subordinata all’autorizzazione della Commissione europea. Il maggior valore attribuito ai beni in sede di rivalutazione si considera riconosciuto ai fini delle imposte sui redditi e dell'Irap a decorrere dal terzo esercizio (2022) successivo a quello con riferimento al quale la rivalutazione è stata eseguita.",IMPOSTA SOSTITUTIVA,2019,REGIME SOSTITUTIVO,"-1,2","-1,2","-1,2",,,COOPERATIVE AGRICOLE,,40
2022,11: COMPETITIVITA’ E SVILUPPO DELLE IMPRESE,165,"Art. 188, D.L. 19 maggio 2020, n. 34; Art. 1, comma 378, L. 30 dicembre 2021, n. 234","Estensione del ""credito d'imposta per l'acquisto della carta dei giornali"" in favore delle imprese editrici di quotidiani e di periodici di cui all'articolo 188 del decreto-legge 19 maggio 2020, n. 34, anche per gli anni 2022 e 2023 nella misura del 30 per cento delle spese sostenute, rispettivamente negli anni 2021 e 2022, entro il limite di 60 milioni di euro per ciascuno degli anni 2022 e 2023, che costituisce limite massimo di spesa.",,2023,CREDITO D'IMPOSTA,"-60,0","0,0","0,0",,,SOGGETTI E CATEGORIE PARTICOLARI,,40
2022,11: COMPETITIVITA’ E SVILUPPO DELLE IMPRESE,166,"Art. 190, D.L. 19 maggio 2020, n. 34; Art. 1, comma 610, L. 30 dicembre 2020, n. 178 (estensione temporale e limite massimo)","Credito d'imposta del 30% in favore delle imprese editrici di quotidiani e di periodici con almeno un dipendente a tempo indeterminato, che acquisiscono servizi di server, hosting e banda larga per le testate edite in formato digitale e per information technology di gestione della connettività (de minimis). Per l'anno 2020, il credito d'imposta è riconosciuto entro il limite di 8 milioni di euro sulle spese sostenute nel 2019. Per gli anni 2021 e 2022, il credito d'imposta è riconosciuto entro il limite massimo di 10 milioni di euro per ciascuno degli anni 2021 e 2022.",,2022,CREDITO D'IMPOSTA,"0,0","0,0","0,0",,,SOGGETTI E CATEGORIE PARTICOLARI,,40
2022,11: COMPETITIVITA’ E SVILUPPO DELLE IMPRESE,167,"Art. 110, D.L. 14 agosto 2020, n. 104 convertito in legge, con modifiche, dall'art. 1, comma 1, L. 13 ottobre 2020, n. 126; Art. 1, comma 83, L. 30 dicembre 2020, n. 178 (estensione oggettiva); Art. 1-bis, comma 1, D.L. 22 marzo 2021, n. 41 (estensione temporale); Art. 1, commi 623 - 624, L. 30 dicembre 2021, n. 234 (modifica); Art. 3, comma 3-bis, D.L. 27 gennaio 2022, n. 4 (modifica).","La disposizione prevede la possibilità per le imprese di rivalutare, con valenza solo contabile, i beni materiali e immateriali, con esclusione di quelli alla cui produzione e al cui scambio è diretta l’attività d’impresa, nonché le partecipazioni in società controllate e collegate ai sensi dell’art. 2359 del codice civile costituenti immobilizzazioni, risultanti dal bilancio dell'esercizio in corso al 31 dicembre 2019. Il maggior valore attribuito ai beni in contabilità per effetto della rivalutazione può, tuttavia, essere riconosciuto anche ai fini fiscali a decorrere dall’esercizio successivo a quello con riferimento al quale la rivalutazione è stata eseguita mediante il versamento di un'imposta sostitutiva delle imposte sui redditi e dell'imposta regionale sulle attività produttive e di eventuali addizionali nella misura del 3 per cento per i beni ammortizzabili e non ammortizzabili. Con il comma 83 della L. n. 178/2020 si è consentito di riallineare, ai sensi dell’art. 14 della legge n. 342/2000, le divergenze tra valori contabili e fiscali dell’avviamento e delle altre attività immateriali già risultanti dal bilancio dell’esercizio in corso al 31/12/19. Con la L. n. 234/2021 è stato stabilito che la deduzione ai fini delle imposte sui redditi e dell’Irap del maggior valore imputato alle attività immateriali le cui quote di ammortamento, ai sensi dell’art. 103 del TUIR, sono deducibili in misura non superiore a un 1/18 del costo o del valore, è effettuata, in ogni caso, in misura non superiore, per ciascun periodo d’imposta, a un 1/50 di detto importo. In alternativa, è possibile mantenere la deduzione del maggior valore imputato in misura non superiore, per ciascun periodo d’imposta, a un 1/18 di detto importo, mediante il versamento integrativo della imposta sostitutiva delle imposte sui redditi e dell’Irap e di eventuali addizionali nella misura corrispondente a quella stabilita dall’articolo 176, comma 2-ter, del TUIR, al netto dell’imposta sostitutiva ovvero revocare gli effetti fiscali della rivalutazione.",IMPOSTA SOSTITUTIVA,2020,REGIME SOSTITUTIVO,"-350,9","-2474,2","-2.474,2",,,IMPRESE,,40
2022,11: COMPETITIVITA’ E SVILUPPO DELLE IMPRESE,168,"Art. 10-bis, D.L. 28 ottobre 2020, n. 137","I contributi e le indennita' di qualsiasi natura erogati in via eccezionale a seguito dell'emergenza epidemiologica da COVID-19 e diversi da quelli esistenti prima della medesima emergenza, da chiunque erogati e indipendentemente dalle modalita' di fruizione e contabilizzazione, spettanti ai soggetti esercenti impresa, arte o professione, nonche' ai lavoratori autonomi, non concorrono alla formazione del reddito imponibile ai fini delle imposte sui redditi e del valore della produzione ai fini dell'imposta regionale sulle attivita' produttive (IRAP) e non rilevano ai fini del rapporto di cui agli articoli 61 e 109, comma 5, del TUIR.",IRPEF/IRES/IRAP,A REGIME,ESCLUSIONE,"0,0","0,0","0,0",,,SOGGETTI E CATEGORIE PARTICOLARI,,40
2022,11: COMPETITIVITA’ E SVILUPPO DELLE IMPRESE,169,"Art. 19-septies, D.L. 28 ottobre 2020, n. 137","Credito d'imposta, a favore delle farmacie che operano nei comuni o centri abitati con meno di 3.000 abitanti commisurato al 50% delle spese per l'acquisto e il noleggio, nell'anno 2021, di apparecchiature necessarie per l'effettuazione di prestazioni di telemedicina di cui all'articolo 3 del decreto del Ministro della salute 16 dicembre 2010. Il contributo è riconosciuto (nel rispetto del de minimis) fino a un importo massimo di 3.000 euro per ciascun soggetto beneficiario e comunque nel limite di spesa pari a 10,715 milioni di euro per l'anno 2021.",,2021,CREDITO D'IMPOSTA,"0,0","0,0","0,0",,,SOGGETTI E CATEGORIE PARTICOLARI,,40
2022,11: COMPETITIVITA’ E SVILUPPO DELLE IMPRESE,170,"Art. 1, comma 42, L. 30 dicembre 2020, n. 178","Applicazione di una ritenuta a titolo d'imposta del 12,5 per cento sulle somme destinate ad aumento di capitale a favore dei soci persone fisiche della cooperative (c.d. ristorni).",IRPEF,A REGIME,REGIME SOSTITUTIVO,"1,8","1,3","0,8",,,PERSONE FISICHE,,41
2022,11: COMPETITIVITA’ E SVILUPPO DELLE IMPRESE,171,"Art. 1, commi da 219 a 225-bis, L. 30 dicembre 2020, n. 178",Credito d'imposta in favore dei titolari dei PIR-PMI che realizzano minusvalenze derivanti dagli strumenti finanziari detenuti nel piano di risparmio.,IRPEF,2022,CREDITO D'IMPOSTA,"0,0","0,0","0,0",,,PERSONE FISICHE,,41
2022,11: COMPETITIVITA’ E SVILUPPO DELLE IMPRESE,172,"Art. 1, commi 536-539, L. 30 dicembre 2020, n. 178","Credito d'imposta parametrato agli importi delle donazioni effettuate, nell'anno 2021 o nell'anno 2022, per finanziare iniziative formative finalizzate allo sviluppo e all'acquisizione di competenze manageriali, promosse da università pubbliche e private, da istituti di formazione avanzata o da scuole di formazione manageriale pubbliche e private, nella misura del 100% per le piccole e micro imprese, del 90% per le medie imprese e dell'80% per le grandi imprese, fino all'importo massimo di 100.000 euro. Il predetto credito d'imposta è riconosciuto nel limite di una spesa annua pari a 0,5 milioni di euro per gli anni 2022 e 2023.",,2022,CREDITO D'IMPOSTA,"-0,5","0,0","0,0",,,SOGGETTI E CATEGORIE PARTICOLARI,,41
2022,11: COMPETITIVITA’ E SVILUPPO DELLE IMPRESE,173,"Art. 1, comma 631, L. 30 dicembre 2020, n. 178; Art. 27, comma 3, d.P.R. 29 settembre 1973, n. 600","Esenzione applicazione della ritenuta a titolo d'imposta sugli utili percepiti da OICR di diritto estero conformi alla direttiva 2009/65/CE del Parlamento europeo e del Consiglio, del 13 luglio 2009, e a OICR, non conformi alla citata direttiva 2009/65/CE, il cui gestore sia soggetto a forme di vigilanza nel Paese estero nel quale è istituito ai sensi della direttiva 2011/61/UE del Parlamento europeo e del Consiglio, dell'8 giugno 2011, istituiti negli Stati membri dell'Unione europea e negli Stati aderenti all'Accordo sullo spazio economico europeo che consentono un adeguato scambio di informazioni .",IMPOSTA SOSTITUTIVA,A REGIME,ESENZIONE,"-307,0","-307,0","-307,0",,,SOGGETTI E CATEGORIE PARTICOLARI,,41
2022,11: COMPETITIVITA’ E SVILUPPO DELLE IMPRESE,174,"Art. 1, commi da 1051 a 1063 e comma 1065, L. 30 dicembre 2020, n. 178; Art. 21, comma 1, D.L. 17 maggio 2022, n. 50 (Maggiorazione, per il 2022, del credito di imposta per investimenti in beni immateriali compresi nell'allegato B annesso alla legge 11 dicembre 2016, n. 232)","Credito d’imposta per investimenti in beni strumentali nuovi. L'agevolazione varia, sia in termini di aliquote applicabili che di costo massimo ammissibile, in relazione alla tipologia di beni acquistati e al periodo in cui gli investimenti sono effettuati. Per gli investimenti in beni strumentali materiali, diversi da quelli indicati nell'allegato A annesso alla legge n. 232 del 2016, effettuati: - dal 16 novembre 2020 al 31 dicembre 2021, il credito d'imposta spetta nella misura del 10% nel limite massimo di costi ammissibili pari a 2 milioni di euro; - dal 1 gennaio 2022 al 31 dicembre 2022, il credito d'imposta spetta nella misura del 6% nel limite massimo di costi ammissibili pari a 2 milioni di euro. Per gli investimenti in beni strumentali immateriali, diversi da quelli indicati nell'allegato B annesso alla medesima legge n. 232 del 2016, effettuati: - dal 16 novembre 2020 al 31 dicembre 2021, il credito d'imposta spetta nella misura del 10% nel limite massimo di costi ammissibili pari a 1 milione di euro; - dal 1 gennaio 2022 al 31 dicembre 2022, il credito d'imposta spetta nella misura del 6% nel limite massimo di costi ammissibili pari a 1 milione di euro. Per gli investimenti in strumenti e dispositivi tecnologici destinati dall'impresa alla realizzazione di modalità di lavoro agile, effettuati dal 16 novembre 2020 al 31 dicembre 2021, la misura del credito d'imposta è elevata al 15%, fermi restando i limiti di costi ammissibili. Per gli investimenti in beni strumentali nuovi indicati nell'allegato A annesso alla legge n. 232 del 2016 (Transizione 4.0), effettuati: - dal 16 novembre 2020 al 31 dicembre 2021, il credito d'imposta spetta nella misura del 50% per la quota di investimenti fino a 2,5 milioni di euro, nella misura del 30% per la quota di investimenti superiori a 2,5 milioni e fino a 10 milioni di euro, nella misura del 10% per la quota di investimenti superiori a 10 milioni e fino a 20 milioni di euro; - dal 1 gennaio 2022 al 31 dicembre 2022, il credito d'imposta spetta nella misura del 40% per la quota di investimenti fino a 2,5 milioni di euro, nella misura del 20% per la quota di investimenti superiori a 2,5 milioni e fino a 10 milioni di euro, nella misura del 10% per la quota di investimenti superiori a 10 milioni e fino a 20 milioni di euro; - dal 1° gennaio 2023 al 31 dicembre 2025, il credito d'imposta spetta nella misura del 20% per la quota di investimenti fino a 2,5 milioni di euro, nella misura del 10% per la quota di investimenti superiori a 2,5 milioni e fino a 10 milioni di euro, nella misura del 5% per la quota di investimenti superiori a 10 milioni e fino a 20 milioni di euro (per gli investimenti inclusi nel PNRR superiori a 10 milioni di euro, diretti alla realizzazione di obiettivi di transizione ecologica, il credito d'imposta è riconosciuto nella misura del 5% del costo fino a 50 milioni di euro). Per gli investimenti aventi ad oggetto beni compresi nell'allegato B annesso alla legge 11 dicembre 2016, n. 232 (Transizione 4.0), effettuati: - dal 16 novembre 2020 al 31 dicembre 2023, il credito d'imposta spetta nella misura del 20% (elevato al 50% per l'anno 2022) nel limite massimo di costi ammissibili pari a 1 milione di euro; - dal 1° gennaio 2024 al 31 dicembre 2024 nella misura del 15% nel limite di costi pari a 1 milione di euro; - dal 1° gennaio 2025 al 31 dicembre 2025 nella misura del 10% nel limite di costi pari a 1 milione di euro.",,2025,CREDITO D'IMPOSTA,"-5.317,9","-3.302,6","-379,4",,,IMPRESE E LAVORATORI AUTONOMI,,41
2022,11: COMPETITIVITA’ E SVILUPPO DELLE IMPRESE,175,"Art. 14, comma 1, D.L. 25 maggio 2021, n. 73","Esenzione tassazione capital gain realizzati dalla cessione a titolo oneroso di partecipazioni in imprese start up innovative, acquisite mediante sottoscrizione di capitale sociale.",IRPEF,2025,ESENZIONE,"0,0","0,0","-18,6",,,PERSONE FISICHE,,41
2022,11: COMPETITIVITA’ E SVILUPPO DELLE IMPRESE,176,"Art. 14, comma 2, D.L. 25 maggio 2021, n. 73","Esenzione tassazione capital gain realizzati dalla cessione a titolo oneroso di partecipazioni in PMI innovative, acquisite mediante sottoscrizione di capitale sociale.",IRPEF,2025,ESENZIONE,Stima compresa nella misura 175,,,,,PERSONE FISICHE,,41
2022,11: COMPETITIVITA’ E SVILUPPO DELLE IMPRESE,177,"Art. 14, comma 3, D.L. 25 maggio 2021, n. 73",Esenzione tassazione capital gain realizzati dalla cessione a titolo oneroso di partecipazioni qualora il ricavato venga investito in start up innovative o PMI innovative mediante sottoscrizione di capitale sociale.,IRPEF,2025,ESENZIONE,"-3,2","-3,2","-3,2",,,PERSONE FISICHE,,41
2022,11: COMPETITIVITA’ E SVILUPPO DELLE IMPRESE,178,"Art. 18, D.L. 25 maggio 2021, n. 73",Modifica della disciplina delle note di variazione in diminuzione ai fini Iva per crediti non riscossi in caso di assoggettamento del debitore a procedure concorsuali. La modifica consente di emettere le note di variazioni al momento della apertura della procedure senza attendere la definitiva infruttuosità della stessa.,IVA,A REGIME,ALTRO,"-393,0","-393,0","-393,0",,,PERSONE FISICHE E GIURIDICHE,,41
2022,11: COMPETITIVITA’ E SVILUPPO DELLE IMPRESE,179,"Art. 67, comma 7, D.L. 25 maggio 2021, n. 73","La disposizione prevede anche per l’anno 2021, che la percentuale di forfetizzazione della resa dei giornali, prevista ai fini del regime speciale IVA di cui all'articolo 74, lettera c), del D.P.R. n. 633 del 1972 nella misura dell'80 per cento, sia innalzata al 95%.",IVA,2021,REGIME SPECIALE,"0,0","0,0","0,0",,,IMPRESE,,42
2022,13: DIRITTO ALLA MOBILITA' E SVILUPPO DEI SISTEMI DI TRASPORTO,180,"Art. 9, comma 1, n. 1), d.P.R. 26 ottobre 1972, n. 633",Trasporti internazionali di persone eseguiti in parte nel territorio dello Stato e in parte in territorio estero in dipendenza di unico contratto. Non imponibilità con diritto alla detrazione a monte,IVA,A REGIME,REGIME SPECIALE,"-1,7","-1,7","-1,7",,,PERSONE FISICHE,X,42
2022,13: DIRITTO ALLA MOBILITA' E SVILUPPO DEI SISTEMI DI TRASPORTO,181,"Art. 10, comma 1, n. 14), d.P.R. 26 ottobre 1972, n. 633",Esenzione delle prestazioni di trasporto urbano di persone effettuate mediante taxi. Esenzione senza diritto a detrazione dell’IVA a monte. Si considerano urbani i trasporti effettuati nel territorio di un comune o tra comuni non distanti tra loro oltre cinquanta chilometri.,IVA,A REGIME,REGIME SPECIALE,"-8,3","-8,3","-8,3",6.559,"-1.271,5",SOGGETTI E CATEGORIE PARTICOLARI,X,42
2022,13: DIRITTO ALLA MOBILITA' E SVILUPPO DEI SISTEMI DI TRASPORTO,182,"Art. 74, comma 1, lett. e), d.P.R. 26 ottobre 1972, n. 633",Regime speciale monofase per i documenti di viaggio relativi ai trasporti pubblici urbani di persone e per i documenti di sosta relativi ai parcheggi di veicoli,IVA,A REGIME,REGIME SPECIALE,Non quantificabile,,,,,SOGGETTI E CATEGORIE PARTICOLARI,X,42
2022,13: DIRITTO ALLA MOBILITA' E SVILUPPO DEI SISTEMI DI TRASPORTO,183,"Tabella A, punto 8, TUA",Riduzione dell'accisa sui carburanti per le prove sperimentali e collaudo di motori di aviazione e marina,ACCISA,A REGIME,RIDUZIONE DI ALIQUOTA,"-0,5","-0,5","-0,5",,,SOGGETTI E CATEGORIE PARTICOLARI,X,42
2022,13: DIRITTO ALLA MOBILITA' E SVILUPPO DEI SISTEMI DI TRASPORTO,184,"Tabella A, punto 12, TUA",Riduzione dell'accisa sui carburanti per i Taxi,ACCISA,A REGIME,RIDUZIONE DI ALIQUOTA,"-12,0","-12,0","-12,0",,,SOGGETTI E CATEGORIE PARTICOLARI,X,42
2022,13: DIRITTO ALLA MOBILITA' E SVILUPPO DEI SISTEMI DI TRASPORTO,185,"Art. 9-quater, comma 1, D.L. 30 dicembre 1997, n. 457","Riduzione dell'imposta sulle assicurazioni dal 7,5% allo 0,05% a decorrere dal 1° gennaio 1998 per le navi immatricolate o registrate in Italia",IMPOSTA SULLE ASSICURAZIONI,A REGIME,RIDUZIONE DI ALIQUOTA,Non quantificabile,,,,,SOGGETTI E CATEGORIE PARTICOLARI,X,42
2022,13: DIRITTO ALLA MOBILITA' E SVILUPPO DEI SISTEMI DI TRASPORTO,186,"Art 2-bis, D.L. 20 luglio 2021, n. 103","Credito d'imposta, per l'anno 2022, a favore delle imprese concessionarie di beni del demanio marittimo e della navigazione interna funzionali all'esercizio dell'attività di trasporto di passeggeri con navi minori in acque lagunari, nella misura massima del 60% dell'ammontare del canone dovuto per tale anno per le concessioni medesime, nel limite di 1 milione di euro per l'anno 2022",,2022,CREDITO D'IMPOSTA,"0,0","0,0","0,0",,,SOGGETTI E CATEGORIE PARTICOLARI,,42
2022,13: DIRITTO ALLA MOBILITA' E SVILUPPO DEI SISTEMI DI TRASPORTO,187,"Art. 1, comma 5-bis, D.L. 10 settembre 2021, n. 121 (norma istitutiva); Art. 10, comma 3-terdecies, D.L. 30 dicembre 2021, n. 228 (modifica)","Non concorrenza al reddito imponibile del beneficiario del ""buono patente autotrasporto"", che consiste in un contributo, pari all'80% della spesa sostenuta e comunque di importo non superiore a 2.500 euro, riconosciuto, per il periodo dal 1° luglio 2022 al 31 dicembre 2026 e per una sola volta, in favore dei cittadini di età compresa fra diciotto e trentacinque anni per il conseguimento della patente e delle abilitazioni professionali per la guida dei veicoli destinati all'esercizio dell'attività di autotrasporto di persone e di merci.",IRPEF,2026,ESCLUSIONE,"0,0","0,0","0,0",,,PERSONE FISICHE,,42
2022,13: DIRITTO ALLA MOBILITA' E SVILUPPO DEI SISTEMI DI TRASPORTO,188,"Art. 35, D.L. 17 maggio 2022, n. 50 (norma istitutiva)","Esclusione dal reddito imponibile del buono da utilizzare per l'acquisto di abbonamenti per i servizi di trasporto pubblico locale, regionale e interregionale ovvero per i servizi di trasporto ferroviario nazionale. Il valore del buono è pari alla spesa sostenuta per l'acquisto dell'abbonamento e, comunque, entro euro 60. Il buono è riconosciuto alle persone fisiche che, nell'anno precedente, hanno conseguito un reddito complessivo non superiore a 35.000 euro.",IRPEF,2022,ESCLUSIONE,"0,0","0,0","0,0",,,PERSONE FISICHE,,42
2022,17: RICERCA E INNOVAZIONE,189,"Art. 54, comma 8, primo periodo, TUIR","Deduzione forfetaria del 25% per i redditi derivanti dalla utilizzazione economica, da parte dell'autore o inventore, di opere dell'ingegno, di brevetti industriali e di processi, formule o informazioni relativi ad esperienze acquisite in campo industriale, commerciale o scientifico, se non sono conseguiti nell'esercizio di imprese commerciali. La deduzione è elevata al 40% se il percettore non ha superato i 35 anni di età",IRPEF,A REGIME,DEDUZIONE,"-55,8","-55,8","-55,8",98.546,"-566,4",PERSONE FISICHE,X,42
2022,17: RICERCA E INNOVAZIONE,190,"Art. 1, comma 353, L. 23 dicembre 2005 n. 266; D.P.C.M. 31 ottobre 2016","Integrale deducibilità dei fondi trasferiti per il finanziamento della ricerca, a titolo di contributo o liberalità",IRES,A REGIME,DEDUZIONE,"-11,2","-11,2","-11,2",66,"-169.139,8",PERSONE GIURIDICHE,X,42
2022,17: RICERCA E INNOVAZIONE,191,"Art. 1, commi da 37 a 45, L. 23 dicembre 2014, n. 190 (norma istitutiva) Art. 5, D.L. 24 gennaio 2015, n. 3 Art. 1, comma 148, L. 28 dicembre 2015, n. 208 Art. 56, D.L. 24 aprile 2017, n. 50 (modifiche) Art. 4, D.L. 30 aprile 2019, n. 34 (modifica)","Patent Box. Tassazione agevolata per i redditi derivanti dall’utilizzo di: software protetto da copyright; brevetti industriali; disegni e modelli; processi, formule e informazioni relativi ad esperienze acquisite nel campo industriale, commerciale o scientifico giuridicamente tutelabili. Il regime è valevole per 5 esercizi sociali in base a opzione irrevocabile. Esclusione dal reddito del 50% (a regime) dei redditi derivanti dall'utilizzo di alcuni beni immateriali. DL 50/2017 Esclusione dei marchi d’impresa dal gruppo dai beni agevolabili con la cd. Patent box. Sono, invece, agevolabili anche i redditi derivanti dall’utilizzo congiunto di beni immateriali, legati da vincoli di complementarietà, ai fini della realizzazione di un prodotto o di una famiglia di prodotti o di un processo o di un gruppo di processi. Le nuove disposizioni si applicano a partire dal 3° periodo d’imposta successivo a quello in corso al 31/12/14 (in linea generale dal 2017). Conserva i benefici patent box secondo la disciplina originaria (dunque anche per i marchi) - per tutto il quinquennio di validità delle stesse e, comunque, non oltre il 30/6/21 - chi ha esercitato l’opzione per i primi 2 periodi d'imposta di applicazione dell’agevolazione (2015 e 2016). A decorrere dal 2019 è prevista la possibilità di optare per l'autodeterminazione del reddito agevolabile da ripartire in tre quote annuali di pari importo.",IRPEF/IRES,A REGIME,ESCLUSIONE,"-679,9","-710,4","-734,3",1.108,"-613.598,8",IMPRESE E SOCIETA',X,43
2022,17: RICERCA E INNOVAZIONE,192,"Art. 1, commi da 198 a 209, L. 27 dicembre 2019, n. 160","Credito d'imposta per investimenti in ricerca e sviluppo riconosciuto: - fino al periodo d'imposta in corso al 31 dicembre 2022 nella misura del 20% e importo massimo di 4 milioni di euro; - dal periodo d'imposta successivo a quello in corso al 31 dicembre 2022 e fino a quello in corso al 31 dicembre 2031 nella misura del 10 per cento nel limite massimo annuale di 5 milioni di euro. Credito d'imposta per investimenti in innovazione tecnologica e altre attività innovative per la competitività delle imprese. In particolare, la misura prevede un credito d’imposta per attività di innovazione tecnologica: - fino al periodo d'imposta in corso al 31 dicembre 2023 nella misura del 10% e importo massimo di 2 milioni di euro; - dal periodo d'imposta successivo a quello in corso al 31 dicembre 2023 e fino al periodo d'imposta in corso al 31 dicembre 2025 nella misura del 5 per cento nel limite massimo annuale di 2 milioni di euro; Un credito d'imposta per attività di design e ideazione estetica: - fino al periodo d'imposta in corso al 31 dicembre 2023 nella misura del 10% e importo massimo di 2 milioni di euro; - dal periodo d'imposta successivo a quello in corso al 31 dicembre 2023 e fino al periodo d'imposta in corso al 31 dicembre 2025 nella misura del 5 per cento nel limite massimo annuale di 2 milioni di euro; Un credito d'imposta per attività di innovazione tecnologica finalizzate alla realizzazione di prodotti o processi di produzione nuovi o sostanzialmente migliorati per il raggiungimento di un obiettivo di transizione ecologica o di innovazione digitale 4.0: - fino al periodo d'imposta in corso al 31 dicembre 2022 nella misura del 15% e importo massimo di 2 milioni di euro; - per il periodo d'imposta successivo a quello in corso al 31 dicembre 2022 e fino a quello in corso al 31 dicembre 2023, nella misura del 10 per cento nel limite massimo annuale di 4 milioni di euro; - dal periodo d'imposta successivo a quello in corso al 31 dicembre 2023 e fino a quello in corso al 31 dicembre 2025, in misura pari al 5 per cento nel limite massimo annuale di 4 milioni di euro.",,2031,CREDITO D'IMPOSTA,"-1.344,5","-995,2","-497,6",17.592,"-76.427,8",IMPRESE E SOCIETA',,43
2022,17: RICERCA E INNOVAZIONE,193,"Art. 25, commi 4-duodecies e ss., D.L. 30 dicembre 2019 n. 162 (norma istitutiva); Art. 4, comma 8-septies, lett. b), D.L. 31 dicembre 2020, n. 183 (modifica)","Credito d'imposta riconosciuto ai policlinici universitari non costituiti in azienda, nell'ambito delle attività istituzionali esercitate non in regime d'impresa, per gli anni dal 2020 al 2023, finalizzato a promuovere le attività di ricerca scientifica e a favorire la stabilizzazione di figure professionali nell'ambito clinico e della ricerca, attraverso l'instaurazione di rapporti di lavoro a tempo indeterminato presso le strutture sanitarie che svolgono attività di ricerca e didattiche. Il contributo, sotto forma di credito d'imposta, è attribuito nel limite massimo di spesa di 5 milioni di euro per il 2020 e di 10 milioni di euro per ciascuno degli anni dal 2021 al 2023 ed è subordinato alla condizione che tali enti si avvalgano di personale assunto a tempo indeterminato in misura non inferiore all'85% del personale in servizio. Per gli anni 2020 e 2021, il credito d'imposta di cui al primo periodo è attribuito (previa autorizzazione della Commissione europea) alle medesime condizioni ivi previste, anche nell'ambito delle attività istituzionali esercitate in regime d'impresa, fermo restando il limite massimo di spesa di 5 milioni di euro per l'anno 2020 e di 10 milioni di euro per l'anno 2021.",,2023,CREDITO D'IMPOSTA,"-10,0","0,0","0,0",,,ASSOCIAZIONI ENTI NO PROFIT ONLUS,,43
2022,17: RICERCA E INNOVAZIONE,194,"Art. 6, D.L. 21 ottobre 2021, n. 146; Art. 1, commi 10 e 11, L. 30 dicembre 2021, n. 234 (modifica).","Nuovo Patent Box. Regime opzionale di maggiorazione del 110% delle spese relative alle attività di ricerca e sviluppo afferenti ai beni immateriali oggetto dell’agevolazione, ai fini delle imposte sui redditi e dell’Irap. Possono esercitare l’opzione, avente efficacia per cinque periodi d’imposta e rinnovabile, tutti i soggetti titolari di reddito d’impresa che siano titolari del diritto allo sfruttamento economico dei beni immateriali. Sono oggetto della nuova disciplina le spese relative al software protetto da copyright, ai brevetti industriali e ai disegni e modelli, che siano dagli stessi soggetti utilizzati direttamente o indirettamente nello svolgimento della propria attività di impresa. Per poter beneficiare del regime agevolativo è necessario che su tali beni siano svolte attività di ricerca industriale e sviluppo sperimentale, innovazione tecnologica, design e ideazione estetica, nonché le attività di tutela legale dei diritti sui beni immateriali.Il primo periodo d’imposta in relazione al quale è possibile esercitare l’opzione e da cui, quindi, l’agevolazione esplica i suoi effetti è il periodo 2021.",IRPEF/IRES,A REGIME,DEDUZIONE,"126,0","126,0","126,0",,,IMPRESE E SOCIETA',,44
2022,18: SVILUPPO SOSTENIBILE E TUTELA DEL TERRITORIO E DELL’AMBIENTE,195,"Art. 15, comma 1, lett. i-decies), TUIR, introdotta dall'art.1, comma 28, lettera a), L. 27 dicembre 2017 n. 205. Art. 15, comma 2, TUIR","Detraibilità delle spese sostenute per l'acquisto di abbonamenti ai servizi di trasporto pubblico locale, regionale e interregionale per un importo non superiore a 250 euro, anche se sostenute per i familiari a carico.",IRPEF,A REGIME,DETRAZIONE,"-54,3","-54,3","-54,3",1.310.376,"-41,4",PERSONE FISICHE,,44
2022,18: SVILUPPO SOSTENIBILE E TUTELA DEL TERRITORIO E DELL’AMBIENTE,196,"Art, 100, comma 2, lett. n), TUIR",Deducibilità delle erogazioni liberali in denaro a favore di organismi di gestione di parchi e riserve naturali e zone di speciale tutela paesistico-ambientale,IRPEF/IRES,A REGIME,DEDUZIONE,Stima compresa nelle misure da 288 a 291,,,,,PERSONE FISICHE E GIURIDICHE,X,44
2022,18: SVILUPPO SOSTENIBILE E TUTELA DEL TERRITORIO E DELL’AMBIENTE,197,"Art. 4, comma 23, D.L. 1 ottobre 1996, n. 510","Le cessioni gratuite di beni relativi ad attivita' produttive dismesse, effettuate gratuitamente nei confronti degli enti territoriali, ASI, societa' di promozione a prevalente partecipazione pubblica, sono esenti dall'imposta sulle successioni e donazioni e sono soggette alla misura fissa delle imposte ipotecaria e catastale","IMPOSTE SU SUCCESSIONI, DONAZIONI E ALTRE INDIRETTE",A REGIME,ESENZIONE E MISURA FISSA,Non quantificabile,,,,,ENTI PUBBLICI,X,44
2022,18: SVILUPPO SOSTENIBILE E TUTELA DEL TERRITORIO E DELL’AMBIENTE,198,"Art. 31, comma 22, L. 23 dicembre 1998, n. 448","Esenzione da imposte di registro, ipotecaria e catastale per i provvedimenti comunali di accorpamento al demanio stradale delle porzioni di terreno utilizzate ad uso pubblico da oltre venti anni",IMPOSTE DI REGISTRO E IPOCATASTALI,A REGIME,ESENZIONE,Non quantificabile,,,,,ENTI PUBBLICI,X,44
2022,18: SVILUPPO SOSTENIBILE E TUTELA DEL TERRITORIO E DELL’AMBIENTE,199,"Art. 1, comma 57, L. 28 dicembre 2015, n. 208","Esenzione dalle imposte di registro, ipotecaria e catastale e bollo su atti e provvedimenti in esecuzione dei piani di ricomposizione fondiaria promossi da regioni, province, comuni e comunità montane","IMPOSTE DI REGISTRO, DI BOLLO E IPOCATASTALI",A REGIME,ESENZIONE,"-5,9","-5,9","-5,9",,,STATO E ENTI PUBBLICI,X,44
2022,18: SVILUPPO SOSTENIBILE E TUTELA DEL TERRITORIO E DELL’AMBIENTE,200,"Art. 1, commi 156-161, L. 30 dicembre 2018, n. 145","Credito d'imposta, nella misura del 65%, per erogazioni liberali in denaro effettuate per interventi su edifici e terreni pubblici ai fini della bonifica ambientale, prevenzione e risanamento del dissesto idrogeologico, sistemazione di parchi e aree verdi e recupero di aree dismesse di proprietà pubblica.",IRPEF/IRES,A REGIME,CREDITO D'IMPOSTA,"-10,0","-10,0","-10,0",,,PERSONE FISICHE E GIURIDICHE,,44
2022,18: SVILUPPO SOSTENIBILE E TUTELA DEL TERRITORIO E DELL’AMBIENTE,201,"Art. 1, commi 1057-1064, L. 30 dicembre 2018, n. 145 (istitutiva); Art. 10-bis, comma 1, lett. a), b), D.L. 30 aprile 2019, n. 34; Art. 12, comma 1, D.L. 30 dicembre 2019, n. 162; Art. 44-bis, comma 1, D.L. 19 maggio 2020, n. 34 convertito, con modificazioni, dalla L. 17 luglio 2020, n. 77; Art. 1, comma 691, L. 30 dicembre 2020, n. 178; Art. 5, comma 15-bis, D.L. 22 marzo 2021, n. 41 convertito, con modificazioni, dalla L. 21 maggio 2021, n. 69 (modifiche)",Credito d'imposta incentivi rottamazione acquisto veicoli a due ruote non inquinanti,,2026,CREDITO D'IMPOSTA,"-20,0","-30,0","-30,0",,,PERSONE FISICHE E GIURIDICHE,,44
2022,18: SVILUPPO SOSTENIBILE E TUTELA DEL TERRITORIO E DELL’AMBIENTE,202,"Art. 1, comma 642, L. 27 dicembre 2019, n. 160; Art. 1, comma 12, L. 30 dicembre 2021, n. 234 (modifica)","Esclusione dal pagamento dell’imposta di consumo sui manufatti con singolo impiego (MACSI) istituita dall'articolo 1, comma 634, della Legge 27 dicembre 2019 , n. 160 (Legge di Bilancio 2020). L'efficacia delle disposizioni recanti la disciplina dell'imposta in argomento entrano in vigore il 1° gennaio 2023",IMPOSTA DI CONSUMO,A REGIME,ESCLUSIONE,"0,0","0,0","0,0",,,IMPRESE E SOCIETA',,44
2022,18: SVILUPPO SOSTENIBILE E TUTELA DEL TERRITORIO E DELL’AMBIENTE,203,"Art. 34-bis, D.L. 30 dicembre 2019, n. 162, convertito L. 28 febbraio 2020, n. 8","All'energia elettrica erogata, da impianti di terra, alle navi ormeggiate in porto dotate di impianti elettrici con potenza installata nominale superiore a 35 kW, è applicata un'aliquota di accisa ridotta. La disposizione agevolativa avrà efficacia solo successivamente all'adozione di una decisione (ad oggi non ancora adottata) del Consiglio dell'Unione europea che autorizzi, ai sensi dell'articolo 19 della direttiva 2003/96/CE del Consiglio, del 27 ottobre 2003, lo Stato ad applicare un'aliquota di accisa ridotta all'energia elettrica fornita per l'impiego in questione.",ACCISA,A REGIME,RIDUZIONE DI ALIQUOTA,"0,0","0,0","0,0",,,SOGGETTI E CATEGORIE PARTICOLARI,,44
2022,18: SVILUPPO SOSTENIBILE E TUTELA DEL TERRITORIO E DELL’AMBIENTE,204,"Art. 38-ter, D.L. 19 maggio 2020, n. 34 Art. 52-bis, D.L. 17 maggio 2022, n. 50 (modifica)","Credito d'imposta pari al 50% dei costi di costituzione o trasformazione in società benefit, sostenuti fino al 31 dicembre 2021, nel rispetto della disciplina europea sugli aiuti di Stato de minimis. L'utilizzo del credito d'imposta inizialmente previsto per l'anno 2021 è stato esteso al 2022 dall'articolo 52-bis del D.L. 17 maggio 2022, n. 50",,2021,CREDITO D'IMPOSTA,"0,0","0,0","0,0",,,SOGGETTI E CATEGORIE PARTICOLARI,,45
2022,18: SVILUPPO SOSTENIBILE E TUTELA DEL TERRITORIO E DELL’AMBIENTE,205,"Art. 1 , comma 760-766, L. 30 dicembre 2020, n. 178","Credito d'imposta vuoto a rendere nelle ZEA. Al fine di promuovere il sistema del vuoto a rendere degli imballaggi nelle zone economiche ambientali di cui all'articolo 4-ter del decreto-legge 14 ottobre 2019, n. 111, gli utilizzatori (i commercianti, i distributori, gli addetti al riempimento, gli utenti di imballaggi e gli importatori di imballaggi pieni) riconoscono agli acquirenti, negli anni 2021 e 2022, un abbuono, all'atto della resa dell'imballaggio, pari al 25% del prezzo dell'imballaggio stesso, contenente la merce ed esposto nella fattura o ricevuta fiscale o scontrino fiscale. Agli utilizzatori che hanno concesso l’abbuono è riconosciuto un credito d’imposta di importo pari al doppio dell’importo degli abbuoni riconosciuti agli acquirenti. Il predetto credito d’imposta è riconosciuto fino a un importo massimo di 10.000 euro annui per ciascun utilizzatore, nel limite massimo complessivo di 5 milioni di euro annui per gli anni 2021 e 2022 (de minimis).",,2022,CREDITO D'IMPOSTA,"0,0","0,0","0,0",,,SOGGETTI E CATEGORIE PARTICOLARI,,45
2022,18: SVILUPPO SOSTENIBILE E TUTELA DEL TERRITORIO E DELL’AMBIENTE,206,"Art 1, commi 1087-1089, L. 30 dicembre 2020, n. 178; Art. 1, comma 713, lett. a) e b), L. 30 dicembre 2021, n. 234","Credito d’imposta per l’acquisto di sistemi di filtraggio acqua potabile riconosciuto ,al fine di razionalizzare l'uso dell'acqua e di ridurre il consumo di contenitori di plastica per acque destinate ad uso potabile, alle persone fisiche nonché ai soggetti esercenti attività d'impresa, arti e professioni e agli enti non commerciali, compresi gli enti del Terzo settore e gli enti religiosi civilmente riconosciuti, dal 1° gennaio 2021 al 31 dicembre 2023 nella misura del 50% delle spese sostenute per l'acquisto e l'installazione di sistemi di filtraggio, mineralizzazione, raffreddamento e addizione di anidride carbonica alimentare E 290, per il miglioramento qualitativo delle acque destinate al consumo umano erogate da acquedotti, fino a un ammontare complessivo delle stesse non superiore, per le persone fisiche non esercenti attività economica, a 1.000 euro per ciascuna unità immobiliare e, per gli altri soggetti, a 5.000 euro per ciascun immobile adibito all'attività commerciale o istituzionale.",,2023,CREDITO D'IMPOSTA,"0,0","0,0","0,0",,,PERSONE FISICHE E GIURIDICHE,,45
2022,19: CASA E ASSETTO URBANISTICO,207,"Art. 1, Tariffa speciale (Allegato B), L. 29 ottobre 1961, n. 1216",Sui premi relativi ai contratti di assicurazione sulla vita umana a garanzia della casa l'imposta sulle assicurazioni si applica in misura ridotta a un quarto.,IMPOSTA SULLE ASSICURAZIONI,A REGIME,RIDUZIONE DI ALIQUOTA,"-59,3","-59,3","-59,3",,,PERSONE FISICHE,X,45
2022,19: CASA E ASSETTO URBANISTICO,208,"Artt. 15 e seguenti, d.P.R. 29 settembre 1973 n. 601 (norma istitutiva) Art. 2-bis, comma 5, D.L. 24 luglio 2003, n. 192 (norma interpretativa)","Le operazioni relative ai finanziamenti a medio e lungo termine sono soggette ad un'imposta sostitutiva delle imposte di registro, di bollo, ipotecaria e catastale e tassa sulle concessioni governative","IMPOSTE DI REGISTRO, DI BOLLO, IPOTECARIA, CATASTALE. TASSA SULLE CONCESSIONI GOVERNATIVE",A REGIME,REGIME SOSTITUTIVO,"-2.398,1","-2.398,1","-2.398,1",,,BANCHE E ASSICURAZIONI,X,45
2022,19: CASA E ASSETTO URBANISTICO,209,"Art. 32, d.P.R. 29 settembre 1973, n. 601 (norma istitutiva); Art. 1, comma 58, L. 28 dicembre 2015, n. 208 (norma interpretativa) art. 1, comma 730, L. 30 dicembre 2021, n. 234 (norma interpretativa)",Sui premi relativi ai contratti di assicurazione danni relativi alle cooperative edilizie sovvenzionate dallo Stato l'imposta sulle assicurazioni si applica in misura ridotta a un quinto,IMPOSTA SULLE ASSICURAZIONI,A REGIME,RIDUZIONE DI ALIQUOTA,Non quantificabile,,,,,SOGGETTI E CATEGORIE PARTICOLARI,X,45
2022,19: CASA E ASSETTO URBANISTICO,210,"Art. 32, d.P.R. 29 settembre 1973, n. 601 (norma istitutiva); Art. 1, comma 58, L. 28 dicembre 2015, n. 208 (norma interpretativa) Art. 1, comma 730, L. 30 dicembre 2021, n. 234 (norma interpretativa)",Sono esenti dalle imposte ipotecarie e catastali e l'imposta di registro si applica in misura fissa per gli atti di trasferimento della proprietà delle aree comprese nei piani di edilizia residenziale pubblica o nei piani da destinare a insediamenti produttivi,IMPOSTE DI REGISTRO E IPOCATASTALI,A REGIME,ESENZIONE E MISURA FISSA,"-10,3","-10,3","-10,3",,,SOGGETTI E CATEGORIE PARTICOLARI,X,45
2022,19: CASA E ASSETTO URBANISTICO,211,"Art. 5, L. 22 aprile 82, n.168","Le imposte di registro, ipotecaria e catastale si applicano in misura fissa in relazione a trasferimenti o permute di immobili compresi in piani di recupero",IMPOSTE DI REGISTRO E IPOCATASTALI,A REGIME,IMPOSTA IN MISURA FISSA,"0,0","0,0","0,0",,,SOGGETTI E CATEGORIE PARTICOLARI,X,45
2022,19: CASA E ASSETTO URBANISTICO,212,"Art. 1, Tariffa, parte prima, allegata al d.P.R. 26 aprile 1986, n. 131",Gli atti di trasferimento a titolo oneroso aventi a oggetto la prima casa di abitazione sono soggetti all'imposta di registro all'aliquota ridotta del 2%,IMPOSTA DI REGISTRO,A REGIME,RIDUZIONE DI ALIQUOTA,"-2.421,7","-2.421,7","-2.421,7",553.868,"-4.372,4",PERSONE FISICHE,X,45
2022,19: CASA E ASSETTO URBANISTICO,213,"Art. 10, comma 1, lett. a), TUIR","Deduzione di canoni, livelli, censi, ed altri oneri gravanti sui redditi degli immobili che concorrono a formare il reddito complessivo, compresi i contributi ai consorzi obbligatori per legge o in dipendenza di provvedimenti della pubblica amministrazione",IRPEF,A REGIME,DEDUZIONE,"-4,9","-4,9","-4,9",105.869,"-46,3",PERSONE FISICHE,X,46
2022,19: CASA E ASSETTO URBANISTICO,214,"Art. 10, comma 3-bis), TUIR",Deduzione della rendita catastale dell'unità immobiliare adibita ad abitazione principale e delle relative pertinenze rapportata al periodo dell'anno durante il quale sussiste tale destinazione ed in proporzione alla quota di possesso,IRPEF,A REGIME,DEDUZIONE,"-3.435,9","-3.435,9","-3.435,9",26.300.000,"-130,6",PERSONE FISICHE,X,46
2022,19: CASA E ASSETTO URBANISTICO,215,"Art. 15, comma 1, lett. b) e comma 1-ter, TUIR (norma istitutiva); Art. 66, L. 21 novembre 2000, n. 342 (modifica)","Detrazione, nella misura del 19%, degli interessi passivi e relativi oneri accessori, per un importo non superiore a 4.000 euro, sostenuti in dipendenza di mutui ipotecari per l'acquisto o la costruzione dell'abitazione principale.",IRPEF,A REGIME,DETRAZIONE,"-955,4","-955,4","-955,4",4.041.548,"-236,4",PERSONE FISICHE,X,46
2022,19: CASA E ASSETTO URBANISTICO,216,"Art. 15, comma 1, lett. b-bis), TUIR","Detrazione, nella misura del 19%, dei compensi pagati agli intermediari per l'acquisto dell'abitazione principale per un importo non superiore a euro 1.000 per ciascuna annualità",IRPEF,A REGIME,DETRAZIONE,"-19,9","-19,9","-19,9",119.541,"-166,7",PERSONE FISICHE,X,46
2022,19: CASA E ASSETTO URBANISTICO,217,"Art. 15, comma 1, lett. f-bis), TUIR, (lettera introdotta dall'art. 1, comma 768, L. 27 dicembre 2017, n. 205; (norma istitutiva) Art. 119, comma 4, D.L. 19 maggio 2020, n. 34 (integrazione)","Detrazione, nella misura del 19%, dei premi per assicurazioni aventi per oggetto il rischio di eventi calamitosi stipulate relativamente a unità immobiliari ad uso abitativo. Ai sensi dell'art. 119, comma 4, D.L. n. 34/2020, la detrazione in oggetto spetta nella misura del 90 per cento nel caso di polizza che copre il rischio di eventi calamitosi stipulata contestualmente alla cessione del credito ad un'impresa di assicurazione, in conseguenza della realizzazione degli interventi di cui ai commi da 1-bis a 1-septies dell'art. 16 del D.L. n. 63/2013.",IRPEF,A REGIME,DETRAZIONE,"-30,9","-29,9","-28,8",,,PERSONE FISICHE,,46
2022,19: CASA E ASSETTO URBANISTICO,218,"Art. 15, comma 1, lett. g), TUIR","Detrazione per spese di manutenzione, protezione e restauro delle cose vincolate ai sensi della legge n. 1089 del 1939 e del D.P.R. n. 1409 del 1963",IRPEF,A REGIME,DETRAZIONE,"-3,2","-3,2","-3,2",1.646,"-1.944,1",PERSONE FISICHE,X,46
2022,19: CASA E ASSETTO URBANISTICO,219,"Art. 16, commi 01, 1, 1-bis, 1-ter e 1-sexies, TUIR","Detrazione per canoni di locazione di unità immobiliari adibite ad abitazione principale. Detrazione più favorevole per i giovani di età fra i 20 e i 31 anni non compiuti, con un reddito complessivo non superiore a 15.493,71 euro, che stipulano un contratto di locazione da destinare a propria residenza.",IRPEF,A REGIME,DETRAZIONE,"-360,5","-360,5","-360,5",1.690.908,"-213,2",PERSONE FISICHE,X,46
2022,19: CASA E ASSETTO URBANISTICO,220,"Art. 16-bis, TUIR, introdotto dall'art. 4, comma 1, lettera c), D.L. 6 dicembre 2011, n. 201","Detrazione, nella misura del 36%, delle spese per interventi di recupero del patrimonio edilizio e di riqualificazione energetica degli edifici fino ad un ammontare complessivo delle stesse non superiore a 48.000 euro per unità immobiliare.",IRPEF,A REGIME,DETRAZIONE,"0,0","0,0","0,0",,,PERSONE FISICHE,X,46
2022,19: CASA E ASSETTO URBANISTICO,221,"Art. 16-bis, comma 3-bis, TUIR, comma inserito dall'art. 1, comma 60, L. 30 dicembre 2020, n. 178","La detrazione di cui al comma 1, art. 16-bis del TUIR spetta, nella misura del 50%, anche per interventi di sostituzione del gruppo elettrogeno di emergenza esistente con generatori di emergenza a gas di ultima generazione",IRPEF,A REGIME,DETRAZIONE,"-13,8","-18,8","-23,8",,,PERSONE FISICHE,,46
2022,19: CASA E ASSETTO URBANISTICO,222,"Art. 26, TUIR, come modificato dall'art. 3- quinquies, comma 1, D.L. 30 aprile 2019, n. 34 (norma istitutiva); Art. 6-septies, comma 2, D.L. 22 marzo 2021, n. 41 (decorrenza)","Non concorrenza alla formazione del reddito dei redditi derivanti da contratti di locazione di immobili ad uso abitativo, se non percepiti, purchè la mancata percezione sia comprovata dall'intimazione di sfratto per morosità o dall'ingiunzione di pagamento.",IRPEF,A REGIME,ESCLUSIONE,"-28,5","-18,6","-4,4",,,PERSONE FISICHE,,46
2022,19: CASA E ASSETTO URBANISTICO,223,"Art. 37, comma 4-bis, TUIR (norma istitutiva); Art. 4, comma 74, L. 28 giugno 2012, n. 92 (modifica)","Riduzione forfetaria del canone di locazione qualora il canone risultante dal contratto sia superiore al reddito medio ordinario determinato ai sensi del comma 1, dell'art. 37, del TUIR. La riduzione è pari al 5% in via ordinaria, al 25% per la città di Venezia, al 35% per gli immobili di interesse storico o artistico",IRPEF,A REGIME,ESCLUSIONE,"-375,6","-375,6","-375,6",2.541.997,"-147,7",PERSONE FISICHE,X,46
2022,19: CASA E ASSETTO URBANISTICO,224,"Art. 42, TUIR","Non sono produttive di redditi di fabbricati le costruzioni o porzioni di costruzioni rurali, e relative pertinenze, appartenenti al possessore o all'affittuario dei terreni e destinate a specifici utilizzi",IRPEF,A REGIME,ESCLUSIONE,Non quantificabile,,,,,PERSONE FISICHE,X,46
2022,19: CASA E ASSETTO URBANISTICO,225,"Nota all'Art. 1, Tariffa allegata al D.lgs 31 ottobre 1990, n. 347",Sugli atti di trasferimento della prima casa di abitazione l'imposta ipotecaria si applica in misura fissa,IMPOSTA IPOTECARIA,A REGIME,IMPOSTA IN MISURA FISSA,"-409,3","-409,3","-409,3",614.510,"-666,0",PERSONE FISICHE,X,46
2022,19: CASA E ASSETTO URBANISTICO,226,"Nota all'Art. 1, Tariffa allegata al D.lgs 31 ottobre 1990, n. 347",Sugli atti di trasferimento della prima casa di abitazione l'imposta catastale si applica in misura fissa,IMPOSTA CATASTALE,A REGIME,IMPOSTA IN MISURA FISSA,"-982,5","-982,5","-982,5",614.510,"-1.598,8",PERSONE FISICHE,X,46
2022,19: CASA E ASSETTO URBANISTICO,227,"Art. 66, comma 6-bis, D.L. 30 agosto 1993, n. 331","Gli atti costitutivi e modificativi delle società cooperative edilizie di abitazione e loro consorzi sono esenti dall'imposta di bollo e dall'imposta di registro. Gli atti di ammissione e recesso dei soci e gli atti, documenti e registri relativi alle operazioni previste dai rispettivi statuti sono esenti da bollo e assoggettati alla misura fissa dell'imposta di registro.",IMPOSTE DI REGISTRO E DI BOLLO,A REGIME,ESENZIONE E MISURA FISSA,Non quantificabile,,,,,SOGGETTI E CATEGORIE PARTICOLARI,X,46
2022,19: CASA E ASSETTO URBANISTICO,228,"Art. 3, comma 7, D.L. 31 maggio 1994, n. 330",Detrazione per interessi passivi e oneri accessori relativi a mutui ipotecari per l'acquisto di immobili adibiti ad abitazione principale spettante per mutui contratti entro il 31/12/1992,IRPEF,A REGIME,DETRAZIONE,"-3,8","-3,8","-3,8",21.508,"-177,5",PERSONE FISICHE,X,47
2022,19: CASA E ASSETTO URBANISTICO,229,"Art. 1, comma 4, D.L. 31 dicembre 1996, n. 669",Detrazione per interessi passivi relativi a mutui contratti nel 1997 per interventi di recupero del patrimonio edilizio,IRPEF,A REGIME,DETRAZIONE,"-0,2","-0,2","-0,2",1.278,"-145,9",PERSONE FISICHE,X,47
2022,19: CASA E ASSETTO URBANISTICO,230,"Art. 8, L. 9 dicembre 1998, n. 431","Ulteriore riduzione del 30% del reddito imponibile che deriva al proprietario dai contratti stipulati o rinnovati ai sensi del comma 3 dell'art. 2 (contratti a canone concordato), ai sensi del comma 2 dell'articolo 5 (contratti di natura transitoria a studenti universitari) nonchè del comma 3 dell'art. 1(contratti di locazione stipulati dagli enti locali in qualità di conduttori per soddisfare esigenze abitative di carattere transitorio).",IRPEF,A REGIME,ESCLUSIONE,"-35,2","-35,2","-35,2",135.039,"-260,7",PERSONE FISICHE,X,47
2022,19: CASA E ASSETTO URBANISTICO,231,"Art. 8, comma 1, L. 9 dicembre 1998, n. 431",Sui contratti di locazione di immobili a canone concordato adibiti ad uso abitativo nei comuni ad alta densità abitativa l'imposta di registro si applica su una base imponibile ridotta al 70%,IMPOSTA DI REGISTRO,A REGIME,RIDUZIONE BASE IMPONIBILE,"-2,1","-2,1","-2,1",,,PERSONE FISICHE E GIURIDICHE,X,47
2022,19: CASA E ASSETTO URBANISTICO,232,"Art. 2, comma 1-bis, D.L. 3 agosto 2004, n. 220","Applicabilità delle disposizioni di cui agli artt. 15, 17 e 18 del D.P.R. 29 settembre 1973 n. 601 per i mutui concessi da istituti ed enti previdenziali per l'acquisto di abitazioni",IMPOSTA SOSTITUTIVA,A REGIME,REGIME SOSTITUTIVO,Non quantificabile,,,,,PERSONE FISICHE,X,47
2022,19: CASA E ASSETTO URBANISTICO,233,"Art. 1, comma 496, L. 23 dicembre 2005, n. 266 (norma istitutiva); Art. 1, comma 695, L. 27 dicembre 2019, n. 160 (modifica)","Applicazione di un'imposta sostitutiva delle imposte sui redditi, nella misura del 26%, sulle plusvalenze realizzate a seguito di cessioni a titolo oneroso di beni immobili acquistati o costruiti da non più di cinque anni",IMPOSTA SOSTITUTIVA,A REGIME,REGIME SOSTITUTIVO,"-57,7","-57,7","-57,7",,,PERSONE FISICHE,X,47
2022,19: CASA E ASSETTO URBANISTICO,234,"Art 1, commi da 344 a 349, L. 27 dicembre 2006, n. 296 (norma istitutiva); Art. 1, comma 48, L. 13 dicembre 2010, n. 220 (estensione); Art. 14 del D.L. 4 giugno 2013, n. 63 (modifica); Art. 1, comma 37, lett. a), L. 30 dicembre 2021, n. 234 (proroga); Art. 1, comma 88, L. 28 dicembre 2015, n. 208 (estensione); Art. 119, commi 1, 2 e 3, D.L. 19 maggio 2020, n. 34 (estensione); Art. 119, comma 8-bis, modificato dall'art. 1, comma 28, lett. e), L. 30 dicembre 2021, n. 234 (proroga)","Detrazione, nella misura del 55% e 65%, delle spese sostenute per vari interventi di riqualificazione energetica degli edifici esistenti di qualsiasi categoria catastale, anche rurale (""ecobonus""). La medesima detrazione si applica anche alle spese per l'acquisto, l'installazione e la messa in opera di dispositivi multimediali per il controllo a distanza degli impianti di riscaldamento, produzione di acqua calda o di climatizzazione delle unità abitative. Per le spese sostenute dal 1° luglio 2020 per specifici interventi indicati ai commi 1 e 2 dell'art. 119, D.L. n. 34 del 2020 la detrazione si applica nella misura del 110 per cento, fatto salvo il décalage previsto per gli interventi sui condomini.",IRPEF/IRES,"2024 2022, 2023, 2025 A SECONDA DELLA TIPOLOGIA DI BENEFICIARIO",DETRAZIONE,"-4.711,7","-4.663,6","-4.644,4",,,PERSONE FISICHE E GIURIDICHE,X,47
2022,19: CASA E ASSETTO URBANISTICO,235,"Art. 35, comma 10-ter1, D.L. 4 luglio 2006, n. 223","Le imposte di registro, ipotecaria e catastale sono dovute in misura fissa per le cessioni effettuate dalle banche e dagli intermediari finanziari in occasione dell'esercizio, da parte dell'utilizzatore, dell'opzione di acquisto dell'immobile concesso in locazione finanziaria, ovvero nel caso di retrocessione dell'immobile riveniente da contratti di locazione finanziaria risolti per inadempienza dell'utilizzatore.",IMPOSTE DI REGISTRO E IPOCATASTALI,A REGIME,IMPOSTA IN MISURA FISSA,Non quantificabile,,,,,BANCHE E ASSICURAZIONI,X,47
2022,19: CASA E ASSETTO URBANISTICO,236,"Art. 8, comma 4-bis, D.L. 31 gennaio 2007, n. 7","Gli atti relativi alla portabilità del mutuo sono esenti dall'imposta sostitutiva di cui all'art. 17 del D.P.R. n. 601 del 1973 e dalle imposte di registro, bollo, ipotecaria e catastale","IMPOSTE DI REGISTRO, DI BOLLO E IPOCATASTALI",A REGIME,ESENZIONE,Non quantificabile,,,,,PERSONE FISICHE,X,47
2022,19: CASA E ASSETTO URBANISTICO,237,"Art. 3, D.Lgs. 14 marzo 2011, n. 23 (norma istitutiva) Art.1, comma 6, L. 27 dicembre 2019, n. 160 (modifica)","Cedolare secca. Applicazione di un'imposta sostitutiva dell'IRPEF e delle addizionali all'IRPEF nonché dell'imposta di registro e di bollo, con aliquota del 21% sui canoni derivanti dalla locazione di immobili a uso abitativo. L'aliquota è ridotta al 10% nell'ipotesi di locazione a canone concordato",IMPOSTA SOSTITUTIVA,A REGIME,REGIME SOSTITUTIVO,"-2.744,4","-2.744,4","-2.744,4",2.810.460,"-976,5",PERSONE FISICHE,X,47
2022,19: CASA E ASSETTO URBANISTICO,238,"Art. 19, comma 15-bis, D.L. 6 dicembre 2011, n. 201","Esenzione dal pagamento dell’imposta sul valore degli immobili situati all'estero (IVIE) per l'abitazione principale se di categoria catastale diversa dalle categorie A/1, A/8 e A/9",IVIE,A REGIME,ESENZIONE,"-0,7","-0,7","-0,7",1.451,"-484,7",PERSONE FISICHE,X,47
2022,19: CASA E ASSETTO URBANISTICO,239,"Art. 19, comma 15-bis, D.L. 6 dicembre 2011, n. 201","Aliquota ridotta dell’imposta sul valore degli immobili situati all'estero (IVIE) per l'abitazione principale se di categoria catastale A/1, A/8 o A/9",IVIE,A REGIME,RIDUZIONE DI ALIQUOTA,Stima compresa nella misura 238,,,,,PERSONE FISICHE,X,47
2022,19: CASA E ASSETTO URBANISTICO,240,"Art. 14, comma 2-quater, D.L. 4 giugno 2013, n. 63, inserito dall'art. 1, comma 2, lett. a), L. 11 dicembre 2016, n. 232 (norma istitutiva); Art. 1, comma 37, lett. a), L. 30 dicembre 2021, n. 234 (proroga); Art. 119, commi 1, 2 e 3, D.L. 19 maggio 2020, n. 34 (estensione); Art. 119, comma 8-bis, modificato dall'art. 1, comma 28, lett. e), L. 30 dicembre 2021, n. 234 (proroga)","Detrazione, nella misura del 70% o del 75%, per interventi di riqualificazione energetica sulle parti comuni condominiali. Per le spese sostenute dal 1° luglio 2020 per specifici interventi indicati ai commi 1 e 2 dell'art. 119, D.L. n. 34 del 2020 la detrazione si applica nella misura del 110 per cento, fatto salvo il décalage previsto per gli interventi sui condomini.",IRPEF,"2024 2022, 2023, 2025 A SECONDA DELLA TIPOLOGIA DI BENEFICIARIO",DETRAZIONE,"-900,6","-2.007,9","-3.115,2",,,PERSONE FISICHE E GIURIDICHE,X,48
2022,19: CASA E ASSETTO URBANISTICO,241,"Art. 14, comma 2-quater.1, D.L. 4 giugno 2013, n. 63, introdotto dall'art. 1, comma 3, lett. a), L. 27 dicembre 2017, n. 205 (norma istitutiva); Art. 1, comma 37, lett. a), L. 30 dicembre 2021, n. 234 (proroga)","Detrazione, nella misura dell'80% o dell'85%, per interventi su parti comuni di edifici condominiali finalizzati congiuntamente alla riduzione del rischio sismico e alla riqualificazione energetica.",IRPEF,2024,DETRAZIONE,"-2,7","-3,2","-3,7",,,PERSONE FISICHE E GIURIDICHE,,48
2022,19: CASA E ASSETTO URBANISTICO,242,"Art. 16, comma 1, D.L. 4 giugno 2013, n. 63; Art. 1, comma 37, lett. b), L. 30 dicembre 2021, n. 234 (proroga); Art. 119, commi 5 e 6, D.L. 19 maggio 2020, n. 34 (estensione); Art. 119, comma 8-bis, modificato dall'art. 1, comma 28, lett. e), L. 30 dicembre 2021, n. 234 (proroga)","Detrazione, nella misura del 50%, per gli interventi di recupero del patrimonio edilizio esistente nonché per gli altri interventi previsti dall'art. 16-bis del TUIR. Per l'installazione di impianti solari fotovoltaici connessi alla rete elettrica su edifici o su strutture pertinenziali agli edifici nonché per l'installazione contestuale o successiva di sistemi di accumulo integrati negli impianti solari fotovoltaici agevolati spetta una detrazione nella misura del 110 per cento, fatto salvo il décalage previsto per gli interventi sui condomini, qualora tali interventi vengano effettuati congiuntamente a uno degli interventi trainanti previsti dai commi 1 e 4 dell'art. 119 del D.L. n. 34 del 2020.",IRPEF,"2024 2022, 2023, 2025 A SECONDA DELLA TIPOLOGIA DI BENEFICIARIO",DETRAZIONE,"-9.765,9","-9.843,7","-10.002,0",,,PERSONE FISICHE,X,48
2022,19: CASA E ASSETTO URBANISTICO,243,"Art. 16, commi da 1-bis a 1-septies, D.L. 4 giugno 2013, n. 63, inserito dalla legge di conversione n. 90 del 2013 (norma istitutiva); Art. 1, comma 2, lettera c), L. 11 dicembre 2016, n. 232 (modifica); Art. 46-quater, comma 1, D.L. 24 aprile 2017, n. 50 (integrazione); Art. 1, comma 68, L. 30 dicembre 2020, n. 178 (modifica); Art. 8, D.L. 30 aprile 2019, n. 34 (modifica); Art. 119, comma 4, D.L. 19 maggio 2020, n. 34 (estensione); Art. 119, comma 8-bis, modificato dall'art. 1, comma 28, lett. e), L. 30 dicembre 2021, n. 234 (proroga)","Detrazione del 50% per l'adozione di misure antisismiche di cui all'articolo 16-bis, comma 1, lettera i), del TUIR realizzate su edifici ricadenti nelle zone sismiche 1, 2 e 3 di cui all'ordinanza del Presidente del Consiglio dei Ministri n. 3274 del 20 marzo 2003, riferiti a costruzioni adibite ad abitazione o ad attività produttive (Sismabonus). La detrazione spetta in maggior misura in relazione a specifici interventi nonché in relazione agli interventi realizzati su parti comuni di edifici condominiali. La detrazione spetta anche con riferimento alle spese effettuate per la classificazione e la verifica sismica degli immobili. La detrazione spetta anche in caso di demolizione e ricostruzione di interi edifici allo scopo di ridurne il rischio sismico eseguiti da imprese di costruzione o ristrutturazione immobiliare, che provvedano, entro trenta mesi dalla data di conclusione dei lavori, alla successiva alienazione dell'immobile. Per le spese sostenute dal 1° luglio 2020 l'aliquota delle detrazioni spettanti e' elevata al 110 per cento, salvo il décalage previsto per gli interventi sui condomini.",IRPEF,"2024 2022, 2023, 2025 A SECONDA DELLA TIPOLOGIA DI BENEFICIARIO",DETRAZIONE,"-1.763,2","-2.139,6","-2.368,3",,,PERSONE FISICHE,X,48
2022,19: CASA E ASSETTO URBANISTICO,244,"Art. 16, comma 2, D.L. 4 giugno 2013, n. 63 (norma istitutiva); Art. 1, comma 37, lett. b), L. 30 dicembre 2021, n. 234 (modifica e proroga)","Detrazione, nella misura del 50%, per l'acquisto di mobili e grandi elettrodomestici di classe non inferiore alla classe A per i forni, alla classe E per le lavatrici, le lavasciugatrici e le lavastoviglie, alla classe F per i frigoriferi e i i m co m n o g b e i l l a i t o o r g i g , e p t e to r l d e i a r p is p t a ru re tt c u c r h a i z a i t o u n r i e . p L e a r d le e t q ra u z a i l o i n s e ia è p c r a e l v c i o st l a a t l a 'e s t u ic u h n et a ta m e m ne o r n g t e a t r i e c a c , o f m in p a l l e i s z s z i a v t o i a n l o l' n ar s re u d p o e r d io e r g e l i a 10.000 euro per l'anno 2022 e a 5.000 euro per gli anni 2023 e 2024.",IRPEF,2024,DETRAZIONE,"-682,3","-697,3","-701,4",,,PERSONE FISICHE,X,48
2022,19: CASA E ASSETTO URBANISTICO,245,"Art. 119, comma 8, D.L. 19 maggio 2020, n. 34; Art. 119, comma 8-bis, modificato dall'art. 1, comma 28, lett. e), L. 30 dicembre 2021, n. 234 (proroga)","Per gli interventi di installazione di infrastrutture per la ricarica di veicoli elettrici negli edifici, eseguita congiuntamente a uno degli interventi trainanti di cui al comma 1 dell'art. 119 del d.l. n. 34/2020, la detrazione spetta nella misura del 110%, fatto salvo il décalage previsto per gli interventi sui condomini.",IRPEF/IRES,"2022, 2023, 2025 A SECONDA DELLA TIPOLOGIA DI BENEFICIARIO",DETRAZIONE,"-24,4","-35,1","-41,8",,,PERSONE FISICHE E GIURIDICHE,,48
2022,19: CASA E ASSETTO URBANISTICO,246,"Art. 9, comma 2-bis, D.L. 28 marzo 2014, n. 47 (norma istitutiva) Art. 4, comma 3-nonies, D.L. 30 dicembre 2019, n. 162 (modifica)","L'aliquota della cedolare secca (imposta sostitutiva dell'IRPEF e delle addizionali all'IRPEF nonché dell'imposta di registro e di bollo) ridotta al 10% si applica ai contratti stipulati nei comuni per i quali sia stato deliberato, nei cinque anni precedenti la data di entrata in vigore della L. n.8 del 2020, lo stato di emergenza a seguito del verificarsi degli eventi calamitosi di cui all'art. 2, comma 1, lett. c), della L. n. 225 del 1992. Per l'anno 2020 l'agevolazione si applica esclusivamente ai contratti di locazione stipulati nei predetti comuni con popolazione fino a 10.000 abitanti.",IMPOSTA SOSTITUTIVA,A REGIME,REGIME SOSTITUTIVO,Stima compresa nella misura 237,,,,,PERSONE FISICHE,,48
2022,19: CASA E ASSETTO URBANISTICO,247,"Art. 9, comma 2-bis.1, D.L. 28 marzo 2014, n. 47, inserito dall'art. 4, comma 3-nonies, D.L. 30 dicembre 2019, n. 162","L'aliquota della cedolare secca (imposta sostitutiva dell'IRPEF e delle addizionali all'IRPEF nonché dell'imposta di registro e di bollo) ridotta al 10% si applica ai contratti stipulati nei comuni di cui all'art. 1, comma 1, del D.L. n. 189 del 2016 (comuni colpiti dagli eventi sismici del centro Italia) in cui sia stata individuata con ordinanza sindacale una ""zona rossa""",IMPOSTA SOSTITUTIVA,A REGIME,REGIME SOSTITUTIVO,Stima compresa nella misura 237,,,,,PERSONE FISICHE,,49
2022,19: CASA E ASSETTO URBANISTICO,248,"Art. 4, D.L. 24 aprile 2017, n. 50 (norma istitutiva); Art.1, comma 595, L. 30 dicembre 2020, n. 178 (modifica)","Applicazione, per i redditi derivanti dai contratti di locazione breve, dell'aliquota del 21 % in caso di opzione per l'imposta sostitutiva nella forma della cedolare secca (imposta sostitutiva dell'IRPEF e delle addizionali all'IRPEF nonché dell'imposta di registro e di bollo). Dall'anno 2021 il regime fiscale delle locazioni brevi di cui all'articolo 4, commi 2 e 3, del D.L. n. 50/2017 è riconosciuto solo in caso di destinazione alla locazione breve di non più di quattro appartamenti per ciascun periodo d'imposta. Negli altri casi l'attività di locazione, da chiunque esercitata, si presume svolta in forma imprenditoriale ai sensi dell'articolo 2082 del codice civile.",IMPOSTA SOSTITUTIVA,A REGIME,REGIME SOSTITUTIVO,Stima compresa nella misura 237,,,,,PERSONE FISICHE,,49
2022,19: CASA E ASSETTO URBANISTICO,249,"Art. 1, commi 12-15, L. 27 dicembre 2017, n. 205 (norma istitutiva); Art. 1, comma 38, L. 30 dicembre 2021, n. 234 (proroga)","Detrazione, nella misura del 36 per cento, delle spese documentate, fino ad un ammontare complessivo delle stesse non superiore a 5.000 euro per unità immobiliare ad uso abitativo, sostenute per sistemazione a verde e per la realizzaizone di coperture a verde e di giardini pensili. La detrazione spetta anche per interventi effettuati sulle parti comuni esterne degli edifici condominiali.",IRPEF,2024,DETRAZIONE,"-19,9","-23,9","-27,8",,,PERSONE FISICHE,,49
2022,19: CASA E ASSETTO URBANISTICO,250,"Art. 1, comma 118, L. 27 dicembre 2019, n. 160","Credito d'imposta, nel limite massimo complessivo di 1,5 milioni di euro per ciascuno degli anni 2020 e 2021, per le spese documentate relative all’acquisizione e predisposizione dei sistemi di monitoraggio strutturale continuo.",,2021,CREDITO D'IMPOSTA,"0,0","0,0","0,0",,,PERSONE FISICHE E GIURIDICHE,,49
2022,19: CASA E ASSETTO URBANISTICO,251,"Art. 1, commi 219-224, L. 27 dicembre 2019, n. 160 (norma istitutiva); Art. 1, comma 39, L. 30 dicembre 2021, n. 234 (modifica e proroga)","Detrazione, nella misura del 90%, ridotta al 60% per l'anno 2022, delle spese documentate relative agli interventi, ivi inclusi quelli di sola pulitura o tinteggiatura esterna, finalizzati al recupero o restauro della facciata esterna degli edifici esistenti ubicati in zona A e B. Sono agevolabili esclusivamente gli interventi sulle strutture opache della facciata, su balconi o su ornamenti e fregi (bonus facciate).",IRPEF/IRES,2022,DETRAZIONE,"-2.084,1","-2.084,1","-2.084,1",,,PERSONE FISICHE E GIURIDICHE,,49
2022,19: CASA E ASSETTO URBANISTICO,252,"Art. 119, comma 1-ter, D.L. 19 maggio 2020, n. 34, comma inserito dall'art. 57-bis, comma 1, lett. a), D.L. 14 agosto 2020, n. 104 (norma istitutiva); Art. 119, comma 8-ter, modificato dall'art. 1, comma 28, lett. f), L. 30 dicembre 2021, n. 234 (proroga)","Nei comuni dei territori colpiti da eventi sismici, l'incentivo di cui al comma 1, art. 119, D.L. n.34 del 2020 spetta per l'importo eccedente il contributo previsto per la ricostruzione.",IRPEF,2025,DETRAZIONE,Stima compresa nella misura 243,,,,,PERSONE FISICHE E GIURIDICHE,,49
2022,19: CASA E ASSETTO URBANISTICO,253,"Art. 119, comma 4-bis, D.L. 19 maggio 2020, n. 34 (norma istitutiva); Art. 119, comma 8-bis, modificato dall'art. 1, comma 28, lett. e), L. 30 dicembre 2021, n. 234 (proroga)","Per la realizzazione di sistemi di monitoraggio strutturale continuo a fini antisismici spetta la detrazione del 110% di cui al comma 4, art. 119 del D.L. n. 34 del 2020, fatto salvo il décalage previsto per gli interventi sui condomini, a condizione che i lavori siano eseguiti congiuntamente a uno degli interventi di cui ai commi da 1-bis a 1-septies dell’articolo 16 del decreto-legge 4 giugno 2013, n. 63, convertito, con modificazioni, dalla legge 3 agosto 2013, n. 90, nel rispetto dei limiti di spesa previsti dalla legislazione vigente per i medesimi interventi.",IRPEF,"2022, 2023, 2025 A SECONDA DELLA TIPOLOGIA DI BENEFICIARIO",DETRAZIONE,Stima compresa nella misura 243,,,,,PERSONE FISICHE E GIURIDICHE,,49
2022,19: CASA E ASSETTO URBANISTICO,254,"Art. 119, comma 4-ter, D.L. 19 maggio 2020, n. 34, comma inserito dall'art. 57-bis, comma 1, lett. b), D.L. 14 agosto 2020, n. 104 (norma istitutiva); Art. 119, comma 8-ter, D.L. 19 maggio 2020, n. 34, inserito dall'art. 1, comma 28, lett. f), L. 30 dicembre 2021, n. 234 (proroga)","I limiti delle spese ammesse alla fruizione degli incentivi fiscali eco bonus e sisma bonus di cui ai commi da 1 a 4- bis, art. 119, del D.L. n.34 del 2020 sono aumentati del 50 per cento per gli interventi di ricostruzione riguardanti i fabbricati danneggiati dal sisma nei comuni di cui agli elenchi allegati al D.L n. 189 del 2016 e di cui al D.L. n. 39 del 2009 nonché nei comuni interessati da tutti gli eventi sismici verificatisi dopo l'anno 2008 dove sia stato dichiarato lo stato di emergenza",IRPEF,2025,DETRAZIONE,Stima compresa nella misura 243,,,,,PERSONE FISICHE E GIURIDICHE,,49
2022,19: CASA E ASSETTO URBANISTICO,255,"Art. 119, comma 16-ter, D.L. 19 maggio 2020, n. 34; Art. 119, comma 8-bis, modificato dall'art. 1, comma 28, lett. e), L. 30 dicembre 2021, n. 234 (proroga)","La detrazione del 110%, di cui all'art. 119, comma 5, del D.L. n. 34/2020, fatto salvo il décalage previsto per gli interventi sui condomini, spetta anche in relazione all’installazione degli impianti fino a 200 kW appartenenti a comunità energetiche rinnovabili costituite in forma di enti non commerciali o da parte di condomìni che aderiscono alle configurazioni di cui all’articolo 42-bis del decreto-legge 30 dicembre 2019, n. 162",IRPEF,"2022, 2023, 2025 A SECONDA DELLA TIPOLOGIA DI BENEFICIARIO",DETRAZIONE,Stima compresa nella misura 242,,,,,PERSONE FISICHE E GIURIDICHE,,49
2022,19: CASA E ASSETTO URBANISTICO,256,"Art. 64, commi 6-10, D.L. 25 maggio 2021, n. 73","Esenzione dall’imposta di registro e dalle imposte ipotecaria e castale a favore degli under 36 che acquistano la prima casa non di lusso e che hanno un indicatore ISEE non superiore a 40.000 euro annui. A favore dei suddetti soggetti che acquistano la prima casa con atto soggetto all’IVA, è previsto un credito d’imposta pari all’IVA pagata.","IMPOSTE DI REGISTRO E IPOCATASTALI, IVA",2022,ESENZIONE E CREDITO D'IMPOSTA,"0,0","0,0","0,0",,,PERSONE FISICHE,,50
2022,19: CASA E ASSETTO URBANISTICO,257,"Art. 64, comma 7, D.L. 25 maggio 2021, n. 73 (norma istitutiva); Art. 1, comma 151, L. 30 dicembre 2021, n. 34 (proroga)","Per gli atti traslativi a titolo oneroso della proprieta' di ""prime case"" di abitazione, relativi a cessioni soggette all'imposta sul valore aggiunto, e' attribuito agli acquirenti che non hanno ancora compiuto trentasei anni di eta' nell'anno in cui l'atto e' stipulato un credito d'imposta di ammontare pari all'imposta sul valore aggiunto corrisposta in relazione all'acquisto. Il credito d' imposta puo' essere portato in diminuzione dalle imposte di registro, ipotecaria, catastale, sulle successioni e donazioni dovute sugli atti e sulle denunce presentati dopo la data di acquisizione del credito, ovvero puo' essere utilizzato in diminuzione delle imposte sui redditi delle persone fisiche dovute in base alla dichiarazione da presentare successivamente alla data dell'acquisto; puo' altresi' essere utilizzato in compensazione ai sensi del decreto legislativo 9 luglio 1997, n. 241. Il credito d'imposta in ogni caso non da' luogo a rimborsi.",IRPEF,2022,CREDITO D'IMPOSTA,"0,0","0,0","0,0",,,PERSONE FISICHE,,50
2022,19: CASA E ASSETTO URBANISTICO,258,"Art. 64, commi 8 e 9, D.L. 25 maggio 2021, n. 73; art. 1, comma 151, lett. b), L. 30 dicembre 2021, n. 234","L’esenzione dal pagamento dell’imposta sostitutiva sui finanziamenti, che ordinariamente sarebbe dovuta in ragione dello 0,25 % ai sensi dell’articolo 18 del decreto del Presidente della Repubblica 29 settembre 1973, n. 601, per i finanziamenti concessi per l'acquisto della prima casa non di lusso da parte di soggetti che non hanno ancora compiuto trentasei anni di età nell’anno in cui l’atto è rogitato e che hanno un valore dell'indicatore della situazione economica equivalente, stabilito ai sensi del regolamento di cui al decreto del Presidente del Consiglio dei ministri 5 dicembre 2013, n. 159, non superiore a 40.000 euro annui.",IMPOSTA SOSTITUTIVA SUI FINANZIAMENTI,2022,ESENZIONE,"0,0","0,0","0,0",,,PERSONE FISICHE,,50
2022,19: CASA E ASSETTO URBANISTICO,259,"Art. 119, comma 8-ter, D.L. 19 maggio 2020, n. 34, comma introdotto dall'art. 1, comma 28, lett. f), L. 30 dicembre 2021, n. 234","Per gli interventi effettuati nei comuni dei territori colpiti da eventi sismici verificatisi a far data dal 1° aprile 2009 dove sia stato dichiarato lo stato di emergenza, la detrazione di cui ai commi 1-ter, 4-ter e 4-quater dell'art. 119, d.l. n.34/2020 spetta, in tutti i casi disciplinati dal comma 8-bis, nella misura del 110 per cento.",IRPEF,2025,DETRAZIONE,Stima compresa nella misura 243,,,,,PERSONE FISICHE E GIURIDICHE,,50
2022,19: CASA E ASSETTO URBANISTICO,260,"Art. 119-ter, D.L. 19 maggio 2020, n. 34, introdotto dall'art. 1, comma 42, lett. f), L. 30 dicembre 2021, n. 234","Detrazione, nella misura del 75%, delle spese sostenute per la realizzazione di interventi direttamente finalizzati al superamento e all'eliminazione di barriere architettoniche in edifici già esistenti. La detrazione è calcolata su un ammontare complessivo non superiore a specifiche soglie che variano in relazione al numero di unità immobiliari che compongono l'edificio.",IRPEF,2022,DETRAZIONE,"-9,4","-7,2","-7,2",,,PERSONE FISICHE E GIURIDICHE,,50
2022,19: CASA E ASSETTO URBANISTICO,261,"Art. 1, comma 812, L. 30 dicembre 2021, n. 234","Credito d'imposta, nel limite massimo complessivo di 3 milioni di euro per l'anno 2022, per le spese relative all'installazione di sistemi di accumulo integrati in impianti di produzione elettrica alimentati da fonti rinnovabili, anche se già esistenti e beneficiari degli incentivi per lo scambio sul posto di cui all'art. 25-bis del d.l. n. 91/2014.",IRPEF,2022,DETRAZIONE,"0,0","0,0","0,0",,,PERSONE FISICHE,,50
2022,20: TUTELA DELLA SALUTE,262,"Art. 10, primo comma, n. 18), d.P.R. 26 ottobre 1972, n. 633; Art. 18, commi 2 e 3, D.L. 21 giugno 2022, n. 73","Esenzione senza diritto a detrazione dell’IVA a monte delle prestazioni sanitarie di diagnosi, cura e riabilitazione rese alla persona nell’esercizio delle professioni e arti sanitarie soggette a vigilanza, di cui all’art. 10, primo comma, n. 18. L’articolo 18, comma 2 e 3, del d.l. n. 73 del 2022 ha esteso il regime di esenzione di cui all'articolo 10, primo comma, n. 18), del d.p.r. n. 633 del 1972 anche alle ipotesi in cui le prestazioni sanitarie siano rese dalla casa di ricovero e cura non convenzionata con il sistema sanitario, e quest’ultima acquisti la suddetta prestazione sanitaria presso un professionista che applica il regime di esenzione di cui al citato numero 18; in tal caso, l’esenzione opera per la prestazione di ricovero e cura fino a concorrenza del corrispettivo dovuto dalla struttura non convenzionata al professionista sanitario. Per completezza, si fa presente che la successiva lettera b) dell'articolo 18, del d.l. n. 73 del 2022 modifica il n. 120 della Tabella A, parte III, allegata al DPR n. 633 del 1972 per estendere l’applicazione dell’aliquota IVA del 10 per cento, alle prestazioni di ricovero e cura, comprese le prestazioni di maggiore comfort alberghiero, diverse da quelle esenti ai sensi dell’articolo 10, primo comma, n. 18) e n. 19), del medesimo DPR n. 633, nonché alle prestazioni di alloggio rese agli accompagnatori delle persone ricoverate.",IVA,A REGIME,ESENZIONE/RIDUZ IONE DI ALIQUOTA,Non quantificabile,,,,,PERSONE FISICHE,X,50
2022,20: TUTELA DELLA SALUTE,263,"Art. 10, primo comma, n. 19), d.P.R. 26 ottobre 1972 n. 633",Esenzione delle prestazioni di ricovero e cura rese da enti ospedalieri o da cliniche e case di cura convenzionate senza diritto a detrazione dell’IVA a monte,IVA,A REGIME,ESENZIONE,Non quantificabile,,,,,PERSONE FISICHE,X,50
2022,20: TUTELA DELLA SALUTE,264,"Art. 10, comma 1, n. 24), d.P.R. 26 ottobre 1972, n 633","Esenzione delle cessioni di organi, sangue e latte umani e di plasma sanguigno",IVA,A REGIME,ESENZIONE,Non quantificabile,,,,,PERSONE FISICHE E GIURIDICHE,X,51
2022,20: TUTELA DELLA SALUTE,265,"Art. 10, comma 1, n. 27-ter), d.P.R. 26 ottobre 1972, n 633","Esenzione, senza diritto a detrazione dell’IVA a monte, delle prestazioni socio-sanitarie, di assistenza domiciliare o ambulatoriale, in comunita' e simili, in favore di persone disagiate rese da organismi di diritto pubblico organismi di diritto pubblico, da istituzioni sanitarie riconosciute che erogano assistenza pubblica, previste dall'articolo 41 della legge 23 dicembre 1978, n. 833, o da enti aventi finalita' di assistenza sociale e da enti del Terzo settore di natura non commerciale.",IVA,A REGIME,ESENZIONE,Non quantificabile,,,,,PERSONE FISICHE,X,51
2022,20: TUTELA DELLA SALUTE,266,"Art. 10, comma 1, lett. b), e comma 2, TUIR",Deduzione delle spese mediche e di quelle di assistenza specifica necessarie nei casi di grave e permanente invalidità o menomazione. Tali spese sono deducibili anche se sono state sostenute per le persone indicate nell'articolo 433 del codice civile.,IRPEF,A REGIME,DEDUZIONE,"-342,9","-342,9","-342,9",273.290,"-1.254,6",PERSONE FISICHE,X,51
2022,20: TUTELA DELLA SALUTE,267,"Art. 10, comma 1, lett. e-ter), TUIR","Deduzione dei contributi versati, fino ad un massimo di euro 3.615,20, ai fondi integrativi del servizio sanitario nazionale istituiti o adeguati ai sensi del d.lgs 502 del 1992",IRPEF,A REGIME,DEDUZIONE,"-693,0","-693,0","-693,0",8.340.009,"-83,1",PERSONE FISICHE,X,51
2022,20: TUTELA DELLA SALUTE,268,"Art. 15, comma 1, lett. c) e comma 2, TUIR","Detrazione, nella misura del 19%, per la parte che eccede euro 129,11, delle spese sanitarie, spese mediche e di assistenza specifica diverse da quelle di cui all'art. 10, comma 1, lett. b), del Tuir, spese per prestazioni mediche specialistiche. La detrazione spetta anche se gli oneri sono sostenuti nell'interesse dei familiari fiscalmente a carico.",IRPEF,A REGIME,DETRAZIONE,"-3.746,8","-3.746,8","-3.746,8",19.488.144,"-192,3",PERSONE FISICHE,X,51
2022,20: TUTELA DELLA SALUTE,269,"Art. 100, comma 2, lett. o), TUIR",Deducibilità delle erogazioni liberali in denaro effettuate per la realizzazione di programmi di ricerca scientifica nel settore della sanità,IRPEF/IRES,A REGIME,DEDUZIONE,Stima compresa nelle misure da 288 a 291,,,,,PERSONE FISICHE E GIURIDICHE,X,51
2022,20: TUTELA DELLA SALUTE,270,"Art. 5, comma 3, D.lgs. 30 giugno 1993, n. 269","Esenzione da imposta di donazione, ipotecarie e catastali per le donazioni a favore degli istituti di ricovero e cura a carattere scientifico di immobili con specifica destinazione a finalità sanitarie","IMPOSTE SU SUCCESSIONI, DONAZIONI E ALTRE INDIRETTE",A REGIME,ESENZIONE,"-0,1","-0,1","-0,1",,,ASSOCIAZIONI ENTI NO PROFIT ONLUS,X,51
2022,20: TUTELA DELLA SALUTE,271,"Tabella A, punto 13, TUA",Riduzione dell'accisa sui carburanti per le autoambulanze -,ACCISA,A REGIME,RIDUZIONE DI ALIQUOTA,"-2,1","-2,1","-2,1",,,ASSOCIAZIONI ENTI NO PROFIT ONLUS,X,51
2022,20: TUTELA DELLA SALUTE,272,"Art. 8, comma 3, L. 6 marzo 2001, n. 52","Detrazione dall'imposta sul reddito per un importo non superiore al 30% dell'imposta lorda dovuta per le donazioni effettuate da enti o privati all'ente ospedaliero ""Ospedale Galliera"" di Genova",IRPEF/IRES,A REGIME,DETRAZIONE,Effetti di trascurabile entità,,,,,PERSONE FISICHE E GIURIDICHE,X,51
2022,20: TUTELA DELLA SALUTE,273,"Art. 1, commi 960-963, L. 28 dicembre 2015, n. 208","Aliquota IVA ridotta del 5% per le prestazioni socio-sanitarie, assistenziali ed educative rese dalle cooperative sociali e loro consorzi dal 1° gennaio 2016",IVA,A REGIME,RIDUZIONE DI ALIQUOTA,"-581,7","-581,7","-581,7",,,PERSONE FISICHE,,51
2022,20: TUTELA DELLA SALUTE,274,"Art. 1, comma 666, L. 27 dicembre 2019, n. 160 (norma istitutiva); Art. 1, comma 1086, L. 30 dicembre 2020, n. 178 (modifica); Art. 1, comma 12, lett. b), L. 30 dicembre 2021, n. 234 (proroga)","Esenzione dal pagamento dell’imposta di consumo sulle bevande edulcorate istituita dall'articolo 1, comma 661, della Legge 27 dicembre 2019 , n. 160 (Legge di Bilancio 2020). L'efficacia delle disposizioni recanti la disciplina dell'imposta in argomento entrano in vigore il 1° gennaio 2022",IMPOSTA DI CONSUMO,A REGIME,ESENZIONE,"-22,1","-24,1","-24,1",,,IMPRESE E SOCIETA',,51
2022,20: TUTELA DELLA SALUTE,275,"Art. 1, comma 452, L. 30 dicembre 2020, n. 178","La misura esenta dall'IVA, fino al 31 dicembre 2022, con riconoscimento del diritto alla detrazione di quella assolta a monte, le cessioni della strumentazione per diagnostica per COVID-19 e le prestazioni di servizi strettamente connesse a detta strumentazione.Si segnala che l’articolo 3-ter della legge 26 febbraio 2021, n. 21 di conversione in legge, con modificazioni, del decreto-legge 31 dicembre 2020, n. 183, recante “Disposizioni in materia di esenzione dall'imposta sul valore aggiunto per le cessioni di beni necessari per il contenimento e la gestione dell'emergenza epidemiologica da COVID-19”, è intervenuto al fine di prevedere che il richiamo del Regolamento (UE) 2017/745 del Parlamento europeo e del Consiglio, del 5 aprile 2017, deve intendersi riferito al Regolamento (UE) 2017/746 del Parlamento europeo e del Consiglio, del 5 aprile 2017, in conformità alla direttiva (UE) 2020/2020 del Consiglio, del 7 dicembre 2020. Il suddetto Regolamento (UE) 2017/746 stabilisce le norme relative all'immissione sul mercato, la messa a disposizione sul mercato o la messa in servizio dei dispositivi medico-diagnostici in vitro per uso umano e degli accessori per tali dispositivi nell'Unione. Il Regolamento si applica inoltre agli studi delle prestazioni riguardanti tali dispositivi medico-diagnostici in vitro e relativi accessori condotti nell'Unione.",IVA,2020/2022,ESENZIONE,"0,0","0,0","0,0",,,PERSONE FISICHE E GIURIDICHE,,52
2022,20: TUTELA DELLA SALUTE,276,"Art. 1, comma 453, L. 30 dicembre 2020, n. 178","La norma stabilisce, in deroga al numero 114) della tabella A, parte III, allegata al citato D.P.R. n. 633/1973, che le cessioni di vaccini contro il Covid-19 e le prestazioni di servizi strettamente connesse a tali vaccini sono esenti dall’IVA, con diritto alla detrazione dell’imposta, dal 20 dicembre 2020 al 31 dicembre 2022",IVA,2020/2022,ESENZIONE,"0,0","0,0","0,0",,,PERSONE FISICHE E GIURIDICHE,,52
2022,20: TUTELA DELLA SALUTE,277,"Art. 27, DL 8 aprile 2020, n. 23","Cessione gratuita di farmaci ad uso compassionevole individuati ai sensi del decreto del Ministero della salute 7 settembre 2017, per contrastare l’emergenza epidemiologica da COVID‐19. E' previsto che: -il valore normale dei farmaci ceduti non concorra alla formazione dei ricavi del soggetto cedente ai fini delle imposte dirette; - non operi la presunzione di cessione di cui all’art. 1 del DPR n. 441/1997 e pertanto le cessionisono escluse da IVA con diritto a detrazione dell'imposta pagata a monte",IMPOSTE DIRETTE E IVA,A REGIME,ESCLUSIONE,"0,0","0,0","0,0",,,IMPRESE,,52
2022,20: TUTELA DELLA SALUTE,278,"Art. 124, comma 1, D.L. 19 maggio 2020, n. 34","Applicazione aliquota IVA del 5% alle cessioni di beni funzionali a contrastare la pandemia di Covid 19 - Ventilatori polmonari per terapia intensiva e subintensiva; monitor multiparametrico anche da trasporto; pompe infusionali per farmaci e pompe peristaltiche per nutrizione enterale; tubi endotracheali; caschi per ventilazione a pressione positiva continua; maschere per la ventilazione non invasiva; sistemi di aspirazione; umidificatori; laringoscopi; strumentazione per accesso vascolare; aspiratore elettrico; centrale di monitoraggio per terapia intensiva; ecotomografo portatile; elettrocardiografo; tomografo computerizzato; mascherine chirurgiche; mascherine Ffp2 e Ffp3; articoli di abbigliamento protettivo per finalità sanitarie quali guanti in lattice, in vinile e in nitrile, visiere e occhiali protettivi, tute di protezione, calzari e soprascarpe, cuffie copricapo, camici impermeabili, camici chirurgici; termometri; detergenti disinfettanti per mani; dispenser a muro per disinfettanti; soluzione idroalcolica in litri; perossido al 3 per cento in litri; carrelli per emergenza; estrattori RNA; strumentazione per diagnostica per COVID-19; tamponi per analisi cliniche; provette sterili; attrezzature per la realizzazione di ospedali da campo.",IVA,A REGIME,RIDUZIONE DI ALIQUOTA,"-317,7","-317,7","-317,7",,,PERSONE FISICHE E CATEGORIE PARTICOLARI,,52
2022,20: TUTELA DELLA SALUTE,279,"Art. 31, D.L. 25 maggio 2021, n. 73; Art. 23, D.L. 21 giugno 2022, n. 73 (modifica ambito oggettivo)","Credito d'imposta alle imprese che effettuano attività di ricerca e sviluppo per farmaci inclusi i vaccini, nella misura del 20 per cento dei costi sostenuti dal 1° giugno 2021 al 31 dicembre 2030 nel rispetto dei limiti e delle condizioni previsti dal regolamento (UE) n. 651/2014 della Commissione.",,2030,CREDITO D'IMPOSTA,"-40,6","-68,3","-76,8",,,SOGGETTI E CATEGORIE PARTICOLARI,,52
2022,20: TUTELA DELLA SALUTE,280,"Art. 31-ter, D.L 25 maggio 2021 n. 73","L’aliquota dell’imposta sul valore aggiunto applicata ai reagenti e alle apparecchiature diagnostiche destinati a essere utilizzati per progetti di ricerca scientifica nel campo delle biotecnologie e della biomedicina integralmente finanziati dall’Unione europea e acquistati dalle università, dagli enti pubblici di ricerca, dagli istituti di ricovero e cura a carattere scientifico e dagli enti di ricerca privati senza fini di lucro è ridotta al 5 per cento.",IVA,dal 01/07/2021 al 31/12/2021,RIDUZIONE DI ALIQUOTA,"0,0","0,0","0,0",,,SOGGETTI E CATEGORIE PARTICOLARI,,52
2022,21: TUTELA E VALORIZZAZIONE DEI BENI E ATTIVITA’ CULTURALI E PAESAGGISTICI,281,"Art. 3, comma 3, d.P.R. 26 ottobre 1972, n. 633",Non assoggettamento ad IVA delle operazioni di divulgazione pubblicitaria svolte a beneficio delle attivita' istituzionali di enti del Terzo settore di natura non commerciale.,IVA,A REGIME,ESCLUSIONE,Non quantificabile,,,,,ENTI TERZO SETTORE,X,52
2022,21: TUTELA E VALORIZZAZIONE DEI BENI E ATTIVITA’ CULTURALI E PAESAGGISTICI,282,"Art. 3, comma 4, lett. a), d.P.R. 26 ottobre 1972, n. 633",Non assoggettamento ad IVA delle cessioni di diritti d'autore effettuate dagli autori o dai loro eredi,IVA,A REGIME,ESCLUSIONE,Non quantificabile,,,,,PERSONE FISICHE,X,53
2022,21: TUTELA E VALORIZZAZIONE DEI BENI E ATTIVITA’ CULTURALI E PAESAGGISTICI,283,"Nota sub punto 1 all’art. 18 della Tariffa, allegata al d.P.R. 26 ottobre 1972, n. 641",Tasse sulle concessioni governative ridotte al 25% ai concessionari privati per la radiodiffusione sonora a carattere comunitario,TASSE SULLE CONCESSIONI GOVERNATIVE,A REGIME,RIDUZIONE DI ALIQUOTA,"-2,0","-2,0","-2,0",,,SOGGETTI E CATEGORIE PARTICOLARI,X,53
2022,21: TUTELA E VALORIZZAZIONE DEI BENI E ATTIVITA’ CULTURALI E PAESAGGISTICI,284,"Art. 5-bis, d.P.R. 29 settembre 1973, n. 601","Non concorrenza alla formazione del reddito complessivo dei redditi catastali degli immobili destinati ad usi culturali (totalmente adibiti a sedi aperte al pubblico di musei , biblioteche, archivi, cineteche)",IRPEF/IRES,A REGIME,ESCLUSIONE,Non quantificabile,,,,,PERSONE FISICHE,X,53
2022,21: TUTELA E VALORIZZAZIONE DEI BENI E ATTIVITA’ CULTURALI E PAESAGGISTICI,285,"Art. 5, comma 13, D.L. 30 dicembre 1982, n. 953",I contratti di assicurazione dei beni di interesse storico e artistico sono esenti dall'imposta sulle assicurazioni,IMPOSTA SULLE ASSICURAZIONI,A REGIME,ESENZIONE,Non quantificabile,,,,,PERSONE FISICHE E GIURIDICHE,X,53
2022,21: TUTELA E VALORIZZAZIONE DEI BENI E ATTIVITA’ CULTURALI E PAESAGGISTICI,286,"Art. 15, comma 1, lett. h) e h-bis), TUIR","Detrazione, nella misura del 19%, per erogazioni liberali in denaro e in natura a favore dello Stato, delle regioni, degli enti locali territoriali, di enti o istituzioni pubbliche, di comitati organizzatori, di fondazioni e associazioni legalmente riconosciute che, senza scopo di lucro, svolgono attività di studio, ricerca e documentazione di rilevante valore culturale e artistico, nonché per le erogazioni effettuate per l’organizzazione di mostre ed esposizioni di rilevante interesse scientifico-culturale.",IRPEF,A REGIME,DETRAZIONE,"-1,4","-1,4","-1,4",7.971,"-174,4",PERSONE FISICHE,X,53
2022,21: TUTELA E VALORIZZAZIONE DEI BENI E ATTIVITA’ CULTURALI E PAESAGGISTICI,287,"Art. 15, comma 1, lett. i), TUIR","Detrazione, nella misura del 19%, per le erogazioni liberali in denaro, per importo non superiore al 2% del reddito complessivo dichiarato, in favore di enti o istituzioni pubbliche, fondazioni e associazioni legalmente riconosciute che, senza scopo di lucro, svolgono esclusivamente attività nello spettacolo",IRPEF,A REGIME,DETRAZIONE,Effetti di trascurabile entità,,,,,PERSONE FISICHE,X,53
2022,21: TUTELA E VALORIZZAZIONE DEI BENI E ATTIVITA’ CULTURALI E PAESAGGISTICI,288,"Art. 100, comma 1 e comma 2, lett. a), b), d), e), TUIR","Deduzione dal reddito d'impresa con limiti determinati per le singole fattispecie - tra cui: - a) opere o servizi destinati ai dipendenti per finalità di educazione, istruzione, ricreazione, assistenza sociale e sanitaria o culto; - b) erogazioni liberali in favore di persone giuridiche che perseguono le finalità di cui alla lettera a), ovvero di ricerca scientifica, nonché contributi, donazioni e oblazioni in favore delle O.N.G; - c) erogazioni liberali in favore di persone giuridiche aventi sede nel Mezzogiorno aventi esclusiva finalità di ricerca scientifica; - d) erogazioni liberali a favore di concessionari privati per la radiodiffusione sonora a carattere comunitario; - e) spese sostenute dai soggetti obbligati alla manutenzione, protezione e restauro delle cose vincolate.",IRPEF/IRES,A REGIME,DEDUZIONE,"-58,7","-58,7","-58,7",13.978,"-4.201,5",PERSONE FISICHE E GIURIDICHE,X,53
2022,21: TUTELA E VALORIZZAZIONE DEI BENI E ATTIVITA’ CULTURALI E PAESAGGISTICI,289,"Art. 100, comma 2, lett. f), TUIR","Deducibilità delle erogazioni liberali in denaro favore dello Stato, di enti o istituzioni pubbliche, associazioni e fondazioni riconosciute con finalità di studio, ricerca e documentazione di rilevante valore culturale e artistico, nonché per le erogazioni effettuate per l’organizzazione di mostre ed esposizioni di rilevante interesse scientifico- culturale.",IRPEF/IRES,A REGIME,DEDUZIONE,,,,,,PERSONE FISICHE E GIURIDICHE,X,53
2022,21: TUTELA E VALORIZZAZIONE DEI BENI E ATTIVITA’ CULTURALI E PAESAGGISTICI,290,"Art. 100, comma 2, lett. g), TUIR","Deducibilità per un importo non superiore al 2% del reddito d'impresa delle erogazioni liberali in denaro a favore di enti o istituzioni pubbliche, associazioni e fondazioni che, senza scopo di lucro, svolgono esclusivamente attività nello spettacolo",IRPEF/IRES,A REGIME,DEDUZIONE,,,,,,PERSONE FISICHE E GIURIDICHE,X,53
2022,21: TUTELA E VALORIZZAZIONE DEI BENI E ATTIVITA’ CULTURALI E PAESAGGISTICI,291,"Art. 100, comma 2, lett. m), TUIR","Deducibilità delle erogazioni liberali in denaro a favore dello Stato, delle regioni, degli enti locali territoriali, di enti o istituzioni pubbliche, di fondazioni e di associazioni legalmente riconosciute, per lo svolgimento dei loro compiti istituzionali e per la realizzazione di programmi culturali nei settori dei beni culturali e dello spettacolo",IRPEF/IRES,A REGIME,DEDUZIONE,,,,,,PERSONE FISICHE E GIURIDICHE,X,53
2022,21: TUTELA E VALORIZZAZIONE DEI BENI E ATTIVITA’ CULTURALI E PAESAGGISTICI,292,"Art. 13, comma 1, D.Lgs. 31 ottobre 1990, n. 346","I beni culturali di cui agli articoli 1, 2 e 5 della legge 1° giugno 1939, n. 1089, e all'art. 36 del decreto del Presidente della Repubblica 30 settembre 1963, n. 1409, sono esclusi dall'attivo ereditario se sono stati sottoposti al vincolo ivi previsto anteriormente all'apertura della successione e sono stati assolti i conseguenti obblighi di conservazione e protezione.",IMPOSTE SU SUCCESSIONI E DONAZIONI,A REGIME,ESCLUSIONE,Non quantificabile,,,,,PERSONE FISICHE,X,53
2022,21: TUTELA E VALORIZZAZIONE DEI BENI E ATTIVITA’ CULTURALI E PAESAGGISTICI,293,"Art. 25, commi 1 e 2, D.lgs. 29 giugno 1996, n. 367","Detrazione e deducibilità dal reddito d'impresa per le erogazioni liberali a favore degli enti operanti nel settore della musica, del teatro e della danza, nonché innalzamento al 30% del limite del reddito complessivo ai fini della detraibilità e della deducibilità delle somme versate al patrimonio delle fondazioni musicali al momento della partecipazione.",IRPEF/IRES,A REGIME,DETRAZIONE/DED UZIONE,Stima compresa nelle misure da 288 a 291,,,,,PERSONE FISICHE E GIURIDICHE,X,53
2022,21: TUTELA E VALORIZZAZIONE DEI BENI E ATTIVITA’ CULTURALI E PAESAGGISTICI,294,"Art. 1, commi 1 e 2, L. 18 febbraio 1999, n. 28","Detrazione, nella misura del 19%, e deducibilità delle erogazioni liberali in denaro effettuate in favore della Fondazione ""La Biennale di Venezia"". Il limite massimo su cui calcolare la detrazione è pari al 30% del reddito complessivo.",IRPEF/IRES,A REGIME,DETRAZIONE/DED UZIONE,"0,0","0,0","0,0",,,PERSONE FISICHE E GIURIDICHE,X,54
2022,21: TUTELA E VALORIZZAZIONE DEI BENI E ATTIVITA’ CULTURALI E PAESAGGISTICI,295,"Art. 1, comma 3, L. 18 febbraio 1999, n. 28",I proventi percepiti dalla Fondazione La Biennale di Venezia nell’esercizio di attività commerciali svolte in conformità agli scopi istituzionali sono esclusi dalle imposte sui redditi,IRES,A REGIME,ESCLUSIONE,Effetti di trascurabile entità,,,,,SOGGETTI E CATEGORIE PARTICOLARI,X,54
2022,21: TUTELA E VALORIZZAZIONE DEI BENI E ATTIVITA’ CULTURALI E PAESAGGISTICI,296,"Art. 25, comma 3, D.Lgs. 22 gennaio 2004, n. 28",Le quote versate dai soci e gli incassi derivanti dall’emissione dei titoli di accesso ai soci non concorrono a formare reddito imponibile,IRES,A REGIME,ESCLUSIONE,Non quantificabile,,,,,ASSOCIAZIONI ENTI NO PROFIT ONLUS,X,54
2022,21: TUTELA E VALORIZZAZIONE DEI BENI E ATTIVITA’ CULTURALI E PAESAGGISTICI,297,"Art.1, commi 185-187, L. 27 dicembre 2006, n. 296","Equiparazione ai soggetti esenti dall’Ires indicati dall’articolo 74, comma 1 del Tuir per le associazioni operanti nelle manifestazioni in ambito locale ma di particolare interesse storico, artistico e culturale",IRES,A REGIME,ESCLUSIONE,Non quantificabile,,,,,ENTI TERZO SETTORE E PA,X,54
2022,21: TUTELA E VALORIZZAZIONE DEI BENI E ATTIVITA’ CULTURALI E PAESAGGISTICI,298,"Art. 7, D.L. 8 agosto 2013, n. 91; art. 5, L. 22 novembre 2017, n. 175 (applicabilità); art. 80, comma 6-bis, D.L. 14 agosto 2020, n. 104 (modifiche); Art. 5, comma 4-bis, D.L. 28 ottobre 2020, n. 137 (modifica) Art. 23, D.L. 17 maggio 2022, n. 50 (modifica)","Credito d’imposta per la promozione della musica nonché degli eventi di spettacolo dal vivo di portata minore (previa autorizzazione della Commissione europea ai sensi dell'articolo 108, paragrafo 3, TFUE).",,A REGIME,CREDITO D'IMPOSTA,"-5,0","-5,0","-5,0",,,IMPRESE,X,54
2022,21: TUTELA E VALORIZZAZIONE DEI BENI E ATTIVITA’ CULTURALI E PAESAGGISTICI,299,"Art. 1, D.L. 31 maggio 2014, n. 83; Art. 17, D.L. 17 ottobre 2016, n. 189 (estensione)","Credito di imposta, nella misura del 65 per cento, a favore delle persone fisiche, enti non commerciali e soggetti titolari di reddito d'impresa, per le erogazioni liberali in denaro per interventi a favore della cultura e dello spettacolo ART-BONUS",IRPEF/IRES,A REGIME,CREDITO D'IMPOSTA,"-33,1","-33,1","-33,1",3.708,"-8.931,4",PERSONE FISICHE E GIURIDICHE,X,54
2022,21: TUTELA E VALORIZZAZIONE DEI BENI E ATTIVITA’ CULTURALI E PAESAGGISTICI,300,"Art. 15, L. 14 novembre 2016, n. 220; art. 1, comma 583, lett. b), L. 30 dicembre 2020, n. 178 (modifica)","Credito d'imposta riconosciuto in favore delle imprese di produzione cinematografica e audiovisiva in relazione al costo complessivo di produzione di opere cinematografiche e audiovisive (nel rispetto della normativa UE). Per favorire l'attrazione di investimenti nel settore cinematografico e audiovisivo, nonché al fine di supportare la realizzazione dei piani di sviluppo dell'Istituto Luce Cinecittà, l'efficacia delle disposizioni attuative dell'articolo 183, comma 7, del decreto-legge 19 maggio 2020, n. 34, convertito, con modificazioni, dalla legge 17 luglio 2020, n. 77, di cui al decreto del Ministro per i beni e le attività culturali e per il turismo di concerto con il Ministro dell'economia e delle finanze 8 luglio 2020, recante ""Misure straordinarie per l'anno 2020 in materia di credito di imposta per le imprese di produzione cinematografica ed audiovisiva di cui all'articolo 15 della legge 14 novembre 2016, n. 220, a séguito dell'emergenza sanitaria da COVID-19"", è prorogata sino al 31 gennaio 2021.",,A REGIME,CREDITO D'IMPOSTA,,,,,,SOGGETTI E CATEGORIE PARTICOLARI,X,54
2022,21: TUTELA E VALORIZZAZIONE DEI BENI E ATTIVITA’ CULTURALI E PAESAGGISTICI,301,"Art. 16, L. 14 novembre 2016, n. 220; art. 1, comma 583, lett. c), n. 1 e n. 2, L. 30 dicembre 2020, n. 178 (modifica)",Credito d'imposta riconosciuto in favore delle imprese di distribuzione cinematografica e audiovisiva per le spese complessivamente sostenute per la distribuzione nazionale e internazionale di opere cinematografiche e audiovisive (nel rispetto della normativa UE),,A REGIME,CREDITO D'IMPOSTA,,,,,,SOGGETTI E CATEGORIE PARTICOLARI,X,54
2022,21: TUTELA E VALORIZZAZIONE DEI BENI E ATTIVITA’ CULTURALI E PAESAGGISTICI,302,"Art. 17, comma 1, L. 14 novembre 2016, n. 220; Art. 23, D.L. 17 maggio 2022, n. 50 (modifica)","Credito d'imposta riconosciuto in favore delle imprese di esercizio cinematografico in relazione alle spese complessivamente sostenute per la realizzazione di nuove sale o il ripristino di sale inattive, per la ristrutturazione e l'adeguamento strutturale e tecnologico delle sale cinematografiche, per l'installazione, la ristrutturazione, il rinnovo di impianti, apparecchiature, arredi e servizi accessori delle sale (nel rispetto della normativa UE)",,A REGIME,CREDITO D'IMPOSTA,,,,,,SOGGETTI E CATEGORIE PARTICOLARI,X,54
2022,21: TUTELA E VALORIZZAZIONE DEI BENI E ATTIVITA’ CULTURALI E PAESAGGISTICI,303,"Art. 17, comma 2, L. 14 novembre 2016, n. 220","Credito d'imposta riconosciuto in favore delle industrie tecniche e di post-produzione, ivi inclusi i laboratori di restauro, in relazione alle spese sostenute per l'adeguamento tecnologico e strutturale del settore (nel rispetto della normativa UE)",,A REGIME,CREDITO D'IMPOSTA,,,,,,SOGGETTI E CATEGORIE PARTICOLARI,X,54
2022,21: TUTELA E VALORIZZAZIONE DEI BENI E ATTIVITA’ CULTURALI E PAESAGGISTICI,304,"Art. 19, L. 14 novembre 2016, n. 220; art. 1, c. 583, lett. d), L. 30 dicembre 2020, n. 178 (modifica)",Credito d'imposta riconosciuto in favore delle imprese italiane di produzione esecutiva e di post-produzione in relazione ad opere cinematografiche ed audiovisive o a parti di esse realizzate sul territorio nazionale e con manodopera italiana su commissione di prooduzioni estere e commisurato alla spesa sostenuta nel territorio nazionale (nel rispetto della normativa UE),,A REGIME,CREDITO D'IMPOSTA,,,,,,SOGGETTI E CATEGORIE PARTICOLARI,,54
2022,21: TUTELA E VALORIZZAZIONE DEI BENI E ATTIVITA’ CULTURALI E PAESAGGISTICI,305,"Art. 20, L. 14 novembre 2016, n. 220; art. 183, comma 7, D.L. 19 maggio 2020, n. 34","Credito d'imposta riconosciuto in favore dei soggetti di cui all'art. 73 del TUIR ed ai titolari di reddito d'impresa ai fini IRPEF non appartenenenti al settore cinematografico ed audiovisivo, associati in partecipazione, commisurato all'apporto in denaro effettuato per la produzione e distribuzione di opere (nel rispetto della normativa UE) cinematografiche e audiovisive.",,A REGIME,CREDITO D'IMPOSTA,,,,,,SOGGETTI E CATEGORIE PARTICOLARI,,55
2022,21: TUTELA E VALORIZZAZIONE DEI BENI E ATTIVITA’ CULTURALI E PAESAGGISTICI,306,"Art. 18, L. 14 novembre 2016, n. 220; riduzione ex art. 1, comma 805, L. 30 dicembre 2018, n. 145 Art. 23, D.L. 17 maggio 2022, n. 50 (modifica)","Credito d'imposta riconosciuto in favore degli esercenti sale cinematografiche per il potenziamento dell'offerta cinematografica e commisurato agli introiti derivanti dalla programmazione di opere audiovisive effettuate nelle rispettive sale (nel rispetto della normativa UE). Per gli anni 2022 e 2023, il credito di imposta è commisurato ai costi di funzionamento delle sale cinematografiche.",,A REGIME,CREDITO D'IMPOSTA,"-0,6","-0,6","-0,6",103,"-5.621,9",SOGGETTI E CATEGORIE PARTICOLARI,X,55
2022,21: TUTELA E VALORIZZAZIONE DEI BENI E ATTIVITA’ CULTURALI E PAESAGGISTICI,307,"Art. 1, commi 319-321, della L. 27 dicembre 2017, n. 205; provvedimento 12 dicembre 2018 (modalità e termini di fruizione); riduzione ex art. 1, comma 805, L. 30 dicembre 2018, n. 145; art. 10, comma 1, L. 13 febbraio 2020, n. 15 (incremento di spesa); art. 1, comma 351, L. 30 dicembre 2021, n. 234 (incremento di spesa)","Credito d'imposta per gli esercenti attività commerciale che operano nel settore della vendita dei libri al dettaglio parametrato agli importi pagati a titolo di IMU, TASI e TARI (nel rispetto del de minimis) utilizzabile esclusivamente in compensazione, attuato con decreto MIBACT di concerto MEF",,A REGIME,CREDITO D'IMPOSTA,"-6,8","-6,8","-6,8",1.097,"-6.203,8",SOGGETTI E CATEGORIE PARTICOLARI,,55
2022,21: TUTELA E VALORIZZAZIONE DEI BENI E ATTIVITA’ CULTURALI E PAESAGGISTICI,308,"Art. 1, comma 328, L. 27 dicembre 2017, n. 205, come modificato dall'art. 58-quater, comma 1, D.L. 26 ottobre 2019, n. 124 convertito, con modificazioni, dalla L. 19 dicembre 2019, n. 157.","Esenzione fiscale in favore dell’Accademia dei Lincei ex articolo 3 del decreto luogotenenziale n. 359 del 1944, per tutti i tributi erariali, regionali e locali vigenti, nonché per ogni altro tributo di nuova istituzione, fatta salva espressa deroga legislativa, nell’ambito delle attività istituzionali e strumentali svolte dalla medesima Accademia non in regime di impresa.","TRIBUTI ERARIALI, REGIONALI E LOCALI",A REGIME,ESENZIONE,Non quantificabile,,,,,SOGGETTI E CATEGORIE PARTICOLARI,X,55
2022,21: TUTELA E VALORIZZAZIONE DEI BENI E ATTIVITA’ CULTURALI E PAESAGGISTICI,309,"Art. 1, comma 340, L. 27 dicembre 2017, n. 205","L’applicazione dell'aliquota ridotta, nella misura del 10%, è estesa alle prestazioni di servizi relative ad attività spettacolistiche, anche se rese per il tramite di intermediari.",IVA,A REGIME,RIDUZIONE DI ALIQUOTA,"-1,0","-1,0","-1,0",,,PERSONE FISICHE,,55
2022,21: TUTELA E VALORIZZAZIONE DEI BENI E ATTIVITA’ CULTURALI E PAESAGGISTICI,310,"Art. 1, commi 806-809, L. 30 dicembre 2018, n. 145; art. 1, comma 393, L. 27 dicembre 2019, n. 160 (deroga); art. 98, comma 2, lett. a) e b), D.L. 17 marzo 2020, n. 18 (modifica); art. 1, comma 609, L. 30 dicembre 2020, n. 178, come modificato dall'art. 67, comma 8, D.L. 25 maggio 2021, n. 73","Credito d'imposta edicole parametrato agli importi pagati a titolo di IMU, TASI, Cosap e TARI (nel de minimis) è riconosciuto anche nei casi in cui l’attività commerciale non esclusiva non rappresenti l’unico punto vendita al dettaglio di giornali, riviste e periodici nel comune di riferimento. Per l'anno 2020, il credito d'imposta è esteso alle imprese di distribuzione della stampa che riforniscono giornali quotidiani e/o periodici a rivendite situate nei comuni con una popolazione inferiore a 5.000 abitanti e nei comuni con un solo punto vendita e può essere, altresì, parametrato agli importi spesi per i servizi di fornitura di energia elettrica, i servizi telefonici e di collegamento a Internet, nonché per i servizi di consegna a domicilio delle copie di giornali. Per gli anni 2021 e 2022, agli esercenti attività commerciali che operano esclusivamente nel settore della vendita al dettaglio di giornali, riviste e periodici e alle imprese di distribuzione della stampa che riforniscono di giornali quotidiani o periodici rivendite situate nei comuni con popolazione inferiore a 5.000 abitanti e nei comuni con un solo punto vendita è riconosciuto il credito d'imposta di cui all'articolo 1, commi da 806 a 809, della legge 30 dicembre 2018, n. 145, alle condizioni e con le modalità ivi previste, nel limite massimo di spesa di 15 milioni di euro per ciascuno degli anni 2021 e 2022. Per gli anni 2021 e 2022 il credito d’imposta può essere altresì parametrato agli importi spesi per l’acquisto o il noleggio di registratori di cassa o registratori telematici e di dispositivi POS.",,2022,CREDITO D'IMPOSTA,"0,0","0,0","0,0",,,SOGGETTI E CATEGORIE PARTICOLARI,,55
2022,21: TUTELA E VALORIZZAZIONE DEI BENI E ATTIVITA’ CULTURALI E PAESAGGISTICI,311,"Art. 4, L. 13 agosto 1984, n. 476",Esenzione dall'IRPEF delle borse di studio corrisposte agli studenti universitari,IRPEF,A REGIME,ESENZIONE,"-13,4","-13,4","-13,4",,,PERSONE FISICHE,X,55
2022,21: TUTELA E VALORIZZAZIONE DEI BENI E ATTIVITA’ CULTURALI E PAESAGGISTICI,312,"Art. 3, comma 3, lett. d-ter), TUIR, lettera aggiunta dall'art. 1, comma 336, L. 27 dicembre 2006, n. 296",Esclusione dalla base imponibile delle somme corrisposte a titolo di borsa di studio dal Governo italiano a cittadini stranieri in forza di accordi e intese internazionali,IRPEF,A REGIME,ESCLUSIONE,Non quantificabile,,,,,PERSONE FISICHE,X,55
2022,21: TUTELA E VALORIZZAZIONE DEI BENI E ATTIVITA’ CULTURALI E PAESAGGISTICI,313,"Art.10, comma 1, lett. l-quater), TUIR (norma istitutiva); Art. 4, comma 10, L.30 dicembre 2010, n. 240 (estensione oggettiva)","Deduzione delle erogazioni liberali in denaro effettuate a favore di università, fondazioni universitarie, istituzioni universitarie pubbliche, enti di ricerca pubblici e vigilati dal Ministero dell'Istruzione, nonché degli enti parco regionali e nazionali",IRPEF,A REGIME,DEDUZIONE,"-2,5","-2,5","-2,5",13.231,"-188,4",PERSONE FISICHE,X,55
2022,21: TUTELA E VALORIZZAZIONE DEI BENI E ATTIVITA’ CULTURALI E PAESAGGISTICI,314,"Art. 15, comma 1, lettera e), TUIR, (norma istitutiva) Art. 1, comma 954, lettera b), L. 28 dicembre 2015, n. 208 (modifica) Art. 15, comma 1, lettera e-bis), TUIR, inserita dall'art. 1, comma 151, lettera b), L. 13 luglio 2015, n. 107 (norma istitutiva) Art. 1, comma 617, L. 11 dicembre 2016, n. 232 (modifica) Art. 15, comma 2, TUIR","Detrazione, nella misura del 19%, delle spese per la frequenza di corsi di istruzione universitaria, di scuole dell'infanzia del primo ciclo di istruzione e della scuola secondaria di secondo grado. La detrazione spetta anche se le spese sono state sostenute nell'interesse delle persone fiscalmente a carico.",IRPEF,A REGIME,DETRAZIONE,"-612,6","-612,6","-612,6",3.572.783,"-171,5",PERSONE FISICHE,X,56
2022,21: TUTELA E VALORIZZAZIONE DEI BENI E ATTIVITA’ CULTURALI E PAESAGGISTICI,315,"Art. 15, comma 1, lettera e-quater), TUIR, inserita dall'art.1, comma 346, lettera a), L. 27 dicembre 2019, n. 160 Art. 15, comma 2, TUIR","D 18 e t a r n a n zi i o a n c e o , n d s a e ll r ' v an at n o o r i 2 d 0 i 2 m 1, u d s e ic ll a e , s a p i e s s ti e t u p z e i r o n l'i i s d c i r i a z l i t o a n f e o r a m nn a u z a io le n e e a l' r a t b is b ti o c n a a , m m e u n s t i o c a d l i e r e a g c a o z r z e i u d ti i c a e t l à e g co al m m p e r n e t s e a tra 5 e riconosciute, a scuole di musica iscritte nei registri regionali nonchè a cori, bande e scuole di musica riconosciuti da una pubblica amministrazione per lo studio e la pratica della musica. Sono detraibili le spese, per un importo non superiore a 1.000 euro, sostenute dai contribuenti con reddito complessivo non superiore a 36.000 euro.",IRPEF,A REGIME,DETRAZIONE,"-16,4","-16,4","-16,4",,,PERSONE FISICHE,,56
2022,21: TUTELA E VALORIZZAZIONE DEI BENI E ATTIVITA’ CULTURALI E PAESAGGISTICI,316,"Art. 15, comma 1, lett. i- sexies) del TUIR (norma istitutiva) Art 1, comma 23, L. 27 dicembre 2017, n. 205 (modifica) Art. 15, comma 2, TUIR","Detrazione, nella misura del 19%, per canoni di locazione (contratti ex lege n. 431 del 1998) stipulati da studenti universitari. La detrazione spetta anche se le spese sono state sostenute nell'interesse delle persone fiscalmente a carico.",IRPEF,A REGIME,DETRAZIONE,"-83,8","-83,8","-83,8",240.685,"-348,2",PERSONE FISICHE,X,56
2022,21: TUTELA E VALORIZZAZIONE DEI BENI E ATTIVITA’ CULTURALI E PAESAGGISTICI,317,"Art. 15, comma 1, lett. i-octies), TUIR (norma istitutiva), Art. 1, comma 294, lett. a), L. 11 dicembre 2016, n. 232 (estensione soggettiva)","Detrazione, nella misura del 19%, per erogazioni liberali, a favore degli istituti scolastici di ogni ordine e grado statali e paritari senza scopo di lucro, nonché a favore degli istituti tecnici superiori di cui al decreto del Presidente del Consiglio dei ministri 25 gennaio 2008, pubblicato nella Gazzetta Ufficiale n. 86 dell'11 aprile 2008, delle istituzioni dell'alta formazione artistica, musicale e coreutica e delle università, finalizzate a innovazione tecnologica, edilizia scolastica e ampliamento offerta formativa",IRPEF,A REGIME,DETRAZIONE,"-4,1","-4,1","-4,1",135.684,"-30,1",PERSONE FISICHE,X,56
2022,21: TUTELA E VALORIZZAZIONE DEI BENI E ATTIVITA’ CULTURALI E PAESAGGISTICI,318,"Art. 100, comma 2, lett. o-bis), TUIR (norma istitutiva); modificato da art. 1, comma 294, lettera b), L. 11 dicembre 2016, n. 232 (estensione soggettiva)","Deducibilità delle erogazioni liberali, nel limite del 2% del reddito d'impresa dichiarato e comunque nella misura massima di 70.000 € annui, a favore degli istituti scolastici di ogni ordine e grado e degli istituti tecnici superiori, finalizzate all'innovazione tecnologica all'edilizia scolastica e all'ampliamento dell'offerta formativa",IRPEF/IRES,A REGIME,DETRAZIONE,Stima compresa nelle misure da 288 a 291,,,,,IMPRESE E SOCIETA',X,56
2022,21: TUTELA E VALORIZZAZIONE DEI BENI E ATTIVITA’ CULTURALI E PAESAGGISTICI,319,"Art. 8, comma 3, D.L. 27 aprile 1990, n. 90","Non costituiscono attività commerciali le prestazioni aventi per oggetto lo svolgimento di attività didattiche e culturali a carattere nazionale o internazionale svolte da collegi universitari legalmente riconosciuti e posti sotto la vigilanza del Ministero dell’università e della ricerca, comprese le prestazioni relative all’alloggio, al vitto e alla fornitura di libri e materiale didattico.",IRES,A REGIME,ESCLUSIONE,Non quantificabile,,,,,IMPRESE E SOCIETA',X,56
2022,21: TUTELA E VALORIZZAZIONE DEI BENI E ATTIVITA’ CULTURALI E PAESAGGISTICI,320,"Art. 4, L. 3 luglio 1998, n. 210","Esenzione dall'IRPEF delle borse di studio corrisposte da Università e istituti di istruzione universitaria per la frequenza dei corsi di perfezionamento e scuole di specializzazione, corsi di dottorato di ricerca, attività di ricerca post dottorato e corsi di perfezionalento all'estero.",IRPEF,A REGIME,ESENZIONE,"-357,6","-357,6","-357,6",74.897,"-4.774,6",PERSONE FISICHE,X,56
2022,21: TUTELA E VALORIZZAZIONE DEI BENI E ATTIVITA’ CULTURALI E PAESAGGISTICI,321,"Art. 4, L. 23 novembre 1998, n. 407",Esenzione dall'IRPEF delle borse di studio corrisposte alle vittime del terrorismo e della criminalità organizzata nonché agli orfani ed ai figli di questi ultimi.,IRPEF,A REGIME,ESENZIONE,"-0,8","-0,8","-0,8",,,PERSONE FISICHE,X,56
2022,21: TUTELA E VALORIZZAZIONE DEI BENI E ATTIVITA’ CULTURALI E PAESAGGISTICI,322,"Art. 6, comma 13, L. 23 dicembre 1999, n. 488","Esenzione dall'IRPEF delle borse di studio corrisposte nell'ambito del programma Socrates di cui alla Decisione 819/95/CE del Parlamento Europeo e del Consiglio del 14 marzo 1995 nonché le somme aggiuntive corrisposte dalle Università a condizione che l'importo complessivo annuo non superi euro 7746,85",IRPEF,A REGIME,ESENZIONE,Effetti di trascurabile entità,,,,,PERSONE FISICHE,X,56
2022,21: TUTELA E VALORIZZAZIONE DEI BENI E ATTIVITA’ CULTURALI E PAESAGGISTICI,323,"Art. 1, comma 10, L. 10 marzo 2000, n. 62",Detrazione di un importo equivalente a quello della borsa di studio erogata dalle Regioni e dalle Province autonome di Trento e Bolzano,IRPEF,A REGIME,DETRAZIONE,Effetti di trascurabile entità,,,,,PERSONE FISICHE,X,56
2022,21: TUTELA E VALORIZZAZIONE DEI BENI E ATTIVITA’ CULTURALI E PAESAGGISTICI,324,"Art. 44, D.L.31 maggio 2010, n. 78 (norma istitutiva) Art. 5, comma 4, D.L. 30 aprile 2019, n. 34 (riforma) Art. 5, comma 5-ter, D.L. 30 aprile 2019, n. 34, introdotto dall'art. 1, comma 763, L. 30 dicembre 2021, n. 234 (estensione)","Detassazione ai fini Irpef sugli emolumenti percepiti da docenti e ricercatori che rientrano in Italia per svolgere la loro attività lavorativa. La misura spetta per il periodo d'imposta in cui si acquisisce la residenza fiscale e per i tre periodi di imposta successivi. Le disposizioni si applicano nel rispetto delle condizioni e dei limiti dei regolamenti comunitari sugli Aiuti di Stato. Per coloro che acquiscono la residenza fiscale in Italia a partire dal 2020 l'agevolazione si applica nel periodo d'imposta in cui si acquisisce la residenza e nei successivi 5. Sono, inoltre, previste ulteriori agevolazioni per i periodi d'imposta successivi al verificarsi di prestabilite condizioni (presenza di figli minorenni o a carico, acquisto di abitazione in Italia). Opzione per fruire di tali ulteriori agevolazioni per i docenti e ricercatori che hanno trasferito la residenza prima dell'anno 2020 e che alla data del 31 dicembre 2019 risultano beneficiari del regime di favore, previo versamento di un importo pari al 10% o al 5% (in relazione alla sussistenza dei requisiti suddetti) dei redditi di lavoro dipendente e di lavoro autonomo prodotti in Italia.",IRPEF,A REGIME,ESCLUSIONE,"-28,5","-28,5","-28,5",1329,"-21.471,0",PERSONE FISICHE,X,57
2022,21: TUTELA E VALORIZZAZIONE DEI BENI E ATTIVITA’ CULTURALI E PAESAGGISTICI,325,"Art. 1, comma 50, L. 28 dicembre 2015, n. 208","Esenzione dall'IRPEF delle borse di studio erogate nell'ambito del programma ""Erasmus +""",IRPEF,A REGIME,ESENZIONE,"-0,2","-0,2","-0,2",,,PERSONE FISICHE,X,57
2022,21: TUTELA E VALORIZZAZIONE DEI BENI E ATTIVITA’ CULTURALI E PAESAGGISTICI,326,"Art. 1, comma 51, L. 28 dicembre 2015, n. 208","Esenzione dall'IRPEF delle borse di studio per la frequenza dei corsi di perfezionamento, specializzazione ecc. erogate dalla Provincia autonoma di Bolzano.",IRPEF,A REGIME,ESENZIONE,"-0,2","-0,2","-0,2",,,PERSONE FISICHE,X,57
2022,21: TUTELA E VALORIZZAZIONE DEI BENI E ATTIVITA’ CULTURALI E PAESAGGISTICI,327,"Art. 2-bis, D.L. 24 aprile 2017, n. 50",Esenzione IVA dei servizi di vitto e di alloggio resi in favore degli studenti universitari dagli istituti o enti per il diritto allo studio universitario istituiti dalle regioni- Interpretazione autentica,IVA,A REGIME,ESENZIONE,"-1,0","-1,0","-1,0",,,PERSONE FISICHE,,57
2022,"24: DIRITTI SOCIALI, POLITICHE SOCIALI E FAMIGLIA",328,"Art. 1-bis, comma 3, L. 29 ottobre 1961, n. 1216",Esenzione da qualsiasi imposta indiretta per le operazioni di risarcimento del Fondo di garanzia vittime della strada e correlati rapporti tra il Fondo e le imprese assicuratrici,"IMPOSTE DI REGISTRO, DI BOLLO E IPOCATASTALI",A REGIME,ESENZIONE,"-1,0","-1,0","-1,0",,,PERSONE FISICHE,X,57
2022,"24: DIRITTI SOCIALI, POLITICHE SOCIALI E FAMIGLIA",329,"Art. 13-bis, comma 1, d.P.R. 26 ottobre 1972, n. 641; art. 90, comma 7, L. 27 dicembre 2002, n. 289 (modifica)",Esenzione dalle tasse sulle concessioni governative per gli atti e i provvedimenti concernenti le ONLUS e le società e associazioni sportive dilettantistiche,TASSE SULLE CONCESSIONI GOVERNATIVE,A REGIME,ESENZIONE,"-1,0","-1,0","-1,0",,,ASSOCIAZIONI ENTI NO PROFIT ONLUS,X,57
2022,"24: DIRITTI SOCIALI, POLITICHE SOCIALI E FAMIGLIA",330,"Art. 13-bis, comma 1-bis, d.P.R. 26 ottobre 1972, n. 641","Esenzione dalle tasse sulle concessioni governative per gli atti costitutivi, statuti ed ogni altro atto necessario per l’adempimento di obblighi dei movimenti o partiti politici",TASSE SULLE CONCESSIONI GOVERNATIVE,A REGIME,ESENZIONE,"-1,0","-1,0","-1,0",,,ASSOCIAZIONI ENTI NO PROFIT ONLUS,X,57
2022,"24: DIRITTI SOCIALI, POLITICHE SOCIALI E FAMIGLIA",331,"Nota n. 3 all’art. 21, tariffa, d.P.R. 26 ottobre 1972, n. 641","Esenzione da tasse sulle concessioni governative per le licenze per l'impiego di apparecchiature terminali per il servizio radiomobile pubblico terrestre di comunicazione a favore di invalidi, non vedenti e sordi",TASSE SULLE CONCESSIONI GOVERNATIVE,A REGIME,ESENZIONE,"-0,5","-0,5","-0,5",,,PERSONE FISICHE,X,57
2022,"24: DIRITTI SOCIALI, POLITICHE SOCIALI E FAMIGLIA",332,"Art. 6, d.P.R. 29 settembre 1973, n. 601 [articolo abrogato dall'art. 1, comma 51, L. 30 dicembre 2018, n. 145, a decorrere dal 1° gennaio 2019; per l'applicabilità di tale disposizione vedi l'art. 1, comma 52, della medesima L. n. 145/2018 e successive modificazioni","L'IRES è ridotta alla metà nei confronti di: a) enti e istituti di assistenza sociale, società di mutuo soccorso, enti ospedalieri, enti di assistenza e beneficenza; b) istituti di istruzione e istituti di studio e sperimentazione di interesse generale che non hanno fine di lucro, corpi scientifici, accademie, fondazioni e associazioni storiche, letterarie, scientifiche, di esperienze e ricerche aventi scopi esclusivamente culturali; c) enti il cui fine è equiparato per legge ai fini di beneficenza o di istruzione; d) istituti autonomi per le case popolari, comunque denominati, e loro consorzi nonché enti aventi le stesse finalità sociali dei predetti Istituti, istituiti nella forma di società che rispondono ai requisiti della legislazione dell'Unione europea in materia di ""in house providing"" e che siano costituiti e operanti alla data del 31 dicembre 2013",IRES,"A REGIME FINO ALL'ADOZIONE DELLE NORME DI CUI ALL'ART 1, COMMA 52-BIS DELLA L. 145/2018",RIDUZIONE DI ALIQUOTA,"-153,5","-153,5","-153,5",14.682,"-10.453,9",ASSOCIAZIONI ENTI NO PROFIT ONLUS,X,57
2022,"24: DIRITTI SOCIALI, POLITICHE SOCIALI E FAMIGLIA",333,"Art. 3, comma 3, lett. b), TUIR","Esclusione dalla base imponibile degli assegni periodici destinati al mantenimento dei figli spettanti al coniuge in conseguenza di separazione legale ed effettiva o di annullamento, scioglimento o cessazione degli effetti civili del matrimonio, nella misura in cui risultano da provvedimenti del giudice",IRPEF,A REGIME,ESCLUSIONE,"-311,5","-311,5","-311,5",90.362,"-3.447,7",PERSONE FISICHE,X,57
2022,"24: DIRITTI SOCIALI, POLITICHE SOCIALI E FAMIGLIA",334,"Art. 3, comma 3, lett. d), TUIR; Art. 10, comma 3, D.Lgs. 29 dicembre 2021, n. 230",Esclusione dalla base imponibile degli assegni familiari e dell'assegno per il nucleo familiare. A decorrere dal 1° marzo 2022 detti assegni sono erogati solo per i nuclei familiari senza figli.,IRPEF,A REGIME,ESCLUSIONE,"-515,0","-515,0","-515,0",,,PERSONE FISICHE,X,57
2022,"24: DIRITTI SOCIALI, POLITICHE SOCIALI E FAMIGLIA",335,"Art. 8, D.Lgs. 29 dicembre 2021, n. 230",Non concorrenza alla formazione del reddito complessivo dell'assegno unico e universale per i figli a carico,IRPEF,A REGIME,ESCLUSIONE,"-5.360,1","-5.499,0","-5.563,8",,,PERSONE FISICHE,,57
2022,"24: DIRITTI SOCIALI, POLITICHE SOCIALI E FAMIGLIA",336,"Art. 10, comma 1, lett. c), TUIR","Deduzione degli assegni periodici corrisposti al coniuge, ad esclusione di quelli destinati al mantenimento dei figli, in conseguenza di separazione legale ed effettiva, di scioglimento o annullamento del matrimonio, o di cessazione dei suoi effetti civili",IRPEF,A REGIME,DEDUZIONE,"-252,2","-252,2","-252,2",131.576,"-1.916,7",PERSONE FISICHE,X,58
2022,"24: DIRITTI SOCIALI, POLITICHE SOCIALI E FAMIGLIA",337,"Art. 10, comma 1, lett. d), TUIR","Deduzione degli assegni periodici, corrisposti in forza di testamento o donazione modale e, se risultanti da provvedimenti di autorità giudiziaria, gli assegni alimentari corrisposti alle persone indicate nell'art. 433 del codice civile",IRPEF,A REGIME,DEDUZIONE,"-4,9","-4,9","-4,9",,,PERSONE FISICHE,X,58
2022,"24: DIRITTI SOCIALI, POLITICHE SOCIALI E FAMIGLIA",338,"Art. 10, comma 1, lett. g), TUIR; art. 89, comma 12, D.Lgs. 3 luglio 2017, n. 117","Deduzione delle oblazioni, donazioni e contributi in favore delle organizzazioni non governative",IRPEF,A REGIME,DEDUZIONE,"-3,2","-3,2","-3,2",38.403,"-84,5",PERSONE FISICHE,X,58
2022,"24: DIRITTI SOCIALI, POLITICHE SOCIALI E FAMIGLIA",339,"Art. 10, comma 1, lett. h), TUIR",Deduzione delle indennità per perdita di avviamento corrisposte per disposizioni di legge al conduttore in caso di cessazione di locazione di immobili urbani adibiti ad usi diversi da quello di abitazione,IRPEF,A REGIME,DEDUZIONE,"-4,9","-4,9","-4,9",,,PERSONE FISICHE,X,58
2022,"24: DIRITTI SOCIALI, POLITICHE SOCIALI E FAMIGLIA",340,"Art. 10, comma 1, lett. l-bis), TUIR","Deduzione, nella misura del 50%, delle spese sostenute dai genitori adottivi per l'espletamento della procedura di adozione",IRPEF,A REGIME,DEDUZIONE,"-4,9","-4,9","-4,9",,,PERSONE FISICHE,X,58
2022,"24: DIRITTI SOCIALI, POLITICHE SOCIALI E FAMIGLIA",341,"Art. 10, comma 1, lett. l-ter), TUIR",Deduzione delle erogazioni liberali in denaro per il pagamento degli oneri difensivi dei soggetti ammessi al patrocinio a spese dello Stato,IRPEF,A REGIME,DEDUZIONE,"-4,9","-4,9","-4,9",,,PERSONE FISICHE,X,58
2022,"24: DIRITTI SOCIALI, POLITICHE SOCIALI E FAMIGLIA",342,"Art. 10, comma 2-bis, TUIR (comma inserito dall'art. 150, D.L. 19 maggio 2020, n. 34)","Le somme di cui alla lettera d-bis), comma 1, art. 10 del TUIR, se assoggettate a ritenuta, sono restituite al netto della ritenuta subita e non costituiscono oneri deducibili",IRPEF,A REGIME,DEDUZIONE,"0,0","0,0","0,0",,,PERSONE FISICHE,,58
2022,"24: DIRITTI SOCIALI, POLITICHE SOCIALI E FAMIGLIA",343,"Art. 11, comma 2, TUIR","Esenzione dall'IRPEF se alla formazione del reddito complessivo concorrono soltanto redditi di terreni fino a euro 185,92, redditi di pensione fino a 7.500 euro e il reddito dell'unità immobiliare adibita ad abitazione principale e delle relative pertinenze",IRPEF,A REGIME,ESENZIONE,"-3,8","-3,8","-3,8",,,PERSONE FISICHE,X,58
2022,"24: DIRITTI SOCIALI, POLITICHE SOCIALI E FAMIGLIA",344,"Art. 11, comma 2-bis, TUIR",Esenzione dall'IRPEF in presenza di soli redditi fondiari di importo non superiore a 500 euro,IRPEF,A REGIME,ESENZIONE,"-3,3","-3,3","-3,3",,,PERSONE FISICHE,X,58
2022,"24: DIRITTI SOCIALI, POLITICHE SOCIALI E FAMIGLIA",345,"Art. 15, comma 1, lett. c) e lett. c-ter), TUIR","Detrazione, nella misura del 19%, per spese relative a mezzi necessari all'accompagnamento e a facilitare l'autosufficienza dei soggetti disabili; detrazione per spese relative a cani guida per non vedenti; detrazione per servizi di interpretariato sostenute dai soggetti riconosciuti sordomuti",IRPEF,A REGIME,DETRAZIONE,"-66,6","-66,6","-66,6",60.065,"-1.108,2",PERSONE FISICHE,X,58
2022,"24: DIRITTI SOCIALI, POLITICHE SOCIALI E FAMIGLIA",346,"Art. 15, comma 1, lett. c-bis), TUIR; art. 1, comma 361, L. 27 dicembre 2019, n. 160; art. 1, comma 33, L. 30 dicembre 2020, n. 178 (modifiche)","Detrazione spese veterinarie fino all’importo di euro 550, limitatamente alla parte che eccede euro 129,11",IRPEF,A REGIME,DETRAZIONE,"-45,9","-45,9","-45,9",1.097.175,"-41,9",PERSONE FISICHE,X,58
2022,"24: DIRITTI SOCIALI, POLITICHE SOCIALI E FAMIGLIA",347,"Art. 15, comma 1, lett. d), TUIR, sostituita dall'art. 1, comma 954, lettera a), L. 28 dicembre 2015, n. 208","Detrazione, nella misura del 19%, delle spese funebri per importo non superiore a euro 1.550 per ciascuna persona",IRPEF,A REGIME,DETRAZIONE,"-153,1","-153,1","-153,1",516.470,"-296,5",PERSONE FISICHE,X,58
2022,"24: DIRITTI SOCIALI, POLITICHE SOCIALI E FAMIGLIA",348,"Art. 15, comma 1, lett. e-ter), TUIR, introdotta dall'art. 1 comma 665, L. 27 dicembre 2017, n. 205",Detrazione per l'acquisto di strumenti compensativi e di sussidi tecnici e informatici necessari all'apprendimento per studenti affetti da disturbo specifico dell'apprendimento (DSA).,IRPEF,A REGIME,DETRAZIONE,"-0,9","-0,9","-0,9",6.506,"-135,4",PERSONE FISICHE,,58
2022,"24: DIRITTI SOCIALI, POLITICHE SOCIALI E FAMIGLIA",349,"Art. 15, comma 1, lett. f), e comma 2, TUIR; art. 12, comma 1, D.L. 31 agosto 2013, n. 102; art. 5, comma 1, L. 22 giugno 2016, n. 112 (modifiche)","Detrazione, nella misura del 19%, per spese relative a premi assicurativi per morte, invalidità permanente, non autosufficienza",IRPEF,A REGIME,DETRAZIONE,"-280,8","-280,8","-280,8",5.074.765,"-55,3",PERSONE FISICHE,X,58
2022,"24: DIRITTI SOCIALI, POLITICHE SOCIALI E FAMIGLIA",350,"Art. 15, comma 1, lett. f), e comma 2, TUIR; art. 12, comma 1, D.L. 31 agosto 2013, n. 102; art. 5, comma 1, L. 22 giugno 2016, n. 112 (modifiche)","Detraibilità, nella misura del 19%, delle spese sostenute per le polizze assicurative finalizzate alla tutela delle persone con disabilità grave (cd. DOPO DI NOI)",IRPEF,A REGIME,DETRAZIONE,"-0,4","-0,4","-0,4",7.351,"-54,7",PERSONE FISICHE,X,58
2022,"24: DIRITTI SOCIALI, POLITICHE SOCIALI E FAMIGLIA",351,"Art. 15, comma 1, lett. i-quater), TUIR, abrogata dall'art.102, comma 1, lettera f), D.Lgs. 3 luglio 2017, n. 117, salvo quanto previsto dall'art. 104, comma 1, del medesimo D.Lgs. 3 luglio 2017, n. 117",Detrazione per erogazioni liberali in denaro a favore delle associazioni di promozione sociale iscritte negli appositi registri,IRPEF,A REGIME FINO ALLA PIENA OPERATIVITA' DELLA RIFORMA DEL TERZO SETTORE,DETRAZIONE,"0,0","0,0","0,0",,,PERSONE FISICHE,X,59
2022,"24: DIRITTI SOCIALI, POLITICHE SOCIALI E FAMIGLIA",352,"Art. 15, comma 1, lett. i-septies) e comma 2, TUIR","Detrazione, nella misura del 19%, delle spese, per un importo non superiore a 2.100 euro, sostenute per addetti all'assistenza personale nei casi di non autosufficienza nel compimento degli atti della vita quotidiana, se il reddito complessivo non supera 40.000 euro. La detrazione spetta anche se le spese sono state sostenute nell'interesse delle persone fiscalmente a carico.",IRPEF,A REGIME,DETRAZIONE,"-44,0","-44,0","-44,0",115.625,"-380,3",PERSONE FISICHE,X,59
2022,"24: DIRITTI SOCIALI, POLITICHE SOCIALI E FAMIGLIA",353,"Art. 15, comma 1-quater, TUIR, sostituito dall'art. 1, comma 27, L. 30 dicembre 2018, n. 145","Detrazione, nella misura forfetaria di euro 1.000, delle spese sostenute dai non vedenti per il mantenimento di cani guida",IRPEF,A REGIME,DETRAZIONE,"-1,6","-1,6","-1,6",1.601,"-1.000,0",PERSONE FISICHE,X,59
2022,"24: DIRITTI SOCIALI, POLITICHE SOCIALI E FAMIGLIA",354,"Art. 15, comma 1.1, TUIR; art. 1, comma 137, lettera a), L. 23 dicembre 2014, n. 190 (modifica)","Detrazione, nella misura del 26%, per erogazioni liberali in denaro, per importo non superiore a 30.000 euro annui, a favore delle ONLUS e di altre persone giuridiche individuate con apposito decreto che svolgono attività umanitarie.",IRPEF,A REGIME,DETRAZIONE,"-40,0","-40,0","-40,0",496.117,"-80,6",PERSONE FISICHE,X,59
2022,"24: DIRITTI SOCIALI, POLITICHE SOCIALI E FAMIGLIA",355,"Art. 54, comma 8-bis, TUIR","Determinazione del reddito di lavoro autonomo di volontari e cooperanti, sulla base di retribuzioni convenzionali stabilite dal Ministero degli affari esteri di concerto con il Ministero del lavoro e delle politiche sociali",IRPEF,A REGIME,ESCLUSIONE,Non quantificabile,,,,,PERSONE FISICHE,X,59
2022,"24: DIRITTI SOCIALI, POLITICHE SOCIALI E FAMIGLIA",356,"Art. 100, comma 2, lett. h), TUIR","Deducibilità delle erogazioni liberali in denaro per un importo non superiore a 30.000 euro o al 2% del reddito d'impresa dichiarato, a favore delle ONLUS e di altre persone giuridiche individuate con apposito decreto, che svolgono attività umanitarie",IRPEF/IRES,A REGIME,DEDUZIONE,Stima compresa nelle misure da 288 a 291,,,,,PERSONE FISICHE E GIURIDICHE,X,59
2022,"24: DIRITTI SOCIALI, POLITICHE SOCIALI E FAMIGLIA",357,"Art. 100, comma 2, lett. i), TUIR","Deducibilità delle spese relative all'impiego di lavoratori dipendenti, nel limite del 5‰ dell'ammontare complessivo delle spese per prestazioni di lavoro dipendente, utilizzati per prestazioni di servizi erogate a favore di ONLUS",IRPEF/IRES,A REGIME,DEDUZIONE,Stima compresa nelle misure da 288 a 291,,,,,PERSONE FISICHE E GIURIDICHE,X,59
2022,"24: DIRITTI SOCIALI, POLITICHE SOCIALI E FAMIGLIA",358,"Art. 100, comma 2, lett. l), TUIR, abrogata dall'art.102, comma 1, lettera e), D.Lgs. 3 luglio 2017, n. 117, salvo quanto previsto dall'art. 104, comma 1, del medesimo D.Lgs. 3 luglio 2017, n. 117","Deducibilità delle erogazioni liberali in denaro per un importo non superiore a 1.549,37 euro o al 2% del reddito di impresa, a favore delle associazioni di promozione sociale iscritte negli appositi registri",IRPEF/IRES,A REGIME FINO ALLA PIENA OPERATIVITA' DELLA RIFORMA DEL TERZO SETTORE,DEDUZIONE,Stima compresa nelle misure da 288 a 291,,,,,PERSONE FISICHE E GIURIDICHE,X,59
2022,"24: DIRITTI SOCIALI, POLITICHE SOCIALI E FAMIGLIA",359,"Art. 100, comma 2, lett. m-bis), TUIR (lettera inserita dall'art. 17-bis, D.L. 17 ottobre 2016, n. 189)",Deducibilità delle erogazioni liberali in denaro a favore dello Stato e dei comuni per contributi volontari versati in seguito ad eventi sismici o calamitosi che hanno colpito l'ente in favore del quale si effettua il versamento,IRPEF/IRES,A REGIME,DEDUZIONE,Stima compresa nelle misure da 288 a 291,,,,,PERSONE FISICHE E GIURIDICHE,X,59
2022,"24: DIRITTI SOCIALI, POLITICHE SOCIALI E FAMIGLIA",360,"Art. 10, comma 1, lett. i), TUIR",Deduzione delle erogazioni liberali in denaro a favore dell'Istituto centrale per il sostentamento del clero della Chiesa Cattolica italiana,IRPEF,A REGIME,DEDUZIONE,,,,,,PERSONE FISICHE,X,59
2022,"24: DIRITTI SOCIALI, POLITICHE SOCIALI E FAMIGLIA",361,"Art. 10, comma 1, lett. l), TUIR","Deduzione delle erogazioni liberali iin denaro a favore dell'Unione delle Chiese Avventiste del 7° giorno, delle Assemblee di Dio in Italia e della Tavola Valdese",IRPEF,A REGIME,DEDUZIONE,,,,,,PERSONE FISICHE,X,59
2022,"24: DIRITTI SOCIALI, POLITICHE SOCIALI E FAMIGLIA",362,"Art. 16, L. 12 aprile 1995, n. 116",Deduzione erogazioni liberali in denaro in favore dell'Unione Cristiana Evangelica Battista d'Italia,IRPEF,A REGIME,DEDUZIONE,,,,,,PERSONE FISICHE,X,59
2022,"24: DIRITTI SOCIALI, POLITICHE SOCIALI E FAMIGLIA",363,"Art. 26, comma 2, L. 29 novembre 1995, n. 520",Deduzione erogazioni liberali in denaro in favore della Chiesa Evangelica Luterana in Italia,IRPEF,A REGIME,DEDUZIONE,,,,,,PERSONE FISICHE,X,59
2022,"24: DIRITTI SOCIALI, POLITICHE SOCIALI E FAMIGLIA",364,"Art. 30, comma 2, L. 8 marzo 1989, n. 101, sostituito dall'art. 4, L. 20 dicembre 1996, n. 638",Deduzione dei contributi annuali versati alle Unioni Comunità Ebraiche Italiane,IRPEF,A REGIME,DEDUZIONE,,,,,,PERSONE FISICHE,X,59
2022,"24: DIRITTI SOCIALI, POLITICHE SOCIALI E FAMIGLIA",365,"Art. 20, comma 2, L. 30 luglio 2012, n. 126","Deduzione erogazioni liberali in denaro a favore della Sacra arcidiocesi ortodossa d’Italia ed Esarcato per l’Europa Meridionale, degli enti da essa controllati e delle comunità locali",IRPEF,A REGIME,DEDUZIONE,"-6,7","-6,7","-6,7",60.814,"-110,2",PERSONE FISICHE,X,60
2022,"24: DIRITTI SOCIALI, POLITICHE SOCIALI E FAMIGLIA",366,"Art. 24, comma 2, L. 30 luglio 2012, n. 127",Deduzione erogazioni liberali in denaro a favore dell'Ente patrimoniale della Chiesa di Gesù Cristo dei Santi degli ultimi giorni,IRPEF,A REGIME,DEDUZIONE,,,,,,PERSONE FISICHE,X,60
2022,"24: DIRITTI SOCIALI, POLITICHE SOCIALI E FAMIGLIA",367,"Art. 24, comma 2, L. 30 luglio 2012, n. 128",Deduzione erogazioni liberali in denaro a favore della Chiesa Apostolica in Italia e degli enti ed opere da essa controllati,IRPEF,A REGIME,DEDUZIONE,,,,,,PERSONE FISICHE,X,60
2022,"24: DIRITTI SOCIALI, POLITICHE SOCIALI E FAMIGLIA",368,"Art. 18, comma 2, L. 31 dicembre 2012, n. 245",Deduzione erogazioni liberali in denaro a favore dell'Unione Buddhista Italiana (UBI) e degli organismi civilmente riconosciuti da essa rappresentati,IRPEF,A REGIME,DEDUZIONE,,,,,,PERSONE FISICHE,X,60
2022,"24: DIRITTI SOCIALI, POLITICHE SOCIALI E FAMIGLIA",369,"Art. 20, comma 2, L. 31 dicembre 2012, n. 246",Deduzione erogazioni liberali in denaro a favore dell'Unione Induista Italiana (UII) e degli organismi civilmente riconosciuti da essa rappresentati,IRPEF,A REGIME,DEDUZIONE,,,,,,PERSONE FISICHE,X,60
2022,"24: DIRITTI SOCIALI, POLITICHE SOCIALI E FAMIGLIA",370,"Art. 17, comma 2, L. 28 giugno 2016, n. 130",Deduzione erogazioni liberali in denaro a favore dell'Istituto Buddista Italiano Soka Gakkai (IBISG),IRPEF,A REGIME,DEDUZIONE,,,,,,PERSONE FISICHE,X,60
2022,"24: DIRITTI SOCIALI, POLITICHE SOCIALI E FAMIGLIA",371,"Art. 13, comma 2, L. 29 dicembre 2021, n. 240","Deduzione erogazioni liberali in denaro a favore dell'Associazione Chiesa d'Inghilterra, degli enti da essa controllati e delle comunità locali",IRPEF,A REGIME,DEDUZIONE,,,,,,PERSONE FISICHE,,60
2022,"24: DIRITTI SOCIALI, POLITICHE SOCIALI E FAMIGLIA",372,"Art. 1, comma 4, D.Lgs. 31 ottobre 1990, n. 346","Esenzione dall'imposta nei casi di donazione e liberalità effettuate per assistenza, matrimonio o comunque per meriti del donatario, nonché di modico valore (artt. 742 e 783 c.c.)",IMPOSTE SU SUCCESSIONI E DONAZIONI,A REGIME,ESENZIONE,"-1,0","-1,0","-1,0",,,PERSONE FISICHE,X,60
2022,"24: DIRITTI SOCIALI, POLITICHE SOCIALI E FAMIGLIA",373,"Art. 3, commi 1-4, D.Lgs. 31 ottobre 1990, n. 346","Esclusione dall'imposta sulle successioni dei trasferimenti a favore dello Stato, regioni , province, comuni, enti di ricerca e fondazioni, ONLUS, movimenti e partiti politici",IMPOSTE SU SUCCESSIONI E DONAZIONI,A REGIME,ESENZIONE,"-12,8","-12,8","-12,8",,,ASSOCIAZIONI ENTI NO PROFIT ONLUS,X,60
2022,"24: DIRITTI SOCIALI, POLITICHE SOCIALI E FAMIGLIA",374,"Art. 1 e 10, D.Lgs. 31 ottobre 1990, n. 347","Esenzione dalle imposte ipotecaria e catastale sugli atti relativi a trasferimenti effettuati a favore dello Stato, regioni , province , comuni, enti di ricerca e fondazioni, ONLUS, movimenti e partiti politici",IMPOSTE IPOCATASTALI,A REGIME,ESENZIONE,"-4,8","-4,8","-4,8",,,ASSOCIAZIONI ENTI NO PROFIT ONLUS,X,60
2022,"24: DIRITTI SOCIALI, POLITICHE SOCIALI E FAMIGLIA",375,"Art. 8, comma 4, L. 11 agosto 1991, n. 266; abrogato dall'art. 102, c. 2, lett. d), D.Lgs. 3 luglio 2017, n. 117 a decorrere dalla data di operatività del Registro unico nazionale del Terzo settore","Non imponibilità ai fini delle imposte sui redditi dei proventi derivanti da attività commerciali e produttive marginali come individuate con D.M. 25 maggio 1995, qualora sia documentato il loro totale impiego per i fini istituzionali dell’organizzazione di volontariato.",IRES,A REGIME,ESCLUSIONE,Non quantificabile,,,,,ASSOCIAZIONI ENTI NO PROFIT ONLUS,X,60
2022,"24: DIRITTI SOCIALI, POLITICHE SOCIALI E FAMIGLIA",376,"Art. 54, comma 1, L. 21 novembre 2000, n. 342","Non si considerano destinati a finalità estranee all’esercizio d’impresa e sono considerati distrutti ai fini IVA (esenzione con diritto alla detrazione dell'IVA a monte), i prodotti editoriali e le dotazioni informatiche ceduti gratuitamente a enti locali, agli istituti di prevenzione e pena, alle istituzioni scolastiche, agli orfanotrofi ed enti religiosi",IRPEF/IRES/IVA,A REGIME,ESCLUSIONE,Non quantificabile,,,,,SOGGETTI E CATEGORIE PARTICOLARI,X,60
2022,"24: DIRITTI SOCIALI, POLITICHE SOCIALI E FAMIGLIA",377,"Art. 20, L. 7 dicembre 2000, n. 383 abrogata dall'art. 102, comma 2, lett. g), D.Lgs. 3 luglio 2017, n. 117, salvo quanto previsto dall'art. 104, comma 2, del medesimo D.Lgs. 3 luglio 2017, n. 117","Non è considerata commerciale, così come per gli associati, la cessione di beni e la prestazione di servizi resa da associazioni di promozione sociale nei confronti dei familiari conviventi degli associati.",IRES,A REGIME,ESCLUSIONE,Non quantificabile,,,,,ASSOCIAZIONI ENTI NO PROFIT ONLUS,X,60
2022,"24: DIRITTI SOCIALI, POLITICHE SOCIALI E FAMIGLIA",378,"Art. 92, L. 27 dicembre 2002, n. 289",Esenzione dal pagamento dell’imposta sugli intrattenimenti per lo svolgimento occasionale delle attività svolte dai centri sociali per anziani,IMPOSTA SUGLI INTRATTENIMENTI,A REGIME,ESENZIONE,Non quantificabile,,,,,ASSOCIAZIONI ENTI NO PROFIT ONLUS,X,60
2022,"24: DIRITTI SOCIALI, POLITICHE SOCIALI E FAMIGLIA",379,"Art. 92, L. 27 dicembre 2002, n. 289",Esenzione dal pagamento del canone per le radioaudizioni a favore dei centri sociali per anziani,CANONE RAI,A REGIME,ESENZIONE,Non quantificabile,,,,,ASSOCIAZIONI ENTI NO PROFIT ONLUS,X,60
2022,"24: DIRITTI SOCIALI, POLITICHE SOCIALI E FAMIGLIA",380,"Art. 14, comma 1, D.L. 14 marzo 2005, n. 35, modificato dall'art. 99, comma 3, D.Lgs. 3 luglio 2017, n. 117 e da ultimo dall'art. 5-sexies, comma 1, D.L. 16 ottobre 2017, n. 148","Deduzione delle erogazioni liberali in denaro e in natura a favore degli enti del cd. terzo settore (Onlus, Ong, organismi di volontariato etc. nel limite del 10 per cento del reddito complessivo e comunque nella misura massima di 70.000 euro annui",IRPEF/IRES,A REGIME,DEDUZIONE,"-23,3","-23,3","-23,3",220.453,"-105,7",PERSONE FISICHE E GIURIDICHE,X,60
2022,"24: DIRITTI SOCIALI, POLITICHE SOCIALI E FAMIGLIA",381,"Art. 1, comma 335, L. 23 dicembre 2005, n. 266; art. 2, comma 6, L. 22 dicembre 2008 (proroga)",Detrazione del 19% per le spese di frequenza degli asili nido,IRPEF,A REGIME,DETRAZIONE,"-9,8","-9,8","-9,8",100.394,"-97,6",PERSONE FISICHE,X,60
2022,"24: DIRITTI SOCIALI, POLITICHE SOCIALI E FAMIGLIA",382,"Art. 1, comma 132, L. 24 dicembre 2007, n. 244; art. 1, comma 1, del D.M. 16 febbraio 2018",Esenzione dal canone di abbonamento radiotelevisivo in favore dei soggetti di età pari o superiore a 75 anni con reddito inferiore a 8.000 euro,CANONE RAI,A REGIME,ESENZIONE,"-33,8","-33,8","-33,8",375.300,"-90,1",PERSONE FISICHE,X,61
2022,"24: DIRITTI SOCIALI, POLITICHE SOCIALI E FAMIGLIA",383,"Art. 2, comma 26, L. 23 dicembre 2009, n. 191",Esenzione dall'imposta di registro e da ogni altra imposta per gli atti giudiziari per i quali siano stati parti in causa le vittime di atti di terrorismo e delle stragi,"IMPOSTE DI REGISTRO, DI BOLLO E IPOCATASTALI",A REGIME,ESENZIONE,"-0,2","-0,2","-0,2",,,PERSONE FISICHE,X,61
2022,"24: DIRITTI SOCIALI, POLITICHE SOCIALI E FAMIGLIA",384,"Art. 11, comma 1, D.L. 28 dicembre 2013, n. 149","Detrazione, nella misura del 26%, per erogazioni liberali in denaro, per importi compresi tra 30 euro e 30.000 euro annui, a favore di partiti politici iscritti nella prima sezione del registro nazionale dei partiti politici",IRPEF,A REGIME,DETRAZIONE,"-4,7","-4,7","-4,7",7.065,"-669,7",PERSONE FISICHE,X,61
2022,"24: DIRITTI SOCIALI, POLITICHE SOCIALI E FAMIGLIA",385,"Art. 11, comma 6, D.L. 28 dicembre 2013, n. 149","Detrazione del 26% delle erogazioni liberali in denaro ai partiti politici per importi compresi tra 30 euro e 30.000 euro annui. Sono esclusi gli enti nei quali vi sia una partecipazione pubblica o i cui titoli siano negoziati in mercati regolamentati nonché le società ed enti che controllano tali soggetti, nonché le società concessionarie dello Stato o di enti pubblici, per la durata del rapporto di concessione.",IRES,A REGIME,DETRAZIONE,Effetti di trascurabile entità,,,,,PERSONE GIURIDICHE,X,61
2022,"24: DIRITTI SOCIALI, POLITICHE SOCIALI E FAMIGLIA",386,"Art. 1, commi 125-129, L. 23 dicembre 2014, n. 190; art. 1, commi 248 e 249, L. 27 dicembre 2017, n. 205 (estensione); art. 23-quater, D.L. 23 ottobre 2018, n. 119 (estensione); art. 1, commi 340 e 341, L. 27 dicembre 2019, n. 160 (estensione); art. 1, comma 362, L. 30 dicembre 2020, n. 178 (estensione)",Proroga per l'anno 2021 dell'assegno (bonus bebè) di importo pari a 960 euro annui per ogni figlio nato o adottato. L'assegno non concorre alla formazione del reddito ed è erogato mensilmente a decorrere dal mese di nascita o adozione.,IRPEF,2021,ESCLUSIONE,"0,0","0,0","0,0",,,PERSONE FISICHE,X,61
2022,"24: DIRITTI SOCIALI, POLITICHE SOCIALI E FAMIGLIA",387,"Art. 1, commi 392-395, L. 28 dicembre 2015, n. 208; D.M. 1 giugno 2016 (modalità applicative); art. 1, commi 478, 479 e 480, L. 30 dicembre 2018, n. 145 (proroghe e modifiche); art. 63, comma 5, del D.L. 25 maggio 2021, n. 73 (proroga e modifiche); art. 5, comma 3, lett. a) e b), D.L. 23 luglio 2021, n. 105 (proroga e modifiche); art. 1, comma 135, lett. a) e b), L. 30 dicembre 2021, n. 234 (proroga e modifiche);","Credito d'imposta riconosciuto a favore delle fondazioni bancarie per i versamenti effettuati nel ""Fondo per il contrasto della povertà educativa minorile"" di cui al comma 392 dell'articolo 1 della legge n. 208 del 2015. Il credito d'imposta è riconosciuto in misura pari al 75% dei versamenti effettuati al predetto Fondo negli anni 2016, 2017, 2018 e 2024 e pari al 65% negli anni 2019, 2020, 2021, 2022 e 2023, fino ad esaurimento delle risorse disponibili, pari a 100 milioni di euro annui per ciascuno degli anni 2016, 2017 e 2018, a 55 milioni di euro per ciascuno degli anni dal 2019 al 2022, a 45 milioni di euro per l'anno 2023 e a 25 milioni di euro per l'anno 2024, secondo l'ordine temporale in cui le fondazioni comunicano l'impegno a finanziare i progetti individuati.",,2024,CREDITO D'IMPOSTA,"-45,0","-25,0","0,0",,,FONDAZIONI BANCARIE,X,61
2022,"24: DIRITTI SOCIALI, POLITICHE SOCIALI E FAMIGLIA",388,"Art. 6, comma 1, L. 22 giugno 2016, n. 112","Esenzione imposta sulle successioni e donazioni, sui conferimenti in trust, ovvero sulle costituzioni di vincoli di destinazione di cui all'art. 2645-ter c.c. ovvero sulle destinazione a fondi speciali, in favore delle persone con disabilita' grave",IMPOSTE SU SUCCESSIONI E DONAZIONI,A REGIME,ESENZIONE,"-9,1","-9,1","-9,1",,,SOGGETTI E CATEGORIE PARTICOLARI,X,61
2022,"24: DIRITTI SOCIALI, POLITICHE SOCIALI E FAMIGLIA",389,"Art. 6, comma 4, L. 22 giugno 2016, n. 112","Esenzione dall'imposta sulle successioni e donazioni, imposte di registro, ipotecaria e catastale in misura fissa in caso di premorienza del beneficiario rispetto ai soggetti che hanno istituito il trust, ovvero stipulato i fondi speciali o costituito il vincolo di destinazione di cui all'art. 2645-ter del codice civile, sui trasferimenti di beni a favore dei suddetti soggetti.",IMPOSTA SU SUCCESSIONI E DONAZIONI E ALTRE INDIRETTE,A REGIME,ESENZIONE/IMPOS TA IN MISURA FISSA,,,,,,SOGGETTI E CATEGORIE PARTICOLARI,X,61
2022,"24: DIRITTI SOCIALI, POLITICHE SOCIALI E FAMIGLIA",390,"Art. 6, comma 6, L. 22 giugno 2016, n. 112","Applicazione delle imposte di registro, ipotecaria e catastale in misura fissa sugli atti traslativi a titolo oneroso a favore di trust, vincoli di destinazione e fondi speciali istituiti in favore delle persone con disabilita' grave",IMPOSTE SU SUCCESSIONI E DONAZIONI,A REGIME,IMPOSTA IN MISURA FISSA,,,,,,SOGGETTI E CATEGORIE PARTICOLARI,X,61
2022,"24: DIRITTI SOCIALI, POLITICHE SOCIALI E FAMIGLIA",391,"Art. 6, comma 7, L. 22 giugno 2016, n. 112","Gli atti, i documenti, le istanze e i contratti e ogni altro documento posto in essere o richiesto dal trustee ovvero dal fiduciario del fondo speciale ovvero dal gestore del vincolo di destinazione istituiti in favore delle persone con disabilità grave sono esenti dall'imposta di bollo.",IMPOSTA DI BOLLO,A REGIME,ESENZIONE,,,,,,SOGGETTI E CATEGORIE PARTICOLARI,X,61
2022,"24: DIRITTI SOCIALI, POLITICHE SOCIALI E FAMIGLIA",392,"Art. 6, comma 9, L. 22 giugno 2016, n. 112 (norma istitutiva); Art. 89, comma 10, D.Lgs. 3 luglio 2017, n. 117 (modifica); Art. 31, comma 2, lett. b), D.Lgs. 3 agosto 2018, n. 105 (sostituzione)","Applicazione delle agevolazioni di cui all'articolo 83, commi 1, secondo periodo (detrazione del 35%), e comma 2 (deduzione dal reddito complessivo netto nel limite del 10 per cento del reddito complessivo dichiarato), del D.Lgs. 117/2017 alle erogazioni liberali, alle donazioni e agli altri atti a titolo gratuito effettuati dai privati nei confronti dei trust ovvero dei fondi speciali per il sostegno delle persone con disabilità grave (cd. ""DOPO DI NOI"").",IRPEF/IRES,A REGIME,DETRAZIONE/DED UZIONE,"-0,7","-0,7","-0,7",1.567,"-446,7",PERSONE FISICHE E GIURIDICHE,X,61
2022,"24: DIRITTI SOCIALI, POLITICHE SOCIALI E FAMIGLIA",393,"Art. 38, D.L. 17 ottobre 2016, n. 189 per l'attuazione vedi D.P.C.M. di concerto con MEF 26 ottobre 2018","Credito d'imposta riconosciuto ai datori di lavoro pubblici e privati in relazione agli emolumenti versati al lavoratore legittimamente impegnato come volontario di protezione civile, in misura pari agli importi effettivamente spettanti (cedibile) e utilizzabile esclusivamente in compensazione",,A REGIME,CREDITO D'IMPOSTA,"-0,7","-0,7","-0,7",,,IMPRESE E SOCIETA',X,62
2022,"24: DIRITTI SOCIALI, POLITICHE SOCIALI E FAMIGLIA",394,"Art. 1, comma 51, L. 11 dicembre 2016, n. 232","Regime fiscale agevolato per gli operatori bancari di finanza etica e sostenibile (nel de minimis) Non concorre a formare il reddito imponibile ai sensi dell'articolo 81 del testo unico delle imposte sui redditi, di cui al decreto del Presidente della Repubblica 22 dicembre 1986, n. 917, degli operatori bancari di finanza etica e sostenibile una quota pari al 75 per cento delle somme destinate a incremento del capitale proprio.",IRES,A REGIME,ESCLUSIONE,"-1,0","0,0","0,0",,,SOGGETTI E CATEGORIE PARTICOLARI,X,62
2022,"24: DIRITTI SOCIALI, POLITICHE SOCIALI E FAMIGLIA",395,"Art. 1, comma 249, L. 11 dicembre 2016, n. 232","Le pensioni a favore dei superstiti di assicurato o pensionato percepite dagli orfani, concorrono alla formazione del reddito complessivo per l'importo eccedente 1.000 Euro.",IRPEF,A REGIME,ESCLUSIONE,"-16,7","-16,7","-16,7",66.779,"-250,7",PERSONE FISICHE,X,62
2022,"24: DIRITTI SOCIALI, POLITICHE SOCIALI E FAMIGLIA",396,"Art. 16, D.Lgs. 3 luglio 2017, n. 112","Deducibilità ai fini dell'imposta sui redditi della quota non superiore al 3 per cento degli utili netti annuali, dedotte eventuali perdite maturate negli esercizi precedenti, erogata dalle imprese sociali a fondi istituiti dagli enti rappresentativi delle imprese sociali e dalle associazioni nazionali di rappresentanza, assistenza, tutela e revisione del movimento cooperativo, nonché dalla Fondazione Italia Sociale, specificamente ed esclusivamente destinati alla promozione e allo sviluppo delle imprese sociali attraverso azioni ed iniziative di varia natura, quali il finanziamento di progetti di studio e di ricerca in tema di impresa sociale o di attività di formazione dei lavoratori dell'impresa sociale, la promozione della costituzione di imprese sociali o di loro enti associativi, o il finanziamento di specifici programmi di sviluppo di imprese sociali o di loro enti associativi",IRPEF/IRES,A REGIME (IN ATTESA DI AUTORIZZAZIONE CE),DEDUZIONE,Effetti di trascurabile entità,,,,,IMPRESE SOCIALI,,62
2022,"24: DIRITTI SOCIALI, POLITICHE SOCIALI E FAMIGLIA",397,"Art. 18, comma 1, D.Lgs. 3 luglio 2017, n. 112, così come sostituito dall'art. 7, comma 1, lett. a), D.Lgs. 20 luglio 2018, n. 95",Non concorrenza alla formazione reddito imponibile imprese sociali degli utili e degli avanzi di gestione destinati ad apposita riserva,IRPEF/IRES,A REGIME (IN ATTESA DI AUTORIZZAZIONE CE),ESCLUSIONE,Stima compresa nella misura 398,,,,,IMPRESE SOCIALI,,62
2022,"24: DIRITTI SOCIALI, POLITICHE SOCIALI E FAMIGLIA",398,"Art. 18, comma 2, D.Lgs. 3 luglio 2017, n. 112, così come sostituito dall'art. 7, comma 1, lett. a), D.Lgs. 20 luglio 2018, n. 95",Non concorrenza alla formazione reddito imponibile degli utili e degli avanzi di gestione destinati ad aumento gratuito del capitale sociale,IRPEF/IRES,A REGIME (IN ATTESA DI AUTORIZZAZIONE CE),ESCLUSIONE,"-0,6","-0,6","-0,6",,,IMPRESE SOCIALI,,62
2022,"24: DIRITTI SOCIALI, POLITICHE SOCIALI E FAMIGLIA",399,"Art. 18, commi 3-5, D.Lgs. 3 luglio 2017, n. 112; art. 7, comma 1, lett. b), c), d), e), f), D.Lgs. 20 luglio 2018, n. 95 (modifica)","Incentivi fiscali all’investimento nelle imprese sociali: - detrazione dall'imposta lorda sul reddito delle persone fisiche pari al 30% della somma investita dal contribuente nel capitale sociale di una o più società, incluse società cooperative, che abbiano acquisito la qualifica di impresa sociale da non più di cinque anni; - non concorre alla formazione del reddito dei soggetti passivi dell'imposta sul reddito delle società il 30% della somma investita nel capitale sociale di una o più società, incluse società cooperative, che abbiano acquisito la qualifica di impresa sociale da non più di cinque anni.",IRPEF/IRES,A REGIME (IN ATTESA DI AUTORIZZAZIONE CE),DETRAZIONE/DED UZIONE,"-2,0","-2,0","-2,0",,,PERSONE FISICHE E GIURIDICHE,,62
2022,"24: DIRITTI SOCIALI, POLITICHE SOCIALI E FAMIGLIA",400,"Art. 62, comma 6, D.Lgs. 3 luglio 2017, n. 117","Credito d'imposta in favore delle fondazioni bancarie, per versamenti al FUN (Fondo Unico Nazionale) per il finanziamento dei CVS (Centri di Servizio per il Volontariato) nella misura del 100% (cedibile) utilizzabile esclusivamente in compensazione",,A REGIME,CREDITO D'IMPOSTA,"-10,0","-10,0","-10,0",,,FONDAZIONI BANCARIE,,62
2022,"24: DIRITTI SOCIALI, POLITICHE SOCIALI E FAMIGLIA",401,"Art. 77, comma 9, D.Lgs. 3 luglio 2017, n. 117","Assoggettamento alla ritenuta agevolata di cui all’articolo 31 del d.P.R. n. 601/1973, degli interessi, dei premi e di ogni altro provento prodotti dai titoli di solidarietà.",IMPOSTA SOSTITUTIVA,A REGIME,RIDUZIONE DI ALIQUOTA,"-1,0","-1,0","-1,0",,,"PERSONE FISICHE, ENTI E SOCIETA'",,62
2022,"24: DIRITTI SOCIALI, POLITICHE SOCIALI E FAMIGLIA",402,"Art. 77, comma 10, D.Lgs. 3 luglio 2017, n. 117",Credito d'imposta pari al 50% delle erogazioni liberali in danaro effettuate in favore degli enti del terzo settore dagli istituti di credito emittenti i titoli di solidarietà e commisurate all'ammontare nominale collocato di detti titoli di solidarietà utilizzabile esclusivamente in compensazione,,A REGIME (IN ATTESA DI AUTORIZZAZIONE CE),CREDITO D'IMPOSTA,"-0,6","-0,6","-0,6",,,BANCHE E ASSICURAZIONI,,62
2022,"24: DIRITTI SOCIALI, POLITICHE SOCIALI E FAMIGLIA",403,"Art. 77, comma 12, D.Lgs. 3 luglio 2017, n. 117",I titoli di solidarietà sono esclusi dalla base imponibile dell'imposta sulle successioni e donazioni,IMPOSTE SU SUCCESSIONI E DONAZIONI,A REGIME,ESCLUSIONE,Effetti di trascurabile entità,,,,,PERSONE FISICHE,X,62
2022,"24: DIRITTI SOCIALI, POLITICHE SOCIALI E FAMIGLIA",404,"Art. 77, comma 13, D.Lgs. 3 luglio 2017, n. 117",I titoli di solidarietà sono esclusi dalla base imponibile dell'imposta di bollo sulle comunicazioni relative ai dossier titoli.,IMPOSTA DI BOLLO,A REGIME,ESCLUSIONE,"-1,4","-1,4","-1,4",,,PERSONE FISICHE E GIURIDICHE,X,62
2022,"24: DIRITTI SOCIALI, POLITICHE SOCIALI E FAMIGLIA",405,"Art. 78, D.Lgs. 3 luglio 2017, n. 117, come modificato dall'art. 22, comma 1, D.Lgs. 3 agosto 2018, n. 105.","Assoggettamento a ritenuta alla fonte a titolo di imposta, con l'aliquota agevolata prevista dall'articolo 31 del d.P.R. n. 601 del 1973 degli importi percepiti a titolo di remunerazione dai soggetti che prestano fondi attraverso portali on line che svolgono attività di social lending, finalizzato al finanziamento e al sostegno delle attività di interesse generale svolte dagli enti del terzo settore.",IRPEF,A REGIME,RIDUZIONE DI ALIQUOTA,Effetti di trascurabile entità,,,,,"PERSONE FISICHE, ENTI E SOCIETA'",,63
2022,"24: DIRITTI SOCIALI, POLITICHE SOCIALI E FAMIGLIA",406,"Art. 79, comma 2-bis), D.Lgs. 3 luglio 2017, n. 117 (comma inserito dall'art. 24-ter, comma 3, D.L. 23 ottobre 2018, n. 119)","Non commercialità delle attività di cui all'art. 79, comma 2, qualora i ricavi non superino di oltre il 5 per cento i relativi costi per ciascun periodo d'imposta e per non oltre due periodi d'imposta consecutivi.",IRES,A REGIME (IN ATTESA DI AUTORIZZAZIONE CE),ESENZIONE,Non quantificabile,,,,,ASSOCIAZIONI ENTI NO PROFIT ONLUS,,63
2022,"24: DIRITTI SOCIALI, POLITICHE SOCIALI E FAMIGLIA",407,"Art. 79, comma 3, lett. b-bis), D.Lgs. 3 luglio 2017, n. 117 [lettera aggiunta dall'art. 1, comma 82, L. 30 dicembre 2018, n. 145; per l'applicabilità delle agevolazioni (nel de minimis) vedi l'art. 1, comma 83, L. 30 dicembre 2018, n. 145]","Non commercialità delle attività delle ex Ipab di cui alle lettere a), b), e c) dell'articolo 5 del d.lgs. 117/2017 (nel de minimis)",IRES,A REGIME,ESENZIONE,Non quantificabile,,,,,ASSOCIAZIONI ENTI NO PROFIT ONLUS,,63
2022,"24: DIRITTI SOCIALI, POLITICHE SOCIALI E FAMIGLIA",408,"Art. 80, D.Lgs. 3 luglio 2017, n. 117",Regime forfetario di determinazione del reddito d'impresa da parte di enti del terzo settore che svolgono in via principale o prevalente attività non commerciali,IRES,A REGIME (IN ATTESA DI AUTORIZZAZIONE CE),REGIME FORFETARIO,Stima compresa nella misura 420,,,,,ASSOCIAZIONI ENTI NO PROFIT ONLUS,,63
2022,"24: DIRITTI SOCIALI, POLITICHE SOCIALI E FAMIGLIA",409,"Art. 81, D.Lgs. 3 luglio 2017, n. 117","""Social Bonus"" - Credito d'imposta pari al 65 per cento delle erogazioni liberali in denaro effettuate da persone fisiche in favore di enti del Terzo settore.",IRPEF,A REGIME,CREDITO D'IMPOSTA,"-3,9","-3,9","-3,9",,,PERSONE FISICHE,,63
2022,"24: DIRITTI SOCIALI, POLITICHE SOCIALI E FAMIGLIA",410,"Art. 81, D.Lgs. 3 luglio 2017, n. 117; art. 25, comma 1, lett. a) e b), D.Lgs. 3 agosto 2018, n. 105 (modifiche)","Credito d'imposta (""Social bonus"") pari al 50% delle erogazioni liberali in denaro effettuate da enti o società in favore degli enti del terzo settore, che hanno presentato al Ministero del lavoro e delle politiche sociali un progetto per sostenere il recupero degli immobili pubblici inutilizzati e dei beni mobili e immobili confiscati alla criminalità organizzata assegnati ai suddetti enti del terzo settore e da questi utilizzati esclusivamente per lo svolgimento di attività di interesse generale con modalità non commerciali, utilizzabile in compensazione.",IRES,A REGIME,CREDITO D'IMPOSTA,"-29,9","-29,9","-29,9",,,ENTI E SOCIETA',,63
2022,"24: DIRITTI SOCIALI, POLITICHE SOCIALI E FAMIGLIA",411,"Art. 82, comma 2, D.lgs. 3 luglio 2017, n. 117","Esenzione imposta sulle successioni e donazioni, ipotecaria e catastale, sui trasferimenti a titolo gratuito a favore degli enti del terzo settore.","IMPOSTE SU SUCCESSIONI, DONAZIONI E ALTRE INDIRETTE",A REGIME,ESENZIONE,Non quantificabile,,,,,ASSOCIAZIONI ENTI NO PROFIT ONLUS,,63
2022,"24: DIRITTI SOCIALI, POLITICHE SOCIALI E FAMIGLIA",412,"Art. 82, comma 3, D.lgs. 3 luglio 2017, n. 117","Le imposte di registro, ipotecaria e catastale sono dovute in misura fissa sugli atti costitutivi e le modifiche statutarie, comprese le operazioni di fusione, scissione o trasformazione, poste in essere da enti del Terzo settore. Le modifiche statutarie sono esenti dall'imposta di registro se hanno lo scopo di adeguare gli atti a modifiche normative. Gli atti costitutivi e quelli connessi allo svolgimento delle attivita' delle organizzazioni di volontariato sono esenti dall'imposta di registro.",IMPOSTE DI REGISTRO E IPOCATASTALI,A REGIME,ESENZIONE E MISURA FISSA,Non quantificabile,,,,,ASSOCIAZIONI ENTI NO PROFIT ONLUS,,63
2022,"24: DIRITTI SOCIALI, POLITICHE SOCIALI E FAMIGLIA",413,"Art. 82, comma 4, D.lgs. 3 luglio 2017, n. 117","Le imposte di registro, ipotecaria e catastale si applicano in misura fissa per gli atti traslativi a titolo oneroso di beni immobili a favore degli enti del Terzo settore",IMPOSTE DI REGISTRO E IPOCATASTALI,A REGIME,IMPOSTA IN MISURA FISSA,Non quantificabile,,,,,ASSOCIAZIONI ENTI NO PROFIT ONLUS,,63
2022,"24: DIRITTI SOCIALI, POLITICHE SOCIALI E FAMIGLIA",414,"Art. 82, comma 5, D.lgs. 3 luglio 2017, n. 117","Gli atti, i documenti, le istanze e i contratti e ogni altro documento posto in essere o richiesto dagli enti del Terzo settore sono esenti dall'imposta di bollo.",IMPOSTA DI BOLLO,A REGIME,ESENZIONE,Non quantificabile,,,,,ASSOCIAZIONI ENTI NO PROFIT ONLUS,,63
2022,"24: DIRITTI SOCIALI, POLITICHE SOCIALI E FAMIGLIA",415,"Art. 83, commi 1-4, D.Lgs. 3 luglio 2017, n. 117; art. 27, comma 1, D.Lgs. 3 agosto 2018, n. 105 e art. 24-ter, comma 4, D.L. n. 119/2018 (modifiche)",Detrazioni e deduzioni per erogazioni liberali in denaro e in natura in favore degli enti del terzo settore,IRPEF/IRES,A REGIME,DETRAZIONE/DED UZIONE,"-24,0","-24,0","-24,0",48.710,"-493,5","PERSONE FISICHE, ENTI E SOCIETA'",,63
2022,"24: DIRITTI SOCIALI, POLITICHE SOCIALI E FAMIGLIA",416,"Art. 83, comma 5, D.Lgs. 3 luglio 2017, n. 117; art. 5-quater, comma 1, D.L. 16 ottobre 2017, n. 148 (modifica)","Detrazioni per contributi associativi versati alle società di mutuo soccorso. Dall'imposta lorda si detrae un importo pari al 19 per cento dei contributi associativi per un importo non superiore a 1.300 euro versati dai soci alle società di mutuo soccorso che operano esclusivamente nei settori di cui all'articolo 1 della legge 15 aprile 1886, n. 3818, al fine di assicurare ai soci un sussidio nei casi di malattia, di impotenza al lavoro o di vecchiaia, ovvero, in caso di decesso, un aiuto alle loro famiglie",IRPEF/IRES,A REGIME,DETRAZIONE,Stima compresa nella misura 420,,,,,"PERSONE FISICHE, ENTI E SOCIETA'",,63
2022,"24: DIRITTI SOCIALI, POLITICHE SOCIALI E FAMIGLIA",417,"Art. 84, comma 2, D.Lgs. 3 luglio 2017, n. 117",Non concorrenza dei redditi degli immobili destinati in via esclusiva o principale allo svolgimento di attività non commerciale da parte delle organizzazioni di volontariato,IRES,A REGIME,ESCLUSIONE,Stima compresa nella misura 420,,,,,ASSOCIAZIONI ENTI NO PROFIT ONLUS,,64
2022,"24: DIRITTI SOCIALI, POLITICHE SOCIALI E FAMIGLIA",418,"Art. 85, commi 2 e 4, D.Lgs. 3 luglio 2017, n. 117",Decommercializzazione di determinate attività effettuate dalle associazioni di promozione sociale (in de minimis),IRES,A REGIME,ESCLUSIONE,Stima compresa nella misura 420,,,,,ASSOCIAZIONI ENTI NO PROFIT ONLUS,,64
2022,"24: DIRITTI SOCIALI, POLITICHE SOCIALI E FAMIGLIA",419,"Art. 85, comma 7, D.Lgs. 3 luglio 2017, n. 117",Non concorrenza dei redditi degli immobili destinati in via esclusiva o principale allo svolgimento di attività non commerciale da parte delle associazioni di promozione sociale,IRES,A REGIME,ESCLUSIONE,Stima compresa nella misura 420,,,,,ASSOCIAZIONI ENTI NO PROFIT ONLUS,,64
2022,"24: DIRITTI SOCIALI, POLITICHE SOCIALI E FAMIGLIA",420,"Art. 86, D.Lgs. 3 luglio 2017, n. 117; art. 29, comma 1, D.Lgs. 3 agosto 2018, n. 105 (modifica)",Regime forfetario di determinazione del reddito per attività commerciali svolte dalle organizzazioni di volontariato e dalle associazioni di promozione sociale,IRES,A REGIME (IN ATTESA DI AUTORIZZAZIONE CE),REGIME FORFETARIO,"-28,5","-28,5","-28,5",,,ASSOCIAZIONI ENTI NO PROFIT ONLUS,,64
2022,"24: DIRITTI SOCIALI, POLITICHE SOCIALI E FAMIGLIA",421,"Art. 1, commi 201-204, L. 27 dicembre 2017, n. 205; art. 1, comma 478, L. 30 dicembre 2018, n. 145 (riduzione stanziamento); art. 63, comma 7, D.L. 25 maggio 2021, n. 73 (proroga)","Credito d'imposta pari al 65% in favore delle fondazioni bancarie, esclusivamente in compensazione, nell'ambito dell'attività non commerciale",,2022,CREDITO D'IMPOSTA,"0,0","0,0","0,0",,,FONDAZIONI BANCARIE,,64
2022,"24: DIRITTI SOCIALI, POLITICHE SOCIALI E FAMIGLIA",422,"Art. 1, commi 13-16, L. 30 dicembre 2018, n. 145","Imposta sostitutiva sui compensi da lezioni private e ripetizioni A decorrere dal 1° gennaio 2019, ai compensi derivanti dall'attività di lezioni private e ripetizioni, svolta dai docenti titolari di cattedre nelle scuole di ogni ordine e grado, si applica un'imposta sostitutiva dell'imposta sul reddito delle persone fisiche e delle addizionali regionali e comunali con l'aliquota del 15 per cento, salva opzione per l'applicazione dell'imposta sul reddito nei modi ordinari.",IRPEF,A REGIME,REGIME SOSTITUTIVO,"-0,3","-0,3","-0,3",,,PERSONE FISICHE,,64
2022,"24: DIRITTI SOCIALI, POLITICHE SOCIALI E FAMIGLIA",423,"Art. 19, comma 1, D.L. 26 ottobre 2019, n. 124",I premi attribuiti dalla lotteria nazionale degli scontrini non concorrono a formare il reddito del percipiente per l'intero ammontare corrisposto nel periodo d'imposta e non sono assoggettati ad alcun prelievo erariale.,IRPEF,A REGIME,ESCLUSIONE,"0,0","0,0","0,0",,,PERSONE FISICHE,,64
2022,"24: DIRITTI SOCIALI, POLITICHE SOCIALI E FAMIGLIA",424,"Art. 29. commi 5 e 6, D.L. 6 novembre 2021, n. 152","Contributo, sotto forma di credito d'imposta, riconosciuto a favore delle fondazioni bancarie, che nell'ambito della propria attività istituzionale effettuano versamenti al «Fondo per la Repubblica Digitale» istituito ai sensi del comma 1 dell'articolo 29 del D.L. n. 152 del 2021. In particolare, il credito d'imposta spetta in misura pari al 65% dei versamenti effettuati al Fondo per gli anni 2022 e 2023 e al 75 per cento per gli anni 2024, 2025 e 2026. Le risorse disponibili vengono individuate con uno o più decreti del Presidente del consiglio dei ministri o del Ministro delegato per l'innovazione tecnologica o la transizione digitale.",,2026,CREDITO D'IMPOSTA,Non quantificabile,,,,,FONDAZIONI BANCARIE,,64
2022,"24: DIRITTI SOCIALI, POLITICHE SOCIALI E FAMIGLIA",425,"Art. 2-bis, D.L. 17 maggio 2022 n. 50, inserito dalla legge di conversione 15 luglio 2022, n. 91",Esclusione dal reddito dell'indennità una tantum pari a 550 euro erogata nel 2022 a favore dei lavoratori dipendenti di aziende private titolari nell'anno 2021 di un contratto di lavoro a tempo parziale ciclico verticale che preveda periodi non interamente lavorati di almeno un mese in via continuativa e complessivamente non inferiori a sette settimane e non superiori a venti settimane e che non siano titolari di altro rapporto di lavoro dipendente né percettori della NASpI o di un trattamento pensionistico.,IRPEF,2022,ESCLUSIONE,"0,0","0,0","0,0",,,PERSONE FISICHE,,64
2022,"24: DIRITTI SOCIALI, POLITICHE SOCIALI E FAMIGLIA",426,"Art. 31, D.L. 17 maggio 2022, n. 50 (norma istitutiva)","Esclusione dal reddito dell'indennità una tantum pari a 200 euro erogata nel 2022 a favore dei lavoratori dipendenti, sia pubblici che privati, che non sono titolari di trattamenti pensionistici né di altre specifiche tipologie di trattamenti e che rientrano in specifici limiti reddituali.",IRPEF,2022,ESCLUSIONE,"0,0","0,0","0,0",,,PERSONE FISICHE,,64
2022,"24: DIRITTI SOCIALI, POLITICHE SOCIALI E FAMIGLIA",427,"Art. 32, commi da 1 a 6, D.L. 17 maggio 2022, n. 50 (norma istitutiva)",Esclusione dal reddito dell'indennità una tantum pari a 200 euro erogata nel 2022 a favore dei pensionati con reddito non superiore per l'anno 2021 a 35.000 euro.,IRPEF,2022,ESCLUSIONE,"0,0","0,0","0,0",,,PERSONE FISICHE,,64
2022,"24: DIRITTI SOCIALI, POLITICHE SOCIALI E FAMIGLIA",428,"Art. 32, comma 8, D.L. 17 maggio 2022, n. 50 (norma istitutiva)",Esclusione dal reddito dell'indennità una tantum pari a 200 euro erogata nel 2022 a favore dei lavoratori domestici.,IRPEF,2022,ESCLUSIONE,"0,0","0,0","0,0",,,PERSONE FISICHE,,64
2022,"24: DIRITTI SOCIALI, POLITICHE SOCIALI E FAMIGLIA",429,"Art. 32, commi da 9 a 18, D.L. 17 maggio 2022, n. 50 (norma istitutiva)","Esclusione dal reddito dell'indennità una tantum pari a 200 euro erogata nel 2022 a favore di: percettori di NASPI, DIS-COLL e indennità di disoccupazione agricola; titolari di rapporti di collaborazione coordinata e continuativa; lavoratori stagionali del turismo, degli stabilimenti termali, dello spettacolo e dello sport; lavoratori stagionali che nel 2021 abbiano svolto la prestazione per almeno 50 giornate e abbiano avuto un reddito di importo non superiore a 35.000 euro; lavoratori iscritti al Fondo pensione lavoratori dello spettacolo che, nel 2021 abbiano almeno 50 contributi giornalieri versati e un reddito di importo non superiore a 35.000 euro; lavoratori autonomi, privi di partita IVA, che nel 2021 siano stati titolari di contratti di lavoro autonomo occasionale e per i quali ricorrano specifiche condizioni; incaricati delle vendite a domicilio con reddito nell'anno 2021 superiore a 5.000 euro; percettori di reddito di cittadinanza.",IRPEF,2022,ESCLUSIONE,"0,0","0,0","0,0",,,PERSONE FISICHE,,65
2022,25: POLITICHE PREVIDENZIALI,430,"Art. 2, Tariffa speciale-Allegato B, L. 29 ottobre 1961, n. 1216",Sui premi relativi ai contratti di assicurazione integrativa degli impiegati civili e militari dello Stato l'imposta sulle assicurazioni si applica in misura ridotta a un quarto,IMPOSTA SULLE ASSICURAZIONI,A REGIME,RIDUZIONE DI ALIQUOTA,Non quantificabile,,,,,SOGGETTI E CATEGORIE PARTICOLARI,X,65
2022,25: POLITICHE PREVIDENZIALI,431,"Art. 10, comma 2, TUIR (norma istitutiva); Art. 30, commi 1 e 2, L. 21 novembre 2000, n. 342",Deduzione delle spese mediche e di assistenza specifica necessarie nei casi di grave e permanente invalidita' o menomazione e deduzione dei contributi previdenziali versati per gli addetti ai servizi domestici e all'assistenza personale e familiare,IRPEF,A REGIME,DEDUZIONE,"-139,0","-139,0","-139,0",640.550,"-217,0",PERSONE FISICHE,X,65
2022,25: POLITICHE PREVIDENZIALI,432,"Art. 52, comma 1, lett. d-bis, TUIR","Sui lavori socialmente utili svolti da soggetti che hanno raggiunto l'età per la pensione di vecchiaia e che hanno un reddito complessivo non superiore a € 9296,22 al netto del reddito derivante dall'abitazione principale, si applica, sulla parte dei lavori socialmente utili che eccede € 3098,74, l'aliquota del 23%, maggiorata delle addizionali vigenti",IRPEF,A REGIME,RIDUZIONE DI ALIQUOTA,Effetti di trascurabile entità,,,,,PERSONE FISICHE,X,65
2022,25: POLITICHE PREVIDENZIALI,433,"Art. 76, comma 1, L. 30 dicembre 1991, n. 413","Le rendite corrisposte in Italia da parte della assicurazione invalidità, vecchiaia e superstiti Svizzera (AVS), maturata sulla base anche di contributi previdenziali tassati alla fonte in Svizzera, sono assoggettate a ritenuta unica a titolo d'imposta del 5 per cento da parte degli istituti italiani, quali sostituti d'imposta, per il cui tramite l'AVS Svizzera le eroga ai beneficiari in Italia",IMPOSTA SOSTITUTIVA,A REGIME,REGIME SOSTITUTIVO,"-562,8","-562,8","-562,8",54.694,"-10.289,8",SOGGETTI E CATEGORIE PARTICOLARI,X,65
2022,25: POLITICHE PREVIDENZIALI,434,"Art. 76, comma 1-bis, L. 30 dicembre 1991, n. 413 introdotto dall'art. 55-quinquies, D.L. 24 aprile 2017 n. 50 del 2017 convertito, con modificazioni, dalla L. 21 giugno 2017, n. 96","Applicazione della ritenuta a titolo d'imposta del 5 per cento, a cura degli intermediari finanziari italiani che intervengono nel pagamento, sulle somme corrisposte in Italia da parte della gestione della previdenza professionale per la vecchiaia, i superstiti e l'invalidita' svizzera (LPP), ivi comprese le prestazioni erogate dagli enti o istituti svizzeri di prepensionamento, maturate sulla base anche di contributi previdenziali tassati alla fonte in Svizzera e in qualunque forma erogate",IMPOSTA SOSTITUTIVA,A REGIME,REGIME SOSTITUTIVO,Non quantificabile,,,,,SOGGETTI E CATEGORIE PARTICOLARI,,65
2022,25: POLITICHE PREVIDENZIALI,435,"Art. 2, comma 5-bis, D.Lgs. 30 aprile 1997, n. 184","Deduzione a favore dell'interessato dei contributi versati per il riscatto del periodo di corso di laurea ovvero detrazione, nella misura del 19 per cento, degli stessi contributi versati a favore dei soggetti di cui l'interessato risulta essere a carico",IRPEF,A REGIME,DETRAZIONE/DED UZIONE,"-1,3","-1,3","-1,3",2.134,"-609,2",PERSONE FISICHE,X,65
2022,25: POLITICHE PREVIDENZIALI,436,"Art. 3, comma 2, art. 4, comma 4 e art. 8, comma 2, L. 3 agosto 2004, n. 206",Esenzione dall'IRPEF delle pensioni e delle indennità corrisposte alle vittime del terrorismo e delle stragi di tale matrice,IRPEF,A REGIME,ESENZIONE,"-3,6","-3,6","-3,6",,,PERSONE FISICHE,X,65
2022,25: POLITICHE PREVIDENZIALI,437,"Art. 8, comma 4, D.Lgs. 5 dicembre 2005, n. 252 (norma istitutiva); Art. 10, comma 1, lett. e-bis), TUIR","Deduzione dal reddito imponibile, per un importo non superiore ad euro 5.164,57, dei contributi versati alle forme di previdenza complementari italiane ed estere localizzate nei Paesi dell'UE e del SEE.",IRPEF,A REGIME,DEDUZIONE,"-2.472,9","-2.472,9","-2.472,9",4.661.215,"-530,5",PERSONE FISICHE,X,65
2022,25: POLITICHE PREVIDENZIALI,438,"Art. 1, comma 219, L. 27 dicembre 2017, n. 205",Esenzione IRPEF per le pensioni di reversibilità percepite dai familiari delle vittime dell'attentato terroristico a Dacca,IRPEF,A REGIME,ESENZIONE,Effetti di trascurabile entità,,,,,PERSONE FISICHE,,65
2022,25: POLITICHE PREVIDENZIALI,439,"Art. 1, comma 156, L. 27 dicembre 2017, n. 205",Applicazione ai dipendenti pubblici delle disposizioni concernenti la deducibilità dei premi e contributi versati e il regime di tassazione delle prestazioni previste per la previdenza complementare nel settore privato.,IRPEF,A REGIME,REGIME SOSTITUTIVO,Stima compresa nella misura 437,,,,,PERSONE FISICHE,,65
2022,26: POLITICHE PER IL LAVORO,440,"Art. 3, comma 3, d.P.R. 26 ottobre 1972, n. 633","Non assoggettamento ad IVA delle somministrazioni gratuite nelle mense aziendali, delle prestazioni di trasporto, didattiche, educative e ricreative, di assistenza sociale e sanitaria, a favore del personale dipendente.",IVA,A REGIME,ESCLUSIONE,Non quantificabile,,,,,PERSONE FISICHE,X,65
2022,26: POLITICHE PER IL LAVORO,441,"Art. 3, d.P.R. 29 settembre 1973, n. 601","Esenzione dall'IRPEF delle retribuzioni di qualsiasi natura, le pensioni e le indennità di fine rapporto corrisposte dalla Santa Sede e dagli enti dalla stessa gestiti ai propri dipendenti",IRPEF,A REGIME,ESENZIONE,"-10,2","-10,2","-10,2",,,SOGGETTI E CATEGORIE PARTICOLARI,X,65
2022,26: POLITICHE PER IL LAVORO,442,"Art. 4, comma 1, d.P.R. 29 settembre 1973, n. 601",Esenzione dall'IRPEF dei redditi derivanti dall'esercizio della funzione di ambasciatori e agenti diplomatici degli Stati esteri accreditati in Italia.,IRPEF,A REGIME,ESENZIONE,"-10,0","-10,0","-10,0",,,SOGGETTI E CATEGORIE PARTICOLARI,X,66
2022,26: POLITICHE PER IL LAVORO,443,"Art. 34, commi 1, 2, 3, d.P.R. 29 settembre 1973 n. 601","Esenzione dall'IRPEF: - delle pensioni di guerra di ogni tipo, delle relative indennità accessorie, degli assegni connessi alle pensioni privilegiate ordinarie, delle pensioni connesse alle decorazioni dell'ordine militare d'Italia, nonché delle pensioni privilegiate ordinarie corrisposte ai militari di leva e delle pensioni tabellari spettanti per menomazioni subite durante il servizio di leva obbligatorio (comma 1); - della pensione reversibile, della tredicesima mensilità e delle indennità di accompagnamento, percepite dai ciechi civili ai sensi della legge 27 maggio 1970, n. 382 (comma 2); - dei sussidi corrisposti dallo Stato e da altri enti pubblici a titolo assistenziale (comma 3).",IRPEF,A REGIME,ESENZIONE,"-3.328,3","-3.328,3","-3.328,3",3.982.674,"-835,7",PERSONE FISICHE,X,66
2022,26: POLITICHE PER IL LAVORO,444,"L. 26 luglio 1975, n. 386, comma 1, Accordo Italo Svizzero",La remunerazione che un lavoratore frontaliero (residente entro 20 KM dal confine svizzero) riceve in corrispettivo di una attività dipendente è imponibile soltanto nello Stato in cui tale attività è svolta,IRPEF,A REGIME,ESCLUSIONE,"-338,7","-338,7","-338,7",58.813,"-5.758,2",SOGGETTI E CATEGORIE PARTICOLARI,X,66
2022,26: POLITICHE PER IL LAVORO,445,"Art. 10, comma 1, lett. f), TUIR","Deduzione delle somme corrisposte ai dipendenti, chiamati ad adempiere funzioni presso gli uffici elettorali",IRPEF,A REGIME,DEDUZIONE,"-4,9","-4,9","-4,9",,,PERSONE FISICHE,X,66
2022,26: POLITICHE PER IL LAVORO,446,"Art. 24, comma 3-bis, TUIR, inserito dall'art. 7, comma 1, L. 30 ottobre 2014, n. 161 e modificato dall'art. 1, comma 954, lettera c), L. 28 dicembre 2015, n. 208",Riconoscimento di tutte le agevolazioni fiscali previste per i residenti in Italia ai soggetti non residenti che p P r a o e d s u e c d o i n r o e s i i n d e It n a z l a ia . P al r m oc e e n d o u i r l a 7 d 5 i % in f d r e a l z l i o o r n o e r n e . d 2 d 0 it 1 o 3 c /2 o 0 m 2 p 7 lessivo e che non godono di analoghe agevolazioni nel,IRPEF,A REGIME,DETRAZIONE/DED UZIONE,"-3,6","-3,6","-3,6",3.084,"-1.172,5",PERSONE FISICHE,X,66
2022,26: POLITICHE PER IL LAVORO,447,"Art. 51, comma 2, lett. c), TUIR (norma istitutiva), come da ultimo modificata dall' art. 1, comma 677, L. 27 dicembre 2019 n. 160","Non concorrono a formare il reddito le somministrazioni di vitto da parte del datore di lavoro, quelle in mense organizzate direttamente dal datore di lavoro o gestite da terzi, le prestazioni sostitutive delle somministrazioni di vitto nel limite di 4,00 euro aumentato a 8,00 euro nel caso in cui le stesse siano rese in forma elettronica, nonché le indennita' sostitutive delle somministrazioni di vitto corrisposte agli addetti ai cantieri edili, ad altre strutture lavorative a carattere temporaneo o ad unità produttive ubicate in zone dove manchino strutture o servizi di ristorazione fino all'importo complessivo giornaliero di euro 5,29",IRPEF,A REGIME,ESCLUSIONE,"-641,6","-641,6","-641,6",2.800.000,"-229,1",PERSONE FISICHE,X,66
2022,26: POLITICHE PER IL LAVORO,448,"Art. 51, comma 2, lett. d), TUIR",Non concorrono a formare il reddito le prestazioni di servizi di trasporto collettivo rese alla generalità o a categorie di dipendenti; anche se affidate a terzi ivi compresi gli esercenti servizi pubblici.,IRPEF,A REGIME,ESCLUSIONE,Non quantificabile,,,,,PERSONE FISICHE,X,66
2022,26: POLITICHE PER IL LAVORO,449,"Art. 51, comma 2, lett. d-bis), TUIR, lettera inserita dall’ art. 1, comma 28, lett. b), L. 27 dicembre 2017 n. 205","Non concorrono a formare il reddito le somme erogate o rimborsate alla generalità o a categorie di dipendenti dal datore di lavoro o le spese da quest'ultimo direttamente sostenute, volontariamente o in conformità a disposizioni di contratto, di accordo o di regolamento aziendale, per l'acquisto degli abbonamenti per il trasporto pubblico locale, regionale e interregionale del dipendente e dei familiari fiscalmente a carico.",IRPEF,A REGIME,ESCLUSIONE,"-5,1","-5,1","-5,1",,,PERSONE FISICHE,,66
2022,26: POLITICHE PER IL LAVORO,450,"Art. 51, comma 2, lett. e), TUIR","Non concorrono a formare il reddito i compensi reversibili delle indennità e dei compensi percepiti a carico di terzi dai prestatori di lavoro dipendente per incarichi svolti in relazione a tale qualità, nonché delle indennità, dei gettoni di presenza e degli altri compensi corrisposti dallo Stato, dalle regioni, dalle province e dai comuni per l'esercizio di pubbliche funzioni.",IRPEF,A REGIME,ESCLUSIONE,"-59,2","-59,2","-59,2",51.146,"-1.156,8",PERSONE FISICHE,X,66
2022,26: POLITICHE PER IL LAVORO,451,"Art. 51, comma 2, lett. f), TUIR, lettera sostituita dall'art. 1, comma 190, lettera a), n. 1, L. 28 dicembre 2015, n. 208, come interpretata autenticamente dall'art. 1, comma 162, L. 11 dicembre 2016 n. 232.","Non concorrono a formare il reddito l'utilizzazione delle opere e dei servizi riconosciuti dal datore di lavoro volontariamente o in conformità di disposizioni di contratto, accordo o regolamento aziendale, offerti alla generalità dei dipendenti, categorie di dipendenti o familiari di cui all'art. 12 del TUIR per le finalità di cui al comma 1 dell'art. 100 del citato TUIR.",IRPEF,A REGIME,ESCLUSIONE,Non quantificabile,,,,,PERSONE FISICHE,X,66
2022,26: POLITICHE PER IL LAVORO,452,"Art. 51, comma 2, lett. f-bis), TUIR, lettera sostituita, da ultimo, dall'art. 1, comma 190, lettera a), n. 2, L. 28 dicembre 2015, n. 208","Non concorrono a formare il reddito le somme, i servizi e le prestazioni erogati dal datore di lavoro alla generalità dei dipendenti o a categorie di dipendenti per la fruizione, da parte dei familiari indicati nell'articolo 12, dei servizi di educazione e istruzione anche in età prescolare, compresi i servizi integrativi e di mensa ad essi connessi, nonché per la frequenza di ludoteche e di centri estivi e invernali e per borse di studio a favore dei medesimi familiari",IRPEF,A REGIME,ESCLUSIONE,"-41,3","-41,3","-41,3",192.116,"-215,1",PERSONE FISICHE,X,66
2022,26: POLITICHE PER IL LAVORO,453,"Art. 51, comma 2, lett. f-ter), del TUIR lettera inserita dall'art. 1, comma 190, lettera a), n. 3, L. 28 dicembre 2015, n. 208",Non concorrono a formare il reddito le somme e le prestazioni erogate dal datore di lavoro alla generalità dei dipendenti o a categorie di dipendenti per la fruizione dei servizi di assistenza ai familiari anziani o non autosufficienti indicati nell'articolo 12,IRPEF,A REGIME,ESCLUSIONE,"-1,4","-1,4","-1,4",3.405,"-412,3",PERSONE FISICHE,X,66
2022,26: POLITICHE PER IL LAVORO,454,"Art. 51, comma 2, lett. f-quater), TUIR lettera inserita dall’art. 1, comma 161, L. 11 dicembre 2016, n. 232","Non concorrono a formare il reddito i contributi e i premi versati dal datore di lavoro a favore della generalità dei dipendenti o di categorie di dipendenti per prestazioni, anche in forma assicurativa, aventi per oggetto il rischio di non autosufficienza nel compimento degli atti della vita quotidiana o il rischio di gravi patologie.",IRPEF,A REGIME,ESCLUSIONE,"-1,5","-1,5","-1,5",,,PERSONE FISICHE,,67
2022,26: POLITICHE PER IL LAVORO,455,"Art. 51, comma 2, lett. g), TUIR (norma istitutiva) Art. 1, comma 184-bis, lett. c), L. 28 dicembre 2015, n. 208 come modificato dall'art. 1, comma 161, L. 27 dicembre 2017, n. 205","Non concorrono a formare il reddito il valore delle azioni offerte alla generalità dei dipendenti per un importo annuo non superiore a € 2065,83",IRPEF,A REGIME,ESCLUSIONE,Non quantificabile,,,,,PERSONE FISICHE,X,67
2022,26: POLITICHE PER IL LAVORO,456,"Art. 51, comma 2, lett. h), TUIR","Non concorrono a formare il reddito le somme trattenute al dipendente per oneri di cui all'art. 10 TUIR alle condizioni ivi previste, nonché le erogazioni effettuate dal datore di lavoro in conformità a contratti collettivi o ad accordi e regolamenti aziendali a fronte delle spese sanitarie di cui allo stesso articolo 10, comma 1, lettera b)",IRPEF,A REGIME,ESCLUSIONE,Non quantificabile,,,,,PERSONE FISICHE,X,67
2022,26: POLITICHE PER IL LAVORO,457,"Art. 51, comma 2, lett. i), TUIR",Non concorrono a formare il reddito le mance percepite dai croupiers nella misura del 25% dell'ammontare percepito nell'anno,IRPEF,A REGIME,ESCLUSIONE,Non quantificabile,,,,,PERSONE FISICHE,X,67
2022,26: POLITICHE PER IL LAVORO,458,"Art. 51, comma 3, TUIR","Art. 51 comma 3: Non concorrono a formare il reddito il valore dei beni ceduti e dei servizi prestati se complessivamente di importo non superiore nell'anno a € 258,23",IRPEF,A REGIME,ESCLUSIONE,"-109,7","-109,7","-109,7",2.129.746,"-51,5",PERSONE FISICHE,X,67
2022,26: POLITICHE PER IL LAVORO,459,"Art. 51, comma 4, lett. a), TUIR sostituita da ultimo dall'art. 1, comma 632, L. 27 dicembre 2019, n. 160","Ai fini della determinazione del fringe benefit per gli autoveicoli, i motocicli e i ciclomotori concessi in uso promiscuo con contratti stipulati a partire dal 1° luglio 2020 si applica una percentuale variabile sul calcolo dei fringe benefit oggetto di tassazione. Fermo restando la modalità di calcolo basata sulla percorrenza convenzionale di 15.000 chilometri calcolata sulla base del costo chilometrico ACI, al netto delle somme eventualmente trattenute al dipendente, la percentuale da applicare a tale valore numerico ai fini della tassazione varia in funzione del grado di inquinamento del veicolo. Resta ferma l'applicazione della disciplina nel testo dell'articolo 51, comma 4, lettera a), del TUIR vigente al 31 dicembre 2019 per i veicoli concessi in uso promiscuo con contratti stipulati entro il 30 giugno 2020.",IRPEF,A REGIME,ESCLUSIONE,Non quantificabile,,,,,PERSONE FISICHE,X,67
2022,26: POLITICHE PER IL LAVORO,460,"Art. 51, comma 4, lett. b), TUIR","Ai fini della determinazione del fringe benefit, in caso di concessione di prestiti, si assume il 50% della differenza tra l'importo degli interessi calcolato al tasso ufficiale di sconto vigente al termine di ciascun anno e l'importo degli interessi calcolato al tasso applicato sugli stesssi",IRPEF,A REGIME,ESCLUSIONE,Non quantificabile,,,,,PERSONE FISICHE,X,67
2022,26: POLITICHE PER IL LAVORO,461,"Art. 51, comma 4, lett. c), TUIR","Ai fini della determinazione del fringe benefit, per i fabbricati concessi in locazione, in uso o in comodato, si assume la differrenza tra la rendita catastale del fabbricato aumentata di tutte le spese inerenti e quanto corrisposto per il godimento del fabbricato stesso",IRPEF,A REGIME,ESCLUSIONE,Non quantificabile,,,,,PERSONE FISICHE,X,67
2022,26: POLITICHE PER IL LAVORO,462,"Art. 51, comma 4, lett. c-bis), TUIR","Ai fini della determinazione del fringe benefit, per i servizi di trasporto ferroviario di persone prestati gratuitamente, si assume, al netto degli importi trattenuti, l'ammontare corrispondente all'introito medio per passeggero/chilometro, per una percorrenza media convenzionale di 2.600 km",IRPEF,A REGIME,ESCLUSIONE,Non quantificabile,,,,,PERSONE FISICHE,X,67
2022,26: POLITICHE PER IL LAVORO,463,"Art. 51, comma 5, TUIR","Le indennità percepite per le trasferte o le missioni fuori del territorio comunale concorrono a formare il reddito per la parte che eccede € 46,48 al giorno, elevati a € 77,47 per le trasferte all'estero",IRPEF,A REGIME,ESCLUSIONE,Non quantificabile,,,,,PERSONE FISICHE,X,67
2022,26: POLITICHE PER IL LAVORO,464,"Art. 51, comma 6, TUIR, così come interpretato autenticamente dall'art. 7-quinquies, commi 1 e 2, D.L. 22 ottobre 2016 n. 193 convertito, con modificazioni, dalla L. 1 dicembre 2016, n. 225",Le indennità e le maggiorazioni di retribuzione spettanti ai trasfertisti concorrono a formare il reddito nella misura del 50%,IRPEF,A REGIME,ESCLUSIONE,Non quantificabile,,,,,PERSONE FISICHE,X,67
2022,26: POLITICHE PER IL LAVORO,465,"Art. 51, comma 7, TUIR","Le indennità di trasferimento, quelle di prima sistemazione e quelle equipollenti non concorrono a formare il reddito nella misura del 50% per un importo complessivo annuo non superiore a € 1549,37 per i trasferimenti all'interno del territorio nazionale ed € 4648,11 per quelli fuori del territorio nazionale o in destinazione a quest'ultimo.",IRPEF,A REGIME,ESCLUSIONE,Non quantificabile,,,,,PERSONE FISICHE,X,67
2022,26: POLITICHE PER IL LAVORO,466,"Art. 51, comma 8, TUIR; art. 1, comma 271, L. 27 dicembre 2017, n. 205 (interpretazione autentica); art. 5-bis, D.L. 21 ottobre 2021, n. 146 (modifica)","Gli assegni di sede e le altre indennità percepite per servizi prestati all'estero, presso le rappresentanze diplomatiche, gli uffici consolari di prima categoria, gli istituti italiani di cultura e le delegazioni diplomatiche speciali nonchè le scuole statali all'estero, costituiscono reddito nella misura del 50%. Le maggiorazioni collegate alle indennità base concorrono a formare il reddito nella misura del 50% fino alla concorrenza di ottantasette quarantesimi dell'indennità base o, limitatamente alle indennità di cui all'art. 1808, comma 1, lettera b), del codice dell'ordinamento militare di cui al d.lgs 15 marzo 2010, n. 66, fino alla concorrenza di due volte l'indennità base.",IRPEF,A REGIME,ESCLUSIONE,Non quantificabile,,,,,PERSONE FISICHE,X,68
2022,26: POLITICHE PER IL LAVORO,467,"Art. 51, comma 8-bis, TUIR, così come autenticamente interpretato dall'art. 5, comma 5, L. 16 marzo 2001, n. 88","Il reddito di lavoro dipendente, prestato all'estero in via continuativa e come oggetto esclusivo del rapporto da dipendenti che nell'arco di dodici mesi soggiornano nello Stato estero per un periodo superiore a 183 giorni, è determinato sulla base di retribuzioni convenzionali. La disposizione non è applicabile al reddito derivante dall'attività prestata per un periodo superiore a 183 giorni nell'arco di dodici mesi sulle navi battenti bandiera estera. Tale reddito continua a essere escluso dalla base imponibile fiscale.",IRPEF,A REGIME,ESCLUSIONE,Non quantificabile,,,,,PERSONE FISICHE,X,68
2022,26: POLITICHE PER IL LAVORO,468,"Art. 52, comma 1, lett. a-bis, TUIR",I compensi percepiti per attività libero professionale intramuraria costituiscono reddito nella misura del 75%,IRPEF,A REGIME,ESCLUSIONE,"-85,1","-85,1","-85,1",59.520,"-1.429,6",PERSONE FISICHE,X,68
2022,26: POLITICHE PER IL LAVORO,469,"Art. 52, comma 1, lett. b), TUIR","Non concorrono a formare il reddito le somme erogate a titolo di rimborso di spese ai titolari di cariche elettive, nonché a coloro che esercitano le funzioni di cui agli artt. 114 e 135 della Costituzione . Gli assegni vitalizi sono assoggettati a tassazione per la quota parte che non deriva da fonti riferibili a trattenute effettuate al percettore già assoggettate a ritenute fiscali. Detta quota parte è determinata per ciascun periodo d'imposta.",IRPEF,A REGIME,ESCLUSIONE,"-56,3","-56,3","-56,3",65.524,"-859,4",PERSONE FISICHE,X,68
2022,26: POLITICHE PER IL LAVORO,470,"Art. 67, comma 1, lett. m), TUIR; Art. 1, comma 1121, L. 30 dicembre 2020, n. 178; Art. 1, comma 1006, L. 30 dicembre 2021, n. 234; Art. 69, comma 2, TUIR; Art. 36, comma 7, D.Lgs. 28 febbraio 2021, n. 36","Tassazione agevolata delle indennità di trasferta, dei rimborsi forfetari di spesa, dei premi e dei compensi erogati ai direttori artistici e ai collaboratori tecnici per prestazioni di natura non professionale da parte di cori, bande e f d i i l l o e d tt r a a n m ti m st a ic ti h c e h d e a c l h C e O pe N r I s , e d g a u l o la n o s o f c in ie a t l a it ' à S d p il o e r t t t a e n s t a is l t u i t c e h e S , p e a , q d u a e l l l l e i e fe ro d g er a a ti z i n o e n ll i ' e s s p e o r r c t i i z v i e o n d a i z re io tt n o a l d i i , a d t a t l i l v 'U ità N s I p R o E rt , i d v a e g li enti di promozione sportiva e da qualunque organismo comunque denominato che persegua finalità sportive dilettantistiche. La disposizione si applica anche ai rapporti di collaborazione coordinata e continuativa di carattere amministrativo-gestionale di natura non professionale resi in favore di società e associazioni sportive dilettantistiche",IRPEF,A REGIME,ESCLUSIONE,"-736,3","-736,3","-736,3",610.802,"-1.205,5",SOGGETTI E CATEGORIE PARTICOLARI,X,68
2022,26: POLITICHE PER IL LAVORO,471,"Art. 9, comma 2, L. 21 marzo 1990, n. 53",Gli onorari corrisposti ai membri dei seggi elettorali costituiscono rimborso spese fisso forfetario non assoggettabile a ritenute o imposte e non concorrono alla formazione della base imponibile ai fini fiscali,IRPEF,A REGIME,ESCLUSIONE,Non quantificabile,,,,,PERSONE FISICHE,X,68
2022,26: POLITICHE PER IL LAVORO,472,"Art. 11, comma 3, D. Lgs. 18 febbraio 2000, n. 47; art. 1, comma 693, L. 23 dicembre 2014, n. 190 (modifica)",Applicazione dell'imposta sostitutiva del 17% sulle rivalutazioni del TFR maturate dal 2001,IRPEF,A REGIME,REGIME SOSTITUTIVO,"-465,8","-465,8","-465,8",,,PERSONE FISICHE,X,68
2022,26: POLITICHE PER IL LAVORO,473,"Art.11, commi 4 - 4-quinquies, D.lgs 5 dicembre 2005, n. 252; art. 1, comma 168, L. 27 dicembre 2017, n. 205 (modifica)","Rendita integrativa temporanea anticipata (RITA) erogata ai lavoratori pubblici e privati aderenti alla previdenza complementare che, in tutto o in parte, la richiedano, a seguito della cessazione del rapporto di lavoro. La rendita integrativa anticipata è assoggettata a ritenuta a titolo d'imposta con aliquota pari, nel massimo, al 15 per cento e, nel minimo, al 9 per cento, con un decalage dello 0,3 per cento annuo per ciascun anno di adesione al fondo pensione superiore al quindicesimo.",IRPEF,A REGIME,REGIME SOSTITUTIVO,"-17,8","-17,8","-17,8",,,PERSONE FISICHE,,68
2022,26: POLITICHE PER IL LAVORO,474,"Art. 1, comma 9, L. 27 dicembre 2006, n. 296","Clausola di salvaguardia per le indennità di fine rapporto di cui all'art. 17, comma 1, lett. a), del TUIR con blocco delle aliquota a quelle del 31 dicembre 2006",IRPEF,A REGIME,RIDUZIONE DI ALIQUOTA,"-63,6","-63,6","-63,6",305.272,"-208,3",PERSONE FISICHE,X,68
2022,26: POLITICHE PER IL LAVORO,475,"Art. 2, comma 514, L. 24 dicembre 2007 n. 244",Detrazione sulle indennità di fine rapporto di importo minimo.,IRPEF,A REGIME,DETRAZIONE,"-188,0","-188,0","-188,0",3.313.431,"-56,7",PERSONE FISICHE,X,68
2022,26: POLITICHE PER IL LAVORO,476,"Art. 1, comma 175, L. 27 dicembre 2013, n. 147 (norma istitutiva); Art. 1, comma 690, L. 23 dicembre 2014 n. 190 (estensione)","Esclusione dalla tassazione dei redditi di importo fino a 7,500 euro - frontalieri",IRPEF,A REGIME,ESCLUSIONE,"-34,1","-34,1","-34,1",16.300,"-2.092,0",SOGGETTI E CATEGORIE PARTICOLARI,X,68
2022,26: POLITICHE PER IL LAVORO,477,"Art. 24-bis, comma 4, D.Lgs. 14 settembre 2015, n. 148 introdotto dall'art. 1, comma 136, L. 27 dicembre 2017, n. 205","Esenzione dall'IRPEF dell'indennità di fine rapporto erogata al lavoratore ""ricollocato"" entro il limite massimo di nove mensilità della retribuzione di rifeirmento per il calcolo del TFR.",IRPEF,A REGIME,ESENZIONE,Non quantificabile,,,,,PERSONE FISICHE,,68
2022,26: POLITICHE PER IL LAVORO,478,"Art. 1, commi da 182 a 189, L. 28 dicembre 2015, n. 208","Detassazione premi di produttività. Applicazione di una imposta sostitutiva del 10 per cento sulle somme, fino ad un massimo di 3000 euro, corrisposte ai lavoratori dipendenti del settore privato con limite reddituale di accesso al beneficio di 80.000 euro.",IRPEF,A REGIME,REGIME SOSTITUTIVO,"-516,1","-516,1","-516,1",,,PERSONE FISICHE,X,69
2022,26: POLITICHE PER IL LAVORO,479,"Art. 54-bis, comma 4, D.L. 24 aprile 2017, n. 50, inserito dalla legge di conversione 21 giugno 2017, n. 96",Esenzione dei redditi derivanti da prestazioni di lavoro occasionali per tali intendendosi quelle di importo non supeiore complessivamente nell'anno a 5000 euro,IRPEF,A REGIME,ESENZIONE,Non quantificabile,,,,,PERSONE FISICHE,,69
2022,26: POLITICHE PER IL LAVORO,480,"Art. 54-bis, comma 1, lett. c-bis), D.L. 24 aprile 2017, n. 50 come introdotto dall'art. 1, comma 368, L. 27 dicembre 2017 n. 205.","Le prestazioni di lavoro occasionale per attivita' di cui al decreto del Ministro dell'interno 8 agosto 2007, sono esenti da IRPEF qualora i compensi non siano di importo complessivo superiore a 5.000 euro per ciascun utilizzatore.",IRPEF,A REGIME,ESENZIONE,"0,0","0,0","0,0",,,PERSONE FISICHE,,69
2022,26: POLITICHE PER IL LAVORO,481,"Art. 45, comma 2, D.Lgs 29 maggio 2017, n. 95 (norma istitutiva); Art. 40, comma 1, lett. b), D.Lgs. 27 dicembre 2019, n. 172 (modifica)",Riduzione dell'IRPEF e relative addizionali sul trattamento economico accessorio del personale delle Forze di polizia e Forze armate con reddito non superiore a una soglia definita annualmente con DPCM,IRPEF,A REGIME,ESCLUSIONE,"-17,5","-17,5","-17,5",29946,"-584,4",PERSONE FISICHE,,69
2022,26: POLITICHE PER IL LAVORO,482,"Art. 1, comma 468, L. 27 dicembre 2017, n. 205","Ai consiglieri di Stato spetta il rimborso delle spese, ai sensi della legge 18 dicembre 1973, n. 836, o, a scelta dell'interessato, l'indennita' di trasferta, ai sensi dell'articolo 3, comma 79, della legge 24 dicembre 2003, n. 350, e successive modificazioni, a titolo risarcitorio indennitario, in relazione al mantenimento della residenza nel territorio della provincia di Bolzano, nel limite di spesa pari a 50.000 euro annui a decorrere dal 2018.",IRPEF,A REGIME,ESCLUSIONE,Non quantificabile,,,,,PERSONE FISICHE,,69
2022,26: POLITICHE PER IL LAVORO,483,"Art. 1, comma 511, L. 27 dicembre 2017, n. 205",Esclusione dall' IRPEF dei proventi dell'apicoltura condotta da apicoltori con meno di 20 alveari e ricadenti nei comuni classificati montani.,IRPEF,A REGIME,ESCLUSIONE,"-1,1","-1,1","-1,1",,,PERSONE FISICHE,,69
2022,26: POLITICHE PER IL LAVORO,484,"Art. 1, comma 12, L. 27 dicembre 2019, n. 160","Non imponiblità ai fini IRPEF della liquidazione anticipata, in un’unica soluzione, della NASpI destinata alla sottoscrizione di capitale sociale da parte del socio lavoratore di cooperativa.",IRPEF,A REGIME,ESCLUSIONE,"-0,6","-0,6","-0,6",,,PERSONE FISICHE,,69
2022,26: POLITICHE PER IL LAVORO,485,"Art.1, comma 288 L. 27 dicembre 2019 n. 160 (norma istitutiva); art. 1, comma 1097, lett. a), L. 30 dicembre 2020, n. 178","I rimborsi relativi agli acquisti effettuati, mediante strumenti di pagamento elettronici, dalle persone fisiche maggiorenni residenti nel territorio dello Stato, al di fuori dell'esercizio di attività d'impresa, arte o professione non concorrono a formare il reddito del percipiente.",IRPEF,A REGIME,ESCLUSIONE,"0,0","0,0","0,0",,,PERSONE FISICHE,,69
2022,26: POLITICHE PER IL LAVORO,486,"Art. 1, D.L. 5 febbraio 2020, n. 3; art. 1, comma 3, L. 30 dicembre 2021, n. 234 (modifica)",Non concorrenza alla formazione del reddito del trattamento integrativo riservato ai titolari di reddito di lavoro dipendente e di taluni redditi assimilati per i quali ricorrano specifiche condizioni.,IRPEF,A REGIME,ALTRO,"-419,6","-419,6","-419,6",3.811.051,"-110,1",PERSONE FISICHE,,69
2022,26: POLITICHE PER IL LAVORO,487,"Art. 41, comma 3, D.L. 8 aprile 2020, n. 23","In materia di cassa integrazione in deroga, le domande presentate ai sensi dell’art. 22, comma 4, Decreto-Legge n. 18/2020, sono esenti dall'imposta di bollo.",IMPOSTA DI BOLLO,A REGIME,ESENZIONE,"0,0","0,0","0,0",,,PERSONE FISICHE E GIURIDICHE,,69
2022,26: POLITICHE PER IL LAVORO,488,"Art. 1, commi 117-123, L. 30 dicembre 2020, n. 178 (norma istitutiva); art. 18-quater, D.L. 30 dicembre 2021, n. 228 (proroga e introduzione de minimis)","Credito d'imposta a favore dei soggetti esercenti l'attività di cuoco professionista presso alberghi e ristoranti, sia come lavoratore dipendente sia come lavoratore autonomo in possesso di partita IVA, fino al 40 per cento del costo per le spese per l'acquisto di beni strumentali durevoli ovvero per la partecipazione a corsi di aggiornamento professionale, strettamente funzionali all'esercizio dell'attività, sostenute tra il 1° gennaio 2021 e il 31 dicembre 2022. Il credito d'imposta spetta fino a un massimo di 6.000 euro, nel limite massimo di spesa complessivo di 1 milione di euro per ciascuno degli anni 2021, 2022 e 2023, nel rispetto dei limiti e delle condizioni previsti dal regolamento (UE) ""de minimis"".",,2022,CREDITO D'IMPOSTA,"-1,0","0,0","0,0",,,PERSONE FISICHE,,69
2022,26: POLITICHE PER IL LAVORO,489,"Art. 1, comma 271, L. 30 dicembre 2020, n. 178","Esenzione IRPEF per importi del TFR dei lavoratori destinati alla sottoscrizione di capitale sociale delle cooperative costituite ai sensi dell’art. 23, co. 3-quater, del D.L. n. 83 del 2012.",IRPEF,A REGIME,ESCLUSIONE,"-1,2","-1,2","-1,2",,,PERSONE FISICHE,,69
2022,26: POLITICHE PER IL LAVORO,490,"Art. 1, comma 272, L. 30 dicembre 2020, n. 178","Le operazioni di cessione a titolo gratuito di aziende da parte dei titolari ai lavoratori provenienti dalle aziende medesime sono esenti dall'imposta sulle successioni e donazioni ex art. 3, comma 4-ter, del d.lgs. 31 ottobre 1990, n. 346.",IMPOSTE SU SUCCESSIONI E DONAZIONI,A REGIME,ESENZIONE,"-1,8","-1,8","-1,8",25,"-72.000,0",SOGGETTI E CATEGORIE PARTICOLARI,,69
2022,26: POLITICHE PER IL LAVORO,491,"Art.1, commi 386-396, L. 30 dicembre 2020, n. 178","Riconoscimento, in via sperimentale per il triennio 2021-2023, di una indennità straordinaria di continuità reddituale e operativa (ISCRO) a favore dei soggetti iscritti alla Gestione separata di cui all'articolo 2, comma 26, della legge 8 agosto 1995, n. 335, che esercitano per professione abituale attività di lavoro autonomo di cui al comma 1, dell'articolo 53 del TUIR e che siano in possesso di determinati requisiti oggettivi e soggettivi. L'indennità non concorre alla formazione del reddito ai fini Irpef.",IRPEF,2023,ESCLUSIONE,"0,0","0,0","0,0",,,PERSONE FISICHE,,70
2022,26: POLITICHE PER IL LAVORO,492,"Art. 12-quinquies, comma 2, D.L. 21 ottobre 2021, n. 146",Non concorrenza alla formazione del reddito imponibile della retribuzione percepita dal lavoratore con disturbi dello spettro autistico assunto da start-up a vocazione sociale.,IRPEF,A REGIME,ESCLUSIONE,"-0,6","-0,7","-0,7",,,PERSONE FISICHE,,70
2022,26: POLITICHE PER IL LAVORO,493,"Art. 12-quinquies, commi 3 e 4, D.L. 21 ottobre 2021, n. 146","Gli utili di esercizio derivanti dall'attività di impresa della start-up a vocazione sociale non sono imponibili ai fini delle imposte sul reddito e dell'imposta regionale sulle attività produttive (IRAP) per cinque esercizi successivi alla data di inizio di attività. L'efficacia della misura è subordinata, ai sensi dell'articolo 108, paragrafo 3, del Trattato sul funzionamento dell'Unione europea, all'autorizzazione della Commissione europea.",IRPEF/IRES/IRAP,A REGIME,NON IMPONIBILITA',"-3,2","-4,8","-6,7",,,SOGGETTI E CATEGORIE PARTICOLARI,,70
2022,26: POLITICHE PER IL LAVORO,494,"Art. 2, D.L. 21 marzo 2022, n. 21","Non concorrenza alla formazione del reddito, ai sensi dell'art. 51, comma 3, del TUIR, dei buoni benzina o analoghi titoli ceduti dai datori di lavoro privati ai lavoratori dipendenti per l'acquisto di carburanti, nel limite di 200 euro per lavoratore.",IRPEF,2022,ESCLUSIONE,"-0,9","0,1",0,,,PERSONE FISICHE,,70
2022,28: SVILUPPO E RIEQUILIBRIO TERRITORIALE,495,"Art. 28, L. 5 ottobre 1962, n. 1431",Esenzione da imposte e tributi per gli atti relativi alla ricostruzione delle zone colpite dal terremoto dell'agosto del 1962,"IMPOSTE DI REGISTRO, DI BOLLO E IPOCATASTALI",A REGIME,ESENZIONE,"-0,5","-0,5","-0,5",,,PERSONE FISICHE E GIURIDICHE,X,70
2022,28: SVILUPPO E RIEQUILIBRIO TERRITORIALE,496,"Art. 73, L. 14 maggio 1981, n. 219",Esenzione da imposte e tributi per gli atti e provvedimenti relativi alla ricostruzione e sviluppo delle zone colpite dal terremoto del novembre 1980 e del febbraio 1981,"IMPOSTE DI REGISTRO, DI BOLLO E IPOCATASTALI",A REGIME,ESCLUSIONE,"-0,5","-0,5","-0,5",,,PERSONE FISICHE E GIURIDICHE,X,70
2022,28: SVILUPPO E RIEQUILIBRIO TERRITORIALE,497,"Art. 8, comma 10, lettera c), L. 23 dicembre 1998, n. 448; art.2, comma 12, L. 22 dicembre 2008, n. 203","Gasolio e GPL impiegati per riscaldamento in aree geograficamente o climaticamente svantaggiate (zone montane, Sardegna, isole minori) - Riduzione di prezzo",ACCISA,La misura agevolativa ha natura temporanea ed è stata prorogata fino al 31/12/2024 dal Consiglio dell'Unione europea con Decisione di esecuzione (UE) 2019/814 del 17 maggio 2019,RIDUZIONE DI ALIQUOTA,"-138,8","-138,8","-138,8",,,SOGGETTI E CATEGORIE PARTICOLARI,X,70
2022,28: SVILUPPO E RIEQUILIBRIO TERRITORIALE,498,"Art. 10, comma 1-bis, D.L. 28 aprile 2009, n. 39; art. 70, D.L. 24 gennaio 2012, n. 1 (attuazione)",ZFU per il sisma L’Aquila. Agevolazione concessa nel de minimis.,IRPEF/IRES/IRAP/I MU,2026,REGIME SPECIALE,"-0,3","-0,3","-0,3",5,"-68.686,9",IMPRESE E SOCIETA',X,70
2022,28: SVILUPPO E RIEQUILIBRIO TERRITORIALE,499,"Art. 1, Ordinanza P.C.M. 13 agosto 2010, n. 3892","Esenzione da imposta sulle successioni, ipotecaria e catastale, di bollo e dalle altre tasse e diritti per le successioni a favore del coniuge e dei parenti di primo grado delle persone decedute a causa del sisma del 6 aprile 2009 nella regione Abruzzo",IMPOSTE SU SUCCESSIONI E ALTRE INDIRETTE,A REGIME,ESENZIONE,"-0,5","-0,5","-0,5",,,PERSONE FISICHE,X,70
2022,28: SVILUPPO E RIEQUILIBRIO TERRITORIALE,500,"Art.8, comma 4, lett. c), D.L. 13 maggio 2011, n. 70","Tassazione con aliquota agevolata al 5 per cento dei proventi derivanti dai titoli obbligazionari, emessi per il finanziamento degli investimenti a medio-lungo termine delle piccole e medie imprese del Mezzogiorno (c.d. TREM).",IMPOSTA SOSTITUTIVA,A REGIME,RIDUZIONE DI ALIQUOTA,"-7,8","-7,8","-7,8",,,PERSONE FISICHE,X,70
2022,28: SVILUPPO E RIEQUILIBRIO TERRITORIALE,501,"Art. 37, D.L. 18 ottobre 2012, n. 179; art. 1 commi 603- 604, L. 28 dicembre 2015, n. 208 (finanziamento)","ZFU Obiettivo Convergenza, Sulcis e Pelagie, nonché nuove ZFU non ricomprese nell'Obiettivo Convergenza (ZFU di Pescara, Matera, Velletri, Sora, Ventimiglia, Campobasso, Cagliari, Iglesias, Quartu Sant'Elena, Massa- Carrara) individuate dalla delibera CIPE n. 14 dell'8 maggio 2009",IRPEF/IRES/IRAP/I MU,2027,REGIME SPECIALE,"-3,9","-3,9","-3,9",15,"-260.332,6",IMPRESE E SOCIETA',X,70
2022,28: SVILUPPO E RIEQUILIBRIO TERRITORIALE,502,"Art. 1, commi 98-108, L. 28 dicembre 2015, n. 208; art. 7-quater, D.L. 29 dicembre 2016, n. 243 (modifica); art. 12, comma 1, D.L. 24 aprile 2017, n. 50 (rimodulazione autorizzazione di spesa); art. 1, comma 892, L. 27 dicembre 2017, n. 205 (autorizzazione di spesa); art. 1, comma 319, L. 27 dicembre 2019, n. 160 (proroga); art. 199, comma 5, D.L. 19 maggio 2020, n. 34 (estensione); art. 1, comma 171, lett. a) e b), L. 30 dicembre 2020, n. 178 (proroga); Art. 1, comma 175, L. 30 dicembre 2021, n. 234 (modifica)","Credito d'imposta per nuovi investimenti nel Mezzogiorno, concesso ai sensi del regolamento (UE) n. 651/2014, utilizzabile esclusivamente in compensazione nella misura massima consentita dalla Carta degli aiuti a finalità regionale.",,2022,CREDITO D'IMPOSTA,"0,0","0,0","0,0",,,IMPRESE E SOCIETA',X,71
2022,28: SVILUPPO E RIEQUILIBRIO TERRITORIALE,503,"Art. 48, comma 7, D.L. 17 ottobre 2016, n. 189; art. 43, comma 1, lett. a-bis), D.L. 24 aprile 2017, n. 50 (proroga); art. 15, comma 7-bis, D.L. 30 dicembre 2019, n. 162 (proroga); art. 17-ter, comma 3, D.L. 31 dicembre 2020, n. 183 (proroga)","Esenzione dall'imposta di bollo e di registro per le istanze, i contratti e i documenti presentati alla P.A. fino al 31 dicembre 2022 in esecuzione delle ordinanze commissariali per la ricostruzione.",IMPOSTE DI REGISTRO E DI BOLLO,2022,ESENZIONE,"0,0","0,0","0,0",,,PERSONE FISICHE E GIURIDICHE,,71
2022,28: SVILUPPO E RIEQUILIBRIO TERRITORIALE,504,"Art. 48, comma 7-bis, D.L. 17 ottobre 2016, n. 189","Esenzione dall'imposta di successione, dalle imposte e tasse ipotecarie e catastali, dall'imposta di registro e di bollo per gli immobili demoliti o dichiarati inagibili a seguito degli eventi sismici verificatisi nei territori delle regioni Abruzzo, Lazio, Marche ed Umbria a far data dal 24 agosto 2016",IMPOSTE SU SUCCESSIONI E ALTRE INDIRETTE,A REGIME,ESENZIONE,Non quantificabile,,,,,PERSONE FISICHE E GIURIDICHE,,71
2022,28: SVILUPPO E RIEQUILIBRIO TERRITORIALE,505,"Art. 46, D.L. 24 aprile 2017, n. 50; art. 1, commi 745-748, L. 27 dicembre 2017, n. 205; art. 1, comma 759, L. 30 dicembre 2018, n. 145 (modifica); art. 57, comma 6, lett. a), b), c), D.L. 14 agosto 2020, n. 104 (modifica)","ZFU Sisma Centro Italia: contributo sotto forma di credito d'imposta in favore delle imprese con sede princpale o unità locale situata nei Comuni delle Regioni Lazio, Umbria, Marche e Abruzzo colpiti dal sisma del 2016 e 2017 in de minimis",IRPEF/IRES/IRAP/I MU,2022,REGIME SPECIALE,"0,0","0,0","0,0",,,IMPRESE E LAVORATORI AUTONOMI,,71
2022,28: SVILUPPO E RIEQUILIBRIO TERRITORIALE,506,"Art. 5, comma 2, D.L. 20 giugno 2017, n. 91; art. 1, comma 316, lettera c), L. 27 dicembre 2019, n. 160 (modifica); sostituito dall'art. 57, comma 1, lett. b), n. 4), D.L. 31 maggio 2021, n. 77; art. 37, comma 2, D.L. 30 aprile 2022, n. 36 (modifica)","Credito d'imposta per investimenti ZES: estensione del credito d'imposta di cui all'art. 1, c. 98 e ss., della legge n. 208/2015 per investimenti in beni strumentali nuovi destinati a strutture produttive ubicate nelle ZES del Mezzogiorno nel rispetto del Reg. UE 651/2014. Il predetto credito d'imposta, per effetto dell'art. 57, comma 1, lett. b), n. 4), D.L. 31 maggio 2021, n. 77, si applica nel limite massimo, per ciascun progetto di investimento, di 100 milioni di euro (anzichè di 50 milioni di euro). Per effetto dell'art. 37, comma 2, D.L. 30 aprile 2022, n. 36, il credito di imposta è esteso all'acquisto di terreni e all'acquisizione, alla realizzazione ovvero all'ampliamento di immobili strumentali agli investimenti.",,2022,CREDITO D'IMPOSTA,"0,0","0,0","0,0",,,IMPRESE E SOCIETA',,71
2022,28: SVILUPPO E RIEQUILIBRIO TERRITORIALE,507,"Art. 3, comma 2, D.L. 28 settembre 2018, n. 109","I contributi, gli indennizzi e i risarcimenti connessi al crollo, di qualsiasi natura e indipendentemente dalle modalità di fruizione e contabilizzazione, non concorrono alla formazione del reddito imponibile ai fini delle imposte sui redditi e dell'imposta regionale sulle attività produttive per le persone fisiche e giuridiche.",IRPEF/IRES/IRAP,A REGIME,ESENZIONE,"0,0","0,0","0,0",,,PERSONE FISICHE E GIURIDICHE,,71
2022,28: SVILUPPO E RIEQUILIBRIO TERRITORIALE,508,"Art. 25-octies, commi 1-6, D.L. 23 ottobre 2018, n. 119; art. 1, commi 573-574, L. 27 dicembre 2019, n. 160; art. 129-bis, D.L. 19 maggio 2020, n. 34 (modifica)",Determinazione agevolata del reddito e del valore della produzione netta per le persone fisiche e le imprese residenti a Campione d'Italia,IRPEF/IRES/IRAP,A REGIME,DEDUZIONE,"-18,1","-18,1","-18,1",,,PERSONE FISICHE E GIURIDICHE,,71
2022,28: SVILUPPO E RIEQUILIBRIO TERRITORIALE,509,"Art. 9-ter, D.L. 24 ottobre 2019, n. 123 (norma istitutiva); art. 6-ter, D.L. 27 gennaio 2022, n. 4 (modifica)","Estensione dell'imposta sostitutiva sui redditi delle persone fisiche titolari di redditi da pensione di fonte estera che trasferiscono la propria residenza fiscale nel Mezzogiorno ai sensi dell'articolo 24-ter del TUIR anche a coloro che trasferiscano la residenza in uno dei comuni di cui agli allegati 1, 2 e 2-bis al decreto-legge 17 ottobre 2016, n. 189, convertito, con modificazioni, dalla legge 15 dicembre 2016, n. 229, o in uno dei comuni interessati dagli eventi sismici del 6 aprile 2009, avente comunque una popolazione non superiore a 20.000 abitanti.",IRPEF,A REGIME,REGIME SOSTITUTIVO,Effetti di trascurabile entità,,,,,PERSONE FISICHE,,71
2022,28: SVILUPPO E RIEQUILIBRIO TERRITORIALE,510,"Art 1, comma 313, L. 27 dicembre 2019, n. 160 che modifica l'art. 1, commi 61 e seguenti, L. 27 dicembre 2017, n. 205; (Art. 5 D.L. 20 giugno 2017, n. 91); art 48-quinquies, D.L. 16 luglio 2020, n. 76 (modifica)","Credito d'imposta per investimenti ZLS: estensione del credito d'imposta di cui all'art. 1, c. 98 e ss., della legge n. 208/2015 per investimenti in beni strumentali nuovi destinati a strutture produttive ubicate nelle ZLS nel rispetto del Reg. UE 651/2014",,2022,CREDITO D'IMPOSTA,Non quantificabile,,,,,IMPRESE E SOCIETA',,72
2022,28: SVILUPPO E RIEQUILIBRIO TERRITORIALE,511,"Art. 1, commi 574-576-bis, L. 27 dicembre 2019, n. 160; art 129-bis, comma 1, lett. b), c), d), D.L. 19 maggio 2020, n. 34 (modifica); art. 3, comma 11-ter, lett. a), D.L. 31 dicembre 2020, n. 183 (modifica)","Riduzione al 50% delle imposte sui redditi di impresa e dell'imposta regionale sulle attività produttive per le imprese localizzate nel Comune di Campione d'Italia (in regime ""de minimis""). Per il 2020 la maggiorazione si applica previo parere favorevole della Commissione europea, ai sensi dell’articolo 108, comma 3 TFUE, nel quadro del Temporary Framework degli aiuti di Stato nel quadro dell’emergenza. In deroga al comma 576, per il periodo d'imposta in corso al 31 dicembre 2020 e fino a quello in corso al 31 dicembre 2021, le agevolazioni si applicano nel limite dell'importo di 1.800.000 euro per ogni impresa. Tale limite è di 270.000 euro per ogni impresa attiva nel settore della pesca e dell'acquacoltura e di 225.000 euro per ogni impresa attiva nel settore della produzione primaria di prodotti agricoli.",IRPEF/IRES/IRAP,2029,REGIME SPECIALE,Stima compresa nella misura 508,,,,,IMPRESE E SOCIETA',,72
2022,28: SVILUPPO E RIEQUILIBRIO TERRITORIALE,512,"Art. 1, commi 577-579, L. 27 dicembre 2019, n. 160; art 129-bis, comma 1, lett. e), f), g), D.L. 19 maggio 2020, n. 34 (modifica); art. 3, comma 11-ter, lett. b), D.L. 31 dicembre 2020, n. 183 (modifica)","Credito d'imposta per investimenti nel Comune di Campione d'Italia (da notificare ai sensi dell'articolo 108, paragrafo 3, del TFUE all'autorizzazione della Commissione europea). Per il 2020 la maggiorazione si applica previo parere favorevole della Commissione europea, ai sensi dell’articolo 108, comma 3 TFUE, nel quadro del Temporary Framework degli aiuti di Stato nel quadro dell’emergenza. Ai sensi del comma 577-bis, per il periodo d'imposta in corso al 31 dicembre 2020 e fino a quello in corso al 31 dicembre 2021, alle imprese che effettuano gli investimenti di cui al comma 577 il credito d'imposta è riconosciuto, in deroga alle disposizioni del medesimo comma 577, in misura pari ai costi sostenuti nel limite dell'importo di 1.800.000 euro per ogni impresa. Tale limite è di 270.000 euro per ogni impresa attiva nel settore della pesca e dell'acquacoltura e di 225.000 euro per ogni impresa attiva nel settore della produzione primaria di prodotti agricoli.",,2024,CREDITO D'IMPOSTA,Non quantificabile,,,,,IMPRESE E SOCIETA',,72
2022,28: SVILUPPO E RIEQUILIBRIO TERRITORIALE,513,"Art. 244, D.L. 19 maggio 2020, n. 34; art. 1, commi 185-187, L. 30 dicembre 2020, n. 178","Credito d’imposta per gli investimenti in attività di ricerca e sviluppo (di cui all’articolo 1, comma 200, della legge n. 160 del 2019), inclusi i progetti di ricerca e sviluppo in materia di Covid-19, per le imprese operanti nel Mezzogiorno, potenziato al 25% per le grandi imprese, al 35% per le medie imprese e al 45% per le piccole imprese. La misura si applica nel rispetto dei limiti e delle condizioni di cui al regolamento (UE) n. 651/2014, e in particolare dell’articolo 25.",,2022,CREDITO D'IMPOSTA,"-50,5","-101,0","-101,0",,,IMPRESE E SOCIETA',,72
2022,28: SVILUPPO E RIEQUILIBRIO TERRITORIALE,514,"Art. 1, commi 173-176, L. 30 dicembre 2020, n. 178","Riduzione del 50%, per sette annualità, dell’imposta sul reddito realizzato dalle imprese che intraprendono una nuova attività nelle Zone economiche speciali istituite nel Mezzogiorno d'Italia, a condizione che, per almeno dieci anni, sia mantenuta l’attività e siano conservati i relativi posti di lavoro (nel rispetto del de minimis).",IRES,A REGIME,ESENZIONE,"-17,6","-24,0","-30,3",,,IMPRESE E SOCIETA',,72
2022,28: SVILUPPO E RIEQUILIBRIO TERRITORIALE,515,"Art. 1, commi 831-834, L. 30 dicembre 2021, n. 234","Contributo, sotto forma di credito d'imposta, per le spese documentate, sostenute entro il 31 dicembre 2022, relative all'installazione e messa in funzione di impianti di compostaggio presso i centri agroalimentari presenti nelle regioni Campania, Molise, Puglia, Basilicata, Calabria e Sicilia, pari al 70% degli importi rimasti a carico del contribuente",,2022,CREDITO D'IMPOSTA,"-1,0","0,0","0,0",,,SOGGETTI E CATEGORIE PARTICOLARI,,72
2022,28: SVILUPPO E RIEQUILIBRIO TERRITORIALE,516,"Art. 14, D.L. 1 marzo 2022, n. 17","Contributo, sotto forma di credito d'imposta, a favore delle imprese che effettuano investimenti nelle regioni Abruzzo, Basilicata, Calabria, Campania, Molise, Puglia, Sardegna e Sicilia volti ad ottenere una migliore efficienza energetica ed a promuovere la produzione di energia da fonti rinnovabili, fino al 30 novembre 2023",,2023,CREDITO D'IMPOSTA,"-145,0","0,0","0,0",,,IMPRESE E SOCIETA',,72
2022,29: POLITICHE ECONOMICO-FINANZIARIE E DI BILANCIO E TUTELA DELLA FINANZA PUBBLICA,517,"Artt. 91 e 92, Regolamento di conservazione del nuovo catasto di cui al R.D. 8 dicembre 1938, n. 2153","Esenzione dall'imposta di bollo sulle copie, sui certificati, sugli estratti catastali a favore di enti pubblici richiedenti",IMPOSTA DI BOLLO,A REGIME,ESENZIONE,Non quantificabile,,,,,STATO E ENTI PUBBLICI,X,72
2022,29: POLITICHE ECONOMICO-FINANZIARIE E DI BILANCIO E TUTELA DELLA FINANZA PUBBLICA,518,Convenzioni di Vienna 18 aprile 1961 sulle relazioni diplomatiche e 24 aprile 1963 sulle relazioni consolari,"Esenzione da imposta di registro, bollo, ipotecaria, catastale, tasse sulle concessioni governative, canone RAI TV, sui trasferimenti del personale diplomatico e consolare","IMPOSTE DI REGISTRO, DI BOLLO, IPOTECARIA, CATASTALE, TASSE SULLE CONCESSIONI GOVERNATIVE, CANONE RAI TV",A REGIME,ESENZIONE,Non quantificabile,,,,,SOGGETTI E CATEGORIE PARTICOLARI,X,73
2022,29: POLITICHE ECONOMICO-FINANZIARIE E DI BILANCIO E TUTELA DELLA FINANZA PUBBLICA,519,"Art. 1, L. 21 novembre 1967, n. 1149",Esenzione dall'imposta di bollo sugli atti e documenti relativi alle procedure di espropriazione per pubblica utilità,IMPOSTA DI BOLLO,A REGIME,ESENZIONE,Non quantificabile,,,,,STATO E ENTI PUBBLICI,X,73
2022,29: POLITICHE ECONOMICO-FINANZIARIE E DI BILANCIO E TUTELA DELLA FINANZA PUBBLICA,520,"Art. 2, comma 2, n. 4, d.P.R. 26 ottobre 1972, n. 633","Cessioni gratutire di beni a titolo di omaggio: non assoggettamento ad Iva con detraibilità dell'Iva a monte, delle cessioni gratuite di beni di valore inferiore ad euro 50,00 che non rientrano nell'attività propria di produzione o commercio dell'impresa",IVA,A REGIME,ESCLUSIONE,Non quantificabile,,,,,PERSONE FISICHE E GIURIDICHE,X,73
2022,29: POLITICHE ECONOMICO-FINANZIARIE E DI BILANCIO E TUTELA DELLA FINANZA PUBBLICA,521,"Art. 2, comma 2, n. 4, d.P.R. 26 ottobre 1972, n. 633","Non assoggettamento ad IVA delle cessioni gratuite di beni di valore inferiore ad euro 50,00",IVA,A REGIME,ESCLUSIONE,Non quantificabile,,,,,PERSONE FISICHE E GIURIDICHE,X,73
2022,29: POLITICHE ECONOMICO-FINANZIARIE E DI BILANCIO E TUTELA DELLA FINANZA PUBBLICA,522,"Art. 2, comma 3, lett. m), d.P.R. 26 ottobre 1972, n. 633",Non assoggettamento ad IVA delle cessioni di beni relativi alle operazioni e concorsi a premi,IVA,A REGIME,ESCLUSIONE,Non quantificabile,,,,,PERSONE FISICHE,X,73
2022,29: POLITICHE ECONOMICO-FINANZIARIE E DI BILANCIO E TUTELA DELLA FINANZA PUBBLICA,523,"Art. 3, comma 3, d.P.R. 26 ottobre 1972, n. 633","Non assoggettamento ad IVA delle prestazioni gratuite di servizi di valore inferiore ad euro 50,00",IVA,A REGIME,ESCLUSIONE,Non quantificabile,,,,,PERSONE FISICHE E GIURIDICHE,X,73
2022,29: POLITICHE ECONOMICO-FINANZIARIE E DI BILANCIO E TUTELA DELLA FINANZA PUBBLICA,524,"Art. 3, comma 3, d.P.R. 26 ottobre 1972, n. 633","Non assoggettamento ad IVA delle operazioni di diffusione di messaggi, rappresentazioni, immagini o comunicazioni di pubblico interesse richieste o patrocinate dallo Stato o da enti pubblici",IVA,A REGIME,ESCLUSIONE,Non quantificabile,,,,,STATO E ENTI PUBBLICI,X,73
2022,29: POLITICHE ECONOMICO-FINANZIARIE E DI BILANCIO E TUTELA DELLA FINANZA PUBBLICA,525,"Art. 3, comma 5, d.P.R. 26 ottobre 1972, n. 633",Non assoggettamento ad IVA delle prestazioni relative agli spettacoli rese ai possessori di titoli per l'accesso gratuito rilasciati dagli organizzatori nel limite massimo del 5 per cento di capienza del locale o da determinati enti nel limite stabilito con provvedimento del Direttore dell'Agenzia delle entrate,IVA,A REGIME,ESCLUSIONE,Non quantificabile,,,,,PERSONE FISICHE,X,73
2022,29: POLITICHE ECONOMICO-FINANZIARIE E DI BILANCIO E TUTELA DELLA FINANZA PUBBLICA,526,"Art. 4, comma 4, d.P.R. 26 ottobre 1972, n. 633","Non assoggettamento ad IVA delle cessioni di beni e prestazioni di servizi ai soci, associati o partecipanti effettuate in conformita' alle finalita' istituzionali da associazioni politiche, sindacali e di categoria, religiose, assistenziali, culturali sportive dilettantistiche, di promozione sociale e di formazione extra-scolastica della persona in presenza di determinate condizioni",IVA,A REGIME,ESCLUSIONE,Non quantificabile,,,,,PERSONE FISICHE,X,73
2022,29: POLITICHE ECONOMICO-FINANZIARIE E DI BILANCIO E TUTELA DELLA FINANZA PUBBLICA,527,"Art. 4, comma 5, d.P.R. 26 ottobre 1972, n. 633",Non assoggettamento ad IVA delle mense e spacci militari,IVA,A REGIME,ESCLUSIONE,Non quantificabile,,,,,PERSONE FISICHE,X,73
2022,29: POLITICHE ECONOMICO-FINANZIARIE E DI BILANCIO E TUTELA DELLA FINANZA PUBBLICA,528,"Art. 4, comma 5, d.P.R. 26 ottobre 1972, n. 633","Non assoggettamento ad IVA dei servizi di controllo qualitativo dei prodotti, compresa l'applicazione di marchi di qualità",IVA,A REGIME,ESCLUSIONE,Non quantificabile,,,,,PERSONE FISICHE E GIURIDICHE,X,73
2022,29: POLITICHE ECONOMICO-FINANZIARIE E DI BILANCIO E TUTELA DELLA FINANZA PUBBLICA,529,"Art. 4, comma 5, d.P.R. 26 ottobre 1972, n. 633",Non assoggettamento ad IVA delle cessioni di beni e prestazioni di servizi effettuate in occasione di manifestazioni propagandistiche dai partiti politici,IVA,A REGIME,ESCLUSIONE,Non quantificabile,,,,,ASSOCIAZIONI ENTI NO PROFIT ONLUS,X,73
2022,29: POLITICHE ECONOMICO-FINANZIARIE E DI BILANCIO E TUTELA DELLA FINANZA PUBBLICA,530,"Art. 4, comma 5, d.P.R. 26 ottobre 1972, n. 633","Non assoggettamento ad IVA delle cessioni di beni e prestazioni di servizi poste in essere dalla Presidenza della Repubblica, dal Senato della Repubblica, dalla Camera dei deputati e dalla Corte Costituzionale, nel perseguimento delle proprie finalita' istituzionali",IVA,A REGIME,ESCLUSIONE,Non quantificabile,,,,,STATO E ENTI PUBBLICI,X,73
2022,29: POLITICHE ECONOMICO-FINANZIARIE E DI BILANCIO E TUTELA DELLA FINANZA PUBBLICA,531,"Art. 4, comma 5, d.P.R. 26 ottobre 1972, n. 633",Non assoggettamento ad IVA delle prestazioni sanitarie soggette al pagamento di quote di partecipazione alla spesa sanitaria erogate dalle unita' sanitarie locali e dalle aziende ospedaliere del Servizio sanitario nazionale,IVA,A REGIME,ESCLUSIONE,Non quantificabile,,,,,PERSONE FISICHE,X,73
2022,29: POLITICHE ECONOMICO-FINANZIARIE E DI BILANCIO E TUTELA DELLA FINANZA PUBBLICA,532,"Art. 4, comma 6, d.P.R. 26 ottobre 1972, n. 633","Non assoggettamento ad IVA della somministrazione di alimenti e bevande effettuata, presso le sedi delle associazioni di promozione sociale, da bar ed esercizi similari",IVA,A REGIME,ESCLUSIONE,Non quantificabile,,,,,PERSONE FISICHE,X,73
2022,29: POLITICHE ECONOMICO-FINANZIARIE E DI BILANCIO E TUTELA DELLA FINANZA PUBBLICA,533,"Art. 5, comma 2, d.P.R. 26 ottobre 1972, n. 633",Non assoggettamento ad IVA delle prestazioni di servizi derivanti dall'attivita' di levata dei protesti esercitata dai segretari comunali,IVA,A REGIME,ESCLUSIONE,Non quantificabile,,,,,PERSONE FISICHE E GIURIDICHE,X,73
2022,29: POLITICHE ECONOMICO-FINANZIARIE E DI BILANCIO E TUTELA DELLA FINANZA PUBBLICA,534,"Art. 5, comma 2, d.P.R. 26 ottobre 1972, n. 633",Non assoggettamento ad IVA delle prestazioni di vigilanza e custodia rese da guardie giurate,IVA,A REGIME,ESCLUSIONE,Non quantificabile,,,,,PERSONE FISICHE E GIURIDICHE,X,74
2022,29: POLITICHE ECONOMICO-FINANZIARIE E DI BILANCIO E TUTELA DELLA FINANZA PUBBLICA,535,"Art. 8, comma 1, lettera c), d.P.R. 26 ottobre 1972, n. 633",Non imponibilità delle cessioni di beni effettuate nei confronti di esportatori abituali nei limiti del plafond maturato,IVA,A REGIME,NON IMPONIBILITA',Non quantificabile,,,,,SOGGETTI E CATEGORIE PARTICOLARI,X,74
2022,29: POLITICHE ECONOMICO-FINANZIARIE E DI BILANCIO E TUTELA DELLA FINANZA PUBBLICA,536,"Art. 8-bis, lettera a), d.P.R. 26 ottobre 1972, n. 633","Non imponibilità delle cessioni di navi adibite alla navigazione in alto mare e destinate all'esercizio di attività commerciali o della pesca nonché delle cessioni di navi adibite alla pesca costiera o a operazioni di salvataggio o di assistenza in mare, ovvero alla demolizione, escluse le unità da diporto",IVA,A REGIME,NON IMPONIBILITA',Non quantificabile,,,,,IMPRESE E SOCIETA',X,74
2022,29: POLITICHE ECONOMICO-FINANZIARIE E DI BILANCIO E TUTELA DELLA FINANZA PUBBLICA,537,"Art. 8-bis, lettera b), d.P.R. 26 ottobre 1972, n. 633",Non imponibilità delle cessioni di navi e di aeromobili ad organi dello Stato,IVA,A REGIME,NON IMPONIBILITA',Non quantificabile,,,,,STATO E ENTI PUBBLICI,X,74
2022,29: POLITICHE ECONOMICO-FINANZIARIE E DI BILANCIO E TUTELA DELLA FINANZA PUBBLICA,538,"Art. 9, n.6, d.P.R. 26 ottobre 1972, n. 633","Non imponibilità dei servizi prestati nei porti, aeroporti e simili nonché quelli resi dagli agenti marittimi raccomandatari",IVA,A REGIME,NON IMPONIBILITA',Non quantificabile,,,,,IMPRESE E SOCIETA',X,74
2022,29: POLITICHE ECONOMICO-FINANZIARIE E DI BILANCIO E TUTELA DELLA FINANZA PUBBLICA,539,"Art. 9, n. 8, d.P.R. 26 ottobre 1972, n. 633",Non imponibilità delle manipolazioni usuali eseguite nei depositi doganali,IVA,A REGIME,NON IMPONIBILITA',Non quantificabile,,,,,IMPRESE E SOCIETA',X,74
2022,29: POLITICHE ECONOMICO-FINANZIARIE E DI BILANCIO E TUTELA DELLA FINANZA PUBBLICA,540,"Art. 10, comma 1, n. 5), d.P.R. 26 ottobre 1972, n. 633",Esenzione per le operazioni relative alla riscossione dei tributi senza diritto a detrazione dell’IVA a monte,IVA,A REGIME,ESENZIONE,Non quantificabile,,,,,PERSONE FISICHE,X,74
2022,29: POLITICHE ECONOMICO-FINANZIARIE E DI BILANCIO E TUTELA DELLA FINANZA PUBBLICA,541,"Art. 10, comma 1, n. 12), d.P.R. 26 ottobre 1972, n. 633","Esenzione per le cessioni gratuite di beni fatte ad enti pubblici, associazioni riconosciute o fondazioni aventi esclusivamente finalita' di assistenza, beneficenza, educazione, istruzione, studio o ricerca scientifica e alle ONLUS senza diritto a detrazione dell’IVA a monte",IVA,A REGIME,ESENZIONE,Non quantificabile,,,,,ASSOCIAZIONI ENTI NO PROFIT ONLUS,X,74
2022,29: POLITICHE ECONOMICO-FINANZIARIE E DI BILANCIO E TUTELA DELLA FINANZA PUBBLICA,542,"Art. 10, comma 1, n. 13), d.P.R. 26 ottobre 1972, n. 633",Esenzione per le cessioni gratuite di beni fatte a favore delle popolazioni colpite da calamità naturali senza diritto a detrazione dell’IVA a monte,IVA,A REGIME,ESENZIONE,"-0,5","-0,5","-0,5",,,PERSONE FISICHE E GIURIDICHE,X,74
2022,29: POLITICHE ECONOMICO-FINANZIARIE E DI BILANCIO E TUTELA DELLA FINANZA PUBBLICA,543,"Art. 10, comma 1, n. 27), d.P.R. 26 ottobre 1972, n. 633",Esenzione delle prestazioni dei servizi di pompe funebri senza diritto a detrazione dell’IVA a monte,IVA,A REGIME,ESENZIONE,"-49,3","-49,3","-49,3",,,PERSONE FISICHE,X,74
2022,29: POLITICHE ECONOMICO-FINANZIARIE E DI BILANCIO E TUTELA DELLA FINANZA PUBBLICA,544,"Art. 10, comma 1, n. 27-quater), d.P.R. 26 ottobre 1972, n. 633",Esenzione delle prestazioni delle compagnie barracellari senza diritto a detrazione dell’IVA a monte,IVA,A REGIME,ESENZIONE,"-0,5","-0,5","-0,5",,,PERSONE FISICHE,X,74
2022,29: POLITICHE ECONOMICO-FINANZIARIE E DI BILANCIO E TUTELA DELLA FINANZA PUBBLICA,545,"Art. 74, comma 1, lett. a), d.P.R. 26 ottobre 1972, n. 633",Regime speciale monofase per i tabacchi lavorati,IVA,A REGIME,REGIME SPECIALE,Non quantificabile,,,,,SOGGETTI E CATEGORIE PARTICOLARI,X,74
2022,29: POLITICHE ECONOMICO-FINANZIARIE E DI BILANCIO E TUTELA DELLA FINANZA PUBBLICA,546,"Art. 74, comma 1, lett. b), d.P.R. 26 ottobre 1972, n. 633",Regime speciale monofase per i fiammiferi,IVA,A REGIME,REGIME SPECIALE,Non quantificabile,,,,,SOGGETTI E CATEGORIE PARTICOLARI,X,74
2022,29: POLITICHE ECONOMICO-FINANZIARIE E DI BILANCIO E TUTELA DELLA FINANZA PUBBLICA,547,"Art. 74, comma 1, lett. c), del d.P.R. 26 ottobre 1972 n. 633",Regime speciale monofase per il settore editoriale,IVA,A REGIME,REGIME SPECIALE,"-127,7","-127,7","-127,7",,,SOGGETTI E CATEGORIE PARTICOLARI,X,74
2022,29: POLITICHE ECONOMICO-FINANZIARIE E DI BILANCIO E TUTELA DELLA FINANZA PUBBLICA,548,"Art. 74, comma 1, lett. d), del d.P.R. 26 ottobre 1972, n. 633",Regime speciale monofase per le schede telefoniche,IVA,A REGIME,REGIME SPECIALE,Non quantificabile,,,,,SOGGETTI E CATEGORIE PARTICOLARI,X,74
2022,29: POLITICHE ECONOMICO-FINANZIARIE E DI BILANCIO E TUTELA DELLA FINANZA PUBBLICA,549,"Art. 74, comma 4, d.P.R. 26 ottobre 1972, n. 633","Versamenti trimestrali senza pagamento di interessi per alcune categorie di contribuenti autorizzati con D.M. (somministrazione di gas, acqua ed energia elettrica)",IVA,A REGIME,ALTRO,"-6,5","-6,5","-6,5",1.915,"-3.383,8",IMPRESE E SOCIETA',X,74
2022,29: POLITICHE ECONOMICO-FINANZIARIE E DI BILANCIO E TUTELA DELLA FINANZA PUBBLICA,550,"Art. 74, comma 4, d.P.R. 26 ottobre 1972, n. 633",Versamenti trimestrali senza pagamento di interessi per gli esercenti impianti distribuzione carburante per uso autotrazione,IVA,A REGIME,ALTRO,"-0,9","-0,9","-0,9",7.973,"-112,4",SOGGETTI E CATEGORIE PARTICOLARI,X,74
2022,29: POLITICHE ECONOMICO-FINANZIARIE E DI BILANCIO E TUTELA DELLA FINANZA PUBBLICA,551,"Art.74, comma 4, d.P.R. 26 ottobre 1972, n. 633",Versamenti trimestrali senza pagamento di interessi per gli autotrasportatori cose conto terzi,IVA,A REGIME,ALTRO,"-10,4","-10,4","-10,4",34.903,"-297,9",SOGGETTI E CATEGORIE PARTICOLARI,X,74
2022,29: POLITICHE ECONOMICO-FINANZIARIE E DI BILANCIO E TUTELA DELLA FINANZA PUBBLICA,552,"Art.74, comma 4, d.P.R. 26 ottobre 1972, n. 633",Versamenti differiti di un trimestre per gli autotrasportatori cose conto terzi,IVA,A REGIME,ALTRO,Stima compresa nella misura 551,,,,,SOGGETTI E CATEGORIE PARTICOLARI,X,74
2022,29: POLITICHE ECONOMICO-FINANZIARIE E DI BILANCIO E TUTELA DELLA FINANZA PUBBLICA,553,"Art. 74, comma 5, d.P.R. 26 ottobre 1972, n. 633",Versamenti trimestrali senza pagamento di interessi per i subfornitori,IVA,A REGIME,ALTRO,"-0,1","-0,1","-0,1",,,PERSONE FISICHE,X,75
2022,29: POLITICHE ECONOMICO-FINANZIARIE E DI BILANCIO E TUTELA DELLA FINANZA PUBBLICA,554,"Art. 74, comma 6, d.P.R. 26 ottobre 1972, n. 633","Regime speciale per gli intrattenimenti, i giochi e le altre attività di cui alla tariffa allegata al d.P.R. n. 640/72 Detrazione forfettizzata dell'imposta nella misura del 50%",IVA,A REGIME,REGIME SPECIALE,Non quantificabile,,,,,SOGGETTI E CATEGORIE PARTICOLARI,X,75
2022,29: POLITICHE ECONOMICO-FINANZIARIE E DI BILANCIO E TUTELA DELLA FINANZA PUBBLICA,555,"Art. 74, comma 6, del d.P.R. 26 ottobre 1972, n. 633","Regime speciale per gli intrattenimenti, esteso alle società sportive dilettantistiche che optano per il regime di favore di cui alla legge n. 398/1991. Detrazione forfettizzata dell'imposta nella misura del 50%",IVA,A REGIME,REGIME SPECIALE,Non quantificabile,,,,,SOGGETTI E CATEGORIE PARTICOLARI,X,75
2022,29: POLITICHE ECONOMICO-FINANZIARIE E DI BILANCIO E TUTELA DELLA FINANZA PUBBLICA,556,"Art. 74-ter, d.P.R. 26 ottobre 1972, n. 633",Regime speciale per le agenzie di viaggio con detraibilità base da base,IVA,A REGIME,REGIME SPECIALE,Effetti di trascurabile entità,,,,,SOGGETTI E CATEGORIE PARTICOLARI,X,75
2022,29: POLITICHE ECONOMICO-FINANZIARIE E DI BILANCIO E TUTELA DELLA FINANZA PUBBLICA,557,"Art. 74-quater, d.P.R. 26 ottobre 1972, n. 633",Regime speciale per le attività spettacolistiche semplificazione degli obblighi formali e sostanziali dell'IVA,IVA,A REGIME,REGIME SPECIALE,Non quantificabile,,,,,SOGGETTI E CATEGORIE PARTICOLARI,X,75
2022,29: POLITICHE ECONOMICO-FINANZIARIE E DI BILANCIO E TUTELA DELLA FINANZA PUBBLICA,558,"Nota n. 3 all’art. 4, tariffa allegata al d.P.R. 26 ottobre 1972, n. 642",Esenzione dalle tasse sulle concessioni governative per le licenze di porto di pistola rilasciate a talune categorie di dipendenti civili dello Stato,TASSE SULLE CONCESSIONI GOVERNATIVE,A REGIME,ESENZIONE,"-1,0","-1,0","-1,0",,,PERSONE FISICHE,X,75
2022,29: POLITICHE ECONOMICO-FINANZIARIE E DI BILANCIO E TUTELA DELLA FINANZA PUBBLICA,559,"Tabella - Allegato B, d.P.R. 26 ottobre 1972, n. 642","Esenzione dall'imposta di bollo in modo assoluto di atti, documenti e registri elencati nella Tabella Allegato B del d.P.R. n.642/1972",IMPOSTA DI BOLLO,A REGIME,ESENZIONE,Non quantificabile,,,,,STATO E ENTI PUBBLICI,X,75
2022,29: POLITICHE ECONOMICO-FINANZIARIE E DI BILANCIO E TUTELA DELLA FINANZA PUBBLICA,560,"Art. 13, commi 2-bis e 2-ter, Tariffa allegata al d.P.R. 26 ottobre 1972, n. 642","Estratti conto comunicazione relativi al deposito titoli, comunicazioni da banca a cliente sui cc postali e bancari",IMPOSTA DI BOLLO,A REGIME,REGIME SOSTITUTIVO,Non quantificabile,,,,,PERSONE FISICHE E GIURIDICHE,X,75
2022,29: POLITICHE ECONOMICO-FINANZIARIE E DI BILANCIO E TUTELA DELLA FINANZA PUBBLICA,561,"Art. 2, d.P.R. 29 settembre 1973, n. 601","Esenzione per i fabbricati di proprietà della Santa Sede indicati negli artt. 13, 14, 15 e 16 del Trattato lateranense",IRES,A REGIME,ESENZIONE,Non quantificabile,,,,,SOGGETTI E CATEGORIE PARTICOLARI,X,75
2022,29: POLITICHE ECONOMICO-FINANZIARIE E DI BILANCIO E TUTELA DELLA FINANZA PUBBLICA,562,"Art. 7, d.P.R. 29 settembre 1973, n. 601",Il reddito derivante dall'esercizio di attività commerciali svolte in occasione di manifestazioni propagandistiche da partiti politici rappresentati nelle assemblee nazionali o regionali è esente da IRES.,IRES,A REGIME,ESENZIONE,Non quantificabile,,,,,ASSOCIAZIONI ENTI NO PROFIT ONLUS,X,75
2022,29: POLITICHE ECONOMICO-FINANZIARIE E DI BILANCIO E TUTELA DELLA FINANZA PUBBLICA,563,"Art. 32, comma 2, d.P.R. 29 settembre 1973 n. 601 (norma istitutiva) art. 1, comma 58, L. 28 dicembre 2015, n. 208 (norma interpretativa)",Imposta di registro in misura fissa ed esenzione dalle imposte ipotecaria e catastale per gli atti di trasferimento della proprietà delle aree da parte degli enti locali,IMPOSTE DI REGISTRO E IPOCATASTALI,A REGIME,ESENZIONE E MISURA FISSA,"-0,3","-0,3","-0,3",,,STATO E ENTI PUBBLICI,X,75
2022,29: POLITICHE ECONOMICO-FINANZIARIE E DI BILANCIO E TUTELA DELLA FINANZA PUBBLICA,564,"Art. 47, comma 1, d.P.R. 29 settembre 1973, n. 602","Gratuità delle trascrizioni, iscrizioni, cancellazione dei pignoramenti mobiliari ed immobiliari richieste dal concessionario della riscossione","IMPOSTE DI REGISTRO, DI BOLLO E IPOCATASTALI",A REGIME,ESENZIONE,Non quantificabile,,,,,SOGGETTI E CATEGORIE PARTICOLARI,X,75
2022,29: POLITICHE ECONOMICO-FINANZIARIE E DI BILANCIO E TUTELA DELLA FINANZA PUBBLICA,565,"Art. 47-bis, comma 2, d.P.R. 29 settembre 1973, n. 602","Ai traferimenti di beni mobili non registrati la cui vendita è curata dai concessionari , l'imposta di rgistro si applica nella misura fissa ridotta pari a dieci euro",IMPOSTA DI REGISTRO,A REGIME,IMPOSTA IN MISURA FISSA,Non quantificabile,,,,,SOGGETTI E CATEGORIE PARTICOLARI,X,75
2022,29: POLITICHE ECONOMICO-FINANZIARIE E DI BILANCIO E TUTELA DELLA FINANZA PUBBLICA,566,"Art. 2, comma 1, L. 1 dicembre 1981, n. 692","Esenzione da tasse di bollo, di registro e altre imposte per i provvedimenti di restituzione delle terre a comuni o associazioni agrarie","IMPOSTE DI REGISTRO, DI BOLLO E IPOCATASTALI",A REGIME,ESENZIONE,Non quantificabile,,,,,STATO E ENTI PUBBLICI,X,75
2022,29: POLITICHE ECONOMICO-FINANZIARIE E DI BILANCIO E TUTELA DELLA FINANZA PUBBLICA,567,"Art. 7, d.P.R. 26 aprile 1986, n. 131",L'imposta di registro si applica in misura fissa per la registrazione volontaria di atti non assoggettati all'obbligo della registrazione indicati nella Tabella allegata al D.P.R. n. 131/1986,IMPOSTA DI REGISTRO,A REGIME,IMPOSTA IN MISURA FISSA,Non quantificabile,,,,,PERSONE FISICHE E GIURIDICHE,X,75
2022,29: POLITICHE ECONOMICO-FINANZIARIE E DI BILANCIO E TUTELA DELLA FINANZA PUBBLICA,568,"Art. 24-bis TUIR, introdotto dall'art. 1, commi da 152 a 159, L. 11 dicembre 2016, n. 232","Facoltà concessa alle persone fisiche che trasferiscono la propria residenza in Italia e che non sono state residenti fiscalmente in Italia per un tempo almeno pari a nove periodi d’imposta nel corso dei dieci precedenti l’esercizio dell’opzione per l’imposta sostitutiva, di optare, per un periodo non superiore a 15 anni, per l’applicazione sui redditi prodotti all’estero, a prescindere dall’importo degli stessi, di un’imposta sostitutiva dell’imposta sui redditi delle persone fisiche forfetaria pari a 100.000 euro per ciascun periodo d’imposta.",IRPEF,A REGIME,REGIME SOSTITUTIVO,"-43,9","-43,9","-43,9",,,PERSONE FISICHE,X,76
2022,29: POLITICHE ECONOMICO-FINANZIARIE E DI BILANCIO E TUTELA DELLA FINANZA PUBBLICA,569,"Art. 143, comma 3, TUIR","Esclusioni dalla base imponibile degli enti non commerciali dei seguenti proventi: a) fondi pervenuti a seguito di raccolte pubbliche effettuate occasionalmente, in concomitanza di celebrazioni, ricorrenze, campagne di sensibilizzazione; b) contributi corrisposti da amministrazioni pubbliche per lo svolgimento di attività in regime di convenzione o accreditamento, aventi finalità sociali esercitate in conformità alle finalità istituzionali.",IRES,A REGIME,ESCLUSIONE,Non quantificabile,,,,,ASSOCIAZIONI ENTI NO PROFIT ONLUS,X,76
2022,29: POLITICHE ECONOMICO-FINANZIARIE E DI BILANCIO E TUTELA DELLA FINANZA PUBBLICA,570,"Art. 145, TUIR","Opzione, per gli enti non commerciali ammessi al regime di contabilità semplificata, per la determinazione forfetaria del reddito d'impresa, applicando all'ammontare dei ricavi conseguiti un coefficiente di redditività corrispondente ad una classe determinata in base all'ammontare dei ricavi stessi, ed incrementando l'importo così determinato dei componenti di reddito di cui agli artt. 86, 88, 89 e 90 del TUIR.",IRES,A REGIME,REGIME FORFETARIO,"-1,6","-1,6","-1,6",3.160,"-494,5",ASSOCIAZIONI ENTI NO PROFIT ONLUS,X,76
2022,29: POLITICHE ECONOMICO-FINANZIARIE E DI BILANCIO E TUTELA DELLA FINANZA PUBBLICA,571,"Art. 146 (rinvio all'art. 10, c. 1, lett.a), f) e g), TUIR","Deduzione dal reddito complessivo degli enti non commerciali dei canoni, livelli, censi, ed altri oneri gravanti sui redditi degli immobili che concorrono a formare il reddito complessivo, delle somme corrisposte ai chiamati ad adempiere funzioni presso uffici elettorali e dei contributi, donazioni e oblazioni a favore di organizzazioni non governative fino al 2% del reddito complessivo dichiarato.",IRES,A REGIME,DEDUZIONE,"-1,0","-1,0","-1,0",833,"-1.155,8",ASSOCIAZIONI ENTI NO PROFIT ONLUS,X,76
2022,29: POLITICHE ECONOMICO-FINANZIARIE E DI BILANCIO E TUTELA DELLA FINANZA PUBBLICA,572,"Art. 147, TUIR","Rinvio all'art 15, c. 1, lett. a), lett. g), lett.h), lett. h-bis, lett. i), lett. i-bis, lett. i-quater e lett. i-octies del Tuir. Dall'imposta lorda si detrae un importo pari al 19 per cento degli oneri di cui alle lettere citate sostenuti dal contribuente, se non deducibili nella determinazione dei singoli redditi che concorrono a formare il reddito complessivo.",IRES,A REGIME,DETRAZIONE,"-11,7","-11,7","-11,7",333,"-35.075,9",ASSOCIAZIONI ENTI NO PROFIT ONLUS,X,76
2022,29: POLITICHE ECONOMICO-FINANZIARIE E DI BILANCIO E TUTELA DELLA FINANZA PUBBLICA,573,"Art. 148, TUIR (norma istitutiva) Art. 89, comma. 4, D.Lgs. 3 luglio 2017, n. 117 (modifica soggettiva); Art. 1, comma 1022, L. 30 dicembre 2018, n. 145 (modifica soggettiva); Art. 14, comma 1, D.L. 30 aprile 2019, n. 34 (modifica soggettiva)","Non commercialità delle attività svolte dagli enti associativi - con varie limitazioni sia soggettive che oggettive - in favore degli associati o partecipanti, in conformità alle finalità istituzionali.",IRES,A REGIME,ESCLUSIONE,Non quantificabile,,,,,ASSOCIAZIONI ENTI NO PROFIT ONLUS,X,76
2022,29: POLITICHE ECONOMICO-FINANZIARIE E DI BILANCIO E TUTELA DELLA FINANZA PUBBLICA,574,"Art. 150, TUIR",Per le ONLUS non costituisce esercizio di attività commerciali lo svolgimento delle attività istituzionali nel perseguimento di esclusive finalità di solidarietà sociale. I proventi derivanti dall'esercizio delle attività direttamente connesse non concorrono alla formazione del reddito imponibile.,IRES,A REGIME,ESCLUSIONE,Non quantificabile,,,,,ASSOCIAZIONI ENTI NO PROFIT ONLUS,X,76
2022,29: POLITICHE ECONOMICO-FINANZIARIE E DI BILANCIO E TUTELA DELLA FINANZA PUBBLICA,575,"Art. 32, comma 1, D.Lgs. 28 luglio 1989, n. 271","Le procedure intraprese per il recupero dei crediti professionali vantati dai difensori d'ufficio nei confronti degli indagati, imputati e condannati inadempienti sono esenti da imposte di registro e bollo",IMPOSTE DI REGISTRO E DI BOLLO,A REGIME,ESENZIONE,Non quantificabile,,,,,SOGGETTI E CATEGORIE PARTICOLARI,X,76
2022,29: POLITICHE ECONOMICO-FINANZIARIE E DI BILANCIO E TUTELA DELLA FINANZA PUBBLICA,576,"Art. 25, D.Lgs. 31 ottobre 1990, n. 346","Riduzione di imposta per: - successioni apertesi entro 5 anni da altre successioni; - beni immobili culturali non sottoposti a vincolo anteriormente all'apertura della successione; - fondi rustici devoluti al coniuge e parenti prossimi di valore non superiore a lire 200 milioni; - immobili o parti di immobili adibiti all'esercizio dell'impresa e devoluti al coniuge e/o parenti prossimi; - aziende, quote di società di persone o beni strumentali ubicate in comuni montani e trasferiti al coniuge e/o parenti prossimi.",IMPOSTE SU SUCCESSIONI E DONAZIONI,A REGIME,RIDUZIONE DI IMPOSTA,"-0,5","-0,5","-0,5",,,PERSONE FISICHE,X,76
2022,29: POLITICHE ECONOMICO-FINANZIARIE E DI BILANCIO E TUTELA DELLA FINANZA PUBBLICA,577,"Art.19, D.Lgs. 31 ottobre 1990, n. 347",Esenzione dalle tasse ipotecarie per le operazioni nell'interesse dello Stato,IMPOSTA IPOTECARIA,A REGIME,ESENZIONE,"0,0","0,0","0,0",,,STATO E ENTI PUBBLICI,X,76
2022,29: POLITICHE ECONOMICO-FINANZIARIE E DI BILANCIO E TUTELA DELLA FINANZA PUBBLICA,578,"Art. 5, comma 1, L. 30 dicembre 1991, n. 413","Gli enti non commerciali che esercitano attività di agriturismo di cui alla legge 5 dicembre 1985, n. 730, determinano il reddito imponibile applicando all'ammontare dei ricavi conseguiti con l'esercizio di tale attività, al netto della imposta sul valore aggiunto, il coefficiente di redditività del 25 per cento",IRPEF/IRES,A REGIME,REGIME SPECIALE,Effetti di trascurabile entità,,,,,SOGGETTI E CATEGORIE PARTICOLARI,X,76
2022,29: POLITICHE ECONOMICO-FINANZIARIE E DI BILANCIO E TUTELA DELLA FINANZA PUBBLICA,579,"Art. 11, comma 3, D.Lgs. 30 dicembre 1992, n. 504",Esenzione dall'imposta di bollo per gli atti e documenti richiesti dagli uffici pubblici ai fini dell'accertamento e liquidazione dell'ICI,IMPOSTA DI BOLLO,A REGIME,ESENZIONE,Non quantificabile,,,,,PERSONE FISICHE,X,77
2022,29: POLITICHE ECONOMICO-FINANZIARIE E DI BILANCIO E TUTELA DELLA FINANZA PUBBLICA,580,"Artt. da 36 a 40, D.L. 23 febbraio 1995, n. 41","Regime del margine per i beni usati, oggetti d'arte, d'antiquario e da collezione applicazione dell'imposta sul margine",IVA,A REGIME,REGIME SPECIALE,Effetti di trascurabile entità,,,,,SOGGETTI E CATEGORIE PARTICOLARI,X,77
2022,29: POLITICHE ECONOMICO-FINANZIARIE E DI BILANCIO E TUTELA DELLA FINANZA PUBBLICA,581,"Artt. da 36 a 40, D.L.23 febbraio 1995, n. 41",Regime del margine per le auto usate applicazione dell'imposta sul margine,IVA,A REGIME,REGIME SPECIALE,Effetti di trascurabile entità,,,,,SOGGETTI E CATEGORIE PARTICOLARI,X,77
2022,29: POLITICHE ECONOMICO-FINANZIARIE E DI BILANCIO E TUTELA DELLA FINANZA PUBBLICA,582,"Art. 40-bis, D.L. 23 febbraio 1995, n. 41",Regime speciale per le vendite all'asta applicazione dell'imposta sul margine,IVA,A REGIME,REGIME SPECIALE,Effetti di trascurabile entità,,,,,SOGGETTI E CATEGORIE PARTICOLARI,X,77
2022,29: POLITICHE ECONOMICO-FINANZIARIE E DI BILANCIO E TUTELA DELLA FINANZA PUBBLICA,583,"Art. 18, comma 1, D.Lgs. 13 aprile 1999, n. 112",Esenzione dall'imposta di bollo per le certificazioni riguardanti i beni dei debitori iscritti a ruolo e coobbligati emesse a favore dei concessionari per la riscossione,IMPOSTA DI BOLLO,A REGIME,ESENZIONE,Non quantificabile,,,,,STATO E ENTI PUBBLICI,X,77
2022,29: POLITICHE ECONOMICO-FINANZIARIE E DI BILANCIO E TUTELA DELLA FINANZA PUBBLICA,584,"Art. 34, d.P.R. 28 dicembre 2000, n. 445",Esenzione da imposta di bollo per autenticazione delle fotografie per documenti personali,IMPOSTA DI BOLLO,A REGIME,ESENZIONE,Non quantificabile,,,,,PERSONE FISICHE,X,77
2022,29: POLITICHE ECONOMICO-FINANZIARIE E DI BILANCIO E TUTELA DELLA FINANZA PUBBLICA,585,"Art. 37, d.P.R. 28 dicembre 2000, n. 445","Esenzione dall'imposta di bollo per le dichiarazioni sostitutive comprovanti stati, qualità personali e fatti",IMPOSTA DI BOLLO,A REGIME,ESENZIONE,Non quantificabile,,,,,PERSONE FISICHE,X,77
2022,29: POLITICHE ECONOMICO-FINANZIARIE E DI BILANCIO E TUTELA DELLA FINANZA PUBBLICA,586,"Art. 7, L. 28 dicembre 2001, n. 448 (norma istitutiva); Art. 2, comma 2, D.L. 24 dicembre 2002, n. 282 (estensione oggettiva); Art. 1, comma 997, L. 27 dicembre 2017, n. 205 (proroga); Art. 1, comma 998, L. 27 dicembre 2017, n. 205 (modifica); Art. 1, comma 1053, L. 30 dicembre 2018, n. 145 (proroga); Art. 1, commi 693-694, L. 27 dicembre 2019, n. 160 (proroga); Art, 1, commi 1122-1123, L. 30 dicembre 2020, n. 178 (proroga); Art. 14, comma 4-bis, D.L. 25 maggio 2021, n. 73 (proroga); Art. 29, commi 1 e 2, D.L. 1º marzo 2022, n. 17 (proroga).",Rideterminazione dei valori dei terreni e delle partecipazioni non quotate posseduti alla data del 1º gennaio 2022.,IRPEF,2022,REGIME SOSTITUTIVO,"686,4","-129,4","-129,4",,,PERSONE FISICHE,X,77
2022,29: POLITICHE ECONOMICO-FINANZIARIE E DI BILANCIO E TUTELA DELLA FINANZA PUBBLICA,587,"Art. 2, comma 6, D.L. 25 settembre 2001, n. 351","Le operazioni di cartolarizzazione dei proventi derivanti dalla dismissione del patrimonio immobiliare pubblico e tutti i provvedimenti, atti, contratti, trasferimenti, prestazioni e formalita' inerenti a tali operazioni sono esenti dalle imposte di registro, bollo, ipotecarie e catastali","IMPOSTE DI REGISTRO, DI BOLLO E IPOCATASTALI",A REGIME,ESENZIONE,Non quantificabile,,,,,ENTI PUBBLICI,X,77
2022,29: POLITICHE ECONOMICO-FINANZIARIE E DI BILANCIO E TUTELA DELLA FINANZA PUBBLICA,588,"Art. 8, comma 1-bis, D.L. 25 settembre 2001, n. 351",Esclusione da IVA (assimilaz. a conferimento di ramo d'azienda) degli apporti a fondi immobiliari chiusi di pluralità di immobili prevalentemente locati,IVA,A REGIME,ESCLUSIONE,Non quantificabile,,,,,SOGGETTI E CATEGORIE PARTICOLARI,X,77
2022,29: POLITICHE ECONOMICO-FINANZIARIE E DI BILANCIO E TUTELA DELLA FINANZA PUBBLICA,589,"Art. 18, d.P.R. 30 maggio 2002, n.115","Esenzione dall’imposta di bollo per i seguenti atti normalmente assoggettati al nuovo contributo unificato: 1. Gli atti e provvedimenti del processo penale; 2. Gli atti e provvedimenti del processo civile, e tributario, compresa la procedura concorsuale e di volontaria giurisdizione, e del processo amministrativo, nonché delle pubblico impiego; 3. Le copie autentiche, comprese quelle esecutive, degli atti e dei provvedimenti, purchè richieste dalle parti processuali.",IMPOSTA DI BOLLO,A REGIME,ESENZIONE,Non quantificabile,,,,,PERSONE FISICHE E GIURIDICHE,X,77
2022,29: POLITICHE ECONOMICO-FINANZIARIE E DI BILANCIO E TUTELA DELLA FINANZA PUBBLICA,590,"Art. 5, comma 24, D.L. 30 settembre 2003, n. 269","Le operazioni di raccolta e impiego effettuate dalla gestione separata della Cassa Depositi e Prestiti e tutti gli atti, contratti, trasferimenti, prestazioni e formalita' inerenti a tali operazioni sono esenti dalle imposte di registro, bollo, ipotecarie e catastali","IMPOSTE DI REGISTRO, DI BOLLO E IPOCATASTALI",A REGIME,ESENZIONE,Non quantificabile,,,,,SOGGETTI E CATEGORIE PARTICOLARI,X,77
2022,29: POLITICHE ECONOMICO-FINANZIARIE E DI BILANCIO E TUTELA DELLA FINANZA PUBBLICA,591,"Art. 1, comma 275, L. 30 dicembre 2004, n. 311",Esenzione da imposte e da tributi per i trasferimenti di immobili dei Comuni a fondazioni o società di cartolarizzazione o ad associazioni per la valorizzazione del patrimonio immobiliare,"IMPOSTE DI REGISTRO, DI BOLLO E IPOCATASTALI",A REGIME,ESENZIONE,Non quantificabile,,,,,ENTI PUBBLICI,X,77
2022,29: POLITICHE ECONOMICO-FINANZIARIE E DI BILANCIO E TUTELA DELLA FINANZA PUBBLICA,592,"Art. 1, comma 138, L. 27 dicembre 2006, n. 296",Esclusione da IVA (assimilaz. a conferimento di ramo d'azienda) degli apporti a SIIQ e SIINQ di pluralità di immobili prevalentemente locati,IVA,A REGIME,ESCLUSIONE,Non quantificabile,,,,,SOGGETTI E CATEGORIE PARTICOLARI,X,77
2022,29: POLITICHE ECONOMICO-FINANZIARIE E DI BILANCIO E TUTELA DELLA FINANZA PUBBLICA,593,"Art. 17, comma 2, D.Lgs. 4 marzo 2010, n. 28",Esenzione da imposta di bollo e ogni altra spesa tassa o diritto per documenti e provvedimenti relativi al procedimento di mediazione,IMPOSTA DI BOLLO,A REGIME,ESENZIONE,"-18,8","-18,8","-18,8",,,PERSONE FISICHE E GIURIDICHE,X,78
2022,29: POLITICHE ECONOMICO-FINANZIARIE E DI BILANCIO E TUTELA DELLA FINANZA PUBBLICA,594,"Art. 17, comma 3, D.Lgs. 4 marzo 2010, n. 28","Esenzione dall'imposta di registro per il verbale del procedimento di mediazione entro il limite di valore di 50.000 euro, l'imposta è dovuta per la parte eccedente",IMPOSTA DI REGISTRO,A REGIME,ESENZIONE,,,,,,PERSONE FISICHE E GIURIDICHE,X,78
2022,29: POLITICHE ECONOMICO-FINANZIARIE E DI BILANCIO E TUTELA DELLA FINANZA PUBBLICA,595,"Art. 27, commi 1 e 2, D.L. 6 luglio 2011, n. 98 (norma istitutiva); Art. 1, comma 85, lett. b), L. 23 dicembre 2014, n. 190 (norma abrogativa), a decorrere dal 1° gennaio 2015 (per l'applicazione di tale disposizione vedi l'art. 1, commi da 86 a 89 della medesima L. 23 dicembre 2014, n. 190). Art. 10, comma 12 undecies, D.L. 31 dicembre 2014, n. 192 (proroga)","R l'a e p g p im lic e a z fi i s o c n a e l e d d i i u v n a ' n im ta p g o g s i t o a ( s n o u s o ti v tu i t m iv i a n i d m e i l ) l' . i m P p e o r s i t s a o s g u g i e r t e ti d d ri i s t p i o e n d d e e l n le t i a a d i d r i e z q io u n is a i l t i i r p e r g e i v o i n st a i l i d e a l c la o m no u r n m a a li , p è a p ri r e a v l i 5 st % a . I contribuenti sono esenti da Irap, non addebitano l'IVA sulle vendite e non hanno diritto alla detrazione per l'IVA sugli acquisti. E' possibile optare per l'applicazione dell'IVA e dell'IRPEF nei modi ordinari. Si applica, per il periodo d'imposta in cui l'attività è iniziata e per i quattro successivi. Il regime è applicabile anche oltre il quarto periodo di imposta successivo, fino al compimento del trentacinquesimo anno di età.",IRPEF/IVA/IRAP,2019 o fino compimento 35°anno di età del contribuente,REGIME SOSTITUTIVO,"0,0","0,0","0,0",,,SOGGETTI E CATEGORIE PARTICOLARI,X,78
2022,29: POLITICHE ECONOMICO-FINANZIARIE E DI BILANCIO E TUTELA DELLA FINANZA PUBBLICA,596,"Art. 32-bis, D.L. 22 giugno 2012, n. 83","Regime dell'IVA di cassa in base al quale il versamento dell'IVA è differito al momento della riscossione dei corrispettivi, ma comunque non oltre un anno.",IVA,A REGIME,REGIME SPECIALE,"0,0","0,0","0,0",,,IMPRESE E SOCIETA',X,78
2022,29: POLITICHE ECONOMICO-FINANZIARIE E DI BILANCIO E TUTELA DELLA FINANZA PUBBLICA,597,"Art. 15, comma 1, lett. i-novies), TUIR, introdotta con l'art. 1, comma 524, lett. a), L. 24 dicembre 2012, n. 228","Detrazione del 19% delle erogazioni liberali effettuate a favore del Fondo per l'ammortamento dei titoli di Stato, di cui all'art. 45, comma 1, lettera e), del testo unico di cui al d.P.R. 30 dicembre 2003, n. 398",IRPEF,A REGIME,DETRAZIONE,Effetti di trascurabile entità,,,,,PERSONE FISICHE,X,78
2022,29: POLITICHE ECONOMICO-FINANZIARIE E DI BILANCIO E TUTELA DELLA FINANZA PUBBLICA,598,"Art. 1, commi da 54 a 89, L. 23 dicembre 2014, n. 190 (norme istitutive); Art. 1, commi 111-113, L. 28 dicembre 2015, n. 208 (modifica); Art. 1, commi 9-11, L. 30 dicembre 2018, n. 145 (modifica); Art. 1, comma 692, L. 27 dicembre 2019, n. 160 (modifica)","""Nuovo"" regime forfettario agli effetti dell’Iva, dell’Irpef e dell’Irap di determinazione del reddito da assoggettare ad un’unica imposta sostituiva di quelle dovute, con l’aliquota del 15% per le persone fisiche con un limite di ricavi annui diversificati per settore. Estensione del regime ai soggetti con ricavi o compensi fino a 65.000 euro. Con l'articolo 1 della legge n. 160/2019 sono state reintrodotte alcune condizioni di accesso e cause di eclusione che rendono più stringente il regime.",IRPEF/IVA/IRAP,A REGIME,REGIME SOSTITUTIVO,"-2.717,5","-2.717,5","-2.717,5",1.825.600,"-1.488,6",SOGGETTI E CATEGORIE PARTICOLARI,X,78
2022,29: POLITICHE ECONOMICO-FINANZIARIE E DI BILANCIO E TUTELA DELLA FINANZA PUBBLICA,599,"Art. 21-bis, D.L. 27 giugno 2015, n. 83 (norma istitutiva); Art. 1, comma 618, lett. a), L. 28 dicembre 2015, n. 208 (modifica)","Credito d’imposta per i procedimenti di negoziazione assistita e arbitrato (cd. incentivo fiscale alla ""degiurisdizionalizzazione"") utilizzabile in compensazione, commisurato al compenso fino a concorrenza di 250 euro.",,A REGIME,CREDITO D'IMPOSTA,Effetti di trascurabile entità,,,,,PERSONE FISICHE E GIURIDICHE,X,78
2022,29: POLITICHE ECONOMICO-FINANZIARIE E DI BILANCIO E TUTELA DELLA FINANZA PUBBLICA,600,"Art. 1, comma 540, L. 11 dicembre 2016, n. 232 (norma istitutiva); Art. 18, comma 1, lett. a), D.L. 23 ottobre 2018, n. 119 (modifica); Art. 19, comma 1, lett. a), D.L. 26 ottobre 2019, n. 124 (modifica)","Non concorrenza alla formazazione del reddito dei premi attribuiti, nel quadro di una lotteria nazionale, alle persone fisiche maggiorenni residenti nel territorio dello Stato che, a decorerre dal 1° gennaio 2021, effettuano, esclusivamente attraverso strumenti di pagamento elettronico, acquisti di beni o servizi, fuori dall'esercizio di attivita' di impresa, arte o professione, presso esercenti che trasmettono telematicamente i corrispettivi.",IRPEF,A REGIME,ESCLUSIONE,"0,0","0,0","0,0",,,PERSONE FISICHE,X,78
2022,29: POLITICHE ECONOMICO-FINANZIARIE E DI BILANCIO E TUTELA DELLA FINANZA PUBBLICA,601,"Art. 1, commi 924-925, L. 27 dicembre 2017, n. 205 (norma istitutiva); Art. 16, D.L. 30 aprile 2019, n. 34 (estensione)","Credito d'imposta esercenti impianti carburante (riconosciuto nel rispetto delle condizioni e dei limiti del de minimis) per le transazioni effettuate, a partire dal 1° luglio 2018, tramite sistemi di pagamento elettronico mediante carte di credito, debito o prepagate.",,A REGIME,CREDITO D'IMPOSTA,"-56,7","-56,7","-56,7",,,IMPRESE,,78
2022,29: POLITICHE ECONOMICO-FINANZIARIE E DI BILANCIO E TUTELA DELLA FINANZA PUBBLICA,602,"Art. 24-ter, TUIR, introdotto dall'art. 1, commi 273 e 274, L. 30 dicembre 2018, n. 145",Opzione per l'imposta sostitutiva pari al 7 per cento per i titolari di redditi da pensione di fonte straniera che trasferiscono la residenza nel Mezzogiorno,IRPEF,A REGIME,REGIME SOSTITUTIVO,"-0,5","-0,5","-0,5",,,PERSONE FISICHE,,78
2022,29: POLITICHE ECONOMICO-FINANZIARIE E DI BILANCIO E TUTELA DELLA FINANZA PUBBLICA,603,"Art. 22, D.L. 26 ottobre 2019, n. 124; art. 11-bis, comma 10, D.L. 25 maggio 2021, n. 73 (incremento aliquote)","Credito d'imposta pari al 30% su pagamenti elettronici riconosciuto (nel rispetto del de minimis) in relazione alle cessioni di beni e alle prestazioni di servizi effettuate a decorrere dal 1° luglio 2020 ed utilizzabile in compensazione. Il comma 1-ter dell'articolo 22 del D.L. 124/2019 prevede che per le commissioni maturate nel periodo dal 1° luglio 2021 al 30 giugno 2022, il credito d’imposta è incrementato al 100% delle commissioni, nel caso in cui gli esercenti attività di impresa, arte o professioni, che effettuano cessioni di beni o prestazioni di servizio nei confronti di consumatori finali, adottino strumenti di pagamento elettronico collegati agli strumenti di cui all’articolo 2, comma 3, del decreto legislativo 5 agosto 2015, n. 127 ovvero strumenti di pagamento evoluto di cui al comma 5 -bis del predetto articolo.",,A REGIME,CREDITO D'IMPOSTA,"-12,9","-12,9","-12,9",,,IMPRESE E LAVORATORI AUTONOMI,,78
2022,29: POLITICHE ECONOMICO-FINANZIARIE E DI BILANCIO E TUTELA DELLA FINANZA PUBBLICA,604,"Art. 22-bis, D.L. 26 ottobre 2019, n. 124 introdotto dall'art. 11-bis, comma 11, D.L. 25 maggio 2021, n. 73","Crediti d'imposta a favore dei soggetti esercenti attività d'impresa, arte o professioni sugli strumenti di pagamento elettronico. In particolare, sono previsti due crediti d'imposta: 1) un credito d'imposta, per il periodo tra il 1° luglio 2021 e il 30 giugno 2022, parametrato al costo di acquisto, di noleggio, di utilizzo degli strumenti di pagamento, nonché alle spese di convenzionamento ovvero alle spese sostenute per il collegamento tecnico tra i predetti strumenti, nel limite massimo di spesa per soggetto di 160 euro, nelle seguenti misure: a) 70% per soggetti con ricavi e compensi di ammontare non superiore a 200.000 euro; b) 40% per soggetti con ricavi e compensi di ammontare superiore a 200.000 euro e fino a 1 milione di euro; c) 10% soggetti con ricavi e compensi di ammontare superiore a 1 milione di euro e fino a 5 milioni di euro. 2) un credito d'imposta, per l'anno 2022, ai soggetti che acquistano, noleggiano o utilizzano strumenti evoluti di pagamento elettronico che consentono anche la memorizzazione elettronica e trasmissione telematica, nel limite massimo di spesa per soggetto di 320 euro, nelle seguenti misure: a) 100 per cento per i soggetti i cui ricavi e compensi siano di ammontare non superiore a 200.000 euro; b) 70 per cento per i soggetti i cui ricavi e compensi siano di ammontare superiore a 200.000 euro e fino a 1 milione di euro; c) 40 per cento per i soggetti i cui ricavi e compensi siano di ammontare superiore a 1 milione di euro e fino a 5 milioni di euro.",,2022,CREDITO D'IMPOSTA,"0,0","0,0","0,0",,,IMPRESE E LAVORATORI AUTONOMI,,79
2022,29: POLITICHE ECONOMICO-FINANZIARIE E DI BILANCIO E TUTELA DELLA FINANZA PUBBLICA,605,"Art. 1, commi da 44 a 47, L. 30 dicembre 2020, n. 178",Concorso alla formazione della base imponibile nella misura del 50 per cento per gli utili percepiti da enti non commerciali residenti e stabili organizzazioni di enti non commerciali non residenti.,IRES,A REGIME,ESENZIONE,"-31,7","-31,7","-31,7",,,ASSOCIAZIONI ENTI NO PROFIT ONLUS,,79
2022,29: POLITICHE ECONOMICO-FINANZIARIE E DI BILANCIO E TUTELA DELLA FINANZA PUBBLICA,606,"Art. 4, commi 4-9, D.L. 22 marzo 2021, n. 41, come convertito dalla L. 21 maggio 2021, n. 69","Si prevede l'annullamento automatico dei debiti di importo residuo, alla data di entrata in vigore del decreto, fino a 5.000 euro, comprensivo di capitale, interessi per ritardata iscrizione a ruolo e sanzioni, risultanti dai singoli carichi affidati agli agenti della riscossione dal 1° gennaio 2000 al 31 dicembre 2010 - ancorche' ricompresi nelle precedenti definizioni agevolate - delle persone fisiche e giuridiche che hanno conseguito, rispettivamente nel periodo d'imposta 2019 e nel periodo d'imposta in corso alla data del 31 dicembre 2019, un reddito imponibile ai fini delle imposte sui redditi fino a 30.000 euro.",Tutte le imposte,2021,RIDUZIONE DI IMPOSTA,"0,0","0,0","0,0",,,PERSONE FISICHE E GIURIDICHE,,79
2022,30: GIOVANI E SPORT,607,"Art. 15, comma 1, lett. i-ter), TUIR",Detrazione per erogazioni liberali in denaro a favore delle società ed associazioni sportive dilettantistiche,IRPEF,A REGIME,DETRAZIONE,"-2,0","-2,0","-2,0",14.394,"-137,1",PERSONE FISICHE,X,79
2022,30: GIOVANI E SPORT,608,"Art. 15, comma 1, lett. i-quinquies) e comma 2, TUIR","Detrazione per l'iscrizione annuale/abbonamento per i ragazzi di età compresa tra i 5 e i 18 anni ad associazioni sportive, palestre, piscine, etc. individuate con apposito decreto",IRPEF,A REGIME,DETRAZIONE,"-81,2","-81,2","-81,2",1.818.704,"-44,6",PERSONE FISICHE,X,79
2022,30: GIOVANI E SPORT,609,"Art. 15, comma 1, lettere i-sexies.1) e i-sexies.2), TUIR (lettere inserite dall'art. 1, comma 82, L. 28 dicembre 2015, n. 208)","Detrazione, nella misura del 19%, dei canoni e degli oneri accessori relativi a contratti di locazione finanziaria di unità immobiliari da adibire ad abitazione principale, per un importo non superiore a 8.000 euro annui; detrazione, nella misura del 19%, del costo di riscatto a fronte dell’esercizio dell’opzione finale, per un importo non superiore a 20.000 euro. Tali detrazioni spettano a giovani di età non superiore a 35 anni con reddito complessivo non superiore a 55.000 €. Gli importi sui quali sono calcolate le detrazioni sono dimezzati con riferimento ai giovani di età superiore a 35 anni.",IRPEF,A REGIME,DETRAZIONE,Effetti di trascurabile entità,,,,,PERSONE FISICHE,X,79
2022,30: GIOVANI E SPORT,610,"Art. 1-4, L. 16 dicembre 1991, n. 398; art. 9-bis, D.L. 30 dicembre 1991, n. 417; (estensione soggettiva) art. 2, comma 31, L. 24 dicembre 2003, n. 350 (estensione soggettiva)","Regime fiscale agevolato per le associazioni sportive non aventi scopo di lucro, per le associazioni senza scopo di lucro ed alle pro-loco nonché alle associazioni bandistiche e cori amatoriali, filodrammatiche, di musica e danza popolare",IRES/IVA,A REGIME,REGIME SPECIALE,"-17,8","-17,8","-17,8",46.629,"-382,1",ASSOCIAZIONI ENTI NO PROFIT ONLUS,X,79
2022,30: GIOVANI E SPORT,611,"Art. 25, commi 1-bis) e comma 2, L. 13 maggio 1999, n. 133","Per le associazioni sportive dilettantistiche, comprese quelle non riconosciute dal CONI o dalle Federazioni sportive nazionali purché riconosciute da enti di promozione sportiva, che si avvalgono dell'opzione di cui all'articolo 1 della legge n. 398 del 1991, e successive modificazioni, non concorrono a formare il reddito imponibile, per un numero di eventi complessivamente non superiore a 2 per anno e per un importo non superiore al limite annuo fissato con DM: a) i proventi realizzati nello svolgimento di attività commerciali connesse agli scopi istituzionali; b) i proventi realizzati tramite raccolta pubblica di fondi, in conformità all’art.143, c.3, lett. a). Le predette disposizioni si applicano anche alle associazioni pro-loco.",IRES/IVA,A REGIME,ESCLUSIONE,Non quantificabile,,,,,ASSOCIAZIONI ENTI NO PROFIT ONLUS,X,79
2022,30: GIOVANI E SPORT,612,"Art. 90, comma 1, L. 27 dicembre 2002, n. 289",Estensione delle disposizioni tributarie riguardanti le associazioni sportive dilettantistiche anche alle società sportive dilettantistiche costituite in società di capitali senza fine di lucro,IRES,A REGIME,REGIME SPECIALE,"-3,2","-3,2","-3,2",4.164,"-765,8",SOGGETTI E CATEGORIE PARTICOLARI,X,80
2022,30: GIOVANI E SPORT,613,"Art. 90, comma 11-bis, L. 27 dicembre 2002, n. 289","La pubblicità realizzata negli impianti utilizzati per manifestazioni sportive dilettantistiche con capienza inferiore ai 3.000 posti si considera occasionale, ai fini dell’imposta sugli spettacoli, sugli intrattenimenti (art. 7-octies, D.L. 7/2005) e dell’imposta sulla pubblicità (art.1, c. 128, L. 266/2005)",IRES,A REGIME,ESCLUSIONE,"-5,0","-5,0","-5,0",,,ASSOCIAZIONI ENTI NO PROFIT ONLUS,X,80
2022,30: GIOVANI E SPORT,614,"Art. 22, comma 3-bis, D.lgs. 9 gennaio 2008, n. 9","Credito d'imposta per l'ammodernamento impianti di calcio in favore delle società appartenenti alla Lega di serie B, alla Lega Pro e alla Lega nazionale dilettanti che hanno beneficiato della mutualità (riconosciuto nel rispetto del de minimis), nella misura del 12%",,A REGIME,CREDITO D'IMPOSTA,"-5,6","-5,6","-5,6",355,"-15.904,6",IMPRESE,,80
2022,30: GIOVANI E SPORT,615,"Art. 1, comma 190, L. 30 dicembre 2021, n. 234","Applicazione al 2022 del credito d'imposta, c.d. ""Sport-Bonus"", di cui all'articolo 1, commi 621-627, della L. 30 dicembre 2018, n. 145, limitatamente a favore dei soggetti titolari di reddito d'impresa. Il credito d'imposta spetta nella misura del 65% per le erogazioni liberali destinate a interventi di manutenzione e restauro di impianti sportivi pubblici e per la realizzazione di nuove strutture sportive pubbliche nel limite complessivo di 13,2 milioni di euro.",,2022,CREDITO D'IMPOSTA,"0,0","0,0","0,0",,,PERSONE FISICHE E GIURIDICHE,,80
2022,30: GIOVANI E SPORT,616,"Art. 5, comma 3, D.L. 11 marzo 2020, n. 16","Non concorrenza alla fomazione del reddito imponibile ai fini Irpef degli emolumenti percepiti dagli atleti e dagli altri membri della famiglia olimpica, non fiscalmente residenti in Italia, in relazione alle prestazioni rese in occasione dei Giochi Olimpici",IRPEF,2026,ESCLUSIONE,Non quantificabile,,,,,PERSONE FISICHE,,80
2022,30: GIOVANI E SPORT,617,"Art. 1, commi 357-358, L. 27 dicembre 2019, n. 160 (norma istitutiva); Art. 1, comma 576, L. 30 dicembre 2020, n. 178 (proroga); Art. 1, comma 357, L. 30 dicembre 2021, n. 234 (messa a regime)","Non concorrenza alla formazione del reddito della ""Carta cultura per diciottenni"" assegnata, nell'anno del compimento del diciottesimo anno, a tutti i residenti nel territorio nazionale e utilizzabile per acquistare biglietti per rappresentazioni teatrali e cinematografiche e spettacoli dal vivo, libri, abbonamenti a quotidiani e periodici anche in formato digitale, musica registrata, prodotti dell'editoria audiovisiva, titoli di accesso a musei, mostre ed eventi culturali, monumenti, gallerie, aree archeologiche e parchi naturali nonché per sostenere i costi relativi a corsi di musica, di teatro o di lingua straniera.",IRPEF,A REGIME,ESCLUSIONE,"0,0","0,0","0,0",,,PERSONE FISICHE,,80
2022,30: GIOVANI E SPORT,618,"Art. 1, commi 185-187, L. 30 dicembre 2021, n. 234","Per gli anni 2022, 2023 e 2024, gli utili derivanti dall'esercizio di attività commerciale delle federazioni sportive nazionali riconosciute dal Comitato olimpico nazionale italiano non concorrono a formare il reddito imponibile ai fini dell'imposta sul reddito delle società (IRES) e il valore della produzione netta ai fini dell'imposta regionale sulle attività produttive (IRAP), a condizione che in ciascun anno le federazioni sportive destinino almeno il 20% degli stessi allo sviluppo, diretto o per il tramite dei soggetti componenti delle medesime federazioni, delle infrastrutture sportive, dei settori giovanili e della pratica sportiva dei soggetti con disabilità. L'efficacia della misura di cui al comma 185 è subordinata, ai sensi dell'articolo 108, paragrafo 3, del Trattato sul funzionamento dell'Unione europea, all'autorizzazione della Commissione europea.",IRES/IRAP,2024,ESCLUSIONE,"-28,6","-16,0","-16,0",72,"-397.671,6",SOGGETTI E CATEGORIE PARTICOLARI,,80
2022,30: GIOVANI E SPORT,619,"Art. 1, comma 737, L. 30 dicembre 2021, n. 234","Credito d'imposta, nel limite massimo complessivo di 1,5 milioni di euro per l'anno 2022, per le spese sostenute per la fruizione di attività fisica adattata.",IRPEF,2022,ESCLUSIONE,"0,0","0,0","0,0",,,PERSONE FISICHE,,80
2022,30: GIOVANI E SPORT,620,"Art. 9, D.L. 27 gennaio 2022, n. 4","Il credito d'imposta di cui all'art. 81, D.L. 14 agosto 2020, n. 104, riconosciuto a favore dellle imprese, lavoratori autonomi ed enti non commerciali che effettuano investimenti in campagne pubblicitarie, incluse le sponsorizzazioni, nei confronti di leghe che organizzano campionati nazionali a squadre nell'ambito delle discipline olimpiche e paralimpiche ovvero società sportive professionistiche e società ed associazioni sportive dilettantistiche iscritte al registro CONI operanti in discipline ammesse ai Giochi olimpici e paralimpici e che svolgono attività sportiva giovanile, già previsto per gli anni 2020 e 2021 si applica anche per gli investimenti pubblicitari effettuati dal 1° gennaio 2022 al 31 marzo 2022",,2022,CREDITO D'IMPOSTA,"-11,1","-25,0","-38,8",,,SOGGETTI E CATEGORIE PARTICOLARI,,80
2022,31: TURISMO,621,"Art. 32, comma 1, D.L. 12 settembre 2014, n. 133; art. 1, comma 365, L. 28 dicembre 2015, n. 208; art. 100, comma 10-bis, D.L. 14 agosto 2020, n. 104; art. 1, comma 598, L. 30 dicembre 2020, n. 178 (modifiche)","Marina resort: le strutture organizzate per la sosta e il pernottamento di diportisti all'interno delle proprie unità da diporto ormeggiate nello specchio acqueo appositamente attrezzato, secondo i requisiti stabiliti dal MIT, sentito il MIBACT, rientrano nelle strutture ricettive all'aria aperta con applicazione dell'aliquota IVA del 10% dal 1° gennaio 2016",IVA,A REGIME,RIDUZIONE DI ALIQUOTA,"-10,4","-10,4","-10,4",72.019,"-144,0",PERSONE FISICHE,,81
2022,31: TURISMO,622,"Art. 29-bis, D.L. 14 agosto 2020, n. 104 (norma istitutiva); Art. 6, D.L. 27 gennaio 2022, n. 4 (proroga)","Non concorrenza alla formazione del reddito dei buoni per l'acquisto di servizi termali introdotti, per gli anni 2020 e 2021, al fine di mitigare la crisi economica derivante dall'emergenza epidemiologica da COVID-19 e il cui utilizzo è stato prorogato al 30 giugno 2022.",IRPEF,2022,ESCLUSIONE,"0,0","0,0","0,0",,,PERSONE FISICHE,,81
2022,31: TURISMO,623,"Art. 1, D.L. 6 novembre 2021, n. 152; art. 4-bis, comma 1, D.L. 27 gennaio 2022, n. 4 (estensione ambito oggettivo); art. 38, comma 1, D.L. 30 aprile 2022, n. 36 (modifica utilizzo risorse finanziarie)","Contributo, sotto forma di credito di imposta, a favore delle imprese alberghiere, imprese che esercitano attività agrituristica, imprese che gestiscono strutture ricettive all'aria aperta, nonché alle imprese del comparto turistico, ricreativo, fieristico e congressuale, ivi compresi gli stabilimenti balneari, i complessi termali, i porti turistici, i parchi tematici, inclusi i parchi acquatici e faunistici, fino all'80% delle spese sostenute per gli interventi di riqualificazione delle strutture ricettive, realizzati dal 7 novembre 2021 e fino al 31 dicembre 2024. Il credito d'imposta è concesso nel limite di spesa di 100 milioni di euro per l'anno 2022, 180 milioni di euro per ciascuno degli anni 2023 e 2024, 40 milioni di euro per l'anno 2025.",,2024,CREDITO D'IMPOSTA,"-180,0","-180,0","-40,0",,,IMPRESE E CATEGORIE PARTICOLARI,,81
2022,31: TURISMO,624,"Art. 4, D.L. 6 novembre 2021, n. 152 art. 38, comma 1, D.L. 30 aprile 2022, n. 36 (modifica utilizzo risorse finanziarie)","Contributo, sotto forma di credito d'imposta, a favore delle agenzie di viaggi e ai tour operator con codice ATECO 79.1, 79.11, 79.12, nella misura del 50% dei costi sostenuti a decorrere dal 7 novembre 2021 e fino al 31 dicembre 2024 per investimenti e attività di sviluppo digitale. Il credito d'imposta spetta fino all'importo massimo complessivo cumulato di 25.000 euro, nel limite di spesa complessivo di 18 milioni di euro per l'anno 2022, 10 milioni di euro per ciascuno degli anni 2023 e 2024, 60 milioni di euro per l'anno 2025. Con decreto del Ministero del turismo sono individuate le modalità applicative della misura.",,2024,CREDITO D'IMPOSTA,"-10,0","-10,0","-60,0",,,IMPRESE E CATEGORIE PARTICOLARI,,81
2022,31: TURISMO,625,"Art. 5, D.L. 27 gennaio 2022, n. 4","Estensione del credito d'imposta per i canoni di locazione degli immobili a uso non abitativo e affitto d'azienda di cui all'art. 28 del D.L. 19 maggio 2020, n. 34, in favore delle imprese del settore turistico, nonché di quelle dei settori di cui al codice ATECO 93.11.20 - Gestione di piscine, per i canoni versati con riferimento a ciascuno dei mesi di gennaio, febbraio e marzo 2022",,2022,CREDITO D'IMPOSTA,"0,0","0,0","0,0",,,IMPRESE E CATEGORIE PARTICOLARI,,81
2022,31: TURISMO,626,"Art. 22, D.L. 21 marzo 2022, n. 21","Contributo, sotto forma di credito d'imposta, a favore delle imprese turistico-ricettive, ivi comprese le imprese che esercitano attività agrituristica, le imprese che gestiscono strutture ricettive all’aria aperta, nonché le imprese del comparto fieristico e congressuale, i complessi termali e i parchi tematici, inclusi i parchi acquatici e faunistici, in misura corrispondente al 50% dell’importo versato a titolo di seconda rata dell’anno 2021 dell'IMU per gli immobili rientranti nella categoria catastale D/2 presso i quali è gestita la relativa atività ricettiva",,2022,CREDITO D'IMPOSTA,"0,0","0,0","0,0",,,SOGGETTI E CATEGORIE PARTICOLARI,,81
