rsf_year,missione,n,norma,descrizione,tributo,termine_vigenza,natura,effetto_2025,effetto_2026,effetto_2027,numero_frequenze,effetto_procapite,beneficiari,vigore_5plus,page
2021,9: AGRICOLTURA POLITICHE AGROALIMENTARI E PESCA,1,"Art. 15, comma 1, lett. a), TUIR","Dall'imposta lorda sidetrae unimporto parial19 per cento degliinteressipassivi e relativi oneriaccessori pagati in dipendenza a di prestiti e mutui agrari di ogni specie, nei limiti dei redditi dei terreni dichiarati",IRPEF,A REGIME,DETRAZIONE,"-1,7","-1,7","-1,7",6.257,"-271,7",PERSONE FISICHE,X,30
2021,9: AGRICOLTURA POLITICHE AGROALIMENTARI E PESCA,2,"Art. 31, comma 2, TUIR","Reddito dominicale paria zero incaso diperdita, per eventi naturali, di almeno il 30% del prodotto ordinario del fondo rustico preso a base per la formazione delle tariffe d'estimo",IRPEF,A REGIME,ESCLUSIONE,"-5,0","-5,0","-5,0",17.035,"-293,5",PERSONE FISICHE,X,30
2021,9: AGRICOLTURA POLITICHE AGROALIMENTARI E PESCA,3,"Art. 35, TUIR",Reddito agrario pari a zero nelle ipotesi di cui all'art. 31 TUIR,IRPEF,A REGIME,ESCLUSIONE,"-2,1","-2,1","-2,1",16.193,"-129,7",PERSONE FISICHE,X,30
2021,9: AGRICOLTURA POLITICHE AGROALIMENTARI E PESCA,4,"Tabella A, punto 5, TUA","Impiego dei prodotti energetici nei lavori agricoli e assimilati (orticoltura, allevamento, silvicoltura, apicoltura, piscicoltura e florovivaistica) -Applicazione diun'aliquota parial22 % diquella normale per ilgasolio e al49 % di quella normale per la benzina (uso carburanti). Esenzione per gli oli vegetali non modificati chimicamente",ACCISA,A REGIME,RIDUZIONE DI ALIQUOTA,"-1.220,6","-1.220,6","-1.220,6",,,SOGGETTI E CATEGORIE PARTICOLARI,X,30
2021,9: AGRICOLTURA POLITICHE AGROALIMENTARI E PESCA,5,"Tabella A, punto 6, TUA",Esenzione dall'accisa sui carburanti per il prosciugamento e la sistemazione dei terreni allagati nelle zone colpite da alluvione,ACCISA,A REGIME,ESENZIONE,"-0,5","-0,5","-0,5",,,SOGGETTI E CATEGORIE PARTICOLARI,X,30
2021,9: AGRICOLTURA POLITICHE AGROALIMENTARI E PESCA,6,"Tabella A, punto 7, TUA",Esenzione dall'accisa sui carburanti per il sollevamento delle acque allo scopo di agevolare la coltivazione dei fondi rustici sui terreni bonificati,ACCISA,A REGIME,ESENZIONE,"-0,5","-0,5","-0,5",,,SOGGETTI E CATEGORIE PARTICOLARI,X,30
2021,9: AGRICOLTURA POLITICHE AGROALIMENTARI E PESCA,7,Art. 34 del D.P.R. n. 633/72,Regime speciale IVA per i produttori agricoli - detrazione forfetizzata,IVA,A REGIME,REGIME SPECIALE,"-401,4","-401,4","-401,4",267.026,,SOGGETTI E CATEGORIE PARTICOLARI,X,30
2021,9: AGRICOLTURA POLITICHE AGROALIMENTARI E PESCA,8,"Art. 2, comma 4-bis, D.L. 30 dicembre 2009, n. 194, convertito dalla legge 26 febbraio 2010, n. 25","Gliattiditrasferimento a titolo oneroso diterreniagricolia favore di coltivatoridiretti ed IAP, deiproprietari di masi chiusi nonche' le operazioni fondiarie operate attraverso l'ISMEA sono soggetti alle imposte di registro ed ipotecaria nella misura fissa ed all'imposta catastale nella misura dell'1 per cento.",IMPOSTE DI REGISTRO E IPOCATASTALI,A REGIME,REGIME SPECIALE,"-182,9","-182,9","-182,9",29.313,,SOGGETTI E CATEGORIE PARTICOLARI,X,30
2021,9: AGRICOLTURA POLITICHE AGROALIMENTARI E PESCA,9,Art. 34-bis del D.P.R. n. 633/72,"Attività agricole connesse: detrazione forfettizzata dell'imposta nella misura del 50% Imprenditori agricoli che effettuano cessioni di beni e forniture di servizi ai sensi dell'art. 2135, terzo comma, del codice civile",IVA,A REGIME,REGIME SPECIALE,"-6,5","-6,5","-6,5",10.793,,SOGGETTI E CATEGORIE PARTICOLARI,X,30
2021,9: AGRICOLTURA POLITICHE AGROALIMENTARI E PESCA,10,"Art. 2, terzo comma, lett. c), del D.P.R. 633/72",Non assoggettamento ad IVA delle cessioni di terreni non edificabili,IVA,A REGIME,ESCLUSIONE,"-45,2","-45,2","-45,2",22.392,,PERSONE FISICHE E GIURIDICHE,X,30
2021,9: AGRICOLTURA POLITICHE AGROALIMENTARI E PESCA,11,"Art. 1, comma 908 della legge 28/12/2015 n. 208",Innalzamento al 10% delle percentuali di compensazione di detrazione dell'IVA applicabili a taluni prodotti dei settori lattiero-caseario,IVA,A REGIME,REGIME SPECIALE,"-35,6","-35,6","-35,6",,,SOGGETTI E CATEGORIE PARTICOLARI,,30
2021,9: AGRICOLTURA POLITICHE AGROALIMENTARI E PESCA,12,"Art. 1, comma 662, Legge 30 dicembre 2018, n. 145","Innalzamento delle percentuali di compensazione di detrazione dell'IVA applicabili alle cessioni di legno e legna da ardere al 6,4%",IVA,A REGIME,REGIME SPECIALE,"-0,5","-0,5","-0,5",4.040,"-123,8",SOGGETTI E CATEGORIE PARTICOLARI,,30
2021,9: AGRICOLTURA POLITICHE AGROALIMENTARI E PESCA,13,"Art. 1, comma 698, L. 30 dicembre 2018, n. 145","Applicazione dell’aliquota IVA ridotta del 5 per cento, ai tartufi freschi o refrigerati e l'applicazione dell’aliquota IVA ridotta del 10 per cento ai tartufi congelati, essiccati o preservati immersi in acqua salata, solforata o addizionata di altre sostanze atte ad assicurare temporaneamente la conservazione, ma non preparati per il consumo immediato.",IVA,A REGIME,REGIME SPECIALE,"-0,2","-0,2","-0,2",,,SOGGETTI E CATEGORIE PARTICOLARI,,30
2021,9: AGRICOLTURA POLITICHE AGROALIMENTARI E PESCA,14,"Art. 1, comma 503, L. 27 dicembre 2017, n. 205; art. 1, commi 513 e 514, della L. n. 160/2019","Allo svolgimento dell'attività dienotursmo e oleoturismo siapplica la detrazione forfettaria nella misura del 50% delle operazioni imponibili, prevista dall' all'articolo 5 della legge 30 dicembre 1991, n. 413 per l'attività di agriturismo. L'agevolazione si applica solo ai produttori agricoli di cui agli articoli 295 e seguenti della direttiva 2006/112/CE.",IVA,A REGIME,REGIME SPECIALE,Effetti di trascurabile entità,"-0,2","-0,2",,,SOGGETTI E CATEGORIE PARTICOLARI,,30
2021,9: AGRICOLTURA POLITICHE AGROALIMENTARI E PESCA,15,"Art. 1, comma 514, della legge n. 160 del 2019","All’attività oleoturistica, ai fini delle imposte dirette, si applicano le disposizioni sull’agriturismo di cui all’articolo 5, comma 1, della legge n. 413/1991, che prevedono la determinazione delreddito imponibile inbase all’applicazione del coefficiente di redditività del 25% all’ammontare dei ricavi conseguiti nell’esercizio di tale attività, al netto dell’Iva.",IRPEF,A REGIME,RIDUZIONE DI IMPOSTA,"-1,3","-1,3","-1,3",,,IMPRESE,,30
2021,9: AGRICOLTURA POLITICHE AGROALIMENTARI E PESCA,16,"Art. 5, comma 2, della L. n. 413/1991",Regime di detrazione forfettizzata per le attività di agriturismo,IVA,A REGIME,REGIME SPECIALE,"-3,7","-3,7","-3,7",1.665,,SOGGETTI E CATEGORIE PARTICOLARI,X,30
2021,9: AGRICOLTURA POLITICHE AGROALIMENTARI E PESCA,17,"Art. 68, comma 1, D.L. n. 73 del 2021","La norma prevede che per l'anno 2021 le percentuali di compensazione IVA, di cui all'articolo 34, comma 1, del decreto del Presidente della Repubblica 26 ottobre 1972, n. 633, applicabili alle cessioni di animali vivi della specie bovina e suina sono fissate nella misura del 9,5%. A partire dal 2016 e fino al 2020, le percentuali di compensazione applicabili alle cessioni di animali vivi della specie bovina e della specie suina sono state fissate con provvedimenti annuali, rispettivamente, nella misura del 7, 65% e del 7, 95% (la percentuale di forfettizzazione ordinaria è fissata nella misura dell 7 % per le cessioni di animali vivi della specie bovine e del 7,3% per le cessioni di animali vivi della specie suina).",IVA,2021,REGIME SPECIALE,"-26,5","-26,5","-26,5",,,SOGGETTI E CATEGORIE PARTICOLARI,,30
2021,9: AGRICOLTURA POLITICHE AGROALIMENTARI E PESCA,18,"Art. 18-bis, Legge 23 luglio 2021, n. 106, di conversione del D.L. 25 maggio 2021, n. 73","Per fronteggiare gli effetti economici derivanti dall’emergenza epidemiologica da COVID-19, alle cessioni di animali vivi ceduti per l’attività venatoria si applica l’aliquota IVA ridotta prevista per le cessioni di animali vivi destinati all’alimentazione umana. Inparticolare si applica l’aliquota IVA del 10% dicui alla tabella A, parte III, numero 7), allegata al decreto del Presidente della Repubblica 26 ottobre 1972, n. 633 e l’aliquota IVA di compensazione per la detrazione del 7,30 % di cui alla tabella A, parte I, numero 4). Per fronteggiare gli effetti economici derivanti dall’emergenza epidemiologica da COVID-19, alle cessioni di animali vivi ceduti per l’attività venatoria si applica l’aliquota IVA ridotta prevista per le cessioni di animali vivi destinati all’alimentazione umana. Inparticolare si applica l’aliquota IVA del 10% dicui alla tabella A, parte III, numero 7), allegata al decreto del Presidente della Repubblica 26 ottobre 1972, n. 633 e l’aliquota IVA di compensazione per la detrazione del 7,30 % di cui alla tabella A, parte I, numero 4).",IVA,dal 25 luglio 2021 (data di entrata in vigore della legge di conversione del D.L. n. 73/2021) e fino al 31 dicembre 2021,RIDUZIONE DI ALIQUOTA,"0,0","0,0","0,0",,,PERSONE FISICHE E GIURIDICHE,,30
2021,9: AGRICOLTURA POLITICHE AGROALIMENTARI E PESCA,19,"Art. 78, comma 8, L. n. 413/1991","Determinazione forfetaria del reddito imponibile e dell'Iva per le associazioni sindacali e di categoria operanti nel settore agricolo relativamente alle attività di assistenza rese agli associati. Le associazioni sindacali e di categoria operanti nel settore agricolo per l'attività di assistenza fiscale resa agli associati determinano il reddito imponibile applicando all'ammontare dei ricavi il coefficiente di redditività del 9 per cento e determinano l'imposta sul valore aggiunto riducendo l'imposta relativa alle operazioni imponibili in misura pari a unterzo del suo ammontare, a titolo di detrazione forfettaria dell'imposta afferente agliacquisti ed alle importazioni.",IRES/IVA,A REGIME,REGIME FORFETARIO,"-0,2","-0,2","-0,2",700,"-285,7",SOGGETTI E CATEGORIE PARTICOLARI,X,31
2021,9: AGRICOLTURA POLITICHE AGROALIMENTARI E PESCA,20,"Art. 1, comma 1094, della L. n. 296/06 come modificato dall'art.1, comma 177, L. n. 244/07","Possibilità per le società di persone e le società a responsabilità limitata, costituite da imprenditori agricoli, che esercitano esclusivamente le attività dirette alla manipolazione, conservazione, trasformazione, commercializzazione e valorizzazione di prodotti agricoli ceduti dai soci, di determinare il reddito applicando all'ammontare dei ricavi il coefficiente di redditività del 25 per cento.",IRPEF/IRES,A REGIME,REGIME SPECIALE,"-55,1","-55,1","-55,1",2.542,"-21.674,3",SOGGETTI E CATEGORIE PARTICOLARI,X,31
2021,9: AGRICOLTURA POLITICHE AGROALIMENTARI E PESCA,21,"Art. 1, commi 1093 L. n. 296/06","Possibilità per le società di persone, le società a responsabilità limitata e le società cooperative che rivestono la qualifica di società agricola ai sensi dell'articolo 2 del decreto legislativo 29 marzo 2004, n. 93 di optare per la determinazione catastale del reddito, ex aticolo 32 del Tuir.",IRPEF/IRES,A REGIME,REGIME SPECIALE,"-55,1","-55,1","-55,1",2.542,"-21.674,3",SOGGETTI E CATEGORIE PARTICOLARI,X,31
2021,9: AGRICOLTURA POLITICHE AGROALIMENTARI E PESCA,22,"Art. 2, comma 6, della L. n. 350/03","Modifiche in favore del settore agricolo: - modifica dei criteri per l'individuazione delle attività agricole ""connesse"" comunque produttive di reddito agrario di cui all'art. 32, comma 2, lettera c) del Tuir. Rinvio alle attività di cuial terzo comma dell'art. 2135 del c.c. e previsione di un decreto del Ministro dell'economia e delle finanze per l'individuazione dei beni che possono essere oggetto delle attività agricole ""connesse""; - nuovo articolo 56-bis del Tuir relativo alle modalità, opzionalie, di determinazione del reddito delle ""altre attività agricole""; 2-bis) - articolo 71, comma del Tuir relativo all'applicazione dei coefficienti di redditività di cui all'articolo 56- bis del Tuir per la determinazione dei redditi derivanti dalle attività commerciali non esercitate abitualmente poste in essere dai soggetti che svolgono le attività di cui all'articolo 32 del Tuir eccedenti i limiti di cui al comma 2, lettera c).",IRPEF/IRES,A REGIME,REGIME SPECIALE,"-139,3","-139,3","-139,3",25.944,"-5.367,5",SOGGETTI E CATEGORIE PARTICOLARI,X,31
2021,9: AGRICOLTURA POLITICHE AGROALIMENTARI E PESCA,23,"Art. 34, comma 6, del D.P.R.n. 633/72",Regime speciale IVA : esonero dal versamento dell’IVA e da tutti gli adempimenti documentali e contabili per i produttori agricoli con volume d’affari non superiore a 7.000 Euro.,IVA,A REGIME,REGIME SPECIALE,"-11,7","-11,7","-11,7",573.624,,SOGGETTI E CATEGORIE PARTICOLARI,X,31
2021,9: AGRICOLTURA POLITICHE AGROALIMENTARI E PESCA,24,"Art. 34, comma 7, del D.P.R.n. 633/72",Assoggettamento ad IVAdeiconferimentialle cooperative deiprodottiagricolidei socidifferito almomento del pagamento del prezzo,IVA,A REGIME,REGIME SPECIALE,Non quantificabile,"-11,7","-11,7",,,SOGGETTI E CATEGORIE PARTICOLARI,X,31
2021,9: AGRICOLTURA POLITICHE AGROALIMENTARI E PESCA,25,"Art. 5 tariffa, parte prima, allegata al D.P.R. n. 131/1986","Sugli atti relativi alle locazioni di fondi rustici l'imposta di registro si applica nella misura ridotta dello 0,50%",IMPOSTA DI REGISTRO,A REGIME,RIDUZIONE DI ALIQUOTA,"-5,2","-5,2","-5,2",,,SOGGETTI E CATEGORIE PARTICOLARI,,31
2021,9: AGRICOLTURA POLITICHE AGROALIMENTARI E PESCA,26,Art. 14 della Legge 15 dicembre 1998 n. 441,"Le successioni e le donazioni riguardanti l'azienda agricola a favore di ascendentio discendenticoltivatori diretti di età inferiore a quaranta anni sono esenti dall'imposta sulle successioni e donazioni, dall'imposta catastale, dall'imposta di bollo e sono soggette all'imposta ipotecaria in misura fissa.","IMPOSTE SU SUCCESSIONI E DONAZIONI, BOLLO, IPOTECARIA E CATASTALE",A REGIME,ESENZIONE E MISURA FISSA,Non quantificabile,"-5,2","-5,2",,,PERSONE FISICHE,X,31
2021,9: AGRICOLTURA POLITICHE AGROALIMENTARI E PESCA,27,"Art. 21, comma 6, Legge 25 maggio 1970 n. 364","I premi sui contratti di assicurazione a favore di soci di consorzi, associazioni e cooperative agricole sono esenti dall'imposta sulle assicurazioni.",IMPOSTA SULLE ASSICURAZIONI,A REGIME,ESENZIONE,Non quantificabile,"-5,2","-5,2",,,SOGGETTI E CATEGORIE PARTICOLARI,X,31
2021,9: AGRICOLTURA POLITICHE AGROALIMENTARI E PESCA,28,"Art. 9, comma 2, del D.P.R. 29 settembre 1973, n. 601",Gli atti di trasferimento di terreni in zone montane fatti a scopo di arrotondamento o di accorpamento di proprieta' diretto-coltivatrici sono soggetti a imposte di registro e ipotecaria in misura fissa e sono esenti da imposta catastale,IMPOSTE DI REGISTRO E IPOCATASTALI,A REGIME,ESENZIONE E MISURA FISSA,"-2,0","-2,0","-2,0",,,SOGGETTI E CATEGORIE PARTICOLARI,X,31
2021,9: AGRICOLTURA POLITICHE AGROALIMENTARI E PESCA,29,"Art. 1, comma 44, L. n. 232 del 2016, modificato dall'art.1, comma 183, lettere a) e b), della L. n. 160 del 2019 e, successivamente, dall'art. 1, comma 38, lett. a) e b), L. n.178 del 2020",Per gli anni dal 2017 al 2021 i redditi dominicali e agrari dei coltivatori diretti e degli imprenditori agricoli professionali iscritti nella previdenza agricola non concorrono alla formazione della base imponibile Irpef,IRPEF,2021,ESCLUSIONE,"-189,1","77,1","0,0",,,SOGGETTI E CATEGORIE PARTICOLARI,,31
2021,9: AGRICOLTURA POLITICHE AGROALIMENTARI E PESCA,30,"Art. 1, commi 692-695, L. n. 145 del 2018","Applicazione di un'imposta sostitutiva in misura fissa pari a euro 100 ai redditi derivanti dallo svolgimento, in via occasionale, da parte delle persone fisiche, delle attività di raccolta di prodotti selvatici non legnosi . Tale attività si intende svolta invia occasionale se i corrispettivi percepiti dalla vendita del prodotto non superano il limite annuo di euro 7.000",IRPEF,A REGIME,REGIME SOSTITUTIVO,"-1,3","-1,3","-1,3",,,PERSONE FISICHE,,31
2021,9: AGRICOLTURA POLITICHE AGROALIMENTARI E PESCA,31,"Art. 1, comma 705, L. n. 145 del 2018","Estensione della disciplina fiscale propria dei titolari dell'impresa agricola ai familiari coadiuvanti, appartenenti al medesimo nucleo familiare, che risultano iscritti nella gestione assistenziale e previdenziale agricola quali coltivatori diretti",IRPEF,A REGIME,ALTRO,"0,0","0,0","0,0",,,PERSONE FISICHE,,31
2021,9: AGRICOLTURA POLITICHE AGROALIMENTARI E PESCA,32,"Art. 1, comma 131, L. n. 178/2020","Credito d'imposta a sostegno del made in Italy di cui all'articolo 3, comma 1, del decreto-legge n. 91 del 2014 (applicabile nel de minimis) concesso alle reti di imprese agricole e agroalimentari, anche costituite in forma cooperativa o riunite in consorzi o aderenti ai disciplinari delle “strade del vino” per le annualità dal 2021 al 2023. Il credito d’imposta è concesso in misura pari al 40% per la realizzazione e l'ampliamento delle infrastrutture informatiche destinate al potenziamento del commercio elettronico, nel limite di 5 milioni di euro per ciascuno degli anni 2021, 2022 e 2023. Credito d'imposta a sostegno del made in Italy di cui all'articolo 3, comma 1, del decreto-legge n. 91 del 2014 (applicabile nel de minimis) concesso alle reti di imprese agricole e agroalimentari, anche costituite in forma cooperativa o riunite in consorzi o aderenti ai disciplinari delle “strade del vino” per le annualità dal 2021 al 2023. Il credito d’imposta è concesso in misura pari al 40% per la realizzazione e l'ampliamento delle infrastrutture informatiche destinate al potenziamento del commercio elettronico, nel limite di 5 milioni di euro per ciascuno degli anni 2021, 2022 e 2023.",,2023,CREDITO D'IMPOSTA,"-5,0","-5,0","0,0",,,SOGGETTI E CATEGORIE PARTICOLARI,,31
2021,10: ENERGIA E DIVERSIFICAZIONE DELLE FONTI ENERGETICHE,33,"Tabella A, punto 10, TUA","Riduzione dell'accisa sulgas naturale impiegato negliusidi cantiere, nei motorifissi e nelle operazionidi campo per la coltivazione di idrocarburi",ACCISA,A REGIME,RIDUZIONE DI ALIQUOTA,"-0,3","-0,3","-0,3",,,SOGGETTI E CATEGORIE PARTICOLARI,X,32
2021,10: ENERGIA E DIVERSIFICAZIONE DELLE FONTI ENERGETICHE,34,"Tabella A, punto 11-bis, TUA",Esenzione dall'accisa sull'energia elettrica prodotta da impianti di gasificazione,ACCISA,A REGIME,ESENZIONE,"-0,5","-0,5","-0,5",,,SOGGETTI E CATEGORIE PARTICOLARI,X,32
2021,10: ENERGIA E DIVERSIFICAZIONE DELLE FONTI ENERGETICHE,35,"Tabella A, punto 14, TUA",Esenzione dall'accisa sui prodotti energetici impiegati per la produzione di magnesio da acqua di mare,ACCISA,A REGIME,ESENZIONE,"-0,5","-0,5","-0,5",,,SOGGETTI E CATEGORIE PARTICOLARI,X,32
2021,10: ENERGIA E DIVERSIFICAZIONE DELLE FONTI ENERGETICHE,36,"Tabella A, punto 15 TUA",Riduzione dell'accisa sul GPL utilizzato negli impianti centralizzati per usi industriali,ACCISA,A REGIME,RIDUZIONE DI ALIQUOTA,"-13,0","-13,0","-13,0",,,SOGGETTI E CATEGORIE PARTICOLARI,X,32
2021,10: ENERGIA E DIVERSIFICAZIONE DELLE FONTI ENERGETICHE,37,"Tabella A, punto 15 TUA",Riduzione dell'accisa sulGPL impiegato come carburante per gli autobus urbani ed extraurbani adibitial servizio pubblico,ACCISA,A REGIME,RIDUZIONE DI ALIQUOTA,"-0,3","-0,3","-0,3",,,SOGGETTI E CATEGORIE PARTICOLARI,X,32
2021,10: ENERGIA E DIVERSIFICAZIONE DELLE FONTI ENERGETICHE,38,"Tabella A, punto 16-bis, TUA",Riduzione dell'accisa su combustibili (gasolio e gas naturale) e carburanti (benzina e gasolio) impiegati dalle Forze armate nazionali,ACCISA,A REGIME,RIDUZIONE DI ALIQUOTA,"-4,7","-4,7","-4,7",,,SOGGETTI E CATEGORIE PARTICOLARI,X,32
2021,10: ENERGIA E DIVERSIFICAZIONE DELLE FONTI ENERGETICHE,39,"Tabella A, punto 16-bis, TUA",Esenzione dell'accisa su combustibili (GPL) e carburanti (GPL e gas naturale) impiegati dalle Forze armate nazionali,ACCISA,A REGIME,ESENZIONE,"-4,7","-4,7","-4,7",,,SOGGETTI E CATEGORIE PARTICOLARI,X,32
2021,10: ENERGIA E DIVERSIFICAZIONE DELLE FONTI ENERGETICHE,40,"Art. 17, comma 4 bis, TUA","Esenzione dall'accisa sui tabacchi denaturati e usati a fini industriali od orticoli, distrutti sotto sorveglianza amministrativa, destinati esclusivamente a prove scientifiche ed a prove relative alla qualità dei prodotti, riutilizzati dal produttore.",ACCISA,A REGIME,ESENZIONE,Non quantificabile,"-4,7","-4,7",,,IMPRESE E SOCIETA',X,32
2021,10: ENERGIA E DIVERSIFICAZIONE DELLE FONTI ENERGETICHE,41,"Art. 26, comma 6, TUA",Nonsottoposizione ad accisa delle miscele gassose di origine biologica destinate agli usipropri delsoggetto che le produce,ACCISA,A REGIME,ESENZIONE,"-1,0","-1,0","-1,0",,,SOGGETTI E CATEGORIE PARTICOLARI,X,32
2021,10: ENERGIA E DIVERSIFICAZIONE DELLE FONTI ENERGETICHE,42,"Art. 27, comma 3, lett. h), TUA","Esenzione dall'accisa per l'alcool e le bevande alcoliche impiegati come campioni per analisi, per prove di produzione necessarie o a fini scientifici",ACCISA,A REGIME,ESENZIONE,Non quantificabile,"-1,0","-1,0",,,IMPRESE E SOCIETA',X,32
2021,10: ENERGIA E DIVERSIFICAZIONE DELLE FONTI ENERGETICHE,43,"Art. 27, comma 3, lett. i), TUA",Esenzione dall'accisa per l'alcool e le bevande alcoliche utilizzati nella fabbricazione di un componente non soggetto ad accisa,ACCISA,A REGIME,ESENZIONE,Non quantificabile,"-1,0","-1,0",,,SOGGETTI E CATEGORIE PARTICOLARI,X,32
2021,10: ENERGIA E DIVERSIFICAZIONE DELLE FONTI ENERGETICHE,44,"Art. 33, comma 2, TUA",Determinazione forfettaria dell’accisa sull’alcool etilico prodotto da piccoli alambicchi,ACCISA,A REGIME,REGIME FORFETARIO,Non quantificabile,"-1,0","-1,0",,,SOGGETTI E CATEGORIE PARTICOLARI,X,32
2021,10: ENERGIA E DIVERSIFICAZIONE DELLE FONTI ENERGETICHE,45,"Art. 52, comma 2, lettera b), TUA","Non sottoposizione ad accisa per l'energia elettrica impiegata negli aeromobili, nelle navi, negli autoveicoli, purchè prodotta a bordo conmezzipropri, esclusigli accumulatori, nonché quella prodotta da gruppi elettrogeni mobili in dotazione alle forze armate dello Stato ed ai corpi ad esse assimilati",ACCISA,A REGIME,ESCLUSIONE,Non quantificabile,"-1,0","-1,0",,,SOGGETTI E CATEGORIE PARTICOLARI,X,32
2021,10: ENERGIA E DIVERSIFICAZIONE DELLE FONTI ENERGETICHE,46,"Art. 52, comma 2, lettera c), TUA",Non sottoposizione ad accisa per l'energia elettrica prodotta con gruppi elettrogeni azionati da gas metano biologico,ACCISA,A REGIME,ESCLUSIONE,Non quantificabile,"-1,0","-1,0",,,SOGGETTI E CATEGORIE PARTICOLARI,X,32
2021,10: ENERGIA E DIVERSIFICAZIONE DELLE FONTI ENERGETICHE,47,"Art. 52, comma 2, lettera d), TUA","Non sottoposizione ad accisa per l'energia elettrica prodotta da piccoli impianti generatori comunque azionati, purchè la loro potenza disponibile nonsia superiore a 1 kW, nonché prodotta da officine elettriche costituite da gruppi elettrogeni di soccorso aventi potenza disponibile complessiva non superiore a 200 kW",ACCISA,A REGIME,ESCLUSIONE,Non quantificabile,"-1,0","-1,0",,,SOGGETTI E CATEGORIE PARTICOLARI,X,32
2021,10: ENERGIA E DIVERSIFICAZIONE DELLE FONTI ENERGETICHE,48,"Art. 52, comma 3, lett. b) , TUA",Esenzione dall'accisa sull'energia elettrica prodotta con fonti rinnovabili in impianti con potenza superiore a 20 kW per autoconsumo,ACCISA,A REGIME,ESENZIONE,"-54,2","-54,2","-54,2",,,SOGGETTI E CATEGORIE PARTICOLARI,X,32
2021,10: ENERGIA E DIVERSIFICAZIONE DELLE FONTI ENERGETICHE,49,"Art. 52, comma 2, lettera a), TUA","Esclusione, dal campo di applicazione dell’accisa, dell’energia elettrica prodotta con impianti azionati da fonti rinnovabili, aventi potenza non superiore a 20 kW",ACCISA,A REGIME,ESENZIONE,Non quantificabile,"-54,2","-54,2",,,SOGGETTI E CATEGORIE PARTICOLARI,X,32
2021,10: ENERGIA E DIVERSIFICAZIONE DELLE FONTI ENERGETICHE,50,"Art. 8, comma 10, lett. f), della L. n. 448/98 e successive modifcazioni e integrazioni",Credito d’imposta sulle reti di teleriscaldamento alimentato con biomassa ed energia geotermica,,A REGIME,CREDITO D'IMPOSTA,"-24,2","-24,2","-24,2",,"-130.483,3",SOGGETTI E CATEGORIE PARTICOLARI,X,32
2021,10: ENERGIA E DIVERSIFICAZIONE DELLE FONTI ENERGETICHE,51,"Art. 52, comma 3, lett. c), TUA",Esenzione dall'accisa sull'energia elettrica impiegata nelle ferrovie,ACCISA,A REGIME,ESENZIONE,"-2,0","-2,0","-2,0",,,SOGGETTI E CATEGORIE PARTICOLARI,X,32
2021,10: ENERGIA E DIVERSIFICAZIONE DELLE FONTI ENERGETICHE,52,"Art. 52, comma 3, lett. d), TUA",Energia elettrica impiegata nell'esercizio delle linee ditrasporto urbano ed interurbano- Esenzione dall'accisa,ACCISA,A REGIME,ESENZIONE,"-5,8","-5,8","-5,8",,,SOGGETTI E CATEGORIE PARTICOLARI,X,32
2021,10: ENERGIA E DIVERSIFICAZIONE DELLE FONTI ENERGETICHE,53,"Art. 52, comma 3, lett. e), TUA",Esenzione dall'accisa sull'energia elettrica impiegata nelle abitazioni di residenza con potenza fino a 3 kW fino a 150 kwh di consumo mensile,ACCISA,A REGIME,ESENZIONE,"-582,3","-582,3","-582,3",,,PERSONE FISICHE,X,32
2021,10: ENERGIA E DIVERSIFICAZIONE DELLE FONTI ENERGETICHE,54,"Art. 129-bis, cc. 3-5 D.L. 34/2020","I commi sono volti a concedere, per una durata di sei anni, previa autorizzazione del Consiglio dell’Unione Europea, l’applicazione di aliquote ridotte di accisa per il comune di Campione d’Italia.",ACCISA,2027,RIDUZIONE DI ALIQUOTA,"-0,1","-0,1","-0,1",,,PERSONE FISICHE,,32
2021,10: ENERGIA E DIVERSIFICAZIONE DELLE FONTI ENERGETICHE,55,"Art. 55, comma 3, TUA","Pagamento dell'accisa con un canone forfetario per le forniture di energia elettrica ""a cottimo"" (piccole forniture) Pagamento dell'accisa con un canone forfetario per le forniture di energia elettrica ""a cottimo"" (piccole forniture)",ACCISA,A REGIME,REGIME FORFETARIO,Non quantificabile,"-0,1","-0,1",,,PERSONE FISICHE,X,32
2021,10: ENERGIA E DIVERSIFICAZIONE DELLE FONTI ENERGETICHE,56,"Art. 55, comma 5, TUA",Pagamento dell'accisa sull'energia elettrica concanone annuo di abbonamento (per l’energia elettrica ottenuta da officine non fornite di misuratori),ACCISA,A REGIME,REGIME FORFETARIO,Non quantificabile,2023,2024,,,SOGGETTI E CATEGORIE PARTICOLARI,X,33
2021,10: ENERGIA E DIVERSIFICAZIONE DELLE FONTI ENERGETICHE,57,"Art. 55, comma 5, TUA","Pagamento dell'accisa sull'energia elettrica con canone annuo di abbonamento (energia elettrica ottenuta da impianti di produzione combinata di energia elettrica e calore, con potenza disponibile non superiore a 100 kW non forniti di misuratori)",ACCISA,A REGIME,REGIME FORFETARIO,Non quantificabile,2023,2024,,,SOGGETTI E CATEGORIE PARTICOLARI,X,33
2021,10: ENERGIA E DIVERSIFICAZIONE DELLE FONTI ENERGETICHE,58,"Art. 62, comma 2, TUA","Esenzione dall'imposta di consumo per gli oli lubrificanti impiegati nella produzione e nella lavorazione della gomma naturale e sintetica per la fabbricazione dei relativi manufatti, nella produzione delle materie plastiche e delle resine artificiali o sintetiche, comprese le colle adesive, nella produzione degli antiparassitari per le piante da frutta",ALTRO,A REGIME,ESENZIONE,"-78,8","-78,8","-78,8",,,SOGGETTI E CATEGORIE PARTICOLARI,X,33
2021,10: ENERGIA E DIVERSIFICAZIONE DELLE FONTI ENERGETICHE,59,"Art. 2, comma 11, L. n. 203/08",Riduzione dell'accisa sul gas naturale impiegato per usiindustriali da soggetti che registrano consumisuperiori a 1.200.000 mc annui,ACCISA,A REGIME,RIDUZIONE DI ALIQUOTA,"-7,3","-7,3","-7,3",,,SOGGETTI E CATEGORIE PARTICOLARI,X,33
2021,11: COMPETITIVITA’ E SVILUPPO DELLE IMPRESE,60,"Art. 4, comma 1, lett. a) n.2, Tariffa, parte prima, allegata al d.P.R. n. 131/1986",L'imposta di registro si applica nella misura ridotta del 4% per gli atti di conferimento societari di immobili strumentali,IMPOSTA DI REGISTRO,A REGIME,RIDUZIONE DI ALIQUOTA,"-2,8","-2,8","-2,8",128,,IMPRESE E SOCIETA',X,33
2021,11: COMPETITIVITA’ E SVILUPPO DELLE IMPRESE,61,"Art. 16, Legge n. 1216/1961","Applicazione dell'imposta sulle assicurazioni in luogo dell'imposta di registro sui contratti di assicurazione e riassicurazione, ricevute e quietanze",IMPOSTA DI REGISTRO,A REGIME,REGIME SOSTITUTIVO,"-532,7","-532,7","-532,7",,,BANCHE E ASSICURAZIONI,X,33
2021,11: COMPETITIVITA’ E SVILUPPO DELLE IMPRESE,62,"Art. 4, Tariffa, D.lgs. n. 347 del 1990",Applicazione delle imposte ipotecaria e catastale inmisura fissa per gli attidi fusione o discissione disocietà di qualunque tipo e per gli atti di conferimento di aziende o di complessi aziendli relativi a singoli rami di impresa.,IMPOSTE IPOCATASTALI,A REGIME,IMPOSTA IN MISURA FISSA,Non quantificabile,"-532,7","-532,7",,,IMPRESE E SOCIETA',X,33
2021,11: COMPETITIVITA’ E SVILUPPO DELLE IMPRESE,63,"Art. 4, Tariffa, D.lgs. n. 347 del 1990",Applicazione delle imposte ipotecaria e catastale in misura fissa per gli atti di regolarizzazione di società di fatto derivanti da comunione ereditaria di azienda registrati entro un anno dall'apertura della successione,IMPOSTE IPOCATASTALI,A REGIME,IMPOSTA IN MISURA FISSA,Non quantificabile,"-532,7","-532,7",,,PERSONE FISICHE,X,33
2021,11: COMPETITIVITA’ E SVILUPPO DELLE IMPRESE,64,"Art. 32, comma 5 ter del D.L. n. 78 del 2010 convertito dalla legge 122 del 2010","Le imposte di registro, ipotecaria e catastale si applicano in misura fissa agli atti di liquidazione del patrimonio immobilare di pertinenza dei fondi immobiliari chiusi",IMPOSTE DI REGISTRO E IPOCATASTALI,A REGIME,IMPOSTA IN MISURA FISSA,Non quantificabile,"-532,7","-532,7",,,SOGGETTI E CATEGORIE PARTICOLARI,X,33
2021,11: COMPETITIVITA’ E SVILUPPO DELLE IMPRESE,65,"Art. 118, comma 1, del D.Lgs. 18 agosto 2000, n. 267","Esenzione dalle imposte di registro, bollo, ipotecaria e catastale per i trasferimenti di beni mobili e immobili riguardanti le reti effettuati dai Comuni, dalle Province e da consorzi a favore di aziende speciali o di società a capitale interamente pubblico","IMPOSTE DI REGISTRO, DI BOLLO E IPOCATASTALI",A REGIME,ESENZIONE,Non quantificabile,"-532,7","-532,7",,,ENTI PUBBLICI,X,33
2021,11: COMPETITIVITA’ E SVILUPPO DELLE IMPRESE,66,"Art. 8, comma 10, del D.L. 15 aprile 2002, n. 63 connvertito dalla legge 15 giugno 2002, n. 112","Le cessioni a favore della società Infrastrutture Spa, e tutti i provvedimenti, atti, contratti, trasferimenti, prestazioni e formalita' inerenti alle cessioni sono esenti dalle imposte di registro, bollo, ipotecarie e catastali","IMPOSTE DI REGISTRO, DI BOLLO E IPOCATASTALI",A REGIME,ESENZIONE,Non quantificabile,"-532,7","-532,7",,,SOGGETTI E CATEGORIE PARTICOLARI,X,33
2021,11: COMPETITIVITA’ E SVILUPPO DELLE IMPRESE,67,"Art. 14-bis, comma 11, Legge 25 gennaio 1994, n. 86","Per l'insieme degli apporti immobiliari nei fondi immobiliari chiusi e delle eventuali successive retrocessioni si applica un'imposta sostitutiva fissa in luogo delle imposte di registro, ipotecaria e catastale","IMPOSTE DI REGISTRO, DI BOLLO E IPOCATASTALI",A REGIME,IMPOSTA IN MISURA FISSA,Non quantificabile,"-532,7","-532,7",,,SOGGETTI E CATEGORIE PARTICOLARI,X,33
2021,11: COMPETITIVITA’ E SVILUPPO DELLE IMPRESE,68,"Art. 8, comma 1 bis, del D.L. 25 settembre 2001, n. 351 convertito dalla legge 23 novembre 2001, n. 410","Imposte di registro, ipotecaria e catastale in misura fissa per gli apporti ai fondi immobiliari chiusi","IMPOSTE DI REGISTRO, DI BOLLO E IPOCATASTALI",A REGIME,IMPOSTA IN MISURA FISSA,"0,0","0,0","0,0",,,SOGGETTI E CATEGORIE PARTICOLARI,X,33
2021,11: COMPETITIVITA’ E SVILUPPO DELLE IMPRESE,69,"Art. 15, commi 10, 11 e 12 del D.L. n. 185 del 2008. Art. 23, commi 12-15 D.L. n. 98 del 2011 prorogato dall'art. 20 del D.L. n. 201/2011; Art. 1, commi 502, 503 e 505, L. n. 228/2012; Art. 1, comma 150, L. n. 147/2013; Art. 1, commi 95 e 96 L. n. 208/2015; Art. 1, commi 81-83 della L. n. 205/2017","Il soggetto beneficiario di una operazione straordinaria può ottenere il riconoscimento fiscale, intutto o in parte, dei maggiori valori attribuiti in bilancio all’avviamento, ai marchi di impresa e alle altre attività immateriali, mediante assoggettamento ad imposta sostitutiva di cui al comma 2-ter dell’art. 176, conl’aliquota del 16%. E', inoltre, possibile riallineare i minori valori fiscali ai maggiori valori contabili relativi ad attività diverse dalle immobilizzazioni materiali e immateriali (attivo circolante e immobilizzazioni finanziarie), assoggettando i maggiorivaloria tassazione conaliquota ordinaria, separatamente dall’imponibile complessivo. Imaggiori valori assoggettati ad imposta sostitutiva si considerano riconosciuti fiscalmente a partire dall’inizio del periodo d’imposta nel corso del quale è versata l’imposta sostitutiva. L'agevolazione è applicabile anche ai maggiori valori delle partecipazioni di controllo, iscrittiinbilancio a seguito dell'operazione a titolo diavviamento, marchi d'impresa e altre attivita' immateriali.",IRES,A REGIME,REGIME SOSTITUTIVO,"262,0","152,7","43,3",258,"1.015.612,8",PERSONE GIURIDICHE,X,33
2021,11: COMPETITIVITA’ E SVILUPPO DELLE IMPRESE,70,"Art. 31 D.L. 6 luglio 2011, n. 98, come modificato dall’art. 1, comma 219, L. 30 dicembre 2018, n. 145.","Esenzione dei redditi di capitale da partecipazione ai fondi di venture capital (FVC), ossia i fondi comuni d'investimento che investono almeno l'85 per cento dei capitali raccolti in società non quotate nella fase di sperimentazione, di costituzione, di avvio dell'attività o di sviluppo del prodotto.",IMPOSTA SOSTITUTIVA,A REGIME,ESENZIONE,"-2,0","-2,0","-2,0",,,PERSONE FISICHE,X,33
2021,11: COMPETITIVITA’ E SVILUPPO DELLE IMPRESE,71,"Art. 1 D.L. 22 giugno 2012, n. 83.","Estensione del regime dei titoli di Stato alle obbligazioni e altri titoli di debito emessi dalle società di cui all'articolo 185 del D.Lgs. 18 aprile 2016, n. 50, recante codice dei contratti pubblici (c.d. project bond).",IMPOSTA SOSTITUTIVA,A REGIME,RIDUZIONE DI ALIQUOTA,"0,0","0,0","0,0",,,PERSONE FISICHE,X,33
2021,11: COMPETITIVITA’ E SVILUPPO DELLE IMPRESE,72,"Art. 6 del D.L. n. 63/02, comma 1; art. 2 del D.L. n. 138/2011",Non concorre a formare il reddito imponibile delle società cooperative e dei loro consorzi la quota del 90 per cento degli utili netti annuali destinata a riserva minima obbligatoria. Non concorre a formare il reddito imponibile delle società cooperative e dei loro consorzi la quota del 90 per cento degli utili netti annuali destinata a riserva minima obbligatoria.,IRES,A REGIME,ESCLUSIONE,"-123,8","-123,8","-123,8",24.970,"-4.957,8",SOGGETTI E CATEGORIE PARTICOLARI,X,33
2021,11: COMPETITIVITA’ E SVILUPPO DELLE IMPRESE,73,"Art. 6 del D.L. n. 63/02, comma 2; art. 2 del D.L. n. 138/2011","Le somme di cui all'articolo 3, comma 2, lettera b), della legge 142/2001 e all'articolo 12 del decreto del Presidente della Repubblica 601/1973 destinate ad aumento del capitale delle società cooperative non concorrono a formare il reddito imponibile",IRES,A REGIME,ESCLUSIONE,"-1,5","-1,5","-1,5",24.970,"-60,1",SOGGETTI E CATEGORIE PARTICOLARI,X,34
2021,11: COMPETITIVITA’ E SVILUPPO DELLE IMPRESE,74,"Art. 6, comma 3, del D.L. n. 63/02, come modificato dall'art. 3, comma 1, del D.L. n. 66/2014.","Applicazione diuna ritenuta a titolo d'imposta, conaliquota pari al26 per cento, sugliinteressi corrispostiai soci persone fisiche delle cooperative e di loro consorzi, che non soddisfano i requisiti di piccole e micro imprese di cui alla raccomandazione 2003/361/CE del 6 maggio 2003 (c.d. interessi su prestito sociale).",IRPEF,A REGIME,REGIME SOSTITUTIVO,"-4,8","-4,8","-4,8",1.138,"-4.253,8",SOGGETTI E CATEGORIE PARTICOLARI,X,34
2021,11: COMPETITIVITA’ E SVILUPPO DELLE IMPRESE,75,"Art. 1, comma 47 L. n. 244 del 2007 e art. 176, comma 2-ter, del TUIR. D.M. 25 luglio 2008","Imposta sostitutiva sui maggiori valori attribuiti in bilancio agli elementi dell’attivo costituenti immobilizzazioni materiali e immateriali. Per le operazioni straordinarie (fusioni, scissioni, conferimenti di aziende) di cui agli articoli 172, 173 e 176 del TUIR, l’art. 176, comma 2-ter, del TUIR, prevede che, inalternativa al regime di neutralità fiscale, sia possibile optare per l’applicazione, in tutto o in parte, sui maggiori valori attribuiti in bilancio agli elementi dell’attivo costituenti immobilizzazioni materiali e immateriali, incluso l’avviamento, di un’imposta sostitutiva. Misura dell'imposta sostitutiva: 12% fino a 5 milioni di euro; 14% da 5 milioni di euro e fino a 10 milioni di euro; 16% sulla parte che eccede i 10 milioni di euro.",IMPOSTA SOSTITUTIVA,A REGIME,REGIME SOSTITUTIVO,"-0,6","40,6","65,2",377,"-1.617,3",PERSONE FISICHE E GIURIDICHE,X,34
2021,11: COMPETITIVITA’ E SVILUPPO DELLE IMPRESE,76,Art. 12 del D.P.R. n. 601/1973,Per le società cooperative e loro consorzi sono ammesse in deduzione dal reddito le somme ripartite tra i soci sotto forma di restituzione di una parte del prezzo dei beni e servizi acquistati o di maggiore compenso per i conferimenti effettuati.,IRES,A REGIME,DEDUZIONE,"-9,8","-9,8","-9,8",158,"-62.117,0",SOGGETTI E CATEGORIE PARTICOLARI,X,34
2021,11: COMPETITIVITA’ E SVILUPPO DELLE IMPRESE,77,"Art. 12 della L. n. 904/77; Art. 1, commi 460 e 464, della L. n. 311/04; Art. 82, comma 28, del D.L. n. 112/08 - D.L. n. 138/2011; D.L. n. 91/2014","Nonconcorrono al reddito imponibile delle cooperative le somme destinate alle riserve indivisibili, a condizione che sia esclusa la possibilità di distribuirle tra i soci, sia durante la vita dell'ente che all'atto delsuo scioglimento. Tale norma non si applica alle cooperative a mutualità prevalente: a) per la quota del 20% degli utili netti delle cooperative agricole; b) per la quota del 40% degli utili netti delle altre cooperative; c) per la quota del 65% degliutilinettidelle società cooperative diconsumo. La limitazione nonsiapplica alle cooperative sociali. Per le cooperative NON a mutualità prevalente la detassazione è limitata al30% degliutili nettiannuali (23% per coop di consumo, dal 2015), a condizione che tale quota sia destinata ad una riserva indivisibile prevista dallo statuto.",IRES,A REGIME,DEDUZIONE,"-56,8","-56,8","-56,8",25.051,"-2.268,7",SOGGETTI E CATEGORIE PARTICOLARI,X,34
2021,11: COMPETITIVITA’ E SVILUPPO DELLE IMPRESE,78,"Art. 10, del D.P.R. n. 601/1973; Art. 2, comma 8, della L. 350/2003 e art. 1, commi 460 e 461, della L. n. 311/2004","Sono esenti da IRES i redditi conseguiti da società cooperative agricole e loro consorzi mediante l'allevamento di animali con mangimi ottenibili per almeno un quarto dai terreni dei soci nonché mediante la manipolazione, conservazione, valorizzazione, trasformazione e alienazione diprodottiagricolie zootecnicie dianimali conferiti prevalentemente dai soci. I redditi conseguiti dalle cooperative della piccola pesca e dai loro consorzi sono esenti da IRES. Tali esenzioni non operano limitatamente al 20% degli utili netti annuali.",IRES,A REGIME,ESENZIONE,"-78,6","-78,6","-78,6",9.511,"-2.268,7",SOGGETTI E CATEGORIE PARTICOLARI,X,34
2021,11: COMPETITIVITA’ E SVILUPPO DELLE IMPRESE,79,"Art. 11, D.P.R. n. 601/1973; Art. 1, commi 462 e 463, L. n. 311/2004","I redditi conseguiti dalle società cooperative di produzione e lavoro, limitatamente al reddito imponibile derivante dall'indeducibilità dell'imposta regionale sulle attività produttive, sono esenti da IRES se l'ammontare delle retribuzioni effettivamente corrisposte ai soci non è inferiore al cinquanta per cento dell'ammontare complessivo di tutti gli altri costi; se l'ammontare delle retribuzioni è inferiore al cinquanta per cento ma non al venticinque per cento dell'ammontare complessivo degli altri costi l'imposta sul reddito delle persone giuridiche e l'imposta locale sui redditi sono ridotte alla metà",IRES,A REGIME,ESENZIONE,"-78,6","-78,6","-78,6",9.511,"-2.268,7",SOGGETTI E CATEGORIE PARTICOLARI,X,34
2021,11: COMPETITIVITA’ E SVILUPPO DELLE IMPRESE,80,"Art. 1, comma 42, L. 30 dicembre 2020, n. 178.","Applicazione di una ritenuta a titolo d'imposta del 12,5 per cento sulle somme destinate ad aumento dicapitale a favore dei soci persone fisiche della cooperative (c.d. ristorni).",IRPEF,A REGIME,REGIME SOSTITUTIVO,"2,3","1,8","1,3",,,PERSONE FISICHE,,34
2021,11: COMPETITIVITA’ E SVILUPPO DELLE IMPRESE,81,"Art. 1, comma 631, L. 30 dicembre 2020, n. 178.","Esenzione applicazione della ritenuta a titolo d'imposta sugli utili percepiti da OICR di diritto estero conformi alla direttiva 2009/65/CE del Parlamento europeo e del Consiglio, del 13 luglio 2009, e a OICR, non conformi alla citata direttiva 2009/65/CE, il cui gestore sia soggetto a forme di vigilanza nel Paese estero nel quale è istituito ai sensi della direttiva 2011/61/UE del Parlamento europeo e del Consiglio, dell'8 giugno 2011, istituiti negli Stati membri dell'Unione europea e negli Stati aderenti all'Accordo sullo spazio economico europeo che consentono un adeguato scambio di informazioni .",IRES,A REGIME,ESENZIONE,"-206,0","-206,0","-206,0",,,SOGGETTI E CATEGORIE PARTICOLARI,,34
2021,11: COMPETITIVITA’ E SVILUPPO DELLE IMPRESE,82,"Art. 1, comma 137 della L. 27 dicembre 2006, n. 296","Conferimenti immobili in SIIQ;SIINQ e Fondi immobiliari Imposta sostitutiva conaliquota del 20% per le plusvalenze realizzate all’atto del conferimento di immobili e di diritti reali su immobili: - in SIIQ; - in SIINQ; - in fondi comuni di investimento immobiliare istituiti ai sensi dell’articolo 37 del testo unico di cui al decreto legislativo 24 febbraio 1998, n. 58 (comma 140, art. 1 L. 296/2006).",IMPOSTA SOSTITUTIVA,A REGIME,REGIME SOSTITUTIVO,"8,9","5,1","1,3",5,"1.772.132,1",PERSONE FISICHE E GIURIDICHE,X,34
2021,11: COMPETITIVITA’ E SVILUPPO DELLE IMPRESE,83,"Art. 1, comma 126 della L. 27 dicembre 2006, n. 296","Imposta d’ingresso nel regime SIIQ e SIINQ relativa agli immobili posseduti dalla società alla data di chiusura dell’ultimo esercizio in regime ordinario. L’ingresso nel regime speciale SIIQ e SIINQ comporta il realizzo a valore normale degli immobili, nonché dei diritti reali su immobili destinati alla locazione, posseduti dalla società alla data di chiusura dell’ultimo esercizio in regime ordinario. L’importo complessivo delle plusvalenze così realizzate, al netto di eventuali minusvalenze, è assoggettato a imposta sostitutiva con l’aliquota del 20 %. Imposta d’ingresso nel regime SIIQ e SIINQ relativa agli immobili posseduti dalla società alla data di chiusura dell’ultimo esercizio in regime ordinario. L’ingresso nel regime speciale SIIQ e SIINQ comporta il realizzo a valore normale degli immobili, nonché dei diritti reali su immobili destinati alla locazione, posseduti dalla società alla data di chiusura dell’ultimo esercizio in regime ordinario. L’importo complessivo delle plusvalenze così realizzate, al netto di eventuali minusvalenze, è assoggettato a imposta sostitutiva con l’aliquota del 20 %.",IRES,A REGIME,REGIME SPECIALE,Effetti di trascurabile entità,"5,1","1,3",,,SOGGETTI E CATEGORIE PARTICOLARI,X,34
2021,11: COMPETITIVITA’ E SVILUPPO DELLE IMPRESE,84,"Art. 1, commi da 134 a 136, della L. 27 dicembre 2006, n. 296","Tassazione sugli utili corrisposti da SIIQ o SIINQ agli azionisti mediante ritenuta con aliquota ridotta pari al 15 per cento in relazione alla parte dell’utile di esercizio riferibile a contratti di locazione di immobili ad uso abitativo stipulatiaisensidell'articolo 2, comma 3, della legge 9 dicembre 1998, n. 431. La ritenuta è applicata a titolo d’acconto, nei confronti di: a) imprenditori individuali, se le partecipazioni sono relative all'impresa commerciale; b) società in nome collettivo, in accomandita semplice ed equiparate, società ed enti indicati nelle lettere a) e b) delcomma 1 dell'articolo 73 delTuir, e stabiliorganizzazioninelterritorio dello Stato delle società e degli enti di cui alla lettera d) del predetto articolo 73, comma 1. La ritenuta è applicata a titolo d'imposta in tutti gli altri casi.",IMPOSTA SOSTITUTIVA,A REGIME,RIDUZIONE DI ALIQUOTA,"-1,5","-1,5","-1,5",,,SOGGETTI E CATEGORIE PARTICOLARI,X,35
2021,11: COMPETITIVITA’ E SVILUPPO DELLE IMPRESE,85,"Art. 21, comma 1, della L. n. 448/98; Art. 6, comma 3, della L. 388/00;Art. 1, comma 129, L. n. 266/05;Art. 1, comma 393, della L. n. 296/06; Art.1, comma 168, della L. n. 244/2007;Art.1, comma 8, del D.L. n.194/09; Art. 2, comma 5, delD.L. n. 225/2010; Art. 34 commi1-3 L. 183/2011 come modificato dall’art. 4, comma 7-bis, D.L. 69/2013.",Deduzione forfetaria dal reddito di impresa a favore degli esercenti impianti di distribuzione carburante,IRPEF/IRES,A REGIME,DEDUZIONE,"-39,3","-39,3","-39,3",9.713,"-4.041,3",SOGGETTI E CATEGORIE PARTICOLARI,X,35
2021,11: COMPETITIVITA’ E SVILUPPO DELLE IMPRESE,86,"Artt. da 155 a 161, TUIR (Art. 7, D.Lgs. 29/10/2016, n. 221); Art. 10, della L. n. 167/2017","Tonnage tax: regime di determinazione del reddito dei soggetti di cui all'art. 73, comma 1, lettera a), del TUIR, derivante dall'utilizzo delle navi indicate nell'art. 8-bis, comma 1, lett. a), del D.P.R. n. 633/1972, iscritte nel registro internazionale di cui al D.L. n. 457/1997, convertito, conmodificazioni, dalla L. n. 30/1998. Il regime è opzionale e comporta la determinazione del reddito in via forfetaria secondo i criteri previsti dall'art. 156 del TUIR (notifica ai sensi dell'art. 108 del TFUE)",IRES,A REGIME,REGIME FORFETARIO,"-31,8","-31,8","-31,8",71,"-447.887,0",PERSONE GIURIDICHE,X,35
2021,11: COMPETITIVITA’ E SVILUPPO DELLE IMPRESE,87,Art. 11 della L. n. 59/92,"I versamenti effettuati ai Fondi mutualistici per la promozione e lo sviluppo della cooperazione di cui all'art. 11, comma 1, della L. n. 59/1992, effettuati dai soggetti di cui all'art. 73, comma 1, lett. a) del TUIR sono esenti da imposte e sono deducibili, nei limiti del 3%, dalla base imponibile del soggetto che effettua l'erogazione.",IRES,A REGIME,DEDUZIONE,"-9,7","-9,7","-9,7",25.051,"-387,4",SOGGETTI E CATEGORIE PARTICOLARI,X,35
2021,11: COMPETITIVITA’ E SVILUPPO DELLE IMPRESE,88,"Art. 4, comma 2, del D.L. n. 457/1997; Art. 13, comma 3, della L. 488/1999 e Art. 145, comma 66, della L. n. 388/2000; Art. 4, D.Lgs. 29/10/2016, n. 221; Art. 10, della L. n. 167/2017",Il reddito derivante dall'utilizzo di navi iscritte nel registro internazionale concorre in misura pari al 20% a formare il reddito complessivo ai fini IRES e IRPEF; (notifica ai sensi dell'art. 108 del TFUE),IRPEF/IRES,A REGIME,ESCLUSIONE,"-173,0","-173,0","-173,0",80,"-2.162.500,0",PERSONE FISICHE E GIURIDICHE,X,35
2021,11: COMPETITIVITA’ E SVILUPPO DELLE IMPRESE,89,"Art. 7, comma 3, della L. n. 59/92;D.L. 91/2014, art. 17- bis, comma 1","Nonconcorrono a formare ilreddito imponibile ai finidelle imposte dirette le quote diutili destinate ad aumento gratuito del capitale sociale, anche in deroga ai limiti massimi di partecipazione, purché nei limiti della variazione dell'indice dei prezzi al consumo accertata dall'Istat. (de minimis per coop di consumo)",IRES,A REGIME,ESCLUSIONE,"-1,2","-1,2","-1,2",141,"-8.799,8",SOGGETTI E CATEGORIE PARTICOLARI,X,35
2021,11: COMPETITIVITA’ E SVILUPPO DELLE IMPRESE,90,"Art. 8 della L. 21 novembre 2000, n. 342","Previsione di un’imposta sostitutiva, con l'aliquota del 19%, delle imposte sui redditi sulle plusvalenze derivanti da conferimenti o cessioni di beni o aziende a favore dei Centri di assistenza fiscale (CAF).",IMPOSTA SOSTITUTIVA,A REGIME,REGIME SOSTITUTIVO,Effetti di trascurabile entità,"-1,2","-1,2",,,PERSONE FISICHE E GIURIDICHE,X,35
2021,11: COMPETITIVITA’ E SVILUPPO DELLE IMPRESE,91,"Art. 15, L. 25 gennaio 1994, n. 86","Imposta sostitutiva dei fondi immobiliari chiusi - Le società di gestione del risparmio, relativamente ai fondi comuni d’investimento immobiliare già istituiti nel settembre 2001, possono assoggettare ad imposta sostitutiva IRES del 25% il reddito relativo alla gestione di ciascun fondo.",IMPOSTA SOSTITUTIVA,A REGIME,REGIME SOSTITUTIVO,Non quantificabile,"-1,2","-1,2",,,SOGGETTI E CATEGORIE PARTICOLARI,X,35
2021,11: COMPETITIVITA’ E SVILUPPO DELLE IMPRESE,92,Art. 22 del D.P.R. n. 601/1973,"I proventi dei fondi di garanzia di cui alle leggi n. 454/1961e n. 1068/1964, e al decreto-legge n. 976/1966, convertito nella L. n. 1142/1966, derivanti da contributi a fondo perduto, periodici o una volta tanto, dello Stato o dialtrienti, nonché quelliderivantidalle somme che le aziende e istitutidicredito trattengono sui finanziamenti assistiti da garanzie e versati successivamente ai fondi, non concorrono a formare il reddito dei fondi stessi, ai finiIRES, a condizione che illoro ammontare venga integralmente destinato a costituire o incrementare unfondo di garanzia.",IRES,A REGIME,ESCLUSIONE,Non quantificabile,"-1,2","-1,2",,,SOGGETTI E CATEGORIE PARTICOLARI,X,35
2021,11: COMPETITIVITA’ E SVILUPPO DELLE IMPRESE,93,"Art. 2, commi da 218 a 220, della L. n. 244/2007","Procedura accelerata di ammortamento dei beni mobili registrati con costo ammortizzabile ai fini fiscali non inferiore a 10 annied equipaggio dialmeno 6 persone qualora siano concessi inlocazione finanziaria conobbligo di acquisto, da unGruppo europeo di interesse economico (GEIE) o da una società per azioni o a responsabilità limitata per le quali sia stata esercitata l'opzione prevista dall'articolo 115, comma 4, del Tuir (trasparenza fiscale), ad un'impresa che li destiniall'esercizio della propria attività abituale. Esclusione dall’applicazione delle disposizioni di cui all'articolo 102, commi 1, 2, 3 e 7, del Tuir.",IRPEF/IRES,A REGIME,ALTRO,Non quantificabile,"-1,2","-1,2",,,IMPRESE E SOCIETA',X,35
2021,11: COMPETITIVITA’ E SVILUPPO DELLE IMPRESE,94,"Art. 66, c. 4., TUIR","Deduzione forfetaria per spese non documentate (per unimporto pari a determinate percentuali dell’ammontare dei ricavi) a favore degli intermediari, dei rappresentanti di commercio e degli esercenti attività di somministrazione di pasti e bevande e di prestazioni alberghiere (di cui al co. 1 dell’art. 1 del DM 13 ottobre 1979). Deduzione forfetaria per spese non documentate (per unimporto pari a determinate percentuali dell’ammontare dei ricavi) a favore degli intermediari, dei rappresentanti di commercio e degli esercenti attività di somministrazione di pasti e bevande e di prestazioni alberghiere (di cui al co. 1 dell’art. 1 del DM 13 ottobre 1979).",IRPEF,A REGIME,ESCLUSIONE,"-15,9","-15,9","-15,9",70.661,"-224,6",PERSONE FISICHE E GIURIDICHE,X,35
2021,11: COMPETITIVITA’ E SVILUPPO DELLE IMPRESE,95,"Art. 66, c. 5, TUIR; Art. 1, comma 652 L. n. 208/2015",Deduzione forfetaria per spese non documentate in base ai viaggi effettuati dagli esercenti autotrasporto c/terzi di minori dimensioni. Previsto un importo unico di deduzione forfetaria per i trasporti effettuati personalmente dall’imprenditore oltre i confini del Comune in cui ha sede l’impresa. Per i trasporti personalmente effettuati dall’imprenditore nell’ambito del Comune ove ha sede l’impresa viene prevista una deduzione pari al 35 per cento dell’importo spettante in caso di trasporto fuori Comune,IRES,A REGIME,ESCLUSIONE,"-65,8","-65,8","-65,8",24.026,"-2.736,7",SOGGETTI E CATEGORIE PARTICOLARI,,36
2021,11: COMPETITIVITA’ E SVILUPPO DELLE IMPRESE,96,"Art. 1, comma 131, della L. 27 dicembre 2006, n. 296 e Art. 10 del DM 174/2007",Esenzione dall'Ires del reddito d'impresa derivante dall'attività di locazione immobiliare. Esenzione dall’Irap della quota del valore della produzione proporzionalmente corrispondente al rapporto tra i componenti positivi imputabili alla gestione esente rilevanti ai fini Irap e l’ammontare complessivo dei componenti positivi rilevanti agli stessi effetti.,IRES,A REGIME,ESENZIONE,"-65,2","-65,2","-65,2",17.693,"-3.684,2",SOGGETTI E CATEGORIE PARTICOLARI,X,36
2021,11: COMPETITIVITA’ E SVILUPPO DELLE IMPRESE,97,"Art. 29, D.L. n. 179/2012; Art. 9, c. 16-ter, D.L. n. 76/2013, convertito, con modificazioni, dalla L. n. 99/2013; Art. 1, c. 66-67, della L. n. 232/2016;","Incentivi all'investimento in start-up innovative. (notifica ai sensi dell'art. 108 del TFUE). Dall'imposta lorda sul reddito delle persone fisiche si detrae unimporto pari al30% della somma investita dal contribuente nel capitale sociale di una o più start-up innovative direttamente ovvero per il tramite di organismi di investimento collettivo del risparmio che investano prevalentemente in start-up innovative. L'investimento massimo detraibile non può eccedere, in ciascun periodo d'imposta, l'importo di euro 1.000.000 e deve essere mantenuto per almeno tre anni. Non concorre alla formazione del reddito dei soggetti passivi dell'imposta sul reddito delle società, diversi da imprese start-up innovative, il 30% della somma investita nel capitale sociale di una o più start-up innovative direttamente ovvero per il tramite di organismi di investimento collettivo del risparmio o altre società che investano prevalentemente instart-up innovative.L'investimento massimo deducibile nonpuò eccedere, inciascun periodo d'imposta, l'importo di euro 1.800.000 e deve essere mantenuto per almeno tre anni.",IRPEF/IRES,A REGIME,DETRAZIONE/DEDUZI ONE,"-107,4","-107,4","-107,4",,,PERSONE FISICHE E GIURIDICHE,X,36
2021,11: COMPETITIVITA’ E SVILUPPO DELLE IMPRESE,98,"Art. 29-bis D.L. n. 179 del 2012 introdotto dall'art. 38, comma 7 del D.L. n. 34 del 2020","Incentivi in «de minimis» all'investimento in start-up innovative. In alternativa a quanto previsto dall'art. 29 del D.L. n. 179 del 2012, dall'imposta lorda sul reddito delle persone fisiche si detrae un importo pari al 50 per cento della somma investita dal contribuente nel capitale sociale di una o piu' start-up innovative direttamente ovvero per il tramite di organismi di investimento collettivo del risparmio che investano prevalentemente instart- up innovative. L'investimento massimo detraibile non puo' eccedere, in ciascun periodo d'imposta, l'importo di euro 100.000 e deve essere mantenuto per almeno tre anni.",IRPEF,A REGIME,DETRAZIONE,Stima compresa nella misura 97,"-107,4","-107,4",,,PERSONE FISICHE,,36
2021,11: COMPETITIVITA’ E SVILUPPO DELLE IMPRESE,99,"Art. 4, comma 9, D.L. n. 3/2015, così modificato dall'art. 1, c. 68, della L. n. 232/2016;","Incentivi all'investimento in PMI innovative. (notifica ai sensi dell'art. 108 del TFUE) L'articolo 29 del D.L. n. 179/2012 si applica alle PMI innovative nel rispetto delle condizioni e dei limiti previsti dagliOrientamenti sugli aiuti di Stato destinati a promuovere gli investimenti per il finanziamento del rischio, di cui alla comunicazione 2014/C 19/04 della Commissione, del 22 gennaio 2014.",IRPEF/IRES,A REGIME,DETRAZIONE/DEDUZI ONE,"-24,2","-24,2","-24,2",,,PERSONE FISICHE E GIURIDICHE,X,36
2021,11: COMPETITIVITA’ E SVILUPPO DELLE IMPRESE,100,"Art. 4, comma 9-ter, D.L. n. 3 del 2015, inserito dall'art.38, comma 8, del D.L. n. 34/2020","Incentivi in«de minimis»all'investimento inPMI innovative . Dall'imposta lorda sulreddito delle persone fisiche si detrae unimporto pari al cinquanta per cento della somma investita dalcontribuente nelcapitale sociale di una o piu' PMIinnovative direttamente ovvero per il tramite di organismidi investimento collettivo delrisparmio che investano prevalentemente in PMI innovative; la detrazione si applica alle sole PMI innovative iscritte alla sezione speciale del Registro delle imprese al momento dell'investimento. L'investimento massimo detraibile non puo' eccedere, in ciascun periodo d'imposta, l'importo di euro 300.000 e deve essere mantenuto per almeno tre anni. La detrazione in esame spetta prioritariamente rispetto alla detrazione di cui all’articolo 29 del decreto- legge 18 ottobre 2012, n. 179, convertito, con modificazioni, dalla legge 17 dicembre 2012, n. 221, e fino all’ammontare di investimento di cui al periodo precedente. Sulla parte di investimento che eccede tale limite è fruibile esclusivamente la detrazione di cui al citato articolo 29 del decreto-legge n. 179 del 2012 nei limiti del regolamento (UE) n. 1407/2013 della Commissione, del 18 dicembre 2013.",IRPEF,A REGIME,DETRAZIONE,Stima compresa nella misura 99,"-24,2","-24,2",,,PERSONE FISICHE,,36
2021,11: COMPETITIVITA’ E SVILUPPO DELLE IMPRESE,101,"Art. 14, comma 1, D.L. 25 maggio 2021, n. 73","Esenzione tassazione capital gain realizzati dalla cessione a titolo oneroso di partecipazioni in imprese start up innovative, acquisite mediante sottoscrizione di capitale sociale.",IRPEF,2025,ESENZIONE,"0,0","0,0","0,0",,,PERSONE FISICHE,,36
2021,11: COMPETITIVITA’ E SVILUPPO DELLE IMPRESE,102,"Art. 14, comma 2, D.L. 25 maggio 2021, n. 73","Esenzione tassazione capital gain realizzati dalla cessione a titolo oneroso di partecipazioni in PMI innovative, acquisite mediante sottoscrizione di capitale sociale.",IRPEF,2025,ESENZIONE,"0,0","0,0","0,0",,,PERSONE FISICHE,,36
2021,11: COMPETITIVITA’ E SVILUPPO DELLE IMPRESE,103,"Art. 14, comma 3, D.L. 25 maggio 2021, n. 73",Esenzione tassazione capital gain realizzati dalla cessione a titolo oneroso di partecipazioni qualora il ricavato venga investito in start up innovative o PMI innovative mediante sottoscrizione di capitale sociale.,IRPEF,2025,ESENZIONE,"-1,9","-3,2","-3,2",,,PERSONE FISICHE,,36
2021,11: COMPETITIVITA’ E SVILUPPO DELLE IMPRESE,104,"Art. 1, commi 89-90, L. n. 208/2015","Rientrano tra i soggetti per i qualil’Ires è ridotta alla metà dicui all’art. 6 delD.P.R. n. 601/1973, glienti aventi le stesse finalità sociali degli Iacp, istituiti nella forma di società (con personalità giuridica) che rispondono ai requisiti della legislazione UE in materia di “in house providing” e che siano costituiti e operanti alla data del 31/12/13. Per tali soggetti è stato inoltre stabilito che non si considerano contributi o liberalità, e pertanto non sono sopravvenienze attive ai sensi dell’art. 88 del Tuir, i finanziamenti erogati dallo Stato, dalle Regioni e dalle Province autonome per la costruzione, ristrutturazione e manutenzione straordinaria e ordinaria di immobili di edilizia residenziale pubblica.",IRES,A REGIME,RIDUZIONE DI ALIQUOTA/ESCLUSIO NE,"-5,8","-5,8","-5,8",,,SOGGETTI E CATEGORIE PARTICOLARI,X,36
2021,11: COMPETITIVITA’ E SVILUPPO DELLE IMPRESE,105,"Art. 1, commi 987-989 L. n. 208/2015 - Art. 100, comma 2, lett. o-ter) del TUIR","Sono deducibili le somme corrisposte, anche su base volontaria, a consorzi cui le imprese aderiscono ottemperando a obblighi di legge, indipendentemente dal trattamento contabile e purché utilizzate agli scopi dei consorzi. Le medesime somme sono deducibilidall’IRAP. Talidisposizionisiapplicano dall’esercizio incorso al 31/12/15. Sono deducibili le somme corrisposte, anche su base volontaria, a consorzi cui le imprese aderiscono ottemperando a obblighi di legge, indipendentemente dal trattamento contabile e purché utilizzate agli scopi dei consorzi. Le medesime somme sono deducibilidall’IRAP. Talidisposizionisiapplicano dall’esercizio incorso al 31/12/15.",IRES/IRAP,A REGIME,DEDUZIONE,"-18,0","-18,0","-18,0",682,"-26.463,0",PERSONE FISICHE E GIURIDICHE,X,36
2021,11: COMPETITIVITA’ E SVILUPPO DELLE IMPRESE,106,"Art. 1, commi 170 e 171, L. n. 208/2015","I maggiori o minori valori derivanti dalla riduzione o conversione di azioni disposta dalla Banca d'Italia per il risanamento o risoluzione di enticreditizi e delle imprese di investimento, disciplinata dalD.lgs. n. 180/2015 non concorrono a formare il reddito imponibile ai fini delle imposte dirette, né a formare la base imponibile Irap del soggetto che ha emesso gli strumenti stessi. I maggiori o minori valori derivanti dal cd. bail in, (ossia dalla misura dirisoluzione delle banche che prevede la riduzione o la conversione incapitale deidiritti degliazionisti e dei creditori), nonché i conferimenti del Fondo di risoluzione e le somme corrisposte dal sistema di garanzia dei depositantinelcorso della procedura dirisoluzione, nonconcorrono alla formazione delreddito imponibile ai fini Ires, per la parte che eccede le perdite pregresse e di periodo, né alla base imponibile Irap dell’ente sottoposto a risoluzione. In tale ipotesi non si applicano gli ordinari limiti di riportabilità delle perdite; rilevano anche le perdite trasferite al consolidato nazionale, non ancora utilizzate.",IRES,A REGIME,ESCLUSIONE,Effetti di trascurabile entità,2023,2024,,,BANCHE E ASSICURAZIONI,X,37
2021,11: COMPETITIVITA’ E SVILUPPO DELLE IMPRESE,107,"Art. 1, comma 850, legge n. 208/2015","Nel caso in cui siano adottate azioni di risoluzione bancaria la trasformazione in credito d'imposta delle attività per imposte anticipate relative ai componenti negativi di cui al co. 55 dell'art. 2 del D.L. n. 225/2010, iscritte nella situazione contabile di riferimento dell'ente sottoposto a risoluzione decorre dalla data di avvio della risoluzione e opera sulla base dei dati della medesima situazione contabile. Con decorrenza dal periodo d'imposta in corso alla data di avvio della risoluzione non sono deducibili i componenti negativi corrispondenti alle attività per imposte anticipate trasformate in credito d'imposta .",IRES,A REGIME,ALTRO,"-0,3","-0,3","-0,3",24,"-10.990,1",BANCHE E ASSICURAZIONI,X,37
2021,11: COMPETITIVITA’ E SVILUPPO DELLE IMPRESE,108,"Art. 1, comma 853, L. n. 208/2015",Escluse dalle sopravvenienze attive i versamenti effettuati dal fondo di risoluzione agli enti ponte.,IRES,A REGIME,ESCLUSIONE,Effetti di trascurabile entità,"-0,3","-0,3",,,BANCHE E ASSICURAZIONI,X,37
2021,11: COMPETITIVITA’ E SVILUPPO DELLE IMPRESE,109,Art. 15 D.L. n. 18/2016,"La cessione di diritti, attività e passività di una banca sottoposta a risoluzione a un ente ponte non costituisce realizzo di plusvalenze o minusvalenze ai fini Ires e Irap. I beni ricevuti dall'ente ponte sono valutati fiscalmente in base agli ultimi valori fiscali riconosciuti in capo all'ente cedente. Dalla data in cui ha effetto la cessione l'ente ponte subentra nella posizione dell'ente sottoposto a risoluzione in ordine ai diritti, attività o passività oggetto di cessione, incluse la deduzione o la tassazione dei componenti di reddito dell'ente sottoposto a risoluzione già imputati a conto economico e non ancora dedotti o tassati dallo stesso alla data della cessione, e nelle deduzioni derivanti da opzioni di riallineamento dell'avviamento e di altre attività immateriali esercitate dall'ente sottoposto a risoluzione. Le perdite dell'ente sottoposto a risoluzione sono portate in diminuzione del reddito dell'ente ponte.",IRES,A REGIME,ALTRO,Effetti di trascurabile entità,"-0,3","-0,3",,,BANCHE E ASSICURAZIONI,,37
2021,11: COMPETITIVITA’ E SVILUPPO DELLE IMPRESE,110,"Art. 14 D.L. n. 18/2016. Art. 88, co. 3 bis Tuir.","Irrilevanza fiscale dei contributi volontari percepiti da soggetti sottoposti a procedure di crisi o che sono stati sottoposti a procedure di crisi nei 24 mesi antecedenti alla data in cui hanno ricevuto il contributo. Inserimento comma 3 bis all'art. 88 del Tuir. Noncostituiscono sopravvenienze attive, inquanto escluse, icontributi percepiti a titolo di liberalità dai soggetti sottoposti ad alcune procedure concorsuali, alle procedure di crisi di cui all'art. 20 del D.lgs. n. 180/2015 (dissesto o rischio di dissesto bancario), alla procedura di amministrazione straordinaria di cui all'art. 70 e ss. del D.lgs. n.385/1993.",IRPEF/IRES,A REGIME,ESCLUSIONE,"-16,6","-16,6","-16,6",436,"-38.026,6",BANCHE E ASSICURAZIONI,,37
2021,11: COMPETITIVITA’ E SVILUPPO DELLE IMPRESE,111,"Art. 4, comma 1, del D.L. n. 457/1997 e art. 13, commi 1 e 2, della L. 488/1999; Art. 4, D.Lgs. n. 221/2016; Art. 10, della L. n. 167/2017","Credito d'imposta a favore delle imprese armatoriali. (notifica ai sensi dell'art. 108 del TFUE) in misura corrispondente all'imposta sul reddito delle persone fisiche dovuta sui redditi di lavoro dipendente e di lavoro autonomo corrisposti al personale di bordo imbarcato sulle navi iscritte nel Registro internazionale, da valere ai fini del versamento delle ritenute alla fonte relative a tali redditi.",,A REGIME,CREDITO D'IMPOSTA,"-102,4","-102,4","-102,4",67,"-1.530.000,0",PERSONE GIURIDICHE,X,37
2021,11: COMPETITIVITA’ E SVILUPPO DELLE IMPRESE,112,"Art. 1, comma 172, L. n. 244/2007; Art. 2, comma 2, L. n. 203/2008","Estensione dei benefici di cui all'art. 4, commi 1 e 2, D.L. n. 457/1997, nel limite dell'80%, alle imprese che esercitano la pesca costiera, nonché alle imprese che esercitano la pesca nelle acque interne e lagunari corrispondenti all'imposta sul reddito delle persone fisiche dovuta sui redditi di lavoro dipendente e di lavoro autonomo corrisposti al personale di bordo imbarcato sulle navi iscritte nel Registro internazionale, da valere ai fini del versamento delle ritenute alla fonte relative a tali redditi. Il reddito derivante dall'utilizzazione di navi iscritte nel Registro internazionale concorre in misura pari al 20% a formare il reddito complessivo assoggettabile all'imposta sul reddito delle persone fisiche e all'imposta sul reddito delle persone giuridiche. L'art. 2, comma 2, L n. 203/2008 stabilizza a regime detto beneficio a decorrere dal periodo d'imposta 2009.",,A REGIME,CREDITO D'IMPOSTA/NON CONCORRENZA AL REDDITO,"-12,2","-12,2","-12,2",2.320,"-5.260,0",SOGGETTI E CATEGORIE PARTICOLARI,X,37
2021,11: COMPETITIVITA’ E SVILUPPO DELLE IMPRESE,113,"Art. 6-bis, comma 1, e 4, comma 1, del D.L. n. 457/1997","Estensione dei benefici di cui all'art. 4, commi 1 e 2, del D.L. n. 457/1997, alle imprese che esercitano la pesca oltre gli stretti e, nel limite del 70%, a quelle che esercitano la pesca mediterranea.",,A REGIME,CREDITO D'IMPOSTA/NON CONCORRENZA AL REDDITO,Stima compresa nella misura 112,"-12,2","-12,2",,,SOGGETTI E CATEGORIE PARTICOLARI,X,37
2021,11: COMPETITIVITA’ E SVILUPPO DELLE IMPRESE,114,"Artt. 3 e 4, della Legge n.193/2000, come modificati dall'art. 3-bis, comma 2, del D.L. n. 78/2013; D.M. n. 87/2002 e DM 24/7/2014 n. 148","Credito d’imposta assunzione di lavoratori detenuti. In particolare, sono previsti i seguenti due crediti d'imposta: 1) uncredito d'imposta mensile a favore delle imprese che assumono per unperiodo di tempo noninferiore a 30 giorni lavoratori detenuti o internati ovvero ammessi al lavoro all'esterno, o che svolgono attività formative nei loro confronti, nella misura massima di 700 euro per ogni lavoratore assunto; 2) uncredito d'imposta mensile a favore delle imprese che assumono, per unperiodo di tempo noninferiore a 30 giorni, detenuti semiliberi provenienti dalla detenzione, o che svolgono effettivamente attività formative nei loro confronti, nella misura massima di 350 euro per ogni lavoratore assunto. Credito d’imposta assunzione di lavoratori detenuti. In particolare, sono previsti i seguenti due crediti d'imposta: 1) uncredito d'imposta mensile a favore delle imprese che assumono per unperiodo di tempo noninferiore a 30 giorni lavoratori detenuti o internati ovvero ammessi al lavoro all'esterno, o che svolgono attività formative nei loro confronti, nella misura massima di 700 euro per ogni lavoratore assunto; 2) uncredito d'imposta mensile a favore delle imprese che assumono, per unperiodo di tempo noninferiore a 30 giorni, detenuti semiliberi provenienti dalla detenzione, o che svolgono effettivamente attività formative nei loro confronti, nella misura massima di 350 euro per ogni lavoratore assunto.",,A REGIME,CREDITO D'IMPOSTA,"-4,8","-4,8","-4,8",262,"-18.147,2",SOGGETTI E CATEGORIE PARTICOLARI,X,37
2021,11: COMPETITIVITA’ E SVILUPPO DELLE IMPRESE,115,"Art. 50, commi 6 e 13-bis, del D.L. n. 269/03",Credito d’imposta a favore delle farmacie pubbliche e private per acquisto di software certificato da utilizzare per la trasmissione dei dati delle ricette mediche in misura pari a 250 euro.,,A REGIME,CREDITO D'IMPOSTA,Effetti di trascurabile entità,2023,2024,,,SOGGETTI E CATEGORIE PARTICOLARI,X,38
2021,11: COMPETITIVITA’ E SVILUPPO DELLE IMPRESE,116,Art. 33 del D.L. n. 179/2012,"Credito d'imposta per la realizzazione di nuove opere infrastrutturali, la cui progettazione definitiva sia approvata entro il 31 dicembre 2016, di importo superiore a 50 milioni di euro mediante l'utilizzazione di contratti di partenariato pubblico-privato.",,A REGIME PER I PROGETTI APPROVATI ENTRO IL 2016,CREDITO D'IMPOSTA,Effetti di trascurabile entità,2023,2024,,,IMPRESE E SOCIETA',X,38
2021,11: COMPETITIVITA’ E SVILUPPO DELLE IMPRESE,117,"Art. 18, L. 183/2011. Delibera CIPE 1/2013 (RU Codice credito 94)","Misure dicompensazione fiscale previste per ilfinanziamento diopere infrastrutturali, da realizzare o incorso di affidamento, con contratti di partenariato pubblico privato. La delibera del CIPE n. 1/2013 ha definito le linee guida per l’applicazione delle misure agevolative. Le predette misure fiscali sono alternative al credito d’imposta di cui all’art. 33, DL n. 179/2012.",,A REGIME,CREDITO D'IMPOSTA,Effetti di trascurabile entità,2023,2024,,,IMPRESE E SOCIETA',X,38
2021,11: COMPETITIVITA’ E SVILUPPO DELLE IMPRESE,118,"Art. 20, D.Lgs. n. 28 del 2010","Credito d'imposta commisurato all'indennità corrisposta ai soggetti abilitati a svolgere la mediazione con un massimo di 500 euro. In caso di insuccesso della mediazione, il credito d'imposta è ridotto della metà.",,A REGIME,CREDITO D'IMPOSTA,Effetti di trascurabile entità,2023,2024,,,PERSONE FISICHE E GIURIDICHE,X,38
2021,11: COMPETITIVITA’ E SVILUPPO DELLE IMPRESE,119,"Art. 16 del D.Lgs. n. 147 del 2015, modificato dall'art. 1, comma 150, L. n. 232 del 2016. Art. 3, comma 3- novies, D.L. n. 244 del 2016, convertito, con modificazioni, dalla L. n. 19 del 2017. Art. 8-bis, c.2 D.L. n.148/2017, convertito, con modificazioni dalla L.n. 172/2017; Art. 5 D.L. n. 34 del 2019; Art. 13-ter del D.L. n. 124 del 2019, convertito, con modificazioni, dalla L. n. 157 del 2019; Art. 1, comma 50, L. n.178/2020, a decorrere dal 1° gennaio 2021. (Regime dei lavoratori impatriati)","Riduzione nella misura del 50 per cento dei redditi di lavoro dipendente e di lavoro autonomo prodottiinItalia. L'agevolazione spetta a decorrere dal periodo d'imposta del trasferimento della residenza inItalia e per i quattro periodi d’imposta successivi. Dal periodo d'imposta 2019 ai soggetti che a decorrere dal 30 aprile 2019 trasferiscono la residenza fiscale inItalia e risultano beneficiaridelregime per i lavoratoriimpatriati dicui all'art. 16 del D.Lgs n.147 del 2015 l'agevolazione, estesa anche alle persone fisiche titolari di reddito d'impresa, consiste nella riduzione dell'imponibile nella misura del 70 per cento. Sono previste, inoltre, a determinate condizioni, ulteriori agevolazioni per il quinquennio successivo al primo. I soggetti che siano stati iscritti all'Anagrafe degli italiani residenti all'estero o che siano cittadini di Stati membri dell'Unione europea, che hanno già trasferito la residenza prima dell'anno 2020 e che alla data del 31 dicembre 2019 risultano beneficiari del regime previsto dall'articolo 16 del D.Lgs n. 147/2015 possono optare per l'applicazione delle agevolazioni relative al quinquiennio successivo al primo previo pagamento di di unimporto pari al 10% o al 5% - a seconda dei requisiti posseduti - dei redditi agevolati relativi all’annualità precedente a quella di esercizio dell’opzione.",IRPEF,A REGIME,ESCLUSIONE,"-247,5","-239,4","-241,3",11.181,"-22.137,2",PERSONE FISICHE,,38
2021,11: COMPETITIVITA’ E SVILUPPO DELLE IMPRESE,120,"Art. 74 della legge 22 ottobre 1971, n. 865",Gli atti di trasferimento della proprietà o di concessione del diritto di superficie relativi alle aree da destinare a insediamenti produttivi sono soggetti all'imposta fissa di registro e sono esenti da imposta ipotecaria.,IMPOSTE DI REGISTRO E IPOTECARIA,A REGIME,ESENZIONE E MISURA FISSA,Non quantificabile,"-239,4","-241,3",,,IMPRESE E SOCIETA',X,38
2021,11: COMPETITIVITA’ E SVILUPPO DELLE IMPRESE,121,"Art. 1, commi 8 e 12-13, legge n. 232 del 2016; art. 14 D.L. n. 91 del 2017. Art. 1, comma 29, della L. n. 205/2017. Art. 1 D.L n. 34 /2019. Art.50 D.L. n. 34/2020.","Proroga super ammortamento (maggiorazione del costo acquisto del 40% - 30% dal 2018 - ai fini della determinazione delle quote di ammortamento) con esclusione delle autovetture. Per gli investimenti effettuati dal 1° aprile 2019 fino al 31 dicembre 2019 la maggiorazione del costo di acquisto è pari al 30%. È stato differito dal 30/6/20 al 31/12/20 il termine per la consegna del bene strumentale, il cui ordine era stato comunque accettato entro il 31/12/19 ed era stato pagato un acconto pari al 20%, al fine di ottenere il riconoscimento la maggiorazione del costo ai fini del calcolo delle quote di ammortamento cd. “Superammortamento” di cui all’art. 1 del D.L. n. 34/2019.",IRPEF/IRES,2019,DEDUZIONE,"-147,0","-147,0","-147,0",,,IMPRESE E SOCIETA',,38
2021,11: COMPETITIVITA’ E SVILUPPO DELLE IMPRESE,122,"Art. 1, commi 9-13, legge n. 232 del 2016; art. 14 D.L. n. 91 del 2017. Art. 1 comma 30, della legge n.205 del 2017. Art.1 commi 60-65 della legge n.145 del 2018.","Proroga e ampliamento dell'iperammortamento (maggiorazione del 150% anzichè del 40%) per taluni investimentialtamente tecnologiciinchiave industria 4,0 effettuati tra il 1º gennaio e il 31 dicembre 2019,ovvero entro il 31 dicembre 2020 a condizione che entro la data del 31 dicembre 2019 ilrelativo ordine risulti accettato dal venditore e sia avvenuto il pagamento di acconti in misura almeno pari al 20% del costo di acquisizione del costo di acquisizione e introduzione del super ammortamento (maggiorazione del 40%) per i relativi software applicativi interconnessi. Per gli investimenti effettuati nel 2019 la maggiorazione si applica nella misura del 170% - 100% e 50% a seconda dell'importo dell'investimento effettuato; per i relativi software applicativi interconnessi. è confermata la maggiorazione del 40%.",IRPEF/IRES,2019,DEDUZIONE,"-768,9","-606,6","-598,9",,,IMPRESE E SOCIETA',,38
2021,11: COMPETITIVITA’ E SVILUPPO DELLE IMPRESE,123,"Art. 1, commi da 88 a 91, della L. 11 dicembre 2016, n. 232, come modificato, da ultimo, dall'Art. 1, comma 210, della L. 30 dicembre 2018, n. 145.","Agevolazione fiscale a favore delle casse previdenziali titolari di investimenti qualificati di cui all'articolo 1, comma 89, della legge 11 dicembre 2016, n. 232. Esenzione per i redditi di natura finanziaria prodotti dagli investimenti qualificati",IRES,A REGIME,ESENZIONE,"-41,6","-41,6","0,0",,,SOGGETTI E CATEGORIE PARTICOLARI,,38
2021,11: COMPETITIVITA’ E SVILUPPO DELLE IMPRESE,124,"Art. 1, commi da 92 a 94, della L. 11 dicembre 2016, n. 232, come modificato, da ultimo, dall'art. 1, comma 210, della L. 30 dicembre 2018, n. 145.","Agevolazione fiscale a favore delle forme di previdenza complementare titolari di investimenti qualificati di cui all'articolo 1, comma 89, della legge 11 dicembre 2016, n. 232. Esenzione per i redditi di natura finanziaria prodotti dagli investimenti qualificati",IMPOSTA SOSTITUTIVA,A REGIME,ESENZIONE,"-41,6","-41,6","0,0",,,SOGGETTI E CATEGORIE PARTICOLARI,,38
2021,11: COMPETITIVITA’ E SVILUPPO DELLE IMPRESE,125,"Art. 1, comma 95, della L. 11 dicembre 2016, n. 232. come modificato, da ultimo, dall'art. 1, comma 210, lett. d), della L. 30 dicembre 2018, n. 145.",Agevolazione fiscale a favore dei fondi pensione esteri istituiti negli Stati membri dell’Unione europea e negli Stati aderenti all’Accordo sullo spazio economico europeo inclusi nella white list. Esenzione per i redditi di natura finanziaria prodotti dagli investimenti qualificati,IRES,A REGIME,ESENZIONE,"-41,6","-41,6","0,0",,,SOGGETTI E CATEGORIE PARTICOLARI,,38
2021,11: COMPETITIVITA’ E SVILUPPO DELLE IMPRESE,126,"Art. 1, commi da 100 a 114, della L. 11 dicembre 2016, n. 232, come modificato, da ultimo, dall'art. 13-bis del D.L. 26 ottobre 2019, n. 124.",Agevolazione in materia di piani individuali di risparmio a lungo termine. Esenzione per i redditi di natura finanziaria prodotti dagli investimenti qualificati conferiti nei PIR Agevolazione in materia di piani individuali di risparmio a lungo termine. Esenzione per i redditi di natura finanziaria prodotti dagli investimenti qualificati conferiti nei PIR,IRPEF,A REGIME,ESENZIONE,"-103,0","-103,0","-103,0",,,PERSONE FISICHE,,38
2021,11: COMPETITIVITA’ E SVILUPPO DELLE IMPRESE,127,"Art. 136 del D.L. 19 maggio 2020, n. 34.",Agevolazione in materia di piani individuali di risparmio a lungo termine dedicati alle piccole e medie imprese. Esenzione per i redditi di natura finanziaria prodotti dagli investimenti qualificati conferiti nei PIR-PMI.,IRPEF,A REGIME,ESENZIONE,"-88,1","-132,6","-183,6",,,PERSONE FISICHE,,39
2021,11: COMPETITIVITA’ E SVILUPPO DELLE IMPRESE,128,"Art. 1, commi da 219 a 225, L. 30 dicembre 2020, n. 178.",Credito d'imposta in favore dei titolari dei PIR-PMI che realizzo minusvalenze derivanti dagli strumenti finanziari detenuti nel piano di risparmio.,IRPEF,2021,CREDITO D'IMPOSTA,"-42,2","-42,2","-42,2",,,PERSONE FISICHE,,39
2021,11: COMPETITIVITA’ E SVILUPPO DELLE IMPRESE,129,"Art. 18, comma 3 del D.Lgs. n. 112 del 2017, modificato dall'art. 7, comma 1, lett. b) e lett. c) del D.Lgs. n.95/2018","Detrazione del 30 per cento della somma investita dal contribuente nel capitale sociale di una o più società, incluse le società cooperative, che abbiano acquisito la qualifica di impresa sociale da non più di 5 anni. L'investimento massimo detraibile nonpuò eccedere, inciascunperiodo d'imposta, l'importo di euro 1.000.000 e deve essere mantenuto per almeno cinque anni.",IRPEF,A REGIME,DETRAZIONE,"-1,8","-1,8","0,0",,,PERSONE FISICHE,,39
2021,11: COMPETITIVITA’ E SVILUPPO DELLE IMPRESE,130,"Art. 57, comma 2, D.L. 24 aprile 2017, n. 50.","Agevolazione fiscale a favore delle casse previdenziali che investono nei piani individuali di risparmio di cui all'articolo 1, comma 102, della legge 11 dicembre 2016, n. 232.",IRPEF,A REGIME,ESENZIONE,"0,0","0,0","0,0",,,SOGGETTI E CATEGORIE PARTICOLARI,,39
2021,11: COMPETITIVITA’ E SVILUPPO DELLE IMPRESE,131,"Art. 136 del D.L. 19 maggio 2020, n. 34.",Agevolazione fiscale a favore delle casse previdenziali che investono nei piani di risparmio a lungo termine dedicati alle piccole e medie imprese. Esenzione per i redditi di natura finanziaria prodotti dagli investimenti qualificati conferiti nei PIR-PMI.,IRES,A REGIME,ESENZIONE,Stima compresa nella misura 127,"0,0","0,0",,,SOGGETTI E CATEGORIE PARTICOLARI,,39
2021,11: COMPETITIVITA’ E SVILUPPO DELLE IMPRESE,132,"Art. 57, comma 2, D.L. 24 aprile 2017, n. 50.","Agevolazione fiscale a favore delle forme di previdenza complementare che investono nei piani individuali di risparmio di cui all'articolo 1, comma 102, della legge 11 dicembre 2016, n. 232.",IMPOSTA SOSTITUTIVA,A REGIME,ESENZIONE,"0,0","0,0","0,0",,,SOGGETTI E CATEGORIE PARTICOLARI,,39
2021,11: COMPETITIVITA’ E SVILUPPO DELLE IMPRESE,133,"Art. 136 del decreto-legge 19 maggio 2020, n. 34.",Agevolazione a favore delle forme di previdenza complementare che investono nei piani individuali di risparmio a lungo termine dedicati alle piccole e medie imprese. Esenzione per i redditi di natura finanziaria prodotti dagli investimenti qualificati conferiti nei PIR-PMI.,IMPOSTA SOSTITUTIVA,A REGIME,ESENZIONE,Stima compresa nella misura 127,"0,0","0,0",,,SOGGETTI E CATEGORIE PARTICOLARI,,39
2021,11: COMPETITIVITA’ E SVILUPPO DELLE IMPRESE,134,Art. 136-bis. D.L. n. 34/2020 – Rivalutazione dei beni delle cooperative agricole,"La disposizione consente alle cooperative agricole e loro consorzi la possibilità di rivalutare i beni mobili e immobili, ai sensi dell'art. 1, comma 697 della legge n. 160 del 2019, senza assolvere le imposte sostitutive fino a concorrenza delle perdite fiscali pregresse riportate a nuovo nel limite del 70% del loro ammontare. Tali perdite non potranno più essere utilizzate in diminuzione del reddito ai sensi dell'articolo 84 del TUIR. L’efficacia della misura è subordinata all’autorizzazione della Commissione europea. Il maggior valore attribuito ai beni in sede di rivalutazione si considera riconosciuto ai fini delle imposte sui redditi e dell'Irap a decorrere dal terzo esercizio (2022) successivo a quello con riferimento al quale la rivalutazione è stata eseguita.",IMPOSTA SOSTITUTIVA,2019,RIDUZIONE DI IMPOSTA,"-7,8","-3,3","-3,5",18,"-431.607,8",COOPERATIVE AGRICOLE,,39
2021,11: COMPETITIVITA’ E SVILUPPO DELLE IMPRESE,135,"Art. 110 D.L. n. 104/2020 convertito in legge, con modifiche, dall'art. 1, comma 1, L. 13.10.2020, n. 126","La disposizione prevede la possibilità per le imprese di rivalutare, con valenza solo contabile, i beni materiali e immateriali, conesclusione di quelli alla cui produzione e al cui scambio è diretta l’attività d’impresa, nonché le partecipazioni in società controllate e collegate ai sensi dell’art. 2359 del codice civile costituenti immobilizzazioni, risultanti dal bilancio dell'esercizio in corso al 31 dicembre 2019. Il maggior valore attribuito ai beni in contabilità per effetto della rivalutazione può, tuttavia, essere riconosciuto anche ai fini fiscali a decorrere dall’esercizio successivo a quello conriferimento al quale la rivalutazione è stata eseguita mediante il versamento di un'imposta sostitutiva delle imposte sui redditi e dell'imposta regionale sulle attività produttive e di eventuali addizionali nella misura del 3 per cento per i beni ammortizzabili e non ammortizzabili.",IMPOSTA SOSTITUTIVA,2020,RIDUZIONE DI IMPOSTA,Stima compresa nella misura 136,"-3,3","-3,5",,,IMPRESE,,39
2021,11: COMPETITIVITA’ E SVILUPPO DELLE IMPRESE,136,"Art. 1, comma 83 L. n. 178/2020","La disposizione consente di riallineare, ai sensi dell’art. 14 della legge n. 342/2000, le divergenze tra valori contabili e fiscali dell’avviamento e delle altre attività immateriali già risultanti dal bilancio dell’esercizio in corso al 31/12/19. Il maggior valore attribuito ai beni può essere riconosciuto, ai fini IRES e IRAP, a decorrere dall’esercizio successivo a quello con riferimento al quale il riallineamento è stato eseguito, mediante il versamento di un’imposta sostitutiva del 3% per i beni ammortizzabili e non ammortizzabili. Il saldo attivo del riallineamento deve essere accantonato in apposita riserva che può̀ essere affrancata, in tutto o in parte, con l’applicazione in capo alla società̀ di un’imposta sostitutiva dell’IRES e dell’IRAP e di eventuali addizionali nella misura del 10%.",IMPOSTA SOSTITUTIVA,2020,RIDUZIONE DI IMPOSTA,"-6.025,9","-1.938,7","-5.153,1",,,SOGGETTI IRES,,39
2021,11: COMPETITIVITA’ E SVILUPPO DELLE IMPRESE,137,"Art. 57-bis, D.L. n. 50/2017; Art. 4, D.L. n. 148/2017; Art. 1, c. 762, L n. 145/2018; Art. 3-bis, D.L. n. 59/2019; Art. 98, c. 1, D.L. n. 18/2020; Art. 186, D.L. n. 34/2020; Art. 96, c. 1, lett. a), b), c) e d), D.L. n. 104/2020; Art. 1, c. 608, L n. 178/2020; Art. 67, commi 10 e 11, D.L. n. 73/2021","Credito d'imposta a favore di imprese, lavoratori autonomi ed enti non commerciali che effettuano investimenti pubblicitari incrementali sulla stampa quotidiana e periodica e sulle emittenti televisive e radiofoniche locali (nel rispetto del de minimis), utilizzabile esclusivamente in compensazione. Per gli anni 2020, 2021 e 2022 il predetto credito d'imposta spetta sul valore degli investimenti effettuati in misura pari al 50% (e non più sui soli investimenti incrementali).",,A REGIME,CREDITO D'IMPOSTA,"-90,0","-43,9","-43,9",4.900,"-18.367,3",PERSONE FISICHE E GIURIDICHE,,39
2021,11: COMPETITIVITA’ E SVILUPPO DELLE IMPRESE,138,Art. 7 del D.L. n. 99/2017,"Trattamento tributario delle operazioni poste in essere nell’ambito della liquidazione coatta amministrativa di Banca Popolare di Vicenza S.p.A. e di Veneto Banca S.p.A. La disposizione consente l'utilizzo da parte del cessionario, dei crediti d’imposta generati dalla trasformazione delle imposte differite attive (DTA), ai sensi dell’articolo 2, commi 55-56-ter, del DL n. 225/2010. Inoltre, viene assicurato al cedente e al cessionario la neutralità fiscale dell’operazione prevedendo, altresì, la continuità fiscale per queicomponenti negativio positivi di reddito la cui deducibilità/tassazione è sospesa in virtù dell’applicazione di norme fiscali nonché il trasferimento al cessionario dei diritti relativi all’utilizzo delle perdite. Viene prevista, infine, l’irrilevanza fiscale dei finanziamenti dello Stato. Trattamento tributario delle operazioni poste in essere nell’ambito della liquidazione coatta amministrativa di Banca Popolare di Vicenza S.p.A. e di Veneto Banca S.p.A. La disposizione consente l'utilizzo da parte del cessionario, dei crediti d’imposta generati dalla trasformazione delle imposte differite attive (DTA), ai sensi dell’articolo 2, commi 55-56-ter, del DL n. 225/2010. Inoltre, viene assicurato al cedente e al cessionario la neutralità fiscale dell’operazione prevedendo, altresì, la continuità fiscale per queicomponenti negativio positivi di reddito la cui deducibilità/tassazione è sospesa in virtù dell’applicazione di norme fiscali nonché il trasferimento al cessionario dei diritti relativi all’utilizzo delle perdite. Viene prevista, infine, l’irrilevanza fiscale dei finanziamenti dello Stato.",IRES/IRAP,A REGIME,ALTRO,Effetti di trascurabile entità,"-43,9","-43,9",,,BANCHE E ASSICURAZIONI,,39
2021,11: COMPETITIVITA’ E SVILUPPO DELLE IMPRESE,139,"Art. 1, c. 46-56, della L n. 205/2017, prorogato con talune modifiche art. 1, c. 78-81, L n. 145/2018 - DM 04/05/2018 - nonché dall'art. 1, commi da 210 a 217, L n. 160/2019; Art. 1, comma 1064, lett. i), L n. 178/2020","Credito d'imposta per le spese di formazione nel settore delle tecnologie 4.0, riconosciuto, nel rispetto del Reg. UE 651/2014 (art. 31) utilizzabile esclusivamente incompensazione, attuato con decreto del MISE di concerto MEF e MLPS. In particolare, il credito d'imposta è riconosciuto: - per le piccole imprese, in misura pari al 50% delle spese ammissibili e nel limite massimo annuale di 300.000 euro; - per le medie imprese, in misura pari al 40% delle spese ammissibili e nel limite massimo annuale di 250.000 euro. - per le grandi imprese, in misura pari al 30% delle spese ammissibili e nel limite massimo annuale di 250.000 euro. La misura del credito d'imposta è comunque aumentata per tutte le imprese, fermi restando i limiti massimi annuali, al 60% nel caso in cui i destinatari delle attività di formazione ammissibili rientrino nelle categorie dei lavoratori dipendenti svantaggiati o molto svantaggiati, come definite dal decreto del Ministro del lavoro e delle politiche sociali 17 ottobre 2017.",,2022,CREDITO D'IMPOSTA,"-150,0","-150,0","0,0",,,IMPRESE E SOCIETA',,40
2021,11: COMPETITIVITA’ E SVILUPPO DELLE IMPRESE,140,"Art. 1, c. 89-92, L n. 205/2017 -D.M. 23/04/2018 - Art. 1, c. 230, lett. a), L n. 178/2020","Credito d'imposta per le spese di consulenza sostenute fino al 31 dicembre 2021 per la quotazione delle PMI, riconosciuto nella misura del 50% e concesso nel rispetto del Reg. UE 651/2014 (art. 18) utilizzabile esclusivamente in compensazione, attuato con decreto del MISE di concerto MEF",,2021,CREDITO D'IMPOSTA,"-30,0","0,0","0,0",,,IMPRESE E SOCIETA',,40
2021,11: COMPETITIVITA’ E SVILUPPO DELLE IMPRESE,141,"Art. 1, co. 502-503, L. n. 205/2017","Ai fini delle imposte dirette, all’attività enoturistica si applicano le medesime disposizioni dell’agriturismo di cui all’art. 5, comma 1, della legge n. 413/1991 sull’agriturismo. Quindi, per quanto concerne le imposte dirette, i soggetti - diversi da società di capitalied enticommerciali (art. 73 co. 1, lett. a) e b) del Tuir) - determinano il reddito imponibile applicando all'ammontare dei ricavi conseguiti con l'esercizio di tale attività, al netto dell’Iva, il coefficiente di redditività del 25%.",IRPEF/IRES,A REGIME,ALTRO,"-1,1","-1,1","-1,1",,,PERSONE FISICHE E GIURIDICHE,,40
2021,11: COMPETITIVITA’ E SVILUPPO DELLE IMPRESE,142,"Art. 24-ter del TUA, introdotto dall'art. 4-ter, comma 1, lett. f) del D.L. 22 ottobre 2016, n. 193, convertito, con modificazioni, dalla L. 1 dicembre 2016, n. 225 e successivamente modificato dall'Art. 1, comma 630, della L. 27 dicembre 2019, n. 160 (Legge di Bilancio 2020).","Riduzione di accisa sul gasolio impiegato come carburante per l'autotrasporto merci ed altre categorie di trasporto passeggeri. (L'agevolazione deve intendersi come prosecuzione dell'art. 6, c. 2, D. Lgs 26/2007). Con la modifica apportata all'articolo 24-ter dalla predetta Legge di Bilancio 2020 sono esclusi dal predetto beneficio, con decorrenza 1° ottobre 2020, anche i veicoli appartententi alla categoria euro 3 e, a decorrere dal 1° gennaio 2021, anche i veicoli di categoria euro 4.",ACCISA,A REGIME,RIDUZIONE DI ALIQUOTA,"-1.293,8","-1.293,8","-1.293,8",,,SOGGETTI E CATEGORIE PARTICOLARI,X,40
2021,11: COMPETITIVITA’ E SVILUPPO DELLE IMPRESE,143,"Art. 35, comma 3-bis, TUA (Comma sostituito dall'art. 1, comma 690, lett. a), L. 30 dicembre 2018, n. 145, a decorrere dal 1° gennaio 2019)","Riduzione del 40 per cento dell’aliquota di accisa sulla birra prodotta nei birrifici di cui all’articolo 2, comma 4- bis, della legge 16 agosto 1962, n. 1354, aventi una produzione annua non superiore a 10'000 ettolitri.",ACCISA,A REGIME,RIDUZIONE DI ALIQUOTA,"-8,8","-8,8","-8,8",,,SOGGETTI E CATEGORIE PARTICOLARI,,40
2021,11: COMPETITIVITA’ E SVILUPPO DELLE IMPRESE,144,"Tabella A, punto 9, TUA (numero sostituito dall'art. 4- ter, comma 1, lett. o), n. 2), D.L. 22 ottobre 2016, n. 193, convertito, con modificazioni, dalla L. 1° dicembre 2016, n. 225)","Riduzione al 30% dell'aliquota di accisa sui prodotti energetici diversi dal gas naturale impiegati per la produzione di forza motrice con motori fissi, utilizzati all'interno di delimitati stabilimenti industriali, agricolo- industriali, laboratori, cantieri di ricerche di idrocarburi e di forze endogene e cantieri di costruzione e azionamento di macchine impiegate nei porti, non ammesse alla circolazione su strada, destinate alla movimentazione di merci per operazioni di trasbordo",ACCISA,A REGIME,RIDUZIONE DI ALIQUOTA,Non quantificabile,"-8,8","-8,8",,,SOGGETTI E CATEGORIE PARTICOLARI,X,40
2021,11: COMPETITIVITA’ E SVILUPPO DELLE IMPRESE,145,Art. 9 del D.L. n. 34 del 2019,I maggiori o i minori valori derivanti dall'attuazione di specifiche previsioni contrattuali che determinano svalutazioni del valore nominale di strumenti finanziari con determinate caratteristiche ovvero la loro conversione in azioni non concorrono alla formazione del reddito dei soggetti emittenti (AT1),IRES/IRAP,A REGIME,ESENZIONE,"0,0","0,0","0,0",,,IMPRESE E SOCIETA',,40
2021,11: COMPETITIVITA’ E SVILUPPO DELLE IMPRESE,146,Art. 11 del D.L. n. 34 del 2019,"Le operazioni di aggregazione tra imprese sono agevolate: in particolare per fusioni e scissioni è previsto il riconoscimento fiscale gratuito del disavanzo da concambio, per i conferimenti di azienda è previsto il riconoscimento fiscale gratuito del maggior valore iscritto dalla conferitaria.",IRES/IRAP,2022,DEDUZIONE,"-15,2","-20,4","-13,1",28,"-542.195,5",IMPRESE E SOCIETA',,40
2021,11: COMPETITIVITA’ E SVILUPPO DELLE IMPRESE,147,"Art. 32-ter, D.L. 26.10.2019, n. 124, inserito dalla legge di conversione, L. 19.12.2019, n. 157","Riduzione di aliquota dal 22% al 5%, per i prodotti per la protezione dell'igiene femminile compostabili secondo la norma UNIEN 13432:2002 o lavabili;coppette mestruali (tabella A, parte II-bis, n. 1-quater, allegata al DPR n. 633 del 1972, introdotto dall'art. 32-bis del dl n. 124 del 2020)",IVA,A REGIME,RIDUZIONE DI ALIQUOTA,"-9,6","-9,6","-9,6",,,PERSONE FISICHE,,40
2021,11: COMPETITIVITA’ E SVILUPPO DELLE IMPRESE,148,"Art. 53-bis, D.L. 26.10.2019, n. 124, così come inserito dall'allegato alla legge di conversione, L. 19.12.2019, n. 157","Applicazione dell'aliquota ridotta del 4% agli autoveicoliconmotore ibrido o conmotore elettrico adattatiper la locomozione degli invalidi. L'agevolaizone si applica ai veicoli con motore ibrido a benzina di cilindrata fino a 2.000 centimetri cubici, ai veicoli conmotore ibrido diesel dicilindarata fino a 2.800 centimetri cubici, ai veicoli elettrici di potenza non superiore a 150 kW. La medesima aliquota era già prevista, dalla tabella A, parte II, n. 31), allegata al D.P.R. n. 633 del 1972, per gli autoveicoli adattati per la locomozione degli invalidi di cilindrata fino a 2.000 centimetri cubici se con motore a benzina e fino a 2.800 centimetri cubici se con motore diesel.",IVA,,RIDUZIONE DI ALIQUOTA,"-9,7","-9,7","-9,7",,,PERSONE FISICHE,,40
2021,11: COMPETITIVITA’ E SVILUPPO DELLE IMPRESE,149,"Art. 1, commi da 185 a 197, L. n. 160/2019",Credito d'imposta per investimenti in beni strumentali nuovi. Il credito d’imposta previsto in relazione agli investimenti in beni diversi da quelli elencati negli allegati A (beni materiali funzionali alla trasformazione tecnologica e digitale delle imprese secondo il modello “Industria 4.0”) e B (beni immateriali connessi a investimenti in beni materiali “Industria 4.0”) alla legge n. 232 del 2016 spetta anche agli esercenti arti e professioni. Credito d'imposta per investimenti in beni strumentali nuovi. Il credito d’imposta previsto in relazione agli investimenti in beni diversi da quelli elencati negli allegati A (beni materiali funzionali alla trasformazione tecnologica e digitale delle imprese secondo il modello “Industria 4.0”) e B (beni immateriali connessi a investimenti in beni materiali “Industria 4.0”) alla legge n. 232 del 2016 spetta anche agli esercenti arti e professioni.,,2020,CREDITO D'IMPOSTA,"-1.332,0","-1.332,0","-1.187,0",,,IMPRESE E LAVORATORI AUTONOMI,,40
2021,11: COMPETITIVITA’ E SVILUPPO DELLE IMPRESE,150,"Art. 190 D.L. n. 34/2020; Art. 1, c. 610, L n. 178/2020","Credito d'imposta del 30% infavore delle imprese editrici di quotidiani e di periodici con almeno un dipendente a tempo indeterminato, che acquisiscono servizi di server, hosting e banda larga per le testate edite in formato digitale e per information technology di gestione della connettività (de minimis). Per l'anno 2020, il credito d'imposta è riconosciuto entro il limite di 8 milioni di euro sulle spese sostenute nel 2019. Per gli anni 2021 e 2022, il credito d'imposta è riconosciuto entro il limite massimo di 10 milioni di euro per ciascuno degli anni 2021 e 2022.",,2022,CREDITO D'IMPOSTA,"0,0","0,0","0,0",,,SOGGETTI E CATEGORIE PARTICOLARI,,41
2021,11: COMPETITIVITA’ E SVILUPPO DELLE IMPRESE,151,Art. 18 del D.L. n. 73 del 2021,Modifica della disciplina delle note di variazione in diminuzione ai fini Iva per crediti non riscossi in caso di assoggettamento del debitore a procedure concorsuali. La modifica consente di emettere le note di variazioni al momento della apertura della procedure senza attendere la definitiva infruttuosità della stessa.,IVA,A REGIME,ALTRO,"-393,0","-393,0","-393,0",,,PERSONE FISICHE E GIURIDICHE,,41
2021,11: COMPETITIVITA’ E SVILUPPO DELLE IMPRESE,152,"Art. 67, comma 7, D.L. n. 73/2021","La disposizione prevede anche per l’anno 2021, che la percentuale di forfetizzazione della resa dei giornali, prevista ai fini del regime speciale IVA di cui all'articolo 74, lettera c), del D.P.R. n. 633 del 1972 nella misura dell'80 per cento, sia innalzata al 95%.",IVA,2021,REGIME SPECIALE,"0,0","0,0","0,0",,,IMPRESE,,41
2021,11: COMPETITIVITA’ E SVILUPPO DELLE IMPRESE,153,"Art. 7.1, comma 4-bis, della legge 30/04/1999, n. 130","Nell'ambito della cartolarizzazione di crediti deteriorati da parte di banche e intermediari finanziari, si applicano le imposte di registro, ipotecaria e catastale in misura fissa sugli atti e le operazioni inerenti il trasferimento dei beni mobili e immobili in favore delle società veicolo.",IMPOSTE DI REGISTRO E IPOCATASTALI,A REGIME,IMPOSTA IN MISURA FISSA,"0,0","0,0","0,0",,,SOGGETTI E CATEGORIE PARTICOLARI,X,41
2021,11: COMPETITIVITA’ E SVILUPPO DELLE IMPRESE,154,"Art. 7.1, comma 4- ter, della legge 30/04/1999, n. 130","Nell'ambito della cartolarizzazione di crediti deteriorati da parte di banche e intermediari finanziari, le trascrizioni nei pubblici registri e le volture catastali effettuate inrelazione ai beni acquisiti dalle società veicolo le imposte di registro, ipotecaria e catastale sono dovute in misura fissa .",IMPOSTE DI REGISTRO E IPOCATASTALI,A REGIME,IMPOSTA IN MISURA FISSA,"0,0","0,0","0,0",,,SOGGETTI E CATEGORIE PARTICOLARI,X,41
2021,11: COMPETITIVITA’ E SVILUPPO DELLE IMPRESE,155,"Art. 7.1, comma 4-quater, della legge 30/04/1999, n. 130","Nell'ambito della cartolarizzazione di crediti deteriorati da parte di banche e intermediari finanziari, gli atti e i provvedimenti riguardanti il successivo trasferimento, a favore di soggetti che svolgono attività d'impresa, della proprietà o di diritti reali sui beni immobili acquistati dalle società veicolo in relazione all'operazione di cartolarizzazione, le imposte di registro, ipotecaria e catastale sono dovute in misura fissa, a condizione che l'acquirente intenda trasferirli entro cinque anni dalla data di acquisto.",IMPOSTE DI REGISTRO E IPOCATASTALI,A REGIME,IMPOSTA IN MISURA FISSA,"0,0","0,0","0,0",,,SOGGETTI E CATEGORIE PARTICOLARI,X,41
2021,11: COMPETITIVITA’ E SVILUPPO DELLE IMPRESE,156,"Art. 7.1, comma 4-quinquies, della legge 30/04/1999, n. 130","Nell'ambito della cartolarizzazione di crediti deteriorati da parte di banche e intermediari finanziari, gli atti e i provvedimentiriguardantiilsuccessivo trasferimento,emessia favore diprivatiper iquali ricorrano le condizioni per l'agevolazione prima casa, sono assoggettati alle imposte di registro, ipotecaria e catastale nella misura fissa .",IMPOSTE DI REGISTRO E IPOCATASTALI,A REGIME,IMPOSTA IN MISURA FISSA,"0,0","0,0","0,0",,,SOGGETTI E CATEGORIE PARTICOLARI,X,41
2021,11: COMPETITIVITA’ E SVILUPPO DELLE IMPRESE,157,"Art. 1, commi 696-704, L. 160 del 2019. Art. 12-ter D.L. 8 aprile 2020, n. 23 convertito con L. 5 giugno 2020, n. 40","La disposizione consente alle imprese: a) la rivalutazione dei beni d’impresa e delle partecipazioni, b) il riallineamento dei valori fiscali dei beni a quelli di bilancio. La rivalutazione va effettuata nelbilancio 2019 e deve riguardare tuttii benirisultanti dalbilancio al31 dicembre 2018 appartenenti alla stessa categoria omogenea. Il maggior valore dei beni è riconosciuto ai fini fiscali a partire dal 3° esercizio successivo a quello della rivalutazione (in generale, dal 2022) tramite il versamento di un’imposta sostitutiva determinata nelle seguenti misure: - 12% per i beni ammortizzabili; - 10% per i beni non ammortizzabili. Limitatamente agli immobili, il maggior valore è riconosciuto ai fini fiscali dal periodo d’imposta incorso all’1 dicembre 2021. È possibile l’affrancamento, anche parziale, della riserva di rivalutazione mediante il pagamento di un’imposta sostitutiva ai fini IRES/IRAP in misura pari al 10%. L'articolo 12-ter del DL 23 del 2020 ha previsto che la rivalutazione dei beni d'impresa può essere effettuata nel bilancio dell'esercizio successivo a quello in corso al 31/12/19, al 31/12/20 o al 31/12/21. I maggiori valori iscritti in bilancio per i beni immobili si considerano riconosciuti, rispettivamente, con effetto dal periodo di imposta in corso alla data del 1/12/22 del 1/12/23 o del 1/12/24.",IMPOSTA SOSTITUTIVA,"2019, 2020, 2021 e 2022",RIDUZIONE DI IMPOSTA,"14,3","-10,9","-7,5",,,IMPRESE E SOCIETA',,41
2021,11: COMPETITIVITA’ E SVILUPPO DELLE IMPRESE,158,"Art. 6 – bis D.L. 8 aprile 2020, n. 23 convertito conL. 5 giugno 2020, n. 40. Art. 5-bis D.L. n. 41/2021 convertito, con modificazioni dalla L. 21 maggio 2021, n. 69","Le imprese che operano nei settorialberghiero e termale possono rivalutare ibeni diimpresa e le partecipazioni, ad esclusione degli immobili alla cui produzione o al cui scambio è diretta l'attività di impresa, risultanti dal bilancio dell'esercizio incorso al 31/12/19, sul modello della rivalutazione disciplinata dall’art. 1, commi da 696 a 704, della legge n. 160 del 2019 (legge di bilancio 2020).La rivalutazione consentita dalla disposizione si applica anche agli immobili a destinazione alberghiera concessi in locazione o affitto di azienda a soggetti operanti nei settori alberghiero e termale ovvero per gli immobili in corso di costruzione, rinnovo o completamento. La rivalutazione deve essere eseguita in uno o entrambi i bilanci o rendiconti relativi ai 2 esercizi successivi a quello in corso al 31/12/19 (2020 e 2021). Sui maggiori valori dei beni e delle partecipazioni iscritti in bilancio non è dovuta alcuna imposta sostitutiva o altra imposta. Ilmaggior valore attribuito aibenie alle partecipazionisiconsidera riconosciuto, aifiniIres e Irap, a decorrere dall'esercizio nel cui bilancio la rivalutazione è eseguita.",IMPOSTA SOSTITUTIVA,2020 e 2021,RIDUZIONE DI IMPOSTA,Stima compresa nella misura 136,"-10,9","-7,5",,,SOCIETA',,41
2021,11: COMPETITIVITA’ E SVILUPPO DELLE IMPRESE,159,"Art. 1, comma 690, della L. n. 160 del 2019","Estromissione agevolata immobili strumentali dell'imprenditore individuale: entro il 31 maggio 2020 gli imprenditori individuali potranno estromettere in regime agevolato tutti gli immobili strumentali posseduti al 31 ottobre 2019, pagando un'imposta sostitutiva dell’Irpef e dell’Irap dell'8%. Estromissione agevolata immobili strumentali dell'imprenditore individuale: entro il 31 maggio 2020 gli imprenditori individuali potranno estromettere in regime agevolato tutti gli immobili strumentali posseduti al 31 ottobre 2019, pagando un'imposta sostitutiva dell’Irpef e dell’Irap dell'8%.",IMPOSTA SOSTITUTIVA,2020,RIDUZIONE DI IMPOSTA,"-2,1","-2,8","-3,4",,,IMPRESE,,41
2021,11: COMPETITIVITA’ E SVILUPPO DELLE IMPRESE,160,"Art. 1, comma 225, della L. n. 160 del 2019","È introdotto un regime di determinazione forfetario del reddito d’impresa degli imprenditori florovivaistici derivante dall’attività di commercializzazione di piante vive e prodotti della floricoltura acquistate da altri imprenditori agricoli florovivaistici, nei limiti del 10% del loro volume di affari. Il reddito si determina applicando all’ammontare dei corrispettivi il coefficiente di redditività del 5 per cento",IRES,A REGIME,RIDUZIONE DI IMPOSTA,"-2,4","-2,4","-2,4",,,IMPRESE,,42
2021,11: COMPETITIVITA’ E SVILUPPO DELLE IMPRESE,161,"Art. 48-bis, D.L. n. 34/2020; art. 8, D.L. n. 73/2021","Credito d’imposta, pari al 30% del valore delle rimanenze finali di magazzino che eccede la media del medesimo valore registrato nei tre periodi d’imposta precedenti a quello di spettanza del beneficio, riconosciuto ai soggetti esercenti attività d’impresa che operano nell'industria deltessile e della moda, del calzaturiero e della pelletteria (TMA), nel rispetto dei limiti e delle condizioni previsti dal quadro normativo dell’Unione Europea sugli aiuti di Stato.",,2021,CREDITO D'IMPOSTA,"-150,0","0,0","0,0",,,SOGGETTI E CATEGORIE PARTICOLARI,,42
2021,11: COMPETITIVITA’ E SVILUPPO DELLE IMPRESE,162,"Art 10-bis, D.L. n. 137/2020","Icontributie le indennita'diqualsiasi natura erogati invia eccezionale a seguito dell'emergenza epidemiologica da COVID-19 e diversi da quelli esistenti prima della medesima emergenza, da chiunque erogati e indipendentemente dalle modalita'di fruizione e contabilizzazione, spettanti aisoggetti esercenti impresa, arte o professione, nonche' ai lavoratori autonomi, non concorrono alla formazione del reddito imponibile ai fini delle imposte sui redditi e del valore della produzione ai fini dell'imposta regionale sulle attivita' produttive (IRAP) e non rilevano ai fini del rapporto di cui agli articoli 61 e 109, comma 5, del TUIR.",IRPEF/IRES/IRAP,A REGIME,ESCLUSIONE,"0,0","0,0","0,0",,,SOGGETTI E CATEGORIE PARTICOLARI,,42
2021,11: COMPETITIVITA’ E SVILUPPO DELLE IMPRESE,163,Art. 19 septies D.L. n. 137/2020,"Credito d'imposta, a favore delle farmacie che operano nei comuni o centri abitati con meno di 3.000 abitanti commisurato al 50% delle spese per l'acquisto e il noleggio, nell'anno 2021, di apparecchiature necessarie per l'effettuazione diprestazioniditelemedicina dicuiall'articolo 3 del decreto del Ministro della salute 16 dicembre 2010. Il contributo è riconosciuto (nel rispetto del de minimis) fino a un importo massimo di 3.000 euro per ciascun soggetto beneficiario e comunque nel limite di spesa pari a 10,715 milioni di euro per l'anno 2021.",,2021,CREDITO D'IMPOSTA,Effetti di trascurabile entità,"0,0","0,0",,,SOGGETTI E CATEGORIE PARTICOLARI,,42
2021,11: COMPETITIVITA’ E SVILUPPO DELLE IMPRESE,164,"Art. 1, c. 536-539, L n- 178/2020","Credito d'imposta parametrato agli importi delle donazioni effettuate, nell'anno 2021 o nell'anno 2022, per finanziare iniziative formative finalizzate allo sviluppo e all'acquisizione di competenze manageriali, promosse da università pubbliche e private, da istituti di formazione avanzata o da scuole di formazione manageriale pubbliche e private, nella misura del 100% per le piccole e micro imprese, del 90% per le medie imprese e dell'80% per le grandi imprese, fino all'importo massimo di 100.000 euro. Il predetto credito d'imposta è riconosciuto nel limite di una spesa annua pari a 0,5 milioni di euro per gli anni 2022 e 2023.",,2022,CREDITO D'IMPOSTA,"-0,5","-0,5","0,0",,,SOGGETTI E CATEGORIE PARTICOLARI,,42
2021,11: COMPETITIVITA’ E SVILUPPO DELLE IMPRESE,165,"Art. 1, c, 1051-1063 e 1065, L. n. 178/2020; art. 20, D.L. n. 73/2021 (che introduce il comma 1059-bis)","Credito d’imposta per investimenti in beni strumentali nuovi. L'agevolazione varia, sia in termini di aliquote applicabili che di costo massimo ammissibile, in relazione alla tipologia di beni acquistati e al periodo incui gli investimenti sono effettuati. Per gli investimenti in beni strumentali materiali, diversi da quelli indicati nell'allegato A annesso alla legge n. 232 del 2016, effettuati: - dal 16 novembre 2020 al 31 dicembre 2021, il credito d'imposta spetta nella misura del 10% nel limite massimo di costi ammissibili pari a 2 milioni di euro; - dal 1 gennaio 2022 al 31 dicembre 2022, il credito d'imposta spetta nella misura del 6% nel limite massimo di costi ammissibili pari a 2 milioni di euro. Per gli investimenti in beni strumentali immateriali, diversi da quelli indicati nell'allegato B annesso alla medesima legge n. 232 del 2016, effettuati: - dal 16 novembre 2020 al 31 dicembre 2021, il credito d'imposta spetta nella misura del 10% nel limite massimo di costi ammissibili pari a 1 milione di euro; - dal 1 gennaio 2022 al 31 dicembre 2022, il credito d'imposta spetta nella misura del 6% nel limite massimo di costi ammissibili pari a 1 milione di euro. Per gli investimenti in strumenti e dispositivi tecnologici destinati dall'impresa alla realizzazione di modalità di lavoro agile, effettuati dal 16 novembre 2020 al 31 dicembre 2021, la misura del credito d'imposta è elevata al 15%, fermi restando i limiti di costi ammissibili. Per gli investimenti in beni strumentali nuovi indicati nell'allegato A annesso alla legge n. 232 del (Transizione 4.0), 2016 effettuati:-dal16 novembre 2020 al31 dicembre 2021, ilcredito d'imposta spetta nella misura del 50% per la quota di investimenti fino a 2,5 milioni di euro, nella misura del 30% per la quota di investimenti superiori a 2,5 milioni e fino a 10 milioni di euro, nella misura del 10% per la quota di investimenti superiori a 10 milioni e fino a 20 milioni di euro; - dal 1 gennaio 2022 al 31 dicembre 2022, il credito d'imposta spetta nella misura del 40% per la quota di investimenti fino a 2,5 milioni di euro, nella misura del 20% per la quota di investimenti superiori a 2,5 milioni e fino a 10 milioni di euro, nella misura del 10% per la quota di investimenti superiori a 10 milioni e fino a 20 milioni di euro. Per gli investimenti aventi ad oggetto beni (Transizione 4.0), compresi nell'allegato B annesso alla legge 11 dicembre 2016, n. 232 effettuati dal 16 novembre 2020 al31 dicembre 2022, ilcredito d'imposta spetta nella misura del20% nellimite massimo di costi ammissibili pari a 1 milione di euro.",,2022,CREDITO D'IMPOSTA,"-5.478,5","-5.298,3","-3.283,0",,,IMPRESE E LAVORATORI AUTONOMI,,42
2021,13: DIRITTO ALLA MOBILITA' E SVILUPPO DEI SISTEMI DI TRASPORTO,166,"Tabella A, punto 4, TUA",Carburanti per i trasporti ferroviari di passeggeri e merci - applicazione di un'aliquota pari al 30% di quella normale,ACCISA,A REGIME,RIDUZIONE DI ALIQUOTA,"-22,4","-22,4","-22,4",,,SOGGETTI E CATEGORIE PARTICOLARI,X,42
2021,13: DIRITTO ALLA MOBILITA' E SVILUPPO DEI SISTEMI DI TRASPORTO,167,"Tabella A, punto 8, TUA",Riduzione dell'accisa sui carburanti per le prove sperimentali e collaudo di motori di aviazione e marina,ACCISA,A REGIME,RIDUZIONE DI ALIQUOTA,"-0,5","-0,5","-0,5",,,SOGGETTI E CATEGORIE PARTICOLARI,X,42
2021,13: DIRITTO ALLA MOBILITA' E SVILUPPO DEI SISTEMI DI TRASPORTO,168,"Tabella A, punto 12, TUA",Riduzione dell'accisa sui carburanti per i Taxi Riduzione dell'accisa sui carburanti per i Taxi,ACCISA,A REGIME,RIDUZIONE DI ALIQUOTA,"-8,5","-8,5","-8,5",,,SOGGETTI E CATEGORIE PARTICOLARI,X,42
2021,13: DIRITTO ALLA MOBILITA' E SVILUPPO DEI SISTEMI DI TRASPORTO,169,"Art. 74, comma 1, lett. e), del D.P.R. n. 633/72",Regime speciale monofase per i documenti di viaggio relativi ai trasporti pubblici urbani di persone e per i documenti di sosta relativi ai parcheggi di veicoli,IVA,A REGIME,REGIME SPECIALE,Non quantificabile,2023,2024,,,SOGGETTI E CATEGORIE PARTICOLARI,X,43
2021,13: DIRITTO ALLA MOBILITA' E SVILUPPO DEI SISTEMI DI TRASPORTO,170,"Art. 9, n. 1, del D.P.R. 633/1972",Trasporti internazionali di persone. Non imponibilità con diritto alla detrazione a monte,IVA,A REGIME,REGIME SPECIALE,"-1,7","-1,7","-1,7",,,PERSONE FISICHE,X,43
2021,13: DIRITTO ALLA MOBILITA' E SVILUPPO DEI SISTEMI DI TRASPORTO,171,"Art. 10, primo comma, n. 14), d.P.R. 633/1972",Esenzione delle prestazioni di trasporto urbano di persone effettuate mediante taxi. Esenzione con pro rata di detraibilità a monte,IVA,A REGIME,REGIME SPECIALE,"-18,5","-18,5","-18,5",6.748,"-2.736,0",SOGGETTI E CATEGORIE PARTICOLARI,X,43
2021,13: DIRITTO ALLA MOBILITA' E SVILUPPO DEI SISTEMI DI TRASPORTO,172,Art. 9-quater D.L. n. 457/1997,"L'imposta sulle assicurazioni è ridotta dal 7,5% allo 0,05% per le navi immatricolate in Italia",IMPOSTA SULLE ASSICURAZIONI,A REGIME,RIDUZIONE DI ALIQUOTA,Non quantificabile,"-18,5","-18,5",,,SOGGETTI E CATEGORIE PARTICOLARI,X,43
2021,17: RICERCA E INNOVAZIONE,173,"Art. 54, comma 8, primo periodo TUIR","Deduzione forfetaria del 25% per i redditi derivanti dalla utilizzazione economica, da parte dell'autore o inventore, diopere dell'ingegno, di brevettiindustriali e di processi, formule o informazioni relativiad esperienze acquisite in campo industriale, commerciale o scientifico, se non sono conseguiti nell'esercizio di imprese commerciali. La deduzione è elevata al 40% se il percettore non ha superato i 35 anni di età",IRPEF,A REGIME,DEDUZIONE,"-56,2","-56,2","-56,2",97.535,"-575,7",PERSONE FISICHE,X,43
2021,17: RICERCA E INNOVAZIONE,174,"Art. 1, comma 353, della L. n. 266/2005, DPCM 31 ottobre 2016","Integrale deducibilità dei fondi trasferiti per il finanziamento della ricerca, a titolo di contributo o liberalità",IRES,A REGIME,DEDUZIONE,"-13,0","-13,0","-13,0",66,"-196.676,9",PERSONE GIURIDICHE,X,43
2021,17: RICERCA E INNOVAZIONE,175,"Art. 1, co. da 37 a 45 L. n. 190/2014; Art. 5, D.L. del 24/1/15, n. 3 - Art. 1, co. 148 della L. n. 208/2015 - Art. 56, D.L. n. 50 del 2017; Art. 4 D.L. n. 34 del 2019","Patent Box. Tassazione agevolata per i redditi derivanti dall’utilizzo di: software protetto da copyright; brevetti industriali; disegni e modelli; processi, formule e informazioni relativi ad esperienze acquisite nel campo industriale, commerciale o scientifico giuridicamente tutelabili. Il regime è valevole per 5 esercizi sociali in base a opzione irrevocabile. Esclusione dal reddito del 50% (a regime) dei redditi derivanti dall'utilizzo di alcuni beni immateriali. DL 50/2017 Esclusione dei marchi d’impresa dal gruppo dai beni agevolabili con la cd. Patent box. Sono, invece, agevolabili anche i redditi derivanti dall’utilizzo congiunto di beni immateriali, legati da vincoli di complementarietà, ai fini della realizzazione di unprodotto o di una famiglia diprodotti o di unprocesso o di un gruppo di processi. Le nuove disposizionisiapplicano a partire dal3°periodo d’imposta successivo a quello incorso al31/12/14 (in linea generale dal 2017). Conserva i benefici patent box secondo la disciplina originaria (dunque anche per i marchi) - per tutto il quinquennio di validità delle stesse e, comunque, non oltre il 30/6/21 - chi ha esercitato l’opzione per i primi 2 periodid'imposta di applicazione dell’agevolazione (2015 e 2016). A decorrere dal 2019 è prevista la possibilità di optare per l'autodeterminazione del reddito agevolabile da ripartire in tre quote annuali di pari importo.",IRPEF/IRES,A REGIME,DEDUZIONE,"-1.098,1","-1.302,0","-1.358,5",1.499,"-732,6",IMPRESE E SOCIETA',X,43
2021,17: RICERCA E INNOVAZIONE,176,"Art. 1, c. 198 -209, L n. 160/2019;Art. 38, c. 4, D.L. n. 34/2020; Art. 1, c. 185-187 L. n. 178/2020; Art. 1, c. 1064, lett. a), b), c), d), e), f), g), h), L n. 178/2020","Credito d'imposta per investimenti inricerca e sviluppo, innovazione tecnologica e altre attività innovative per la competitività delle imprese. In particolare, la misura prevede: - un credito d'imposta per attività di ricerca e sviluppo nella misura del 20% e importo massimo di 4 milioni di euro; - uncredito d’imposta per attività diinnovazione tecnologica nella misura del 10% e importo massio di2 milioni di euro; - un credito d'imposta per attività di design e ideazione estetica nella misura del 10% e importo massio di 2 milioni di euro; - un credito d'imposta per attività di innovazione tecnologica finalizzate alla realizzazione di prodotti o processi di produzione nuovi o sostanzialmente migliorati per il raggiungimento di un obiettivo di transizione ecologica o di innovazione digitale 4.0 nella misura del 15% e importo massio di 2 milioni di euro.",,2022,CREDITO D'IMPOSTA,"-536,8","-1.073,7","-1.073,7",26.554,"-20.217,0",IMPRESE E SOCIETA',,43
2021,17: RICERCA E INNOVAZIONE,177,"Art. 25, cc. 4-duodecies e ss D.L. n. 162/2019; Art. 4, c. 8-septies, lett. b), D.L. n. 183/2020","Credito d'imposta riconosciuto ai policlinici universitari non costituiti in azienda, nell'ambito delle attività istituzionali esercitate noninregime d'impresa, per glianni dal2020 al2023, finalizzato a promuovere le attività di ricerca scientifica e a favorire la stabilizzazione di figure professionali nell'ambito clinico e della ricerca, attraverso l'instaurazione di rapporti di lavoro a tempo indeterminato presso le strutture sanitarie che svolgono attività di ricerca e didattiche. Il contributo, sotto forma di credito d'imposta, è attribuito nel limite massimo di spesa di 5 milioni di euro per il 2020 e di 10 milioni di euro per ciascuno degli anni dal 2021 al 2023 ed è subordinato alla condizione che tali enti si avvalgano di personale assunto a tempo indeterminato in misura non inferiore all'85% delpersonale inservizio. Per glianni2020 e 2021, ilcredito d'imposta dicuial primo periodo è attribuito (previa autorizzazione della Commissione europea) alle medesime condizioni ivi previste, anche nell'ambito delle attività istituzionali esercitate inregime d'impresa, fermo restando il limite massimo di spesa di 5 milioni di euro per l'anno 2020 e di 10 milioni di euro per l'anno 2021.",,2023,CREDITO D'IMPOSTA,"-10,0","-10,0","0,0",,,ASSOCIAZIONI ENTI NO PROFIT ONLUS,,43
2021,18: SVILUPPO SOSTENIBILE E TUTELA DEL TERRITORIO E DELL’AMBIENTE,178,"Art. 4 del D.L. 1 ottobre 1996, n. 510, convertito dalla legge 28 novembre 1996, n. 608","Le cessioni gratuite di beni relativi ad attivita' produttive dismesse, effettuate gratuitamente nei confronti degli enti territoriali, ASI, societa' di promozione a prevalente partecipazione pubblica, sono esenti dall'imposta sulle successioni e donazioni e sono soggette alla misura fissa delle imposte ipotecaria e catastale Le cessioni gratuite di beni relativi ad attivita' produttive dismesse, effettuate gratuitamente nei confronti degli enti territoriali, ASI, societa' di promozione a prevalente partecipazione pubblica, sono esenti dall'imposta sulle successioni e donazioni e sono soggette alla misura fissa delle imposte ipotecaria e catastale",IMPOSTE SU SUCCESSIONI E DONAZIONI E IPOCATASTALI,A REGIME,ESENZIONE E MISURA FISSA,Non quantificabile,"-10,0","0,0",,,ENTI PUBBLICI,X,43
2021,18: SVILUPPO SOSTENIBILE E TUTELA DEL TERRITORIO E DELL’AMBIENTE,179,"Art. 31, comma 22, della legge 23 dicembre 1998, n. 448","Esenzione da imposte di registro, ipotecaria e catastale per i provvedimenti comunali di accorpamento al demanio stradale delle porzioni di terreno utilizzate ad uso pubblico da oltre venti anni",IMPOSTE DI REGISTRO E IPOCATASTALI,A REGIME,ESENZIONE,Non quantificabile,2023,2024,,,ENTI PUBBLICI,X,44
2021,18: SVILUPPO SOSTENIBILE E TUTELA DEL TERRITORIO E DELL’AMBIENTE,180,"Art. 1, comma 57 della legge n. 208/2015","Esenzione dalle imposte di registro,ipotecaria e catastale e bollo su atti e provvedimenti in esecuzione dei piani di ricomposizione fondiaria promossi da regioni, province, comuni e comunità montane","IMPOSTE DI REGISTRO, DI BOLLO E IPOCATASTALI",A REGIME,ESENZIONE,"-4,0","-4,0","-4,0",1.480,,STATO E ENTI PUBBLICI,,44
2021,18: SVILUPPO SOSTENIBILE E TUTELA DEL TERRITORIO E DELL’AMBIENTE,181,"Art, 100, c.2, lett. n), TUIR",Deducibilità delle erogazioni liberali in denaro a favore di organismi di gestione di parchi e riserve naturali e zone di speciale tutela paesistico-ambientale,IRPEF/IRES,A REGIME,DEDUZIONE,Stima compresa nelle misure 266-269,"-4,0","-4,0",,,PERSONE FISICHE E GIURIDICHE,X,44
2021,18: SVILUPPO SOSTENIBILE E TUTELA DEL TERRITORIO E DELL’AMBIENTE,182,"Art. 31 della legge 13 maggio 1999, n. 133",Esenzione dall'imposta di bollo per le certificazioni riguardanti i beni immobili richieste alle conservatorie dei registri immobiliari da parte dei Consorzi di bonifica e irrigazione,IMPOSTA DI BOLLO,A REGIME,ESENZIONE,Non quantificabile,"-4,0","-4,0",,,SOGGETTI E CATEGORIE PARTICOLARI,X,44
2021,18: SVILUPPO SOSTENIBILE E TUTELA DEL TERRITORIO E DELL’AMBIENTE,183,"Art. 15, comma 1, lett. i-decies) del TUIR, introdotta dall'art.1, comma 28, lettera a) della L. n. 205/2017. Art. 15, comma 2 del TUIR.","Detraibilità delle spese sostenute per l'acquisto di abbonamentiai servizidi trasporto pubblico locale, regionale e interregionale per un importo non superiore a 250 euro, anche se sostenute per i familiari a carico.",IRPEF,A REGIME,DETRAZIONE,"-52,7","-52,7","-52,7",1.312.896,"-40,1",PERSONE FISICHE,,44
2021,18: SVILUPPO SOSTENIBILE E TUTELA DEL TERRITORIO E DELL’AMBIENTE,184,"Art. 1, c. 156-161, L. n. 145/2018","Credito d'imposta, nella misura del 65%, per erogazioni liberali in denaro effettuate per interventi su edifici e terreni pubblici ai fini della bonifica ambientale, prevenzione e risanamento del dissesto idrogeologico, sistemazione di parchi e aree verdi e recupero di aree dismesse di proprietà pubblica",IRPEF/IRES,A REGIME,CREDITO D'IMPOSTA,"-10,0","-10,0","-10,0",,,PERSONE FISICHE E GIURIDICHE,,44
2021,18: SVILUPPO SOSTENIBILE E TUTELA DEL TERRITORIO E DELL’AMBIENTE,185,"Art. 1, c. 1057-1064, L. n. 145/2018; Art. 10-bis, c. 1, lett. a), b), D.L. n. 34/2019; Art. 12, c. 1, D..L n. 162/2019; Art. 44-bis, c. 1, D.L. n. 34/2020; Art. 1, c. 691, L. n. 178/2020; Art. 5, c. 15-bis, D.L. n. 41/2021",Credito d'imposta incentivi rottamazione acquisto veicoli a due ruote non inquinanti,,2026,CREDITO D'IMPOSTA,"-20,0","-20,0","-30,0",,,PERSONE FISICHE E GIURIDICHE,,44
2021,18: SVILUPPO SOSTENIBILE E TUTELA DEL TERRITORIO E DELL’AMBIENTE,186,"Art. 1, comma 642, della L. 27 dicembre 2019 n. 160 e art. 9, comma 3, del DL 25 maggio 2021, n. 73, convertito in legge, con modificazioni, dall' art. 1, comma 1, della L. 23 luglio 2021.","Esclusione dal pagamento dell’imposta di consumo sui manufatti con singolo impiego (MACSI) istituita dall'articolo 1, comma 634, della Legge 27 dicembre 2019 , n. 160 (Legge di Bilancio 2020). L'efficacia delle disposizioni recanti la disciplina dell'imposta in argomento entrano in vigore il 1° gennaio 2022",IMPOSTA DI CONSUMO,A REGIME,ESCLUSIONE,"-134,2","-232,2","-292,2",,,IMPRESE E SOCIETA',,44
2021,18: SVILUPPO SOSTENIBILE E TUTELA DEL TERRITORIO E DELL’AMBIENTE,187,Art. 34-bis del D.L. n. 162/2019 convertito dalla L. n. 8/2020,"All'energia elettrica erogata, da impianti di terra, alle navi ormeggiate in porto dotate di impianti elettrici con potenza installata nominale superiore a 35 kW, è applicata un'aliquota di accisa ridotta. La disposizione agevolativa avrà efficacia solo successivamente all'adozione di una decisione (ad oggi non ancora adottata) del Consiglio dell'Unione europea che autorizzi, ai sensi dell'articolo 19 della direttiva 2003/96/CE del Consiglio, del 27 ottobre 2003, lo Stato ad applicare un'aliquota diaccisa ridotta all'energia elettrica fornita per l'impiego in questione.",ACCISA,A REGIME,RIDUZIONE DI ALIQUOTA,"0,0","0,0","0,0",,,navi ormeggiate nei porti dotate di impianti elettrici con potenza installata nominale superiore a 35 kW,,44
2021,18: SVILUPPO SOSTENIBILE E TUTELA DEL TERRITORIO E DELL’AMBIENTE,188,"Art. 1 , c. 760-766, L n. 178/2020","Credito d'imposta vuoto a rendere nelle ZEA. Al fine di promuovere il sistema del vuoto a rendere degli imballaggi nelle zone economiche ambientali di cui all'articolo 4-ter del decreto-legge 14 ottobre 2019, n. 111, gli utilizzatori (i commercianti, i distributori, gli addetti al riempimento, gli utenti di imballaggi e gli importatori di imballaggi pieni) riconoscono agli acquirenti, negli anni 2021 e 2022, un abbuono, all'atto della resa dell'imballaggio, pari al 25% del prezzo dell'imballaggio stesso, contenente la merce ed esposto nella fattura o ricevuta fiscale o scontrino fiscale. Agli utilizzatori che hanno concesso l’abbuono è riconosciuto un credito d’imposta di importo pari al doppio dell’importo degli abbuoni riconosciuti agli acquirenti. Il predetto credito d’imposta è riconosciuto fino a un importo massimo di 10.000 euro annui per ciascun utilizzatore, nel limite massimo complessivo di 5 milioni di euro annui per gli anni 2021 e 2022 (de minimis).",,2022,CREDITO D'IMPOSTA,"-5,0","0,0","0,0",,,SOGGETTI E CATEGORIE PARTICOLARI,,44
2021,18: SVILUPPO SOSTENIBILE E TUTELA DEL TERRITORIO E DELL’AMBIENTE,189,"Art 1, c. 1087-1089, L. n. 178/2020","Credito d’imposta per l’acquisto di sistemi di filtraggio acqua potabile riconosciuto ,al fine di razionalizzare l'uso dell'acqua e di ridurre il consumo di contenitori di plastica per acque destinate ad uso potabile, alle persone fisiche nonché ai soggetti esercenti attività d'impresa, arti e professioni e agli enti noncommerciali, compresi gli enti del Terzo settore e gli enti religiosi civilmente riconosciuti, dal 1° gennaio 2021 al 31 dicembre 2022, nella misura del 50% delle spese sostenute per l'acquisto e l'installazione di sistemi di filtraggio, mineralizzazione, raffreddamento e addizione di anidride carbonica alimentare E 290, per il miglioramento qualitativo delle acque destinate al consumo umano erogate da acquedotti, fino a unammontare complessivo delle stesse nonsuperiore, per le persone fisiche non esercenti attività economica, a 1.000 euro per ciascuna unità immobiliare e, per gli altri soggetti, a 5.000 euro per ciascun immobile adibito all'attività commerciale o istituzionale",,2022,CREDITO D'IMPOSTA,"-5,0","0,0","0,0",,,PERSONE FISICHE E GIURIDICHE,,44
2021,19: CASA E ASSETTO URBANISTICO,190,Artt. 15 e seguenti del D.P.R. n. 601/73,"Le operazioni relative ai finanziamenti a medio e lungo termine sono soggette ad un'imposta sostitutiva delle imposte di registro, di bollo, ipotecaria e catastale e tassa sulle concessioni governative Le operazioni relative ai finanziamenti a medio e lungo termine sono soggette ad un'imposta sostitutiva delle imposte di registro, di bollo, ipotecaria e catastale e tassa sulle concessioni governative","IMPOSTE DI REGISTRO, DI BOLLO, IPOTECARIA, CATASTALE. TASSA SULLE CONCESSIONI GOVERNATIVE",A REGIME,REGIME SOSTITUTIVO,"-1.984,5","-1.984,5","-1.984,5",,,BANCHE E ASSICURAZIONI,X,44
2021,19: CASA E ASSETTO URBANISTICO,191,"Art. 35, comma 10-ter1 del D.L. n. 223/2006","Le imposte di registro, ipotecaria e catastale sono dovute inmisura fissa per le cessionieffettuate dalle banche e dagli intermediari finanziari in occasione dell'esercizio, da parte dell'utilizzatore, dell'opzione di acquisto dell'immobile concesso in locazione finanziaria, ovvero nel caso di retrocessione dell'immobile riveniente da contratti di locazione finanziaria risolti per inadempienza dell'utilizzatore.",IMPOSTE DI REGISTRO E IPOCATASTALI,A REGIME,IMPOSTA IN MISURA FISSA,Non quantificabile,2023,2024,,,BANCHE E ASSICURAZIONI,X,45
2021,19: CASA E ASSETTO URBANISTICO,192,"Art. 8, comma 4-bis, del D.L. 31 gennaio 2007, n. 7 convertito dalla legge 2 aprile 2007, n. 40","Gli atti relativi alla portabilità del mutuo sono esenti dall'imposta sostitutiva di cui all'art. 17 del D.P.R. n. 601 del 1973 e dalle imposte di registro, bollo, ipotecaria e catastale","IMPOSTE DI REGISTRO, DI BOLLO E IPOCATASTALI",A REGIME,ESENZIONE,Non quantificabile,2023,2024,,,PERSONE FISICHE,X,45
2021,19: CASA E ASSETTO URBANISTICO,193,"Art. 66, co. 6-bis, D.L. n. 331/1993","Gli atti costitutivi e modificativi delle società cooperative edilizie di abitazione e loro consorzi sono esenti dall'imposta di bollo e dall'imposta di registro. Gli atti di ammissione e recesso dei soci e gli atti, documenti e registri relativi alle operazioni previste dai rispettivi statuti sono esenti da bollo e assoggettati alla misura fissa dell'imposta di registro.",IMPOSTE DI REGISTRO E DI BOLLO,A REGIME,ESENZIONE E MISURA FISSA,Non quantificabile,2023,2024,,,SOGGETTI E CATEGORIE PARTICOLARI,X,45
2021,19: CASA E ASSETTO URBANISTICO,194,"Art. 10, comma 3-bis), TUIR",Deduzione della rendita catastale dell'unità immobiliare adibita ad abitazione principale e delle relative pertinenze rapportata al periodo dell'anno durante il quale sussiste tale destinazione ed in proporzione alla quota di possesso,IRPEF,A REGIME,DEDUZIONE,"-3.553,9","-3.553,9","-3.553,9",26.500.000,"-134,1",PERSONE FISICHE,X,45
2021,19: CASA E ASSETTO URBANISTICO,195,"Art. 16-bis del TUIR, introdotto dall'art. 4, comma 1, lettera c), del D.L. n. 201 del 2011 convertito, con modificazioni, dalla L. n. 214 del 2011","Detrazione, nella misura del 36%, delle spese per interventi di recupero del patrimonio edilizio e di riqualificazione energetica degli edifici fino ad un ammontare complessivo delle stesse non superiore a 48.000 euro per unità immobiliare",IRPEF,A REGIME,DETRAZIONE,"-143,0","-530,7","-918,5",,,PERSONE FISICHE,X,45
2021,19: CASA E ASSETTO URBANISTICO,196,"Art. 16-bis, comma 3-bis, del TUIR, comma inserito dall'art. 1, comma 60, L. n. 178/2020","La detrazione di cui al comma 1, art. 16-bis del TUIR spetta, nella misura del 50%, anche per interventi di sostituzione del gruppo elettrogeno di emergenza esistente con generatori di emergenza a gas di ultima generazione",IRPEF,A REGIME,DETRAZIONE,"-6,9","-12,6","-17,6",,,PERSONE FISICHE,,45
2021,19: CASA E ASSETTO URBANISTICO,197,"Art. 37, comma 4-bis, TUIR, come modificato, da ultimo, dall'art. 4, comma 74, della L. n. 92/2012","Determinazione del reddito delle unità immobiliari locate: riduzione forfetaria del canone di locazione qualora il canone risultante dal contratto, ridotto forfettariamente del 5 per cento, sia superiore al reddito medio ordinario determinato ai sensi del comma 1, dell'art. 37, del TUIR",IRPEF,A REGIME,ESCLUSIONE,"-329,4","-329,4","-329,4",2.618.690,"-125,8",PERSONE FISICHE,X,45
2021,19: CASA E ASSETTO URBANISTICO,198,"Art. 26 del TUIR, come modificato dall'art. 3-quinquies, comma 1, D.L. n. 34/2019. Art. 6-septies, comma 2, D.L. n. 41/2021, convertito, con modificazioni, dalla L. n. 69/2021","Non concorrenza alla formazione del reddito dei redditi derivanti da contratti di locazione di immobili ad uso abitativo, se nonpercepiti, purchè la mancata percezione sia comprovata dall'intimazione di sfratto per morosità o dall'ingiunzione di pagamento. La disposizione ha effetto per i canoni derivanti dai contratti di locazione di immobili non percepiti a decorrere dal 1° gennaio 2020.",IRPEF,A REGIME,ESCLUSIONE,"0,0","0,0","0,0",,,PERSONE FISICHE,,45
2021,19: CASA E ASSETTO URBANISTICO,199,"Art. 15, comma 1, lett. b) e comma 1-ter TUIR -Art. 66, L. n. 342 del 2000.","Detrazione, nella misura del19%, degliinteressipassivie relativioneriaccessori, per unimporto nonsuperiore a 4.000 euro, sostenuti in dipendenza di mutui ipotecari per l'acquisto o la costruzione dell'abitazione principale",IRPEF,A REGIME,DETRAZIONE,"-922,5","-922,5","-922,5",4.010.261,"-230,0",PERSONE FISICHE,X,45
2021,19: CASA E ASSETTO URBANISTICO,200,"Art. 3, comma 7, del D.L. n. 330 del 1994, convertito dalla L n. 473 del 1994",Detrazione per interessi passivi e oneri accessori relativi a mutui ipotecari per l'acquisto di immobili adibiti ad abitazione principale spettante per mutui contratti entro il 31/12/1992,IRPEF,A REGIME,DETRAZIONE,"-4,3","-4,3","-4,3",22.700,"-188,6",PERSONE FISICHE,X,45
2021,19: CASA E ASSETTO URBANISTICO,201,"Art. 1, comma 4, D.L. n. 669 del 1996, convertito dalla L. n. 30 del 1997",Detrazione per interessi passivi relativi a mutui contratti nel 1997 per interventi di recupero del patrimonio edilizio,IRPEF,A REGIME,DETRAZIONE,"-0,2","-0,2","-0,2",1.458,"-154,5",PERSONE FISICHE,X,45
2021,19: CASA E ASSETTO URBANISTICO,202,"Art. 15, comma 1, lett. b-bis) TUIR","Detrazione, nella misura del 19%, su dei compensi pagati agli intermediari per l'acquisto dell'abitazione principale per un importo non superiore a euro 1.000 per ciascuna annualità",IRPEF,A REGIME,DETRAZIONE,"-20,6","-20,6","-20,6",126.306,"-162,9",PERSONE FISICHE,X,45
2021,19: CASA E ASSETTO URBANISTICO,203,"Art. 16, commi 01, 1, 1-bis, 1-ter e 1-sexies, TUIR, modificato dall'art. 1, comma 9, L. n. 244/2007.",Detrazione per canoni di locazione di unità immobiliari adibite ad abitazione principale,IRPEF,A REGIME,DETRAZIONE,"-340,9","-340,9","-340,9",1.639.467,"-207,9",PERSONE FISICHE,X,45
2021,19: CASA E ASSETTO URBANISTICO,204,Art. 8 della L. n. 431/98,"Ulteriore riduzione del 30% del reddito imponibile che deriva al proprietario dai contratti stipulati o rinnovati ai sensi del comma 3 dell'art. 2 (contratti a canone concordato), ai sensi del comma 2 dell'articolo 5 (contratti di natura transitoria a studenti universitari) nonchè del comma 3 dell'art. 1(contratti di locazione stipulati dagli enti locali in qualità di conduttori per soddisfare esigenze abitative di carattere transitorio).",IRPEF,A REGIME,ESCLUSIONE,"-36,2","-36,2","-36,2",134.455,"-269,4",PERSONE FISICHE,X,45
2021,19: CASA E ASSETTO URBANISTICO,205,"Art. 15, comma 1, lett. g), TUIR","Detrazione per spese di manutenzione, protezione e restauro delle cose vincolate ai sensi della legge n. 1089 del 1939 e del D.P.R. n. 1409 del 1963",IRPEF,A REGIME,DETRAZIONE,"-4,1","-4,1","-4,1",2.013,"-2.016,5",PERSONE FISICHE,X,45
2021,19: CASA E ASSETTO URBANISTICO,206,"Art. 10, comma 1, lett. a), TUIR","Deduzione di canoni, livelli, censi, ed altri oneri gravanti sui redditi degli immobili che concorrono a formare il reddito complessivo, compresi i contributi ai consorzi obbligatori per legge o in dipendenza di provvedimenti della pubblica amministrazione",IRPEF,A REGIME,DEDUZIONE,"-4,9","-4,9","-4,9",93.296,"-52,5",PERSONE FISICHE,X,45
2021,19: CASA E ASSETTO URBANISTICO,207,"Art. 1, comma 496, della L. n. 266/05, da ultimo modificato dall'art. 1, comma 695, della L. n. 160 del 2019","Applicazione di un'imposta sostitutiva delle imposte sui redditi, nella misura del 26%, sulle plusvalenze realizzate a seguito di cessioni a titolo oneroso di beni immobili acquistati o costruiti da non più di cinque anni",IMPOSTA SOSTITUTIVA,A REGIME,REGIME SOSTITUTIVO,"-50,3","-50,3","-50,3",,,PERSONE FISICHE,X,45
2021,19: CASA E ASSETTO URBANISTICO,208,"Art. 42, TUIR","Non sono produttive di redditi di fabbricati le costruzioni o porzioni di costruzioni rurali, e relative pertinenze, appartenenti al possessore o all'affittuario dei terreni e destinate a specifici utilizzi Non sono produttive di redditi di fabbricati le costruzioni o porzioni di costruzioni rurali, e relative pertinenze, appartenenti al possessore o all'affittuario dei terreni e destinate a specifici utilizzi",IRPEF,A REGIME,ESCLUSIONE,Non quantificabile,"-50,3","-50,3",,,PERSONE FISICHE,X,45
2021,19: CASA E ASSETTO URBANISTICO,209,"Art. 1 della L. n. 449/97; proroga ex art. 2, commi 10- 11, della L. n.191/2009. Art. 16, comma 1, del D.L. n. 63 del 2013, convertito dalla L. n. 90 del 2013, come modificato, da ultimo, dall'art. 1, comma 58, lett. b), n.1), L. n. 178/2020; Art. 119, commi 5 e 6 del D.L. n. 34 del2020, modificato dall'art.1, commi 66-67, della L. n. 178/2020","Detrazione, nella misura del 50%, per gli interventi di recupero del patrimonio edilizio esistente (manutenzione ordinaria su parti comuni di edifici residenziali, manutenzione strordinaria, restauro, risanamento conservativo ristrutturazione edilizia ed altri interventi previsti dall'art. 1 della L. n. 449 del 1997 o per l'acquisto di fabbricati a uso abitativo ristrutturati). Per l'installazione diimpiantisolari fotovoltaicinonché per l'installazione contestuale o successiva di sistemi di accumulo integrati negli impianti solari fotovoltaici agevolati spetta, per le spese sostenute dal 1° luglio 2020 al 31 dicembre 2021 e nei limiti indicati ai commi 5 e 6 dell'art. 119 del D.L. n. 34 del 2020, una detrazione nella misura del 110 per cento qualora taliinterventi vengano effettuati congiuntamente a uno degli interventi previsti dai commi 1 e 4 dell'art. 119 del D.L. n. 34 del 2020. Ai sensi di quanto previsto dall'art. 121 del D.L. n. 34 del 2020, per gli anni dal 2020 al 2022 i soggetti che sostengono le spese per tali ultimi interventi, nonché per quelli indicati all'art. 16-bis, lettere a) e b) del TUIR, possono optare, inluogo della detrazione, alternativamente per uno sconto sul corrispettivo dovuto oppure per la trasformazione della detrazione in credito d'imposta cedibile.",IRPEF,2021 e 2022,DETRAZIONE,"-9.109,1","-8.924,4","-7.911,9",,,PERSONE FISICHE,X,46
2021,19: CASA E ASSETTO URBANISTICO,210,"Art. 119, comma 1-ter, D.L. n. 34/2020, comma inserito dall'art. 57-bis, comma 1, lett. a), D.L. n. 104/2020, convertito, con modificazioni, dalla L. 13 ottobre 2020, n. 126","Nei comuni dei territori colpiti da eventi sismici, l'incentivo di cui al comma 1, art. 119, D.L. n.34/2020 spetta per l'importo eccedente il contributo previsto per la ricostruzione.",IRPEF,2022,DETRAZIONE,Stima compresa nella misura 213,"-8.924,4","-7.911,9",,,PERSONE FISICHE E GIURIDICHE,,46
2021,19: CASA E ASSETTO URBANISTICO,211,"Art. 119, comma 4-ter, D.L. n. 34/2020, comma inserito dall'art. 57-bis, comma 1, lett. b), D.L. n. 104/2020, e, successivamente, modificato dall'art. 1, comma 66, lett. g), L. n. 178/2020","I limiti delle spese ammesse alla fruizione degli incentivi fiscali eco bonus e sisma bonus di cui ai commi da 1 a 4- bis, art. 119, del D.L. n.34/2020, sostenute entro il 30 giugno 2022, sono aumentati del 50 per cento per gli interventi di ricostruzione riguardanti i fabbricati danneggiati dal sisma nei comuni di cui agli elenchi allegati al D.L n. 189/2016 e di cui al D.L. n. 39/2009, nonché nei comuni interessati da tutti gli eventi sismici verificatisi dopo l'anno 2008 dove sia stato dichiarato lo stato di emergenza",IRPEF,2022,DETRAZIONE,Stima compresa nella misura 213,"-8.924,4","-7.911,9",,,PERSONE FISICHE E GIURIDICHE,,46
2021,19: CASA E ASSETTO URBANISTICO,212,"Art. 119, comma 16-ter del D.L. n. 34 del 2020","All’installazione degli impianti fino a 200 kW appartenenti a comunità energetiche rinnovabili costituite informa di enti non commerciali o da parte di condomìni che aderiscono alle configurazioni di cui all’articolo 42-bis del decreto-legge 30 dicembre 2019, n. 162 si applicano le disposizioni di cui al comma 5 dell'articolo 119 del D.L. n. 34 del2020. L’aliquota dicuialmedesimo comma 5 siapplica alla quota dispesa corrispondente alla potenza massima di 20 kW e per la quota di spesa corrispondente alla potenza eccedente 20 kW spetta la detrazione stabilita dall’articolo 16-bis, comma 1, lettera h), del TUIR nel limite massimo di spesa complessivo di euro 96.000 riferito all’intero impianto.",IRPEF,2022,DETRAZIONE,Stima compresa nella misura 209,"-8.924,4","-7.911,9",,,PERSONE FISICHE E GIURIDICHE,,46
2021,19: CASA E ASSETTO URBANISTICO,213,"Art. 16, commi da 1-bis a 1-septies, del D.L. n. 63 del 2013, inserito dalla legge di conversione n. 90 del 2013, modificato dall'art. 1, comma 2, lettera c), della L. n. 232 del 2016, dall'art. 46-quater, comma 1, del D.L. n. 50 del2017, convertito, conmodificazioni, dalla L. n. 96 del 2017 e dall'art. 1, comma 68, L. n. 178/2020; art. 8 D.L. n. 34 del 2019, art. 119, comma 4 del D.L. n. 34 del 2020, modificato dall'art. 1, commi 66-67, L.n. 178/2020","Detrazione del 50% per interventi di cui all'articolo 16-bis, comma 1, lettera i), del TUIR realizzati su edifici ricadenti nelle zone sismiche 1, 2 e 3 di cui all'ordinanza del Presidente del Consiglio dei Ministrin. 3274 del 20 marzo 2003, riferiti a costruzioni adibite ad abitazione o ad attività produttive. La detrazione spetta in maggior misura in relazione a specifici interventi nonché in relazione agli interventi realizzati su parti comuni di edifici condominiali. La detrazione spetta anche conriferimento alle spese effettuate per la classificazione e la verifica sismica degli immobili. Nel caso di interventi che realizzano una riduzione del rischio sismico l'agevolazione di cui al comma 1-septies dell'articolo 16 si applica anche ai fabbricati ricadenti nelle zone a rischio sismico 2 e 3. Per le spese sostenute dal 1° luglio 2020 al 30 giugno 2022 l'aliquota delle detrazioni spettanti e' elevata al 110 per cento. Ai sensi di quanto previsto dall'art. 121 del D.L. n. 34 del 2020, per gli anni dal 2020 al 2022 i soggetti che sostengono le spese per tali interventi possono optare, in luogo della detrazione, alternativamente per uno sconto sul corrispettivo dovuto oppure per la trasformazione della detrazione in credito d'imposta cedibile.",IRPEF,2021 e 2022,DETRAZIONE,"-1.236,6","-1.217,1","-1.157,6",,,PERSONE FISICHE,X,46
2021,19: CASA E ASSETTO URBANISTICO,214,"Art. 119, comma 4-bis del D.L. n. 34 del 2020; Art. 1, comma 66, L.n. 178/2020","Per la realizzazione di sistemi di monitoraggio strutturale continuo a fini antisismici spetta la medesima detrazione di cui al comma 4, art. 119 del D.L. n. 34 del 2020, a condizione che i lavori siano eseguiti congiuntamente a uno degli interventi di cui ai commi da 1-bis a 1-septies dell’articolo 16 del decreto-legge 4 giugno 2013, n. 63, convertito, con modificazioni, dalla legge 3 agosto 2013, n. 90, nel rispetto dei limiti di spesa previsti dalla legislazione vigente per i medesimi interventi.",IRPEF,2022,DETRAZIONE,Stima compresa nella misura 213,"-1.217,1","-1.157,6",,,PERSONE FISICHE,,46
2021,19: CASA E ASSETTO URBANISTICO,215,"Art. 16, comma 2, del D.L. n. 63 del 2013, convertito dalla L. n. 90 del 2013, come modificato, da ultimo, dall'art. 1, comma 58, lett.b), n.2), L. n.178/2020","Detrazione, nella misura del 50 %, per l'acquisto di mobili e grandi elettrodomestici di classe non inferiore alla A+, nonché A per i forni, per le apparecchiature per le quali sia prevista l'etichetta energetica finalizzati all'arredo dell'immobile oggetto diristrutturazione dicui alcomma 1 dell'articolo 16 del D.L. 63/2013. Dall'anno 2020 la detrazione è calcolata su un ammontare complessivo delle spese non superiore a euro 16.000.",IRPEF,2021,DETRAZIONE,"-554,4","-554,4","-512,7",,,PERSONE FISICHE,X,46
2021,19: CASA E ASSETTO URBANISTICO,216,"Art. 16-ter del D.L. n. 63 del 2013, convertito, con modificazioni, dalla L. 3 agosto 2013, n. 90, come introdotto dall'art. 1, comma 1039, della L. n. 145/2018, art. 119, comma 8 del D.L. n. 34 del 2020, come modificato dall'art.1, commi 66-67, L. n.178/2020","Detrazione, nella misura del 50% delle spese sostenute e su un ammontare complessivo non superiore a 3.000 euro, per l'acquisto e la posa inopera diinfrastrutture diricarica deiveicoli alimentatiad energia elettrica, inclusi i costi iniziali per la richiesta di potenza addizionale fino ad un massimo di 7 kW. La detrazione spetta nella misura del 110 per cento, da ripartire tra gli aventi diritto in cinque quote annuali di pari importo, sempreche' l'installazione sia eseguita congiuntamente ad uno degli interventi di cui al comma 1 dell'articolo 119 del D.L. n. 34 del 2020. Ai sensi di quanto previsto dall'art. 121 del D.L. n. 34 del 2020, per gli anni dal 2020 al 2022 i soggetti che sostengono le spese per tali interventi possono optare, in luogo della detrazione, alternativamente per uno sconto sul corrispettivo dovuto oppure per la trasformazione della detrazione in credito d'imposta cedibile. Detrazione, nella misura del 50% delle spese sostenute e su un ammontare complessivo non superiore a 3.000 euro, per l'acquisto e la posa inopera diinfrastrutture diricarica deiveicoli alimentatiad energia elettrica, inclusi i costi iniziali per la richiesta di potenza addizionale fino ad un massimo di 7 kW. La detrazione spetta nella misura del 110 per cento, da ripartire tra gli aventi diritto in cinque quote annuali di pari importo, sempreche' l'installazione sia eseguita congiuntamente ad uno degli interventi di cui al comma 1 dell'articolo 119 del D.L. n. 34 del 2020. Ai sensi di quanto previsto dall'art. 121 del D.L. n. 34 del 2020, per gli anni dal 2020 al 2022 i soggetti che sostengono le spese per tali interventi possono optare, in luogo della detrazione, alternativamente per uno sconto sul corrispettivo dovuto oppure per la trasformazione della detrazione in credito d'imposta cedibile.",IRPEF/IRES,2021 e 2022,DETRAZIONE,"-41,8","-35,5","-35,5",,,PERSONE FISICHE E GIURIDICHE,,46
2021,19: CASA E ASSETTO URBANISTICO,217,"Art.1, comma 118, della L. n. 160 del 2019","Credito d'imposta, nel limite massimo complessivo di 1,5 milioni di euro per ciascuno degli anni 2020 e 2021, per le spese documentate relative all’acquisizione e predisposizione dei sistemi di monitoraggio strutturale continuo.",,2021,CREDITO D'IMPOSTA,"0,0","0,0","0,0",,,PERSONE FISICHE E GIURIDICHE,,47
2021,19: CASA E ASSETTO URBANISTICO,218,"Art. 1, commi 219-224, della L. n. 160 del 2019, modificato dall'art.1, comma 59, L. n. 178/2020","Detrazione, nella misura del 90%, delle spese documentate relative agli interventi, ivi inclusi quelli di sola pulitura o tinteggiatura esterna, finalizzati al recupero o restauro della facciata esterna degli edifici esistenti ubicati in zona A e B. Sono agevolabili esclusivamente gli interventi sulle strutture opache della facciata, su balconi o su ornamenti e fregi (bonus facciate). Ai sensi di quanto previsto dall'art. 121 del D.L. n. 34 del 2020, per gli anni 2020 e 2021 i soggetti che sostengono le spese per tali interventi possono optare, in luogo della detrazione, alternativamente per uno sconto sul corrispettivo dovuto oppure per la trasformazione della detrazione in credito d'imposta cedibile.",IRPEF/IRES,2021,DETRAZIONE,"-614,6","-472,8","-472,8",,,PERSONE FISICHE E GIURIDICHE,,47
2021,19: CASA E ASSETTO URBANISTICO,219,"Art 1, commi da 344 a 349, della L. 296/2006 - Art. 1, comma 48, della L. n. 220 del 2010; Art. 14 del D.L. n. 63 del 2013, convertito dalla L. n. 90 del 2013 e modificato da ultimo, dall'art. 1, comma 58, lett. a), della L. n. 178/2020. Art. 1, comma 88, della L. n. 208 del 2015, art. 119, commi 1, 2 e 3 del D.L. 34 del 2020, modificato dall'art. 1, commi 66-67, L. n. 178/2020","Detrazione, nella misura del 55% e 65%, delle spese sostenute dal 6 giugno 2013 per vari interventi di riqualificazione energetica degli edifici esistenti di qualsiasi categoria catastale, anche rurale, posseduti o detenuti. La medesima detrazione si applica anche alle spese per l'acquisto, l'installazione e la messa inopera di dispositivimultimedialiper ilcontrollo a distanza degliimpiantidi riscaldamento, produzione diacqua calda o di climatizzazione delle unità abitative (""ecobonus""). Per le spese sostenute dal 1° luglio 2020 e fino al 30 giugno 2022 per specifici interventi indicati ai commi 1 e 2 dell'art. 119, D.L. n. 34 del 2020 la detrazione di cui all'articolo 14 del D.L., n. 63 del 2013 si applica nella misura del 110 per cento. Ai sensi di quanto previsto dall'art. 121 del D.L. n. 34 del 2020, per gli anni dal 2020 al 2022 i soggetti che sostengono le spese per tali interventi possono optare, in luogo della detrazione, alternativamente per uno sconto sul corrispettivo dovuto oppure per la trasformazione della detrazione in credito d'imposta cedibile.",IRPEF/IRES,2021 e 2022,DETRAZIONE,"-3.529,4","-4.785,1","-4.564,1",,,PERSONE FISICHE E GIURIDICHE,X,47
2021,19: CASA E ASSETTO URBANISTICO,220,"Art. 14 del D.L. 4 giugno 2013, n. 63, modificato dall'art. 1, comma 2, lettera a) della L. n. 232 del2016 e dall'art. 4-bis del D.L. n. 50 del 2017 convertito, con modificazioni, dalla L. n. 96 del2017 nonchè, da ultimo, dall'art. 1, c.3, lett.a), L. n. 205/2017, art. 119, commi 1, 2 e 3 del D.L. n. 34 del 2020, modificato dall'art. 1, commi 66-67, L.n. 178/2020","Detrazione per interventi di riqualificazione energetica sulle parti comuni condominiali. Per le spese sostenute dal 1° luglio 2020 e fino al 30 giugno 2022 per specifici interventi indicati ai commi 1 e 2 dell'art. 119, D.L. n. 34 del 2020 la detrazione di cui all'articolo 14 del D.L., n. 63 del 2013 si applica nella misura del 110 per cento.Ai sensi di quanto previsto dall'art. 121 del D.L. n. 34 del 2020, per gli anni dal 2020 al 2022 i soggetti che sostengono le spese per tali interventi possono optare, in luogo della detrazione, alternativamente per uno sconto sul corrispettivo dovuto oppure per la trasformazione della detrazione in credito d'imposta cedibile.",IRPEF,2021 e 2022,DETRAZIONE,"-35,3","-56,9","-56,9",,,PERSONE FISICHE,X,47
2021,19: CASA E ASSETTO URBANISTICO,221,"Art. 14, comma 2-quater.1 del D.L. n. 63 del 2013, convertito, con modificazioni, dalla L. n. 90 del 2013, come introdotto dall'art. 1, comma 3 della L. n. 205 del 2017. , art. 119, commi 1, 2 e 3 del D.L. n. 34 del 2020, modificato dall'art. 1, commi 66-67, L. n. 178/2020","Detrazione per interventi finalizzati congiuntamente alla riduzione del rischio sismico e alla riqualificazione energetica. Per le spese sostenute dal 1° luglio 2020 e fino al 30 giugno 2022 per specifici interventi indicati ai commi 1 e 2 dell'art. 119, D.L. n. 34 del 2020 la detrazione di cui all'articolo 14 del D.L., n. 63 del 2013 si applica nella misura del 110 per cento. Ai sensi di quanto previsto dall'art. 121 del D.L. n. 34 del 2020, per gli anni dal 2020 al 2022 i soggetti che sostengono le spese per tali interventi possono optare, in luogo della detrazione, alternativamente per uno sconto sul corrispettivo dovuto oppure per la trasformazione della detrazione in credito d'imposta cedibile.",IRPEF,2021 e 2022,DETRAZIONE,"-7,0","-11,5","-11,5",,,PERSONE FISICHE,,47
2021,19: CASA E ASSETTO URBANISTICO,222,"Art. 3 del D.Lgs. 14 marzo 2011, n. 23, recante ""Disposizioni in materia di federalismo fiscale municipale"" come, da ultimo, modificato dall'art.1, comma 6, della L. n. 160 del 2019","Cedolare secca. Applicazione di un'imposta sostitutiva dell'IRPEF e delle addizionali all'IRPEF nonché dell'imposta di registro e di bollo, con aliquota del 21% sui canoni derivanti dalla locazione di immobili a uso abitativo. L'aliquota è ridotta al 10% nell'ipotesi di locazione a canone concordato",IMPOSTA SOSTITUTIVA,A REGIME,REGIME SOSTITUTIVO,"-2.691,6","-2.691,6","-2.691,6",2.740.648,"-927,9",PERSONE FISICHE,X,47
2021,19: CASA E ASSETTO URBANISTICO,223,"Art. 9, comma 2-bis, del D.L. n. 47 del 2014, convertito con modificazioni dalla L. 23 maggio 2014, n. 80 come sostituito dall'art. 4, comma 3-nonies, delD.L. n. 162 del 2019, convertito, con modificazioni, dalla L. n. 8 del 2020","L'aliquota della cedolare secca ridotta al 10% si applica ai contratti stipulati nei comuni per i quali sia stato deliberato, nei cinque anni precedenti la data di entrata in vigore della L. n.8 del 2020, lo stato di emergenza a seguito del verificarsi degli eventi calamitosi di cui all'art. 2, comma 1, lett. c), della L. n. 225 del 1992. Per l'anno 2020 l'agevolazione si applica esclusivamente ai contratti di locazione stipulati nei predetti comuni con popolazione fino a 10.000 abitanti.",IMPOSTA SOSTITUTIVA,A REGIME,REGIME SOSTITUTIVO,Stima compresa nella misura 222,"-2.691,6","-2.691,6",,,PERSONE FISICHE,,47
2021,19: CASA E ASSETTO URBANISTICO,224,"Art. 9, comma 2-bis.1, del D.L. n. 47 del 2014, convertito dalla L. n. 80 del 2014, inserito dall'art. 4, comma 3-nonies, del D.L. n. 162 del 2019, convertito, con modificazioni, dalla L. n. 8 del 2020","L'aliquota della cedolare secca ridotta al 10% si applica ai contratti stipulati nei comuni di cui all'art. 1, comma 1, del D.L. n. 189 del 2016 (comuni colpiti dagli eventi sismici del centro Italia) in cui sia stata individuata con ordinanza sindacale una ""zona rossa""",IMPOSTA SOSTITUTIVA,A REGIME,REGIME SOSTITUTIVO,Stima compresa nella misura 222,"-2.691,6","-2.691,6",,,PERSONE FISICHE,,47
2021,19: CASA E ASSETTO URBANISTICO,225,"Art. 4 del D.L. n. 50 del 2017, convertito, con modificazioni, dalla L. n. 96 del 2017. Art.1, comma 595, L. n. 178/2020","Applicazione, per iredditi derivantidai contrattidi locazione breve, dell'aliquota del 21 % incaso diopzione per l'imposta sostitutiva nella forma della cedolare secca. Dall'anno 2021 il regime fiscale delle locazioni brevidi cui all'articolo 4, commi2 e 3, delD.L. n. 50/2017 è riconosciuto solo incaso di destinazione alla locazione breve di nonpiù di quattro appartamentiper ciascunperiodo d'imposta. Negli altricasi l'attività di locazione, da chiunque esercitata, si presume svolta in forma imprenditoriale ai sensi dell'articolo 2082 del codice civile.",IMPOSTA SOSTITUTIVA,A REGIME,REGIME SOSTITUTIVO,Stima compresa nella misura 222,"-2.691,6","-2.691,6",,,PERSONE FISICHE,,47
2021,19: CASA E ASSETTO URBANISTICO,226,"Art. 19, comma 15-bis, D.L. n. 201 del 2011","Esenzione dal pagamento dell’imposta sul valore degli immobili situati all'estero (IVIE) per l'abitazione principale se di categoria catastale diversa dalle categorie A/1, A/8 e A/9",IVIE,A REGIME,ESENZIONE,"-0,7","-0,7","-0,7",1.451,"-484,7",PERSONE FISICHE,X,47
2021,19: CASA E ASSETTO URBANISTICO,227,"Art. 19, comma 15-bis, D.L. n. 201 del 2011","Aliquota ridotta dell’imposta sul valore degli immobili situati all'estero (IVIE) per l'abitazione principale se di categoria catastale A/1, A/8 o A/9 Aliquota ridotta dell’imposta sul valore degli immobili situati all'estero (IVIE) per l'abitazione principale se di categoria catastale A/1, A/8 o A/9",IVIE,A REGIME,RIDUZIONE DI ALIQUOTA,"0,0","0,0","0,0",,,PERSONE FISICHE,X,47
2021,19: CASA E ASSETTO URBANISTICO,228,Art.1 della Tariffa parte prima allegata al D.P.R. n. 131/1986,Gli atti di trasferimento a titolo oneroso aventi a oggetto la prima casa di abitazione sono soggetti all'imposta di registro all'aliquota ridotta del 2%,IMPOSTA DI REGISTRO,A REGIME,RIDUZIONE DI ALIQUOTA,"-1.868,3","-1.868,3","-1.868,3",,,PERSONE FISICHE,X,48
2021,19: CASA E ASSETTO URBANISTICO,229,Art. 1 Tariffa speciale-Allegato B alla Legge n. 1216/61,Sui premi relativi ai contratti di assicurazione sulla vita umana a garanzia della casa l'imposta sulle assicurazioni si applica in misura ridotta a un quarto.,IMPOSTA SULLE ASSICURAZIONI,A REGIME,RIDUZIONE DI ALIQUOTA,"-62,6","-62,6","-62,6",,,PERSONE FISICHE,X,48
2021,19: CASA E ASSETTO URBANISTICO,230,Art. 3 Tariffa speciale-Allegato B alla Legge n. 1216/61,Sui premi relativi ai contratti di assicurazione danni relativi alle cooperative edilizie sovvenzionate dallo Stato l'imposta sulle assicurazioni si applica in misura ridotta a un quinto,IMPOSTA SULLE ASSICURAZIONI,A REGIME,RIDUZIONE DI ALIQUOTA,Non quantificabile,"-62,6","-62,6",,,SOGGETTI E CATEGORIE PARTICOLARI,X,48
2021,19: CASA E ASSETTO URBANISTICO,231,Art.5 della Legge n.168/82,"Le imposte di registro, ipotecaria e catastale si applicano in misura fissa in relazione a trasferimenti o permute di immobili compresi in piani di recupero",IMPOSTE DI REGISTRO E IPOCATASTALI,A REGIME,IMPOSTA IN MISURA FISSA,"0,0","0,0","0,0",,,SOGGETTI E CATEGORIE PARTICOLARI,X,48
2021,19: CASA E ASSETTO URBANISTICO,232,Art. 32 del D.P.R. n. 601/73,Sono esenti dalle imposte ipotecarie e catastali e l'imposta di registro si applica in misura fissa per gli atti di trasferimento della proprietà delle aree comprese nei piani di edilizia residenziale pubblica o nei piani da destinare a insediamenti produttivi,IMPOSTE DI REGISTRO E IPOCATASTALI,A REGIME,ESENZIONE E MISURA FISSA,"-8,7","-8,7","-8,7",,,SOGGETTI E CATEGORIE PARTICOLARI,X,48
2021,19: CASA E ASSETTO URBANISTICO,233,Nota all'Art. 1 della Tariffa allegata al D.lgs n. 347 del 1990,Sugli atti di trasferimento della prima casa di abitazione l'imposta ipotecaria si applica in misura fissa,IMPOSTA IPOTECARIA,A REGIME,IMPOSTA IN MISURA FISSA,"-315,9","-315,9","-315,9",,,PERSONE FISICHE,X,48
2021,19: CASA E ASSETTO URBANISTICO,234,Nota all'Art. 1 della Tariffa allegata al D.lgs n. 347 del 1990,Sugli atti di trasferimento della prima casa di abitazione l'imposta catastale si applica in misura fissa,IMPOSTA CATASTALE,A REGIME,IMPOSTA IN MISURA FISSA,"-757,6","-757,6","-757,6",,,PERSONE FISICHE,X,48
2021,19: CASA E ASSETTO URBANISTICO,235,"Art. 8, comma 1, della Legge n.431/98",Sui contratti di locazione di immobili a canone concordato adibiti ad uso abitativo nei comuni ad alta densità abitativa l'imposta di registro si applica su una base imponibile ridotta al 70%,IMPOSTA DI REGISTRO,A REGIME,RIDUZIONE BASE IMPONIBILE,"-2,2","-2,2","-2,2",,,PERSONE FISICHE E GIURIDICHE,X,48
2021,19: CASA E ASSETTO URBANISTICO,236,"Art. 2, comma 1-bis, del D.L. 3 agosto 2004, n. 220, convertito conmodificazioni dalla L. 19 ottobre 2004, n. 257","Applicabilità delle disposizioni di cui agli artt. 15, 17 e 18 del D.P.R. n. 601 del 1973 per i mutui concessi da istituti ed enti previdenziali per l'acquisto di abitazioni",IMPOSTA SOSTITUTIVA,A REGIME,REGIME SOSTITUTIVO,Non quantificabile,"-2,2","-2,2",,,PERSONE FISICHE,X,48
2021,19: CASA E ASSETTO URBANISTICO,237,"Art. 1, commi 12-15 della L. n. 205 del 2017, modificato, da ultimo, dall'art. 1, comma 76, L. n. 178/2020","Detrazione, nella misura del 36 per cento, delle spese documentate, fino ad un ammontare complessivo delle stesse non superiore a 5.000 euro per unità immobiliare ad uso abitativo, sostenute per sistemazione a verde e per la realizzaizone di coperture a verde e di giardini pensili. La detrazione spetta anche per interventi effettuati sulle parti comuni esterne degli edifici condominiali.",IRPEF,2021,DETRAZIONE,"-15,6","-15,6","-15,6",,,PERSONE FISICHE,,48
2021,19: CASA E ASSETTO URBANISTICO,238,"Art. 15, comma 1, lett. f-bis) del TUIR;lettera introdotta dall'art. 1, comma 768 della L. n. 205 del 2017.","Detrazione, nella misura del 19%, dei premi per assicurazioni aventi per oggetto il rischio di eventi calamitosi stipulate relativamente a unità immobiliari ad uso abitativo. Ai sensi dell'art. 119, comma 4, D.L. n.34/2020, la detrazione in oggetto spetta nella misura del 90 per cento nel caso di polizza che copre il rischio di eventi calamitosi stipulata contestualmente alla cessione del credito ad un'impresa di assicurazione, in conseguenza della realizzazione degli interventi di cui ai commi da 1-bis a 1-septies dell'art. 16 del D.L. n. 63/2013.",IRPEF,A REGIME,DETRAZIONE,"-43,0","-32,4","12,7",,,PERSONE FISICHE,,48
2021,19: CASA E ASSETTO URBANISTICO,239,"Art. 64, commi 6-10, del D.L. n. 73 del 2021","Esenzione dall’imposta di registro e dalle imposte ipotecaria e castale a favore degli under 36 che acquistano la prima casa non di lusso e che hanno un indicatore ISEE non superiore a 40.000 euro annui. A favore dei suddetti soggetti che acquistano la prima casa con atto soggetto all’IVA, è previsto un credito d’imposta pari all’IVA pagata.","IMPOSTE DI REGISTRO E IPOCATASTALI, IVA",30/06/2022,ESENZIONE E CREDITO D'IMPOSTA,"-127,5","0,0","0,0",213.000,,PERSONE FISICHE,,48
2021,19: CASA E ASSETTO URBANISTICO,240,"Art. 64, comma 7, del D.L. n. 73 del 2021","Per gli atti traslativi a titolo oneroso della proprieta' di ""prime case"" di abitazione, relativi a cessioni soggette all'imposta sulvalore aggiunto, e'attribuito agli acquirenti che nonhanno ancora compiuto trentasei annidi eta' nell'anno in cui l'atto e' stipulato un credito d'imposta di ammontare pari all'imposta sul valore aggiunto corrisposta in relazione all'acquisto. Il credito d' imposta puo' essere portato in diminuzione dalle imposte di registro, ipotecaria, catastale, sulle successioni e donazioni dovute sugli atti e sulle denunce presentati dopo la data di acquisizione del credito, ovvero puo' essere utilizzato in diminuzione delle imposte sui redditi delle persone fisiche dovute in base alla dichiarazione da presentare successivamente alla data dell'acquisto; puo' altresi' essere utilizzato in compensazione ai sensi del decreto legislativo 9 luglio 1997, n. 241. Il credito d'imposta in ogni caso non da' luogo a rimborsi.",IRPEF,30/06/2022,CREDITO D'IMPOSTA,"-90,5","0,0","0,0",,,PERSONE FISICHE,,48
2021,19: CASA E ASSETTO URBANISTICO,241,"Art. 64, comma 8, del D.L. n. 73 del 2021","L’esenzione dal pagamento dell’imposta sostitutiva sui finanziamenti, che ordinariamente sarebbe dovuta in ragione dello 0,25 % ai sensi dell’articolo 18 del decreto del Presidente della Repubblica 29 settembre 1973, n. 601, per i finanziamenti concessi per l'acquisto della prima casa non di lusso da parte di soggetti che non hanno ancora compiuto trentasei anni di età nell’anno in cui l’atto è rogitato e che hanno un valore dell'indicatore della situazione economica equivalente, stabilito aisensidel regolamento di cuial decreto del Presidente del Consiglio dei ministri 5 dicembre 2013, n. 159, non superiore a 40.000 euro annui.",IMPOSTA SOSTITUTIVA SUI FINANZIAMENTI,30/06/2022,ESENZIONE,"-42,5","0,0","0,0",,,PERSONE FISICHE,,48
2021,20: TUTELA DELLA SALUTE,242,"Art. 15, comma 1, lett. c) e comma 2, TUIR","Detrazione, nella misura del 19%, per la parte che eccede euro 129,11, delle spese sanitarie, spese mediche e di assistenza specifica diverse da quelle di cui all'art. 10, comma 1, lett. b), del Tuir, spese per prestazioni mediche specialistiche. La detrazione spetta anche se gli oneri sono sostenuti nell'interesse dei familiari fiscalmente a carico. Detrazione, nella misura del 19%, per la parte che eccede euro 129,11, delle spese sanitarie, spese mediche e di assistenza specifica diverse da quelle di cui all'art. 10, comma 1, lett. b), del Tuir, spese per prestazioni mediche specialistiche. La detrazione spetta anche se gli oneri sono sostenuti nell'interesse dei familiari fiscalmente a carico.",IRPEF,A REGIME,DETRAZIONE,"-3.746,8","-3.746,8","-3.746,8",19.488.144,"-192,3",PERSONE FISICHE,X,48
2021,20: TUTELA DELLA SALUTE,243,"Art. 100, comma 2, lett. o), TUIR",Deducibilità delle erogazioni liberali indenaro effettuate per la realizzazione di programmi di ricerca scientifica nel settore della sanità,IRPEF/IRES,A REGIME,DEDUZIONE,Stima compresa nelle misure 266-269,2023,2024,,,PERSONE FISICHE E GIURIDICHE,X,49
2021,20: TUTELA DELLA SALUTE,244,"Art. 8, comma 3, L. n. 52/2001","Detrazione dall'imposta sul reddito per un importo non superiore al 30% dell'imposta lorda dovuta per le donazioni effettuate da enti o privati all'ente ospedaliero ""Ospedale Galliera"" di Genova",IRPEF/IRES,A REGIME,DETRAZIONE,Effetti di trascurabile entità,2023,2024,,,PERSONE FISICHE E GIURIDICHE,X,49
2021,20: TUTELA DELLA SALUTE,245,"Tabella A, punto 13, TUA",Riduzione dell'accisa sui carburanti per le autoambulanze -,ACCISA,A REGIME,RIDUZIONE DI ALIQUOTA,"-2,4","-2,4","-2,4",,,ASSOCIAZIONI ENTI NO PROFIT ONLUS,X,49
2021,20: TUTELA DELLA SALUTE,246,"Art. 1, commi 960-963, della L. 28 dicembre 2015, n. 208","Aliquota IVA ridotta del 5% per le prestazioni socio-sanitarie, assistenziali ed educative rese dalle cooperative sociali e loro consorzi dal 1° gennaio 2016",IVA,A REGIME,RIDUZIONE DI ALIQUOTA,"-603,5","-603,5","-603,5",,,PERSONE FISICHE,,49
2021,20: TUTELA DELLA SALUTE,247,"Art. 10, primo comma, n. 18), D.P.R. 633/1972",Esenzione delle prestazioni sanitarie con pro rata di detraibilità a monte,IVA,A REGIME,ESENZIONE,Non quantificabile,"-603,5","-603,5",,,PERSONE FISICHE,X,49
2021,20: TUTELA DELLA SALUTE,248,"Art. 10, primo comma, n. 19), D.P.R. 633/1972",Esenzione delle prestazioni di ricovero e cura rese da enti ospedalieri o da cliniche e case di cura convenzionate con pro rata di detraibilità a monte,IVA,A REGIME,ESENZIONE,Non quantificabile,"-603,5","-603,5",,,PERSONE FISICHE,X,49
2021,20: TUTELA DELLA SALUTE,249,"Art. 10, primo comma, n. 24), D.P.R. 633/1972","Esenzione delle cessioni di organi, sangue e latte umani e di plasma sanguigno",IVA,A REGIME,ESENZIONE,Non quantificabile,"-603,5","-603,5",,,PERSONE FISICHE E GIURIDICHE,X,49
2021,20: TUTELA DELLA SALUTE,250,"Art. 1, comma 452 della L. 30 dicembre 2020, n. 178","La misura esenta dall'IVA, fino al 31 dicembre 2022, con riconoscimento del diritto alla detrazione di quella assolta a monte, le cessioni della strumentazione per diagnostica per COVID-19 e le prestazioni di servizi strettamente connesse a detta strumentazione.Si segnala che l’articolo 3-ter della legge 26 febbraio 2021, n. 21 di conversione inlegge, conmodificazioni, del decreto-legge 31 dicembre 2020, n. 183, recante “Disposizioni in materia di esenzione dall'imposta sul valore aggiunto per le cessioni di beni necessari per il contenimento e la gestione dell'emergenza epidemiologica da COVID-19”, è intervenuto al fine di prevedere che il richiamo del Regolamento (UE) 2017/745 delParlamento europeo e delConsiglio, del5 aprile 2017, deve intendersi riferito al Regolamento (UE) 2017/746 del Parlamento europeo e del Consiglio, del 5 aprile 2017, in conformità alla direttiva (UE) 2020/2020 delConsiglio, del7 dicembre 2020. Ilsuddetto Regolamento (UE) 2017/746 stabilisce le norme relative all'immissione sul mercato, la messa a disposizione sul mercato o la messa in servizio dei dispositivi medico-diagnostici in vitro per uso umano e degli accessori per tali dispositivi nell'Unione. Il Regolamento si applica inoltre aglistudi delle prestazioni riguardantitali dispositivimedico-diagnostici invitro e relativi accessori condotti nell'Unione.",IVA,2020/2022,ESENZIONE,"-40,0","0,0","0,0",,,PERSONE FISICHE E GIURIDICHE,,49
2021,20: TUTELA DELLA SALUTE,251,"Art. 1, comma 453 della L. 30 dicembre 2020, n. 178","La norma stabilisce, in deroga al numero 114) della tabella A, parte III, allegata al citato D.P.R. n. 633/1973, che le cessioni di vaccini contro il Covid-19 e le prestazioni di servizi strettamente connesse a tali vaccini sono esenti dall’IVA, con diritto alla detrazione dell’imposta, dal 20 dicembre 2020 al 31 dicembre 2022",IVA,2020/2022,ESENZIONE,"0,0","0,0","0,0",,,PERSONE FISICHE E GIURIDICHE,,49
2021,20: TUTELA DELLA SALUTE,252,"Art. 10, primo comma, n. 27-ter), d.P.R. 633/1972","Esenzione, con pro rata di detraibilità a monte, delle prestazioni socio-sanitarie, di assistenza domiciliare o ambulatoriale, incomunita'e simili, infavore di persone disagiate rese da organismidi diritto pubblico organismi di diritto pubblico, da istituzioni sanitarie riconosciute che erogano assistenza pubblica, previste dall'articolo 41 della legge 23 dicembre 1978, n. 833, o da enti aventi finalita' di assistenza sociale e da enti del Terzo settore di natura non commerciale.",IVA,A REGIME,ESENZIONE,Non quantificabile,"0,0","0,0",,,PERSONE FISICHE,X,49
2021,20: TUTELA DELLA SALUTE,253,"Art. 10, comma 1, lett. b), e comma 2, TUIR",Deduzione delle spese mediche e di quelle di assistenza specifica necessarie nei casi di grave e permanente invalidità o menomazione. Tali spese sono deducibili anche se sono state sostenute per le persone indicate nell'articolo 433 del codice civile.,IRPEF,A REGIME,DEDUZIONE,"-365,4","-365,4","-365,4",286.518,"-1.275,3",PERSONE FISICHE,X,49
2021,20: TUTELA DELLA SALUTE,254,"Art. 10, comma 1, lett. e-ter), TUIR","Deduzione dei contributi versati, fino ad un massimo di euro 3.615,20, ai fondi integrativi del servizio sanitario nazionale istituiti o adeguati ai sensi del d.lgs 502 del 1992",IRPEF,A REGIME,DEDUZIONE,"-676,1","-676,1","-676,1",8.111.265,"-83,4",PERSONE FISICHE,X,49
2021,20: TUTELA DELLA SALUTE,255,"Art. 5, comma 3, del D. Lgs. 30 giugno 1993, n, 269","Esenzione da imposta di donazione, ipotecarie e catastali per le donazioni a favore degli istituti di ricovero e cura a carattere scientifico di immobili con specifica destinazione a finalità sanitarie",IMPOSTE SU SUCCESSIONI E DONAZIONI E IPOCATASTALI,A REGIME,ESENZIONE,"-0,1","-0,1","-0,1",,,ASSOCIAZIONI ENTI NO PROFIT ONLUS,X,49
2021,20: TUTELA DELLA SALUTE,256,"Art. 1, comma 666, della L. 27 dicembre 2019, n. 160 (Legge di Bilancio 2020) e art. 1, comma 1086, della L. 30 dicembre 2020 n. 178.","Esenzione dal pagamento dell’imposta di consumo sulle bevande edulcorate istituita dall'articolo 1, comma 661, della Legge 27 dicembre 2019 , n. 160 (Legge di Bilancio 2020). L'efficacia delle disposizioni recanti la disciplina dell'imposta in argomento entrano in vigore il 1° gennaio 2022",IMPOSTA DI CONSUMO,A REGIME,ESENZIONE,"-17,5","-19,1","-19,1",,,IMPRESE E SOCIETA',,49
2021,20: TUTELA DELLA SALUTE,257,"Art. 66, D.L. n. 18/2020, modificato dall'art. 12-quater, D.L. n. 23/2020 convertito dalla legge n. 40 del5 giugno 2020",Detrazione dell'IVA pagata per gli acquisti dei beni ceduti a titolo di erogazione liberale in natura a sostegno delle misure di contrasto all'emergenza epidemiologica da COVID-19. Detrazione dell'IVA pagata per gli acquisti dei beni ceduti a titolo di erogazione liberale in natura a sostegno delle misure di contrasto all'emergenza epidemiologica da COVID-19.,IVA,2020,ALTRO,"0,0","0,0","0,0",,,PERSONE FISICHE E GIURIDICHE,,49
2021,20: TUTELA DELLA SALUTE,258,"Art. 27, DL n. 23/2020","Cessione gratuita di farmaci ad uso compassionevole individuati ai sensi del decreto del Ministero della salute 7 settembre 2017, per contrastare l’emergenza epidemiologica da COVID‐19. E' previsto che: -il valore normale dei farmaci ceduti non concorra alla formazione dei ricavi del soggetto cedente ai fini delle imposte dirette; - nonoperi la presunzione di cessione di cui all’art. 1 del DPR n. 441/1997 e pertanto le cessionisono escluse da IVA con diritto a detrazione dell'imposta pagata a monte",IMPOSTE DIRETTE E IVA,A REGIME,ESCLUSIONE,"0,0","0,0","0,0",,,IMPRESE,,50
2021,20: TUTELA DELLA SALUTE,259,"Art. 124, comma 1, D.L. n. 34/2020","Applicazione aliquota IVA del 5% alle cessioni di beni funzionali a contrastare la pandemia di Covid 19 - Ventilatori polmonari per terapia intensiva e subintensiva; monitor multiparametrico anche da trasporto; pompe infusionali per farmacie pompe peristaltiche per nutrizione enterale;tubi endotracheali;caschi per ventilazione a pressione positiva continua; maschere per la ventilazione non invasiva; sistemi di aspirazione; umidificatori; laringoscopi; strumentazione per accesso vascolare; aspiratore elettrico; centrale di monitoraggio per terapia intensiva; ecotomografo portatile; elettrocardiografo; tomografo computerizzato; mascherine chirurgiche; mascherine Ffp2 e Ffp3;articoli diabbigliamento protettivo per finalità sanitarie qualiguanti inlattice, invinile e in nitrile, visiere e occhiali protettivi, tute di protezione, calzari e soprascarpe, cuffie copricapo, camici impermeabili, camici chirurgici; termometri; detergenti disinfettanti per mani; dispenser a muro per disinfettanti; soluzione idroalcolica in litri; perossido al 3 per cento in litri; carrelli per emergenza; estrattori RNA; strumentazione per diagnostica per COVID-19; tamponi per analisi cliniche; provette sterili; attrezzature per la realizzazione di ospedali da campo.",IVA,a regime,RIDUZIONE DI ALIQUOTA,"-317,7","-317,7","-317,7",,,PERSONE FISICHE E CATEGORIE PARTICOLARI,,50
2021,20: TUTELA DELLA SALUTE,260,"Art. 31, D.L. n. 73/2021","Credito d'imposta alle imprese che effettuano attività di ricerca e sviluppo per farmaci innovativi, inclusi i vaccini, nella misura del 20 per cento dei costisostenuti dal1° giugno 2021 al31 dicembre 2030 nelrispetto dei limiti e delle condizioni previsti dal regolamento (UE) n. 651/2014 della Commissione.",,2030,CREDITO D'IMPOSTA,"-19,3","-40,6","-68,3",,,SOGGETTI E CATEGORIE PARTICOLARI,,50
2021,20: TUTELA DELLA SALUTE,261,"Art. 31-ter, Legge 23 luglio 2021, n. 106 (legge di conversione del D.L. n. 73/2021)","L’aliquota dell’imposta sul valore aggiunto applicata ai reagenti e alle apparecchiature diagnostiche destinati a essere utilizzati per progetti di ricerca scientifica nel campo delle biotecnologie e della biomedicina integralmente finanziati dall’Unione europea e acquistati dalle università, dagli enti pubblici di ricerca, dagli istituti di ricovero e cura a carattere scientifico e dagli enti di ricerca privati senza fini di lucro è ridotta al 5 per cento.",IVA,dal 01/07/2021 al 31/12/2021,RIDUZIONE DI ALIQUOTA,"0,0","0,0","0,0",,,SOGGETTI E CATEGORIE PARTICOLARI,,50
2021,20: TUTELA DELLA SALUTE,262,"Art. 32, D.L. n. 73/2021","Credito d'imposta riconosciuto, al fine di favorire l'adozione di misure dirette a contenere e contrastare la diffusione del COVID-19, ai soggetti esercenti attività d'impresa, arti e professioni, agli enti non commerciali, compresi gli enti del Terzo settore e gli enti religiosi civilmente riconosciuti, nonché alle strutture ricettive extra- alberghiere a carattere nonimprenditoriale, inmisura parial 30% delle spese sostenute neimesi digiugno, luglio ed agosto 2021 per la sanificazione degli ambienti e degli strumenti utilizzati e per l'acquisto di dispositivi di protezione individuale e di altri dispositivi atti a garantire la salute dei lavoratori e degli utenti, comprese le spese per la somministrazione di tamponi per COVID-19. Il credito d'imposta spetta fino ad un massimo di 60.000 euro per ciascun beneficiario, nel limite complessivo di 200 milioni di euro per l'anno 2021.",,2021,CREDITO D'IMPOSTA,"0,0","0,0","0,0",,,"IMPRESE, LAVORATORI AUTONOMI ED ENTI NON COMMERCIALI",,50
2021,21: TUTELA E VALORIZZAZIONE DEI BENI E ATTIVITA’ CULTURALI E PAESAGGISTICI,263,"Art. 15, comma 1, lett. h) e h-bis), TUIR","Detrazione, nella misura del 19%, per erogazioni liberali indenaro e innatura a favore dello Stato, delle regioni, degli enti locali territoriali, di enti o istituzioni pubbliche, di comitati organizzatori, di fondazioni e associazioni legalmente riconosciute che, senza scopo di lucro, svolgono attività di studio, ricerca e documentazione di rilevante valore culturale e artistico, nonché per le erogazioni effettuate per l’organizzazione di mostre ed esposizioni di rilevante interesse scientifico-culturale.",IRPEF,A REGIME,DETRAZIONE,"-2,0","-2,0","-2,0",10.714,"-182,2",PERSONE FISICHE,X,50
2021,21: TUTELA E VALORIZZAZIONE DEI BENI E ATTIVITA’ CULTURALI E PAESAGGISTICI,264,"Art. 1 del D.L. n. 83/2014 convertito dalla L. n. 106/2014 modificato dall'art. 1, comma 318, della L. n. 208/2015, dall'art. 5, comma 1, L. n.175/2017 e, da ultimo, dall'art. 183, comma 9, D.L. n.34/2020; Art. 17 D.L. n. 189/2016, convertito con L. n. 229/2016;","Credito di imposta, nella misura del 65 per cento, a favore delle persone fisiche, entinoncommercialie soggetti titolari di reddito d'impresa, per le erogazioni liberali in denaro per interventi a favore della cultura e dello spettacolo ART-BONUS",IRPEF/IRES,A REGIME,CREDITO D'IMPOSTA,"-22,0","-22,0","-22,0",3.196,"-6.869,8",PERSONE FISICHE E GIURIDICHE,X,50
2021,21: TUTELA E VALORIZZAZIONE DEI BENI E ATTIVITA’ CULTURALI E PAESAGGISTICI,265,"Art. 15, comma 1, lett. i), TUIR","Detrazione, nella misura del 19%, per le erogazioni liberali in denaro, per importo non superiore al 2% del reddito complessivo dichiarato, in favore di enti o istituzioni pubbliche, fondazioni e associazioni legalmente riconosciute che, senza scopo di lucro, svolgono esclusivamente attività nello spettacolo",IRPEF,A REGIME,DETRAZIONE,"-0,1","-0,1","-0,1",892,"-66,0",PERSONE FISICHE,X,50
2021,21: TUTELA E VALORIZZAZIONE DEI BENI E ATTIVITA’ CULTURALI E PAESAGGISTICI,266,"Art. 100, comma 1 e comma 2 lett. a), b), d), e), TUIR","Deduzione dal reddito d'impresa con limiti determinati per le singole fattispecie - tra cui: a) opere o servizi destinati ai dipendenti per finalità di educazione, istruzione, ricreazione, assistenza sociale e sanitaria o culto; b) erogazioni liberali in favore di persone giuridiche che perseguono le finalità di cui alla lettera a), ovvero di ricerca scientifica, nonché contributi, donazionie obliazioniinfavore delle O.N.G;c) erogazioni liberaliinfavore di persone giuridiche aventi sede nel mezzogiorno aventi esclusiva finalità di ricerca scientifica; d) erogazioni liberali a favore di concessionari privati per la radiodiffusione sonora a carattere comunitario; e) spese sostenute dai soggetti obbligati alla manutenzione, protezione e restauro delle cose vincolate.",IRPEF/IRES,A REGIME,DEDUZIONE,"-0,1","-0,1","-0,1",892,"-66,0",PERSONE FISICHE E GIURIDICHE,X,50
2021,21: TUTELA E VALORIZZAZIONE DEI BENI E ATTIVITA’ CULTURALI E PAESAGGISTICI,267,"Art. 100, c. 2, lett. f), TUIR","Deducibilità delle erogazioni liberali in denaro favore di enti o istituzioni pubbliche, associazioni e fondazioni riconosciute confinalità distudio, ricerca e documentazione dirilevante valore culturale e artistico, nonché per le erogazioni effettuate per l’organizzazione di mostre ed esposizioni di rilevante interesse scientifico-culturale. Deducibilità delle erogazioni liberali in denaro favore di enti o istituzioni pubbliche, associazioni e fondazioni riconosciute confinalità distudio, ricerca e documentazione dirilevante valore culturale e artistico, nonché per le erogazioni effettuate per l’organizzazione di mostre ed esposizioni di rilevante interesse scientifico-culturale.",IRPEF/IRES,A REGIME,DEDUZIONE,"-0,1","-0,1","-0,1",892,"-66,0",PERSONE FISICHE E GIURIDICHE,X,50
2021,21: TUTELA E VALORIZZAZIONE DEI BENI E ATTIVITA’ CULTURALI E PAESAGGISTICI,268,"Art. 100, c. 2, lett. g), TUIR","Deducibilità per un importo non superiore al 2% del reddito d'impresa delle erogazioni liberali in denaro a favore di enti o istituzioni pubbliche, associazioni e fondazioni che, senza scopo di lucro, svolgono attività nello spettacolo",IRPEF/IRES,A REGIME,DEDUZIONE,,,,,,PERSONE FISICHE E GIURIDICHE,X,51
2021,21: TUTELA E VALORIZZAZIONE DEI BENI E ATTIVITA’ CULTURALI E PAESAGGISTICI,269,"Art, 100, c. 2, lett. m), TUIR",Deducibilità delle erogazioni liberali in denaro per la realizzazione di programmi culturali nei settori dei beni culturali e dello spettacolo,IRPEF/IRES,A REGIME,DEDUZIONE,,,,,,PERSONE FISICHE E GIURIDICHE,X,51
2021,21: TUTELA E VALORIZZAZIONE DEI BENI E ATTIVITA’ CULTURALI E PAESAGGISTICI,270,"Art.5-bis, D.P.R.n. 601/1973","Non concorrenza alla formazione del reddito complessivo dei redditi catastali degli immobili destinati ad usi culturali (totalmente adibiti a sedi aperte al pubblico di musei , biblioteche, archivi, cineteche )",IRPEF/IRES,A REGIME,ESCLUSIONE,Non quantificabile,,,,,PERSONE FISICHE,X,51
2021,21: TUTELA E VALORIZZAZIONE DEI BENI E ATTIVITA’ CULTURALI E PAESAGGISTICI,271,"Art. 1, comma 1 e 2, della L. n. 28/1999 (Fondazione La Biennale di Venezia)","Detrazione, nella misura del 19%, e deducibilità delle erogazioni liberali in denaro effettuate in favore della Fonadazione ""La Biennale di Venezia"". Il limite massimo sucui calcolare la detrazione è parial 30% del reddito complessivo.",IRPEF/IRES,A REGIME,DETRAZIONE/DEDUZI ONE,Effetti di trascurabile entità,,,,,PERSONE FISICHE E GIURIDICHE,X,51
2021,21: TUTELA E VALORIZZAZIONE DEI BENI E ATTIVITA’ CULTURALI E PAESAGGISTICI,272,"Art. 1, c. 3, L. n. 28/1999",I proventi percepiti dalla Fondazione La Biennale di Venezia nell’esercizio di attività commerciali svolte in conformità agli scopi istituzionali sono esclusi dalle imposte sui redditi,IRES,A REGIME,ESCLUSIONE,Effetti di trascurabile entità,,,,,SOGGETTI E CATEGORIE PARTICOLARI,X,51
2021,21: TUTELA E VALORIZZAZIONE DEI BENI E ATTIVITA’ CULTURALI E PAESAGGISTICI,273,"Art. 25, c. 1 e 2, D.lgs. n.367/1996","Detrazione e deducibilità dal reddito d'impresa per le erogazioni liberali a favore degli enti operanti nel settore della musica, delteatro e della danza nonché innalzamento al 30% del limite del reddito complessivo aifini della detraibilità e della deducibilità delle somme versate al patrimonio delle fondazioni musicali al momento della partecipazione.",IRPEF/IRES,A REGIME,DETRAZIONE/DEDUZI ONE,Stima compresa nelle misure 266-269,,,,,PERSONE FISICHE E GIURIDICHE,X,51
2021,21: TUTELA E VALORIZZAZIONE DEI BENI E ATTIVITA’ CULTURALI E PAESAGGISTICI,274,"Art. 25, comma 3, del D.lgs. n.28/04",Le quote versate dai soci e gli incassi derivanti dall’emissione dei titoli di accesso ai soci non concorrono a formare reddito imponibile,IRES,A REGIME,ESCLUSIONE,Non quantificabile,,,,,ASSOCIAZIONI ENTI NO PROFIT ONLUS,X,51
2021,21: TUTELA E VALORIZZAZIONE DEI BENI E ATTIVITA’ CULTURALI E PAESAGGISTICI,275,"Art.1, commi 185-187, della Legge n.296/2006 – DM 8.11.2007, n. 228 (Regolamento) – DM 16 marzo 2017","Equiparazione ai soggetti esenti dall’Ires indicati dall’articolo 74, comma 1 del Tuir per le associazioni operanti nelle manifestazioni in ambito locale ma di particolare interesse storico, artistico e culturale",IRES,A REGIME,ESCLUSIONE,Non quantificabile,,,,,ENTI TERZO SETTORE E PA,X,51
2021,21: TUTELA E VALORIZZAZIONE DEI BENI E ATTIVITA’ CULTURALI E PAESAGGISTICI,276,"Art. 3, terzo comma, del D.P.R. 633/72",Non assoggettamento ad IVA delle operazioni di divulgazione pubblicitaria svolte a beneficio delle attivita' istituzionali di enti del Terzo settore di natura non commerciale.,IVA,A REGIME,ESCLUSIONE,Non quantificabile,,,,,ENTI TERZO SETTORE,X,51
2021,21: TUTELA E VALORIZZAZIONE DEI BENI E ATTIVITA’ CULTURALI E PAESAGGISTICI,277,"Art. 3, quarto comma, lett. a), del D.P.R. 633/72",Non assoggettamento ad IVA delle cessioni di diritti d'autore effettuate dagli autori o dai loro eredi,IVA,A REGIME,ESCLUSIONE,Non quantificabile,,,,,PERSONE FISICHE,X,51
2021,21: TUTELA E VALORIZZAZIONE DEI BENI E ATTIVITA’ CULTURALI E PAESAGGISTICI,278,"Nota sub punto 1 all’art. 18 della tariffa, allegata al D.P.R. n. 641/72",Tasse sulle concessioni governative ridotte al 25% ai concessionari privati per la radiodiffusione sonora a carattere comunitario,TASSE SULLE CONCESSIONI GOVERNATIVE,A REGIME,RIDUZIONE DI ALIQUOTA,"-2,0","-2,0","-2,0",,,SOGGETTI E CATEGORIE PARTICOLARI,X,51
2021,21: TUTELA E VALORIZZAZIONE DEI BENI E ATTIVITA’ CULTURALI E PAESAGGISTICI,279,"Art. 13 del d.lgs 31 ottobre 1990, n. 346",I beni culturali di cui al d.lgs. n. 42/2004 (Codice dei beni culturali e del paesaggio) e alla legge n. 1089/1939 (Tutela delle cose di interesse artistico e storico) sono esclusi dall'attivo ereditario,IMPOSTE SU SUCCESSIONI E DONAZIONI,A REGIME,ESCLUSIONE,Non quantificabile,"-2,0","-2,0",,,PERSONE FISICHE,X,51
2021,21: TUTELA E VALORIZZAZIONE DEI BENI E ATTIVITA’ CULTURALI E PAESAGGISTICI,280,"Art. 5, comma 13, D.L. n. 953 del 1982",I contratti di assicurazione dei beni di interesse storico e artistico sono esenti dall'imposta sulle assicurazioni,IMPOSTA SULLE ASSICURAZIONI,A REGIME,ESENZIONE,Non quantificabile,"-2,0","-2,0",,,PERSONE FISICHE E GIURIDICHE,X,51
2021,21: TUTELA E VALORIZZAZIONE DEI BENI E ATTIVITA’ CULTURALI E PAESAGGISTICI,281,"Art. 15, L. n. 220/2016; Art. 1, c. 583, lett. b), L. n. 178/2020 (DM 15 marzo 2018; DM 8 luglio 2020); art. 7, commi 4 e 6, D.L. n. 183/2020","Credito d'imposta riconosciuto in favore delle imprese di produzione cinematografica e audiovisiva in relazione al costo complessivo di produzione di opere cinematografiche e audiovisive (nel rispetto della normativa UE). Per favorire l'attrazione di investimenti nel settore cinematografico e audiovisivo, nonché al fine di supportare la realizzazione dei piani di sviluppo dell'Istituto Luce Cinecittà, l'efficacia delle disposizioni attuative dell'articolo 183, comma 7, del decreto-legge 19 maggio 2020, n. 34, convertito, con modificazioni, dalla legge 17 luglio 2020, n. 77, di cui al decreto del Ministro per i beni e le attività culturali e per il turismo di concerto con il Ministro dell'economia e delle finanze 8 luglio 2020, recante ""Misure straordinarie per l'anno 2020 inmateria di credito di imposta per le imprese di produzione cinematografica ed audiovisiva di cui all'articolo 15 della legge 14 novembre 2016, n. 220, a séguito dell'emergenza sanitaria da COVID-19"", è prorogata sino al 31 gennaio 2021.",,A REGIME,CREDITO D'IMPOSTA,Non quantificabile,"-2,0","-2,0",,,SOGGETTI E CATEGORIE PARTICOLARI,,51
2021,21: TUTELA E VALORIZZAZIONE DEI BENI E ATTIVITA’ CULTURALI E PAESAGGISTICI,282,"Art. 16 L. n. 220/2016; Art. 1, c. 583, lett. c), n. 1 e n. 2, L. n. 178/2020 (D.M. 15 marzo 2018); Art. 183, c. 7, D.L. n. 34/2020 (art. 7, commi 4 e 6, D.L. n. 183/2020)",Credito d'imposta riconosciuto in favore delle imprese di distribuzione cinematografica e audiovisiva per le spese complessivamente sostenute per la distribuzione nazionale e internazionale di opere cinematografiche e audiovisive (nel rispetto della normativa UE),,A REGIME,CREDITO D'IMPOSTA,Non quantificabile,"-2,0","-2,0",,,SOGGETTI E CATEGORIE PARTICOLARI,,51
2021,21: TUTELA E VALORIZZAZIONE DEI BENI E ATTIVITA’ CULTURALI E PAESAGGISTICI,283,"Art. 17, c. 1, L n. 220/2016 (D.M. 15 marzo 2018); Art. 183, c. 7, D.L. n. 34/2020 (art. 7, commi 4 e 6, D.L. n. 183/2020)","Credito d'imposta riconosciuto in favore delle imprese di esercizio cinematografico in relazione alle spese complessivamente sostenute per la realizzazione di nuove sale o il ripristino di sale inattive, per la ristrutturazione e l'adeguamento strutturale e tecnologico delle sale cinematografiche, per l'installazione, la ristrutturazione, il rinnovo di impianti, apparecchiature, arredi e servizi accessori delle sale (nel rispetto della normativa UE)",,A REGIME,CREDITO D'IMPOSTA,Non quantificabile,"-2,0","-2,0",,,SOGGETTI E CATEGORIE PARTICOLARI,,51
2021,21: TUTELA E VALORIZZAZIONE DEI BENI E ATTIVITA’ CULTURALI E PAESAGGISTICI,284,"Art. 17, c. 2, L. n. 220/2016; Art. 183, c. 7, D.L. n. 34/2020 (art. 7, commi 4 e 6, D.L. n. 183/2020)","Credito d'imposta riconosciuto in favore delle industrie tecniche e di post-produzione, ivi inclusi i laboratori di restauro, in relazione alle spese sostenute per l'adeguamento tecnologico e strutturale del settore (nel rispetto della normativa UE) Credito d'imposta riconosciuto in favore delle industrie tecniche e di post-produzione, ivi inclusi i laboratori di restauro, in relazione alle spese sostenute per l'adeguamento tecnologico e strutturale del settore (nel rispetto della normativa UE)",,A REGIME,CREDITO D'IMPOSTA,Non quantificabile,"-2,0","-2,0",,,SOGGETTI E CATEGORIE PARTICOLARI,,51
2021,21: TUTELA E VALORIZZAZIONE DEI BENI E ATTIVITA’ CULTURALI E PAESAGGISTICI,285,"Art. 19 L. n. 220/2016; Art. 1, c. 583, lett. d), L. n. 178/2020 (D.M. 15 marzo 2018)",Credito d'imposta riconosciuto in favore delle imprese italiane di produzione esecutiva e di post-produzione in relazione ad opere cinematografiche ed audiovisive o a parti di esse realizzate sul territorio nazionale e con manodopera italiana su commissione di prooduzioni estere e commisurato alla spesa sostenuta nel territorio nazionale (nel rispetto della normativa UE),,A REGIME,CREDITO D'IMPOSTA,,,,,,SOGGETTI E CATEGORIE PARTICOLARI,,52
2021,21: TUTELA E VALORIZZAZIONE DEI BENI E ATTIVITA’ CULTURALI E PAESAGGISTICI,286,"Art. 20 L. n. 220/2016 (D.M. 15 marzo 2018); Art. 183, c. 7, D.L. n. 34/2020","Credito d'imposta riconosciuto infavore dei soggetti di cui all'art. 73 del TUIR ed aititolari direddito d'impresa ai fini IRPEF non appartenenenti al settore cinematografico ed audiovisivo, associati in partecipazione, commisurato all'apporto in denaro effettiato per la produzione e distribuzione di opere (nel rispetto della normativa UE) cinematografiche e audiovisive.",,A REGIME,CREDITO D'IMPOSTA,,,,,,SOGGETTI E CATEGORIE PARTICOLARI,,52
2021,21: TUTELA E VALORIZZAZIONE DEI BENI E ATTIVITA’ CULTURALI E PAESAGGISTICI,287,"Art. 1, comma 340, L. 27 dicembre 2017, n. 205","L’applicazione dell'aliquota ridotta, nella misura del 10%, è estesa alle prestazioni di servizi relative ad attività spettacolistiche, anche se rese per il tramite di intermediari.",IVA,A REGIME,RIDUZIONE DI ALIQUOTA,"-1,0","-1,0","-1,0",,,PERSONE FISICHE,,52
2021,21: TUTELA E VALORIZZAZIONE DEI BENI E ATTIVITA’ CULTURALI E PAESAGGISTICI,288,"Art. 18 della L.n. 220/2016 (D.M. 15 marzo 2018) (riduzione ex art. 1, c. 805, L n. 145/2018)",Credito d'imposta riconosciuto in favore degli esercenti sale cinematografiche per il potenziamento dell'offerta cinematografica e commisurato agli introiti derivanti dalla programmazione di opere audiovisive effettuate nelle rispettive sale (nel rispetto della normativa UE),,A REGIME,CREDITO D'IMPOSTA,"-1,9","-1,9","-1,9",219,"-8.848,0",SOGGETTI E CATEGORIE PARTICOLARI,,52
2021,21: TUTELA E VALORIZZAZIONE DEI BENI E ATTIVITA’ CULTURALI E PAESAGGISTICI,289,"Art. 7, del D.L. n. 91/2013; DM 2/12/2014; Art. 5, L n. 175/2017; Art. 80, c. 6-bis, lett. c), D.L. n. 104/2020; Art. 5, c. 4-bis, lett. a), D.L. n. 137/2020","Credito d’imposta per la promozione della musica nonché degli eventi di spettacolo dal vivo di portata minore (previa autorizzazione della Commissione europea ai sensi dell'articolo 108, paragrafo 3, TFUE).",,A REGIME,CREDITO D'IMPOSTA,"-9,5","-9,5","-9,5",8,"-43.335,6",IMPRESE,X,52
2021,21: TUTELA E VALORIZZAZIONE DEI BENI E ATTIVITA’ CULTURALI E PAESAGGISTICI,290,"Art. 1, c. 319-321, della L. n. 205/2017 (Provvedimento 12 dicembre 2018 e D.M. 23 aprile 2018) (riduzione ex art. 1, c. 805, L n. 145/2018); Art. 10, c. 1, L. n. 15/2020","Credito d'imposta per gliesercentiattività commerciale che operano nel settore della vendita dei librial dettaglio parametrato agli importi pagati a titolo di IMU, TASI e TARI (nel rispetto del de minimis) utilizzabile esclusivamente in compensazione, attuato con decreto MIBACT di concerto MEF",,A REGIME,CREDITO D'IMPOSTA,"-7,0","-7,0","-7,0",882,"-4.206,3",SOGGETTI E CATEGORIE PARTICOLARI,,52
2021,21: TUTELA E VALORIZZAZIONE DEI BENI E ATTIVITA’ CULTURALI E PAESAGGISTICI,291,"Art. 1, comma 328, L. 205/2017, come modificato dall'art. 58-quater, comma 1, D.L. n. 124/2019 convertito, con modificazioni, dalla L. 19 n. 157/2019.","Esenzione fiscale infavore dell’Accademia dei Lincei ex articolo 3 del decreto luogotenenziale n. 359 del 1944, per tutti i tributi erariali, regionali e locali vigenti, nonché per ogni altro tributo di nuova istituzione, fatta salva espressa deroga legislativa, nell’ambito delle attività istituzionalie strumentalisvolte dalla medesima Accademia non in regime di impresa.","TRIBUTI ERARIALI, REGIONALI E LOCALI",A REGIME,ESENZIONE,"0,0","0,0","0,0",,,ACCADEMIA DEI LINCEI,X,52
2021,21: TUTELA E VALORIZZAZIONE DEI BENI E ATTIVITA’ CULTURALI E PAESAGGISTICI,292,"Art. 1, c. 806-809, L. n. 145/2018; Art. 1, c. 393, L. n. 160/2019; DPCM 31 maggio 2019; Art. 98, c. 2, lett. a) e b), D.L. n. 18/2020; Art. 1, c. 609, L. n. 178/2020; art. 67, c. 8, D.L. n. 73/2021","Credito d'imposta edicole parametrato agli importipagati a titolo diIMU, TASI, Cosap e TARI (nelde minimis) è riconosciuto anche nei casi in cui l’attività commerciale non esclusiva non rappresenti l’unico punto vendita al dettaglio di giornali, riviste e periodici nel comune di riferimento. Per l'anno 2020, il credito d'imposta è esteso alle imprese di distribuzione della stampa che riforniscono giornali quotidianie/o periodicia rivendite situate nei comuniconuna popolazione inferiore a 5.000 abitanti e nei comuni conunsolo punto vendita e può essere, altresì, parametrato agli importispesi per i servizidi fornitura di energia elettrica, i servizi telefonici e di collegamento a Internet, nonché per i servizidi consegna a domicilio delle copie di giornali. Per gli anni 2021 e 2022, agli esercenti attività commerciali che operano esclusivamente nel settore della vendita al dettaglio di giornali, riviste e periodici e alle imprese di distribuzione della stampa che riforniscono di giornali quotidiani o periodici rivendite situate nei comuni con popolazione inferiore a 5.000 abitanti e nei comuni conunsolo punto vendita è riconosciuto il credito d'imposta di cui all'articolo 1, commi da 806 a 809, della legge 30 dicembre 2018, n. 145, alle condizioni e con le modalità ivi previste, nel limite massimo di spesa di 15 milioni di euro per ciascuno degli anni 2021 e 2022. Per gli anni 2021 e 2022 il credito d’imposta può essere altresì parametrato agli importi spesi per l’acquisto o il noleggio di registratori di cassa o registratori telematici e di dispositivi POS. Credito d'imposta edicole parametrato agli importipagati a titolo diIMU, TASI, Cosap e TARI (nelde minimis) è riconosciuto anche nei casi in cui l’attività commerciale non esclusiva non rappresenti l’unico punto vendita al dettaglio di giornali, riviste e periodici nel comune di riferimento. Per l'anno 2020, il credito d'imposta è esteso alle imprese di distribuzione della stampa che riforniscono giornali quotidianie/o periodicia rivendite situate nei comuniconuna popolazione inferiore a 5.000 abitanti e nei comuni conunsolo punto vendita e può essere, altresì, parametrato agli importispesi per i servizidi fornitura di energia elettrica, i servizi telefonici e di collegamento a Internet, nonché per i servizidi consegna a domicilio delle copie di giornali. Per gli anni 2021 e 2022, agli esercenti attività commerciali che operano esclusivamente nel settore della vendita al dettaglio di giornali, riviste e periodici e alle imprese di distribuzione della stampa che riforniscono di giornali quotidiani o periodici rivendite situate nei comuni con popolazione inferiore a 5.000 abitanti e nei comuni conunsolo punto vendita è riconosciuto il credito d'imposta di cui all'articolo 1, commi da 806 a 809, della legge 30 dicembre 2018, n. 145, alle condizioni e con le modalità ivi previste, nel limite massimo di spesa di 15 milioni di euro per ciascuno degli anni 2021 e 2022. Per gli anni 2021 e 2022 il credito d’imposta può essere altresì parametrato agli importi spesi per l’acquisto o il noleggio di registratori di cassa o registratori telematici e di dispositivi POS.",,2022,CREDITO D'IMPOSTA,"-15,0","0,0","0,0",,,SOGGETTI E CATEGORIE PARTICOLARI,,52
2021,21: TUTELA E VALORIZZAZIONE DEI BENI E ATTIVITA’ CULTURALI E PAESAGGISTICI,293,"Art. 15, comma 1, lettera e) del TUIR, sostituita, da ultimo, dall'art. 1, comma 954, lettera b), della L. n. 208 del 2015 - Art. 15, comma 1, lettera e-bis) del TUIR, inserita dall'art. 1, comma 151, lettera b), della L. n. 107 del 2015 e modificata dall'art. 1, comma 617, L. n. 232 del 2016 - Art. 15, comma 2, TUIR","Detrazione, nella misura del 19%, delle spese per la frequenza di corsi di istruzione universitaria, di scuole dell'infanzia del primo ciclo di istruzione e della scuola secondaria di secondo grado. La detrazione spetta anche se le spese sono state sostenute nell'interesse delle persone fiscalmente a carico.",IRPEF,A REGIME,DETRAZIONE,"-607,1","-607,1","-607,1",3.777.444,"-160,7",PERSONE FISICHE,X,52
2021,21: TUTELA E VALORIZZAZIONE DEI BENI E ATTIVITA’ CULTURALI E PAESAGGISTICI,294,"Art. 15, comma 1, lettera e-quater) del TUIR, inserita dall'art.1, comma 346, lettera a), della L. n. 160 del 2019","Detrazione, dall'anno 2021, delle spese per l'iscrizione annuale e l'abbonamento diragazzidietà compresa tra 5 e 18 anni a conservatori di musica, a istituzioni di alta formazione artistica, musicale e coreutica legalmente riconosciute, a scuole di musica iscritte nei registriregionali nonchè a cori, bande e scuole dimusica riconosciuti da una pubblica amministrazione per lo studio e la pratica della musica. Sono detraibili le spese, per un importo non superiore a 1.000 euro, sostenute dai contribuenti con reddito complessivo non superiore a 36.000 euro.",IRPEF,A REGIME,DETRAZIONE,"-28,7","-16,4","-16,4",,,PERSONE FISICHE,,52
2021,21: TUTELA E VALORIZZAZIONE DEI BENI E ATTIVITA’ CULTURALI E PAESAGGISTICI,295,"Art. 1, comma 10, della L. n. 62/2000",Detrazione di un importo equivalente a quello della borsa di studio erogata dalle Regioni e dalle Province autonome di Trento e Bolzano,IRPEF,A REGIME,DETRAZIONE,Effetti di trascurabile entità,"-16,4","-16,4",,,PERSONE FISICHE,X,52
2021,21: TUTELA E VALORIZZAZIONE DEI BENI E ATTIVITA’ CULTURALI E PAESAGGISTICI,296,"Art. 3, comma 3 lett. d-ter), TUIR, lettera aggiunta dall'art. 1, comma 336, L. n. 296/2006",Esclusione dalla base imponibile delle somme corrisposte a titolo di borsa di studio dal Governo italiano a cittadini stranieri in forza di accordi e intese internazionali Esclusione dalla base imponibile delle somme corrisposte a titolo di borsa di studio dal Governo italiano a cittadini stranieri in forza di accordi e intese internazionali,IRPEF,A REGIME,ESCLUSIONE,Non quantificabile,"-16,4","-16,4",,,PERSONE FISICHE,X,52
2021,21: TUTELA E VALORIZZAZIONE DEI BENI E ATTIVITA’ CULTURALI E PAESAGGISTICI,297,"Art. 6, comma 13, L. n. 488/99","Esenzione dall'IRPEF delle borse distudio corrisposte nell'ambito delprogramma Socrates di cuialla Decisione 819/95/CE del Parlamento Europeo e del Consiglio del 14 marzo 1995 nonché le somme aggiuntive corrisposte dalle Università a condizione che l'importo complessivo annuo non superi euro 7746,85",IRPEF,A REGIME,ESENZIONE,Effetti di trascurabile entità,2023,2024,,,PERSONE FISICHE,X,53
2021,21: TUTELA E VALORIZZAZIONE DEI BENI E ATTIVITA’ CULTURALI E PAESAGGISTICI,298,"Art. 4, L. n. 210/98","Esenzione dall'IRPEF delle borse di studio corrisposte da Università e istituti di istruzione universitaria per la frequenza dei corsi di perfezionamento e scuole di specializzazione, corsi di dottorato di ricerca, attività di ricerca post dottorato e corsi di perfezionalento all'estero.",IRPEF,A REGIME,ESENZIONE,"-355,4","-355,4","-355,4",74.827,"-4.749,1",PERSONE FISICHE,X,53
2021,21: TUTELA E VALORIZZAZIONE DEI BENI E ATTIVITA’ CULTURALI E PAESAGGISTICI,299,"Art. 15, comma 1, lett. i- sexies) del TUIR, modificata dall'art. 20, comma 8 bis, del D.L. n 148 del 2017, convertito, con modificazioni dalla L. n.172 del 2017 e, da ultimo, dall'art. 1, c. 23 della L. n. 205 del 2017. Art. 15, comma 2 del TUIR","Detrazione, nella misura del 19%, per canonidi locazione (contratti ex lege n. 431 del1998) stipulatida studenti universitari. La detrazione spetta anche se le spese sono state sostenute nell'interesse delle persone fiscalmente a carico.",IRPEF,A REGIME,DETRAZIONE,"-96,0","-96,0","-96,0",281.393,"-341,0",PERSONE FISICHE,X,53
2021,21: TUTELA E VALORIZZAZIONE DEI BENI E ATTIVITA’ CULTURALI E PAESAGGISTICI,300,"Art. 4, L. n. 476/84",Esenzione dall'IRPEF delle borse di studio corrisposte agli studenti universitari,IRPEF,A REGIME,ESENZIONE,"-10,8","-10,8","-10,8",,,PERSONE FISICHE,X,53
2021,21: TUTELA E VALORIZZAZIONE DEI BENI E ATTIVITA’ CULTURALI E PAESAGGISTICI,301,"Art. 1, comma 50, della L. n. 208 del 2015","Esenzione dall'IRPEF delle borse di studio erogate nell'ambito del programma ""Erasmus +""",IRPEF,A REGIME,ESENZIONE,"-0,2","-0,2","-0,2",,,PERSONE FISICHE,X,53
2021,21: TUTELA E VALORIZZAZIONE DEI BENI E ATTIVITA’ CULTURALI E PAESAGGISTICI,302,"Art. 4 della L. n. 407/98 - art. 1, comma 255, L. 28 dicembre 2015, n. 208.",Esenzione dall'IRPEF delle borse di studio corrisposte alle vittime del terrorismo e della criminalità organizzata nonché agli orfani ed ai figli di questi ultimi.,IRPEF,A REGIME,ESENZIONE,"-0,2","-0,2","-0,2",,,PERSONE FISICHE,X,53
2021,21: TUTELA E VALORIZZAZIONE DEI BENI E ATTIVITA’ CULTURALI E PAESAGGISTICI,303,"Art. 1, comma 51, della L. n. 208 del 2015","Esenzione dall'IRPEF delle borse di studio per la frequenza dei corsi di perfezionamento, specializzazione ecc. erogate dalla Provincia autonoma di Bolzano.",IRPEF,A REGIME,ESENZIONE,"-0,2","-0,2","-0,2",,,PERSONE FISICHE,X,53
2021,21: TUTELA E VALORIZZAZIONE DEI BENI E ATTIVITA’ CULTURALI E PAESAGGISTICI,304,"Art.10, comma 1, lett. l-quater), TUIR, modificato, dall'art. 4, comma 10, L.n. 240/2010","Deduzione delle erogazioni liberali indenaro effettuate a favore diuniversità, fondazioniuniversitarie, istituzioni universitarie pubbliche, enti di ricerca pubblici e vigilati dal Ministero dell'Istruzione, nonché degli enti parco regionali e nazionali",IRPEF,A REGIME,DEDUZIONE,"-1,9","-1,9","-1,9",13.366,"-140,5",PERSONE FISICHE,X,53
2021,21: TUTELA E VALORIZZAZIONE DEI BENI E ATTIVITA’ CULTURALI E PAESAGGISTICI,305,"Art. 15, comma 1, lett. i-octies), TUIR, modificato, da ultimo, dall'art. 1, comma 294, lett. a), L. n. 232 del 2016","Detrazione, nella misura del 19%, per erogazioni liberali, a favore degli istituti scolastici di ogni ordine e grado statali e paritari senza scopo di lucro, nonché a favore degli istituti tecnici superiori di cui al decreto del Presidente del Consiglio dei ministri 25 gennaio 2008, pubblicato nella Gazzetta Ufficiale n. 86 dell'11 aprile 2008, delle istituzioni dell'alta formazione artistica, musicale e coreutica e delle università, finalizzate a innovazione tecnologica, edilizia scolastica e ampliamento offerta formativa",IRPEF,A REGIME,DETRAZIONE,"-4,1","-4,1","-4,1",136.345,"-30,0",PERSONE FISICHE,X,53
2021,21: TUTELA E VALORIZZAZIONE DEI BENI E ATTIVITA’ CULTURALI E PAESAGGISTICI,306,"Art, 100, c. 2, lett. o-bis), TUIR; modificato da art. 1, comma 294, lettera b), della L. n. 232/2016","Deducibilità delle erogazioni liberali, nel limite del 2% del reddito d'impresa dichiarato e comunque nella misura massima di70.000 € annui, a favore degliistitutiscolasticidiogniordine e grado e degli istitutitecnici superiori, finalizzate all'innovazione tecnologica all'edilizia scolastica e all'ampliamento dell'offerta formativa",IRPEF/IRES,A REGIME,DETRAZIONE,Stima compresa nelle misure 266-269,"-4,1","-4,1",,,IMPRESE E SOCIETA',X,53
2021,21: TUTELA E VALORIZZAZIONE DEI BENI E ATTIVITA’ CULTURALI E PAESAGGISTICI,307,"Art. 8, comma 3, D.L. 90/90 convertito dalla L. 165/1990","Non costituiscono attività commerciali le prestazioni aventi per oggetto lo svolgimento di attività didattiche e culturali a carattere nazionale o internazionale svolte da collegi universitari legalmente riconosciuti e posti sotto la vigilanza del Ministero dell’università e della ricerca, comprese le prestazioni relative all’alloggio, al vitto e alla fornitura di libri e materiale didattico.",IRES,A REGIME,ESCLUSIONE,Non quantificabile,"-4,1","-4,1",,,IMPRESE E SOCIETA',X,53
2021,21: TUTELA E VALORIZZAZIONE DEI BENI E ATTIVITA’ CULTURALI E PAESAGGISTICI,308,"Art. 17 del D.L. n. 185/08 e art. 44 del D.L. n. 78/2010 come modificato, da ultimo, dall'art. 1, comma 149, L. 11 dicembre 2016, n. 232. Art.8-bis, comma 2, del D.L. n.148 del 2017, convertito, conmodificazioni, dalla L. n. 172 del 2017; art. 5 D.L. n. 34 del 2019","Detassazione ai fini Irpef sugli emolumenti percepiti da docenti e ricercatori che rientrano in Italia per svolgere la loro attività lavorativa. La misura spetta per ilperiodo d'imposta incuisi acquisisce la residenza fiscale e per i tre periodi di imposta successivi. Le disposizioni si applicano nel rispetto delle condizioni e dei limiti dei regolamenti comunitari sugli Aiuti di Stato. Per coloro che acquiscono la residenza fiscale inItalia a partire dal 2020 l'agevolazione si applica nel periodo d'imposta in cui si acquisisce la residenza e nei successivi 5. Sono, inoltre, previste ulteriori agevolazioni per i periodi d'imposta successivi al verificarsi di prestabilite condizioni.",IRPEF,A REGIME,ESCLUSIONE,"-57,3","-57,3","-57,3",1.765,"-32.476,1",PERSONE FISICHE,X,53
2021,21: TUTELA E VALORIZZAZIONE DEI BENI E ATTIVITA’ CULTURALI E PAESAGGISTICI,309,"Art. 2-bis, D.L. 24 aprile 2017, n. 50, convertito in Legge 21 giugno 2017, n. 96",Esenzione IVA dei servizi divitto e di alloggio resi infavore deglistudenti universitaridagli istitutio entiper il diritto allo studio universitario istituiti dalle regioni- Interpretazione autentica,IVA,A REGIME,ESENZIONE,"-0,1","-0,1","-0,1",111,,PERSONE FISICHE,,53
2021,"24: DIRITTI SOCIALI, POLITICHE SOCIALI E FAMIGLIA",310,"Art. 3, comma 3, lett. b), TUIR","Esclusione dalla base imponibile degli assegni periodici destinati al mantenimento dei figlispettanti alconiuge in conseguenza di separazione legale ed effettiva o di annullamento, scioglimento o cessazione degli effetti civili del matrimonio, nella misura in cui risultano da provvedimenti del giudice",IRPEF,A REGIME,ESCLUSIONE,"-314,5","-314,5","-314,5",93.414,"-3.367,1",PERSONE FISICHE,X,53
2021,"24: DIRITTI SOCIALI, POLITICHE SOCIALI E FAMIGLIA",311,"Art. 3, comma 3, lett. d), TUIR",Esclusione dalla base imponibile degli assegni familiari e dell'assegno per il nucleo familiare,IRPEF,A REGIME,ESCLUSIONE,"-1.761,1","-1.761,1","-1.761,1",,,PERSONE FISICHE,X,53
2021,"24: DIRITTI SOCIALI, POLITICHE SOCIALI E FAMIGLIA",312,"Art. 15, comma 1, lett. f), e comma 2, TUIR, modificato dall'art. 12, comma 1, del D.L. n. 102 del 2013, convertito dalla L. n. 124 del 2013 e, da ultimo, dall'art. 5, comma 1, L. n. 112 del 2016","Detrazione, nella misura del 19%, per spese relative a premi assicurativi per morte, invalidità permanente, non autosufficienza Detrazione, nella misura del 19%, per spese relative a premi assicurativi per morte, invalidità permanente, non autosufficienza",IRPEF,A REGIME,DETRAZIONE,"-277,0","-277,0","-277,0",5.106.087,"-54,3",PERSONE FISICHE,X,53
2021,"24: DIRITTI SOCIALI, POLITICHE SOCIALI E FAMIGLIA",313,"Art. 15, comma 1, lett. f), e comma 2, TUIR, modificato dall'art. 12, comma 1, del D.L. n. 102 del 2013, convertito dalla L. n. 124 del 2013 e, da ultimo, dall'art. 5, comma 1, L. n. 112 del 2016","Detraibilità, nella misura del 19%, delle spese sostenute per le polizze assicurative finalizzate alla tutela delle persone con disabilità grave (cd. DOPO DI NOI)",IRPEF,A REGIME,DETRAZIONE,"-0,4","-0,4","-0,4",7.813,"-54,3",PERSONE FISICHE,,54
2021,"24: DIRITTI SOCIALI, POLITICHE SOCIALI E FAMIGLIA",314,"Art.10, comma 1, lett. c), TUIR","Deduzione degli assegni periodici corrisposti al coniuge, ad esclusione di quelli destinati al mantenimento dei figli, in conseguenza di separazione legale ed effettiva, di scioglimento o annullamento del matrimonio, o di cessazione dei suoi effetti civili del matrimonio",IRPEF,A REGIME,DEDUZIONE,"-255,6","-255,6","-255,6",135.883,"-1.881,0",PERSONE FISICHE,X,54
2021,"24: DIRITTI SOCIALI, POLITICHE SOCIALI E FAMIGLIA",315,"Art. 15, comma 1, lett. c) e lett. c-ter), TUIR","Detrazione, nella misura del 19%, per spese relative a mezzi necessari all'accompagnamento e a facilitare l'autosufficienza dei soggetti disabili; detrazione per spese relative a cani guida per non vedenti; detrazione per servizi di interpretariato sostenute dai soggetti riconosciuti sordomuti",IRPEF,A REGIME,DETRAZIONE,"-78,7","-78,7","-78,7",68.943,"-1.141,3",PERSONE FISICHE,X,54
2021,"24: DIRITTI SOCIALI, POLITICHE SOCIALI E FAMIGLIA",316,"Art. 1, comma 335, della L. n. 266/05; art.2, comma 6, della L. n. 203/08",Detrazione del 19% per le spese di frequenza degli asili nido,IRPEF,A REGIME,DETRAZIONE,"-15,5","-15,5","-15,5",151.502,"-102,6",PERSONE FISICHE,X,54
2021,"24: DIRITTI SOCIALI, POLITICHE SOCIALI E FAMIGLIA",317,"Art. 15, comma 1, lett. i-septies) e comma 2, TUIR","Detrazione, nella misura del 19%, delle spese, per un importo non superiore a 2.100 euro, sostenute per addetti all'assistenza personale nei casi di non autosufficienza nel compimento degli atti della vita quotidiana, se il reddito complessivo non supera 40.000 euro. La detrazione spetta anche se le spese sono state sostenute nell'interesse delle persone fiscalmente a carico.",IRPEF,A REGIME,DETRAZIONE,"-46,2","-46,2","-46,2",124.697,"-370,9",PERSONE FISICHE,X,54
2021,"24: DIRITTI SOCIALI, POLITICHE SOCIALI E FAMIGLIA",318,"Art. 10, comma 1, lett.d), TUIR","Deduzione degli assegni periodici, corrisposti in forza di testamento o donazione modale e, se risultanti da provvedimenti di autorità giudiziaria, gli assegni alimentari corrisposti alle persone indicate nell'art. 433 del codice civile",IRPEF,A REGIME,DEDUZIONE,"-4,8","-4,8","-4,8",,,PERSONE FISICHE,X,54
2021,"24: DIRITTI SOCIALI, POLITICHE SOCIALI E FAMIGLIA",319,"Art. 10, comma 1, lett. l-bis), TUIR","Deduzione, nella misura del50%, delle spese sostenute daigenitoriadottiviper l'espletamento della procedura di adozione",IRPEF,A REGIME,DEDUZIONE,"-4,8","-4,8","-4,8",,,PERSONE FISICHE,X,54
2021,"24: DIRITTI SOCIALI, POLITICHE SOCIALI E FAMIGLIA",320,"Art. 15, comma 1-quater , TUIR, sostituito dall'art. 1, comma 27, L. 30 dicembre 2018, n. 145","Detrazione, nella misura forfetaria di euro 1.000, delle spese sostenute dai non vedenti per il mantenimento di cani guida",IRPEF,A REGIME,DETRAZIONE,"-0,7","-0,7","-0,7",668,"-1.036,0",PERSONE FISICHE,X,54
2021,"24: DIRITTI SOCIALI, POLITICHE SOCIALI E FAMIGLIA",321,"Art. 15, comma 1, lett. d), TUIR, sostituita dall'art. 1, comma 954, lettera a), della L. n. 208 del 2015","Detrazione, nella misura del 19%, delle spese funebri per importo non superiore a euro 1.550 per ciascuna persona",IRPEF,A REGIME,DETRAZIONE,"-140,4","-140,4","-140,4",485.361,"-289,4",PERSONE FISICHE,X,54
2021,"24: DIRITTI SOCIALI, POLITICHE SOCIALI E FAMIGLIA",322,"Art. 10, comma 1, lett. h), TUIR",Deduzione dell'indennità per perdita di avviamento corrisposte per disposizioni di legge al conduttore incaso di cessazione di locazione di immobili urbani adibiti ad usi diversi da quello di abitazione,IRPEF,A REGIME,DEDUZIONE,"-4,8","-4,8","-4,8",,,PERSONE FISICHE,X,54
2021,"24: DIRITTI SOCIALI, POLITICHE SOCIALI E FAMIGLIA",323,"Art. 10, comma 1, lett. l-ter), TUIR",Deduzione delle erogazioni liberali in denaro per il pagamento degli oneri difensivi dei soggetti ammessi al patrocinio a spese dello Stato,IRPEF,A REGIME,DEDUZIONE,"-4,8","-4,8","-4,8",,,PERSONE FISICHE,X,54
2021,"24: DIRITTI SOCIALI, POLITICHE SOCIALI E FAMIGLIA",324,"Art. 11, comma 2-bis, TUIR",Esenzione dall'IRPEF in presenza solo di redditi fondiari di importo non superiore a 500 euro,IRPEF,A REGIME,ESENZIONE,"-3,3","-3,3","-3,3",,,PERSONE FISICHE,X,54
2021,"24: DIRITTI SOCIALI, POLITICHE SOCIALI E FAMIGLIA",325,"Art. 11, comma 2, TUIR","Esenzione dall'IRPEF se alla formazione del reddito complessivo concorrono soltanto redditi di terreni fino a euro 185,92, redditi di pensione fino a 7.500 euro e il reddito dell'unità immobiliare adibita ad abitazione principale e delle relative pertinenze",IRPEF,A REGIME,ESENZIONE,"-3,8","-3,8","-3,8",,,PERSONE FISICHE,X,54
2021,"24: DIRITTI SOCIALI, POLITICHE SOCIALI E FAMIGLIA",326,"Art. 100, c. 2, lett.h), TUIR",Deducibilità delle erogazioni liberali in denaro per un importo non superiore a 30.000 o al 2% del reddito d'impresa a favore delle ONLUS e di altre persone giuridiche individuate con apposito decreto che svolgono attività umanitarie,IRPEF/IRES,A REGIME,DEDUZIONE,Stima compresa nelle misure 266-269,"-3,8","-3,8",,,PERSONE FISICHE E GIURIDICHE,X,54
2021,"24: DIRITTI SOCIALI, POLITICHE SOCIALI E FAMIGLIA",327,"Art. 100, c. 2, lett i), TUIR","Deducibilità delle spese relative all'impiego di lavoratori dipendenti, nel limite del 5‰ dell'ammontare complessivo delle spese per prestazionidilavoro dipendente, utilizzati per prestazioni diservizi erogate a favore di ONLUS",IRPEF/IRES,A REGIME,DEDUZIONE,Stima compresa nelle misure 266-269,"-3,8","-3,8",,,PERSONE FISICHE E GIURIDICHE,X,54
2021,"24: DIRITTI SOCIALI, POLITICHE SOCIALI E FAMIGLIA",328,"Art. 100, c.2, lett. l), TUIR, abrogata dall'art.102, comma 1, lettera e), D.lgs. n.117 del 2017, salvo quanto previsto dall'art. 104, comma 1, del medesimo D.Lgs. n. 117/2017.","Deducibilità delle erogazioni liberali in denaro per un importo non superiore a 1.549,37 o al 2% del reddito di impresa a favore delle associazioni di promozione sociale iscritte negli appositi registri",IRPEF/IRES,A REGIME FINO ALL'OPERATIVITA' DEL REGISTRO UNICO DEL TERZO SETTORE,DEDUZIONE,Stima compresa nelle misure 266-269,"-3,8","-3,8",,,PERSONE FISICHE E GIURIDICHE,X,54
2021,"24: DIRITTI SOCIALI, POLITICHE SOCIALI E FAMIGLIA",329,"Art. 100, c.2, lett. l), TUIR, abrogata dall'art.102, comma 1, lettera e), d.lgs. n.117 del 2017, salvo quanto previsto dall'art. 104, comma 1, del medesimo D.Lgs. n. 117/2017.","Deducibilità delle erogazioni liberali in denaro per un importo non superiore a 1.549,37 o al 2% del reddito di impresa a favore delle associazioni di promozione sociale iscritte negli appositi registri",IRPEF/IRES,A REGIME FINO ALLA PIENA OPERATIVITA' DELLA RIFORMA DEL TERZO SETTORE,DEDUZIONE,"0,0","0,0","0,0",,,PERSONE FISICHE E GIURIDICHE,X,54
2021,"24: DIRITTI SOCIALI, POLITICHE SOCIALI E FAMIGLIA",330,"Art. 6, D.P.R. 601/1973 [Art. abrogato dall'art. 1, c. 51, L n. 145/2018, a decorrere dal 1° gennaio 2019; per l'applicabilità ditale disposizione vedil'art. 1, c. 52, della medesima L n. 145/2018, come sostituito dall'art. 1, c. 8- bis, lett. b), D.L. n. 135/2018, convertito, con modificazioni, dalla L n. 12/2019]","L'IRES è ridotta alla metà nei confronti di: a) enti e istituti di assistenza sociale, società di mutuo soccorso, enti ospedalieri, enti di assistenza e beneficenza; b) istituti di istruzione e istituti di studio e sperimentazione di interesse generale che non hanno fine di lucro, corpi scientifici, accademie, fondazioni e associazioni storiche, letterarie, scientifiche, di esperienze e ricerche aventi scopi esclusivamente culturali; c) enti il cui fine è equiparato per legge ai fini di beneficenza o di istruzione; d) istituti autonomi per le case popolari, comunque denominati, e loro consorzi nonché enti aventi le stesse finalità sociali dei predetti Istituti, istituiti nella forma di società che rispondono ai requisiti della legislazione dell'Unione europea inmateria di ""inhouse providing"" e che siano costituiti e operanti alla data del 31 dicembre 2013 L'IRES è ridotta alla metà nei confronti di: a) enti e istituti di assistenza sociale, società di mutuo soccorso, enti ospedalieri, enti di assistenza e beneficenza; b) istituti di istruzione e istituti di studio e sperimentazione di interesse generale che non hanno fine di lucro, corpi scientifici, accademie, fondazioni e associazioni storiche, letterarie, scientifiche, di esperienze e ricerche aventi scopi esclusivamente culturali; c) enti il cui fine è equiparato per legge ai fini di beneficenza o di istruzione; d) istituti autonomi per le case popolari, comunque denominati, e loro consorzi nonché enti aventi le stesse finalità sociali dei predetti Istituti, istituiti nella forma di società che rispondono ai requisiti della legislazione dell'Unione europea inmateria di ""inhouse providing"" e che siano costituiti e operanti alla data del 31 dicembre 2013",IRES,"A REGIME FINO ALL'ADOZIONE DELLE NORME DI CUI ALL'ART 1, COMMA 52- BIS DELLA L. 145/2018",RIDUZIONE DI ALIQUOTA,"-158,2","-158,2","-158,2",14.887,"-10.626,7",ASSOCIAZIONI ENTI NO PROFIT ONLUS,X,54
2021,"24: DIRITTI SOCIALI, POLITICHE SOCIALI E FAMIGLIA",331,"Art. 77, comma 12, del D.Lgs. 3 luglio 2017, n. 117.",I titoli di solidarietà sono esclusi dalla base imponibile dell'imposta sulle successioni e donazioni,IMPOSTE SU SUCCESSIONI E DONAZIONI,A REGIME,ESCLUSIONE,Effetti di trascurabile entità,2023,2024,,,PERSONE FISICHE,X,55
2021,"24: DIRITTI SOCIALI, POLITICHE SOCIALI E FAMIGLIA",332,"Art. 77, comma 13, del D.Lgs. 3 luglio 2017, n. 117.",I titoli di solidarietà sono esclusi dalla base imponibile dell'imposta di bollo sulle comunicazioni relative ai dossier titoli.,IMPOSTA DI BOLLO,A REGIME,ESCLUSIONE,"-1,4","-1,4","-1,4",,,PERSONE FISICHE E GIURIDICHE,X,55
2021,"24: DIRITTI SOCIALI, POLITICHE SOCIALI E FAMIGLIA",333,"Art. 13, c. 2 e 3, D.Lgs. n. 460/1997, come modificato dall'art. 16, c. 5, della L. n. 166/2016; abrogato dall'art. 18-bis, c. 1, lett. b), L. n. 166/2016, aggiunto dall'art. 1, c. 208, lett. h), L. n. 205/2017, a decorrere dal 1° gennaio 2018.","Non si considerato destinati a finalità estranee all’esercizio dell’impresa le cessioni gratuite agli enti pubblici, alle ONLUS e agli enti privati costituiti per il perseguimento senza scopo di lucro di finalità civiche e solidaristiche che promuovono e realizzano attività di interesse generale di derrate alimentari e prodotti farmaceutici alla cui produzioni o al cui scambio è diretta l’attività dell’impresa (c.2). Nonsi considerano destinati a finalità estranee all’esercizio diimpresa ibeni nondi lusso diversi da quelli indicatial c. 2 alla cui produzione o scambio è diretta all’attività dell’impresa ceduti gratuitamente alle ONLUS (c.3)",IRPEF/IRES,A REGIME,ESCLUSIONE,"-0,2","-0,2","-0,2",283,"-864,6",ASSOCIAZIONI ENTI NO PROFIT ONLUS,X,55
2021,"24: DIRITTI SOCIALI, POLITICHE SOCIALI E FAMIGLIA",334,"Art. 54, comma 1, della L. n. 342/2000","Non si considerano destinati a finalità estranee all’esercizio d’impresa e sono considerati distrutti ai fini IVA (esenzione con diritto alla detrazione dell'IVA a monte), i prodotti editoriali e le dotazioni informatiche ceduti gratuitamente a enti locali, agli istituti di prevenzione e pena, alle istituzioni scolastiche, agli orfanotrofi ed enti religiosi",IRPEF/IRES/IVA,A REGIME,ESCLUSIONE,Non quantificabile,"-0,2","-0,2",,,STATO E ENTI PUBBLICI,X,55
2021,"24: DIRITTI SOCIALI, POLITICHE SOCIALI E FAMIGLIA",335,Art. 92 della Legge n. 289/02,Esenzione dal pagamento dell’imposta sugli intrattenimenti per lo svolgimento occasionale delle attività svolte dai centri sociali per anziani,IMPOSTA SUGLI INTRATTENIMENTI,A REGIME,ESENZIONE,Non quantificabile,"-0,2","-0,2",,,ASSOCIAZIONI ENTI NO PROFIT ONLUS,X,55
2021,"24: DIRITTI SOCIALI, POLITICHE SOCIALI E FAMIGLIA",336,Art. 92 della Legge n. 289/02,Esenzione dal pagamento del canone per le radioaudizioni a favore dei centri sociali per anziani,CANONE RAI,A REGIME,ESENZIONE,Non quantificabile,"-0,2","-0,2",,,ASSOCIAZIONI ENTI NO PROFIT ONLUS,X,55
2021,"24: DIRITTI SOCIALI, POLITICHE SOCIALI E FAMIGLIA",337,"Art. 1, c. 392-395, L n. 208/2015 (DM 1 giugno 2016); art. 1, c. 478, 479 e 480, L n. 145/2018; art. 63, c. 5, del D.L. 73/2021","Credito d'imposta riconociuto a favore delle fondazioni bancarie per i versamenti effettuati nel ""Fondo per il contrasto della povertà educativa minorile"" di cui al comma 392 dell'articolo 1 della legge n. 208 del 2015. Il credito d'imposta è riconosciuto in misura pari al 75% dei versamenti effettuati al predetto Fondo negli anni 2016, 2017 e 2018 e pari al 65% negli anni 2019, 2020, 2021 e 2022, fino ad esaurimento delle risorse disponibili, pari a 100 milioni di euro annui per ciascuno degli anni 2016, 2017 e 2018, a 55 milioni di euro per ciascuno degli anni 2019, 2020, a 100 milioni di euro per l'anno 2021 e a 55 milioni di euro per l'anno 2022",,2022,CREDITO D'IMPOSTA,"-55,0","0,0","0,0",,,FONDAZIONI BANCARIE,X,55
2021,"24: DIRITTI SOCIALI, POLITICHE SOCIALI E FAMIGLIA",338,"Art. 54, comma 8-bis,TUIR","Determinazione del reddito di lavoro autonomo di volontari e cooperanti, sulla base diretribuzioni convenzionali stabilite da MAE di concerto Min Lavoro",IRPEF,A REGIME,ESCLUSIONE,Non quantificabile,"0,0","0,0",,,PERSONE FISICHE,X,55
2021,"24: DIRITTI SOCIALI, POLITICHE SOCIALI E FAMIGLIA",339,"Art. 14, comma 1, del D.L. n. 35/05, modificato dall'art. 99, comma 3, D.Lgs. n.117 del 2017 e da ultimo dall'art. 5-sexies, comma 1, D.L. n.148 del 2017.","Deduzione delle erogazioni liberali in denaro e in natura a favore degli enti del cd. terzo settore (Onlus, Ong, organismi di volontariato etc etc) nel limte del 10 per cento del reddito complessivo e comunque nella misura massima di 70.000 euro annui",IRPEF/IRES,A REGIME,DEDUZIONE,"-67,8","-67,8","-67,8",237.044,"-286,1",PERSONE FISICHE E GIURIDICHE,X,55
2021,"24: DIRITTI SOCIALI, POLITICHE SOCIALI E FAMIGLIA",340,"Art. 6, c. 9, L n. 112/2016; Art. 89, c. 10, D.Lgs n. 117/2017; D.L. n. 148/2017; D.Lgs n. 105/2018; in ultimo sostituito dall'art. 31, c. 2, lett. b), D.Lgs. 3 agosto 2018, n. 105 Art. 3, c. 4, lett. d), n. 3), D.L. n. 86/2018","Applicazione delle agevolazioni di cui all'articolo 83, commi 1 e 2, del D.Lgs. 117/2017 alle erogazioni liberali, alle donazioni e agli altri attia titolo gratuito effettuatidai privatinei confrontidei trust ovvero deifondi speciali per il sostegno delle persone con disabilità grave (cd. ""DOPO DI NOI"")",IRPEF/IRES,A REGIME,DETRAZIONE/DEDUZI ONE,"-1,6","-1,6","-1,6",,,PERSONE FISICHE E GIURIDICHE,X,55
2021,"24: DIRITTI SOCIALI, POLITICHE SOCIALI E FAMIGLIA",341,"Art. 15, comma 1.1, TUIR, modificato, da ultimo, dall'art. 1, comma 137, lettera a), della L. n. 190 del 2014","Detrazione, nella misura del 26%, per erogazioni liberali in denaro, per importo non superiore a 30.000 euro annui, a favore delle ONLUS e dialtre persone giuridiche individuate conapposito decreto che svolgono attività umanitarie.",IRPEF,A REGIME,DETRAZIONE,"-44,4","-44,4","-44,4",564.108,"-78,7",PERSONE FISICHE,X,55
2021,"24: DIRITTI SOCIALI, POLITICHE SOCIALI E FAMIGLIA",342,"Art. 10, comma 1, lett. i), TUIR",Deduzione delle erogazioni liberali in denaro a favore dell'Istituto centrale per il sostentamento del clero della Chiesa Cattolica italiana,IRPEF,A REGIME,DEDUZIONE,"-6,4","-6,4","-6,4",61.203,"-104,1",PERSONE FISICHE,X,55
2021,"24: DIRITTI SOCIALI, POLITICHE SOCIALI E FAMIGLIA",343,"Art. 10, comma 1, lett. l), TUIR","Deduzione delle erogazioni liberali iin denaro a favore dell'Unione delle Chiese Avventiste del 7° giorno, delle Assemblee di Dio in Italia edella Tavola Valdese",IRPEF,A REGIME,DEDUZIONE,"-6,4","-6,4","-6,4",61.203,"-104,1",PERSONE FISICHE,X,55
2021,"24: DIRITTI SOCIALI, POLITICHE SOCIALI E FAMIGLIA",344,Art. 16 della L. n. 116 del 1995,Deduzione erogazioni liberali in denaro in favore dell'Unione Cristiana Evangelica Battista d'Italia,IRPEF,A REGIME,DEDUZIONE,"-6,4","-6,4","-6,4",61.203,"-104,1",PERSONE FISICHE,X,55
2021,"24: DIRITTI SOCIALI, POLITICHE SOCIALI E FAMIGLIA",345,"Art. 26, comma 2, L. n. 520 del 1995",Deduzione erogazioni liberali in denaro in favore della Chiesa Evangelica Luterana in Italia,IRPEF,A REGIME,DEDUZIONE,"-6,4","-6,4","-6,4",61.203,"-104,1",PERSONE FISICHE,X,55
2021,"24: DIRITTI SOCIALI, POLITICHE SOCIALI E FAMIGLIA",346,"Art. 30, comma 2, della L. n. 101 del 1989 sostituito dall'art. 4 della L. n. 638 del 1996",Deduzione dei contributi annuali versati alle Unioni Comunità Ebraiche Italiane,IRPEF,A REGIME,DEDUZIONE,"-6,4","-6,4","-6,4",61.203,"-104,1",PERSONE FISICHE,X,55
2021,"24: DIRITTI SOCIALI, POLITICHE SOCIALI E FAMIGLIA",347,"Art. 11, comma 1, del D.L. n. 149 del 2013, convertito dalla L. n. 13 del 2014","Detrazione, nella misura del 26%, per erogazioni liberali in denaro, per importi compresi tra 30 euro e 30.000 euro annui, a favore di partiti politici iscritti nella prima sezione del registro nazionale dei partiti politici",IRPEF,A REGIME,DETRAZIONE,"-5,1","-5,1","-5,1",7.300,"-700,1",PERSONE FISICHE,X,55
2021,"24: DIRITTI SOCIALI, POLITICHE SOCIALI E FAMIGLIA",348,"Art. 11, comma 6, D.L. n. 149/2013","Detrazione del 26% delle erogazioni liberali in denaro ai partiti politici per importi compresi tra 30 euro e 30.000 euro annui. Sono esclusiglientinei qualivi sia una partecipazione pubblica o i cuititoli siano negoziati in mercati regolamentati nonché le società ed enti che controllano tali soggetti, nonché le società concessionarie dello Stato o di enti pubblici, per la durata del rapporto di concessione.",IRPEF/IRES,A REGIME,DETRAZIONE,Effetti di trascurabile entità,"-5,1","-5,1",,,PERSONE FISICHE E GIURIDICHE,X,55
2021,"24: DIRITTI SOCIALI, POLITICHE SOCIALI E FAMIGLIA",349,"Art. 10, comma 1, lett. g), TUIR. Art. 10, D.L. n. 384/1992. Art. 89, comma 12, D.Lgs. n. 117 del 2017","Deduzione delle oblazioni, donazioni e contributi in favore delle organizzazioni non governative Deduzione delle oblazioni, donazioni e contributi in favore delle organizzazioni non governative",IRPEF,A REGIME,DEDUZIONE,"-3,9","-3,9","-3,9",49.153,"-80,3",PERSONE FISICHE,X,55
2021,"24: DIRITTI SOCIALI, POLITICHE SOCIALI E FAMIGLIA",350,"Art.15, comma 1, lett. i-quater), TUIR, abrogata dall'art.102, comma 1, lettera f), d.lgs. N.117 del 2017, salvo quanto previsto dall'art. 104, comma 1, del medesimo D.Lgs. n. 117/2017.",Detrazione per erogazioni liberali in denaro a favore delle associazioni di promozione sociale iscritte negli appositi registri,IRPEF,A REGIME FINO ALLA PIENA OPERATIVITA' DELLA RIFORMA DEL TERZO SETTORE,DETRAZIONE,"0,0","0,0","0,0",,,PERSONE FISICHE,X,56
2021,"24: DIRITTI SOCIALI, POLITICHE SOCIALI E FAMIGLIA",351,"Art. 15, comma 1, lett. c-bis), TUIR. come modificato dall'art. 1, comma 361 della L. n. 160 del 2019 e dall'art. 1, comma 33 della L. 30 dicembre 2020, n. 178","Detrazione spese veterinarie fino all’importo di euro 550, limitatamente alla parte che eccede euro 129,11",IRPEF,A REGIME,DETRAZIONE,"-47,4","-47,4","-47,4",1.169.764,"-40,5",PERSONE FISICHE,X,56
2021,"24: DIRITTI SOCIALI, POLITICHE SOCIALI E FAMIGLIA",352,"Art. 8, c. 4, L. n. 266/1991 (legge quadro sul volontariato); abrogato dall'art. 102, c. 2, lett. d), D.Lgs n. 117/2017 a decorrere dalla data di operatività del Registro unico nazionale del Terzo settore","Non imponibilità ai fini delle imposte sui redditi dei proventi derivanti da attività commerciali e produttive marginali come individuate con DM 25 maggio 1995, qualora sia documentato il loro totale impiego per i fini istituzionali dell’organizzazione di volontariato.",IRES,A REGIME,ESCLUSIONE,Non quantificabile,"-47,4","-47,4",,,ASSOCIAZIONI ENTI NO PROFIT ONLUS,X,56
2021,"24: DIRITTI SOCIALI, POLITICHE SOCIALI E FAMIGLIA",353,"Art. 20 L. n. 383/2000; Per l'abrogazione vedi l'art. 102, c. 2, lett. g), D.Lgs n. 117/2017","Nonè considerata commerciale, così come per gliassociati, la cessione dibeni e la prestazione di serviziresa da associazioni di promozione sociale nei confronti dei familiari conviventi degli associati.",IRES,A REGIME,ESCLUSIONE,Non quantificabile,"-47,4","-47,4",,,ASSOCIAZIONI ENTI NO PROFIT ONLUS,X,56
2021,"24: DIRITTI SOCIALI, POLITICHE SOCIALI E FAMIGLIA",354,"Art. 1-bis, comma 3, della Legge n. 1216/61",Esenzione da qualsiasi imposta indiretta per le operazioni di risarcimento del Fondo di garanzia vittime della strada e correlati rapporti tra il Fondo e le imprese assicuratrici,"IMPOSTE DI REGISTRO, DI BOLLO E IPOCATASTALI",A REGIME,ESENZIONE,"-1,0","-1,0","-1,0",,,PERSONE FISICHE,X,56
2021,"24: DIRITTI SOCIALI, POLITICHE SOCIALI E FAMIGLIA",355,"Art. 13-bis, c. 1, D.P.R. n. 641/1972; Art. 90, c. 7, L. n. 289/2002",Esenzione dalle tasse sulle concessioni governative gli atti e i provvedimenti concernenti le ONLUS e le società e associazioni sportive dilettantistiche,ALTRO,A REGIME,ESENZIONE,"-1,0","-1,0","-1,0",,,ASSOCIAZIONI ENTI NO PROFIT ONLUS,X,56
2021,"24: DIRITTI SOCIALI, POLITICHE SOCIALI E FAMIGLIA",356,"Art. 13-bis, c. 1, D.P.R. n. 641/1972",Esenzione dalle tasse sulle concessioni governative per gli atti e i provvedimenti concernenti le ONLUS e le società e associazioni sportive dilettantistiche,TASSE SULLE CONCESSIONI GOVERNATIVE,A REGIME,ESENZIONE,"-1,0","-1,0","-1,0",,,ASSOCIAZIONI ENTI NO PROFIT ONLUS,X,56
2021,"24: DIRITTI SOCIALI, POLITICHE SOCIALI E FAMIGLIA",357,"Art. 13-bis, comma 1-bis, del D.P.R. n. 641/72","Esenzione dalle tasse sulle concessionigovernative per gli atticostitutivi, statutied ognialtro atto necessario per l’adempimento di obblighi dei movimenti o partiti politici",TASSE SULLE CONCESSIONI GOVERNATIVE,A REGIME,ESENZIONE,"-1,0","-1,0","-1,0",,,ASSOCIAZIONI ENTI NO PROFIT ONLUS,X,56
2021,"24: DIRITTI SOCIALI, POLITICHE SOCIALI E FAMIGLIA",358,Nota n. 3 all’art. 21 della tariffa allegata al D.P.R. n. 641/72,"Esenzione da tasse sulle concessioni governative per le licenze per l'impiego di apparecchiature terminali per il servizio radiomobile pubblico terrestre di comunicazione a favore di invalidi, non vedenti e sordi",TASSE SULLE CONCESSIONI GOVERNATIVE,A REGIME,ESENZIONE,"-0,5","-0,5","-0,5",,,PERSONE FISICHE,X,56
2021,"24: DIRITTI SOCIALI, POLITICHE SOCIALI E FAMIGLIA",359,"Art.2, comma 26, della Legge n.191/09",Esenzione dall'imposta di registro e da ogni altra imposta per gli atti giudiziari per i quali siano stati parti in causa le vittime di atti di terrorismo e delle stragi,"IMPOSTE DI REGISTRO, DI BOLLO E IPOCATASTALI",A REGIME,ESENZIONE,"-0,2","-0,2","-0,2",,,PERSONE FISICHE,X,56
2021,"24: DIRITTI SOCIALI, POLITICHE SOCIALI E FAMIGLIA",360,"Art. 3, co.1-4, D.Lgs. n.346/90","Esclusione dall'imposta sulle successionidei trasferimentia favore dello Stato, regioni , province, comuni, enti di ricerca e fondazioni, ONLUS, movimenti e partiti politici",IMPOSTE SU SUCCESSIONI E DONAZIONI,A REGIME,ESENZIONE,"-12,2","-12,2","-12,2",,,ASSOCIAZIONI ENTI NO PROFIT ONLUS,X,56
2021,"24: DIRITTI SOCIALI, POLITICHE SOCIALI E FAMIGLIA",361,"Art. 1, co..4, D.Lgs. n. 346/90","Esenzione dall'imposta nei casi di donazione e liberalità effettuate per assistenza, matrimonio o comunque per meriti del donatario, nonché di modico valore (artt. 742 e 783 c.c.)",IMPOSTE SU SUCCESSIONI E DONAZIONI,A REGIME,ESENZIONE,"-1,0","-1,0","-1,0",,,PERSONE FISICHE,X,56
2021,"24: DIRITTI SOCIALI, POLITICHE SOCIALI E FAMIGLIA",362,Artt. 1 e 10 del D.Lgs. n. 347/90,"Esenzione dalle imposte ipotecaria e catastale sugli atti relativi a trasferimenti effettuati a favore dello Stato, regioni , province , comuni, enti di ricerca e fondazioni, ONLUS, movimenti e partiti politici",IMPOSTE IPOCATASTALI,A REGIME,ESENZIONE,"-4,5","-4,5","-4,5",,,ASSOCIAZIONI ENTI NO PROFIT ONLUS,X,56
2021,"24: DIRITTI SOCIALI, POLITICHE SOCIALI E FAMIGLIA",363,"Art.82, comma 2, d.lgs. 3 luglio 2017, n. 117, recante il Codice del terzo settore (CdTS).","Esenzione imposta sulle successionie donazioni, ipotecaria e catastale, suitrasferimenti a titolo gratuito a favore degli enti del terzo settore.",IMPOSTE SU SUCCESSIONI E DONAZIONI E IPOCATASTALI,A REGIME,ESENZIONE,Non quantificabile,"-4,5","-4,5",,,ASSOCIAZIONI ENTI NO PROFIT ONLUS,,56
2021,"24: DIRITTI SOCIALI, POLITICHE SOCIALI E FAMIGLIA",364,"Art.82, comma 3, d.lgs. 3 luglio 2017, n. 117, recante il Codice del terzo settore (CdTS).","Le imposte di registro, ipotecaria e catastale sono dovute in misura fissa sugli atti costitutivi e le modifiche statutarie, comprese le operazioni di fusione, scissione o trasformazione, poste in essere da enti del Terzo settore. Le modifiche statutarie sono esenti dall'imposta di registro se hanno lo scopo di adeguare gli atti a modifiche normative. Gli atti costitutivi e quelli connessi allo svolgimento delle attivita' delle organizzazioni di volontariato sono esenti dall'imposta di registro.",IMPOSTE DI REGISTRO E IPOCATASTALI,A REGIME,ESENZIONE E MISURA FISSA,Non quantificabile,"-4,5","-4,5",,,ASSOCIAZIONI ENTI NO PROFIT ONLUS,,56
2021,"24: DIRITTI SOCIALI, POLITICHE SOCIALI E FAMIGLIA",365,"Art.82, comma 4, d.lgs. 3 luglio 2017, n. 117, recante il Codice del terzo settore (CdTS).","Le imposte di registro, ipotecaria e catastale si applicano inmisura fissa per gli atti traslativi a titolo oneroso di beni immobili a favore degli enti del Terzo settore",IMPOSTE DI REGISTRO E IPOCATASTALI,A REGIME,IMPOSTA IN MISURA FISSA,Non quantificabile,"-4,5","-4,5",,,ASSOCIAZIONI ENTI NO PROFIT ONLUS,,56
2021,"24: DIRITTI SOCIALI, POLITICHE SOCIALI E FAMIGLIA",366,"Art.82, comma 5, d.lgs. 3 luglio 2017, n. 117, recante il Codice del terzo settore (CdTS).","Gliatti, idocumenti, le istanze e icontrattie ognialtro documento posto inessere o richiesto dagli entidel Terzo settore sono esenti dall'imposta di bollo.",IMPOSTA DI BOLLO,A REGIME,ESENZIONE,Non quantificabile,"-4,5","-4,5",,,ASSOCIAZIONI ENTI NO PROFIT ONLUS,,56
2021,"24: DIRITTI SOCIALI, POLITICHE SOCIALI E FAMIGLIA",367,"Art. 6, comma 1, della legge 22 giugno 2016, n. 112","Esenzione imposta sulle successioni e donazioni, ipotecaria e catastale, sui conferimenti in trust, ovvero sulle costituzioni di vincoli di destinazione di cui all'art. 2645-ter c.c. ovvero sulle destinazione a fondi speciali, in favore delle persone con disabilita' grave Esenzione imposta sulle successioni e donazioni, ipotecaria e catastale, sui conferimenti in trust, ovvero sulle costituzioni di vincoli di destinazione di cui all'art. 2645-ter c.c. ovvero sulle destinazione a fondi speciali, in favore delle persone con disabilita' grave",IMPOSTE SU SUCCESSIONI E DONAZIONI E IPOCATASTALI,A REGIME,ESENZIONE,Non quantificabile,"-4,5","-4,5",,,SOGGETTI E CATEGORIE PARTICOLARI,,56
2021,"24: DIRITTI SOCIALI, POLITICHE SOCIALI E FAMIGLIA",368,"Art. 6, comma 4, della legge 22 giugno 2016, n. 112","Esenzione dall'imposta suille successioni e donazioni in caso di premorienza del beneficiario rispetto ai soggetti che hanno istituito il trust, ovvero stipulato i fondi speciali o costituito il vincolo di destinazione di cui all'art. 2645-ter del codice civile, suii trasferimenti di beni a favore dei suddetti soggetti",IMPOSTE SU SUCCESSIONI E DONAZIONI,A REGIME,ESENZIONE,"-9,6","-9,6","-9,6",,,SOGGETTI E CATEGORIE PARTICOLARI,,57
2021,"24: DIRITTI SOCIALI, POLITICHE SOCIALI E FAMIGLIA",369,"Art. 6, comma 6, della legge 22 giugno 2016, n. 112","Applicazione delle imposte di registro, ipotacaria e catastale inmisura fissa sugli atti traslativia titolo oneroso a favore di trust, vincoli di destinazione e fondi speciali istituiti in favore delle persone con disabilita' grave",IMPOSTE SU SUCCESSIONI E DONAZIONI,A REGIME,ESENZIONE,"-9,6","-9,6","-9,6",,,SOGGETTI E CATEGORIE PARTICOLARI,,57
2021,"24: DIRITTI SOCIALI, POLITICHE SOCIALI E FAMIGLIA",370,"Art. 6, comma 7, della legge 22 giugno 2016, n. 112","Gli atti, i documenti, le istanze e i contratti e ogni altro documento posto inessere o richiesto dal trustee ovvero dal fiduciario del fondo speciale ovvero dal gestore del vincolo di destinazione istituiti in favore delle persone con disabilita' grave sono esenti dall'imposta di bollo.",IMPOSTE SU SUCCESSIONI E DONAZIONI,A REGIME,ESENZIONE,"-9,6","-9,6","-9,6",,,SOGGETTI E CATEGORIE PARTICOLARI,,57
2021,"24: DIRITTI SOCIALI, POLITICHE SOCIALI E FAMIGLIA",371,"Art. 100, c. 2, lett. m-bis), TUIR (lettera inserita dall'art. 17-bis del D.L. n. 189/2016, convertito c.m. dalla L. n. 229/2016) Rinvio a un DM MEF non adottato",Deducibilità delle erogazioni liberali in denaro a favore dello Stato e dei comuni per contributi volontari versati in seguito ad eventi sismici o calamitosi che hanno colpito l'ente in favore del quale si effettua il versamento,IRPEF/IRES,A REGIME,DEDUZIONE,Stima compresa nelle misure 266-269,"-9,6","-9,6",,,PERSONE FISICHE E GIURIDICHE,,57
2021,"24: DIRITTI SOCIALI, POLITICHE SOCIALI E FAMIGLIA",372,"Art. 38, D.L. n. 189/2016, convertito con modificazioni L. n. 229/2016 (DPCM di concerto conMEF 26 ottobre 2018)","Credito d'imposta riconosciuto ai datori di lavoro pubblici e privati in relazione agli emolumenti versati al lavoratore legittimamente impegnato come volontario di protezione civile, in misura pari agli importi effettivamente spettanti (cedibile) è utilizzabile esclusivamente in compensazione",,A REGIME,CREDITO D'IMPOSTA,Non quantificabile,"-9,6","-9,6",,,IMPRESE E SOCIETA',,57
2021,"24: DIRITTI SOCIALI, POLITICHE SOCIALI E FAMIGLIA",373,"Art. 1, comma 51, della L. n. 232/2016","Regime fiscale agevolato per gli operatori bancari di finanza etica e sostenibile (nel de minimis) Nonconcorre a formare il reddito imponibile ai sensi dell'articolo 81 del testo unico delle imposte sui redditi, di cui al decreto del Presidente della Repubblica 22 dicembre 1986, n. 917, degli operatori bancari di finanza etica e sostenibile una quota pari al 75 per cento delle somme destinate a incremento del capitale proprio.",IRES,A REGIME,ESCLUSIONE,"-1,0","-1,0","0,0",,,SOGGETTI E CATEGORIE PARTICOLARI,,57
2021,"24: DIRITTI SOCIALI, POLITICHE SOCIALI E FAMIGLIA",374,"Art. 15, comma 1 lett. e-ter) del TUIR, introdotta dall'art. 1 comma 665 della L. n. 205 del 2017",Detrazione per l'acquisto di strumenti compensativi e di sussidi tecnici e informatici necessari all'apprendimento per studenti affetti da disturbo specifico dell'apprendimento (DSA).,IRPEF,A REGIME,DETRAZIONE,"-0,8","-0,8","-0,8",6.094,"-130,4",PERSONE FISICHE,,57
2021,"24: DIRITTI SOCIALI, POLITICHE SOCIALI E FAMIGLIA",375,"Art. 1, comma 249, della L. 232/2016","Le pensioni a favore dei superstiti di assicurato o pensionato percepite dagli orfani, concorrono alla formazione del reddito complessivo per l'importo eccedente 1.000 Euro.",IRPEF,A REGIME,ESCLUSIONE,"-16,8","-16,8","-16,8",67.201,"-250,7",PERSONE FISICHE,,57
2021,"24: DIRITTI SOCIALI, POLITICHE SOCIALI E FAMIGLIA",376,"Art.1, comma 132, L. n.244/2007; art.1, comma 1, del decreto interministeriale 16/02/2018",Esenzione dal canone di abbonamento radiotelevisivo infavore dei soggetti di età pari o superiore a 75 anni con reddito inferiore a 8.000 euro,CANONE RAI,A REGIME,ESENZIONE,"-33,8","-33,8","0,0",375.300,"-90,0",PERSONE FISICHE,X,57
2021,"24: DIRITTI SOCIALI, POLITICHE SOCIALI E FAMIGLIA",377,"Art. 16, del D.Lgs. n. 112/2017","Deducibilità ai fini dell'imposta sui redditi della quota non superiore al 3 per cento degli utili netti annuali, dedotte eventuali perdite maturate negli esercizi precedenti, erogata dalle imprese sociali a fondi istituiti dagli enti rappresentativi delle imprese sociali e dalle associazioni nazionali di rappresentanza, assistenza, tutela e revisione del movimento cooperativo, nonché dalla Fondazione Italia Sociale, specificamente ed esclusivamente destinatialla promozione e allo sviluppo delle imprese socialiattraverso azionied iniziative di varia natura, quali il finanziamento di progetti di studio e di ricerca in tema di impresa sociale o di attività di formazione dei lavoratori dell'impresa sociale, la promozione della costituzione di imprese sociali o di loro enti associativi, o il finanziamento di specifici programmi di sviluppo di imprese sociali o di loro enti associativi",IRPEF/IRES,A REGIME (IN ATTESA DI AUTORIZZAZIONE CE),DEDUZIONE,Effetti di trascurabile entità,"-33,8","0,0",,,IMPRESE SOCIALI,,57
2021,"24: DIRITTI SOCIALI, POLITICHE SOCIALI E FAMIGLIA",378,"Art. 18, c. 1, del D.Lgs. n. 112/2017; Art. 7, c. 1, lett. a), D.Lgs. n. 95/2018",Nonconcorrenza alla formazione reddito imponibile imprese socialidegli utilie degliavanzi digestione destinati ad apposita riserva,IRPEF/IRES,A REGIME (IN ATTESA DI AUTORIZZAZIONE CE),ESCLUSIONE,Stima compresa nella misura 379,"-33,8","0,0",,,IMPRESE SOCIALI,,57
2021,"24: DIRITTI SOCIALI, POLITICHE SOCIALI E FAMIGLIA",379,"Art. 18, c. 2, del D.Lgs. n. 112/2017; Art. 7, c. 1, lett. a), D.Lgs. n. 95/2018",Non concorrenza alla formazione reddito imponibile degli utili e degli avanzi di gestione destinati ad aumento gratuito del capitale sociale,IRPEF/IRES,A REGIME (IN ATTESA DI AUTORIZZAZIONE CE),ESCLUSIONE,"-0,6","-0,6","-0,6",,,IMPRESE SOCIALI,,57
2021,"24: DIRITTI SOCIALI, POLITICHE SOCIALI E FAMIGLIA",380,"Art. 18, c. 3-5, del D.Lgs. n. 112/2017; Art. 7, c. 1, lett. a), b), c), d) e) f), del D.Lgs. n. 95/2018",Incentivi fiscali all’investimento nelle imprese sociali,IRPEF/IRES,A REGIME (IN ATTESA DI AUTORIZZAZIONE CE),DETRAZIONE/DEDUZI ONE,"-2,0","-2,0","-2,0",,,PERSONE FISICHE E GIURIDICHE,,57
2021,"24: DIRITTI SOCIALI, POLITICHE SOCIALI E FAMIGLIA",381,"Art. 62, c. 6, del D.Lgs n. 117/2017 (D.M. 4 maggio 2018, n. 56)","Credito d'imposta in favore delle fondazioni bancarie, per versamenti al FUN (Fondo Unico Nazionale) per il finanziamento dei CVS (Centri di Servizio per il Volontariato) nella misura del 100% (cedibile) utilizzabile esclusivamente in compensazione",,A REGIME,CREDITO D'IMPOSTA,"-10,0","-10,0","-10,0",54,"-160.954,1",FONDAZIONI BANCARIE,,57
2021,"24: DIRITTI SOCIALI, POLITICHE SOCIALI E FAMIGLIA",382,"Art. 77, c. 9, del D.Lgs n. 117/2017","Assoggettamento alla ritenuta agevolata dicui all’articolo 31 delD.P.R. n. 601/1973, degliinteressi, deipremi e di ogni altro provento prodotti dai titoli di solidarietà.",IMPOSTA SOSTITUTIVA,A REGIME,RIDUZIONE DI ALIQUOTA,"-1,0","-1,0","-1,0",,,"PERSONE FISICHE, ENTI E SOCIETA'",,57
2021,"24: DIRITTI SOCIALI, POLITICHE SOCIALI E FAMIGLIA",383,"Art. 77, c. 10, del D.Lgs n. 117/2017",Credito d'imposta pari al 50% delle erogazioni liberali in danaro effettuate infavore degli enti del terzo settore dagli istituti di credito emittenti i titoli di solidarietà e commisurate all'ammontare nominale collocato di detti titoli di solidarietà utilizzabile esclusivamente in compensazione Credito d'imposta pari al 50% delle erogazioni liberali in danaro effettuate infavore degli enti del terzo settore dagli istituti di credito emittenti i titoli di solidarietà e commisurate all'ammontare nominale collocato di detti titoli di solidarietà utilizzabile esclusivamente in compensazione,,A REGIME (IN ATTESA DI AUTORIZZAZIONE CE),CREDITO D'IMPOSTA,"-0,6","-0,6","-0,6",,,BANCHE E ASSICURAZIONI,,57
2021,"24: DIRITTI SOCIALI, POLITICHE SOCIALI E FAMIGLIA",384,"Art. 78 del D.Lgs. n. 117/2017, come modificato dall'art. 22, comma 1, del D.Lgs. 3 agosto 2018, n. 105.","Assoggettamento a ritenuta alla fonte a titolo di imposta, con l'aliquota agevolata prevista dall'articolo 31 del D.P.R. n. 601 del 1973 degli importi percepiti a titolo di remunerazione dai soggetti che prestano fondi attraverso portali on line che svolgono attività di social lending, finalizzato al finanziamento e al sostegno delle attività di interesse generale svolte dagli enti del terzo settore.",IMPOSTA SOSTITUTIVA,A REGIME,RIDUZIONE DI ALIQUOTA,Effetti di trascurabile entità,2023,2024,,,"PERSONE FISICHE, ENTI E SOCIETA'",,58
2021,"24: DIRITTI SOCIALI, POLITICHE SOCIALI E FAMIGLIA",385,"Art. 79, c. 2-bis), del D.Lgs. n. 117/2017 (comma inserito dall'art. 24-ter, c. 3, D.L. n. 119/2018)","Noncommercialità delle attività dicuiall'art. 79, c. 1 qualora i ricavinonsuperino di oltre il 5 per cento i relativi costi per ciascun periodo d'imposta e per non oltre due periodi d'imposta consecutivi.",IRES,A REGIME (IN ATTESA DI AUTORIZZAZIONE CE),ESENZIONE,Non quantificabile,2023,2024,,,ASSOCIAZIONI ENTI NO PROFIT ONLUS,,58
2021,"24: DIRITTI SOCIALI, POLITICHE SOCIALI E FAMIGLIA",386,"Art. 79, c. 3 lett. b-bis), del D.lgs. n. 117/2017 [lettera aggiunta dall'art. 1, c. 82, L. n. 145/2018, a decorrere dal 1° gennaio 2019; per l'applicabilità delle agevolazioni (nel de minimis) vedi l'art. 1, c. 83, della L. n. 145/2018]","Noncommercialità delle attività delle ex Ipabdicuialle lettere a), b), e c) dell'articolo 5 del d.lgs. 117/2017 (nel de minimis)",IRES,A REGIME,ESENZIONE,Non quantificabile,2023,2024,,,ASSOCIAZIONI ENTI NO PROFIT ONLUS,,58
2021,"24: DIRITTI SOCIALI, POLITICHE SOCIALI E FAMIGLIA",387,Art. 80 D.Lgs n. 117/2017,Regime forfetario di determinazione del reddito d'impresa da parte di enti del terzo settore che svolgono in via principale o prevalente attività non commerciali,IRES,A REGIME (IN ATTESA DI AUTORIZZAZIONE CE),REGIME FORFETARIO,Stima compresa nella misura 395,2023,2024,,,ASSOCIAZIONI ENTI NO PROFIT ONLUS,,58
2021,"24: DIRITTI SOCIALI, POLITICHE SOCIALI E FAMIGLIA",388,Art. 81 del D.Lgs. n. 117 del 2017.,"""Social Bonus"" - Credito d'imposta pari al 65 per cento delle erogazioni liberali indenaro effettuate da persone fisiche in favore di enti del Terzo settore.",IRPEF,A REGIME,CREDITO D'IMPOSTA,"-3,9","-3,9","-3,9",,,PERSONE FISICHE,,58
2021,"24: DIRITTI SOCIALI, POLITICHE SOCIALI E FAMIGLIA",389,"Art. 81 D.Lgs n. 117/2017; Art. 25, c. 1, lett. a) e b), D.Lgs n. 105/2018","Credito d'imposta (""Social bonus"") pari al 50% delle erogazioni liberali in denaro se effettuate da enti o società in favore degli enti del terzo settore, che hanno presentato al Ministero del lavoro e delle politiche sociali un progetto per sostenere il recupero degli immobili pubblici inutilizzati e dei beni mobili e immobili confiscati alla criminalità organizzata assegnati ai suddetti enti del terzo settore e da questi utilizzati esclusivamente per lo svolgimento di attività di interesse generale con modalità non commerciali, utilizzabile in compensazione.",IRES,A REGIME,CREDITO D'IMPOSTA,"-29,9","-29,9","-29,9",,,ENTI E SOCIETA',,58
2021,"24: DIRITTI SOCIALI, POLITICHE SOCIALI E FAMIGLIA",390,"Art. 83, c. 1-4, D.Lgs. n. 117/2017; art. 27, c. 1, D.Lgs. n. 105/2018; art. 24-ter, c. 4, D.L. n. 119/2018; DM 28 novembre 2019.",Detrazioni e deduzioni per erogazioni liberali in denaro e in natura in favore degli enti del terzo settore,IRPEF/IRES,A REGIME,DETRAZIONE/DEDUZI ONE,"-27,6","-27,6","-27,6",672,"-41.114,2","PERSONE FISICHE, ENTI E SOCIETA'",,58
2021,"24: DIRITTI SOCIALI, POLITICHE SOCIALI E FAMIGLIA",391,"Art. 83, comma 5, del D.Lgs. n. 117/2017; art. 5-quater, comma 1 del D.L. n. 148 del 2017","Detrazioni per contributi associativi versati alle società di mutuo soccorso. Dall'imposta lorda si detrae un importo pari al 19 per cento dei contributi associativi per un importo non superiore a 1.300 euro versati dai soci alle società di mutuo soccorso che operano esclusivamente nei settori di cui all'articolo 1 della legge 15 aprile 1886, n. 3818, al fine di assicurare ai soci un sussidio nei casi di malattia, di impotenza al lavoro o di vecchiaia, ovvero, in caso di decesso, un aiuto alle loro famiglie",IRPEF/IRES,A REGIME,DETRAZIONE,Stima compresa nella misura 395,"-27,6","-27,6",,,"PERSONE FISICHE, ENTI E SOCIETA'",,58
2021,"24: DIRITTI SOCIALI, POLITICHE SOCIALI E FAMIGLIA",392,"Art. 84, c. 2 del D.Lgs. n. 117/2017",Nonconcorrenza dei redditi degli immobili destinati invia esclusiva o principale allo svolgimento di attività non commerciale,IRES,A REGIME,ESCLUSIONE,Stima compresa nella misura 367,"-27,6","-27,6",,,ASSOCIAZIONI ENTI NO PROFIT ONLUS,,58
2021,"24: DIRITTI SOCIALI, POLITICHE SOCIALI E FAMIGLIA",393,"Art. 85, c. 2 e 4 del D.Lgs. n. 117/2017",Decommercializzazione di determinate attività effettuate dalle associazioni di promozione sociale (in de minimis),IRES,A REGIME,ESCLUSIONE,Stima compresa nella misura 367,"-27,6","-27,6",,,ASSOCIAZIONI ENTI NO PROFIT ONLUS,,58
2021,"24: DIRITTI SOCIALI, POLITICHE SOCIALI E FAMIGLIA",394,"Art. 85, c. 7 del D.Lgs. n. 117/2017",Nonconcorrenza dei redditi degli immobili destinati invia esclusiva o principale allo svolgimento di attività non commerciale,IRES,A REGIME,ESCLUSIONE,Stima compresa nella misura 367,"-27,6","-27,6",,,ASSOCIAZIONI ENTI NO PROFIT ONLUS,,58
2021,"24: DIRITTI SOCIALI, POLITICHE SOCIALI E FAMIGLIA",395,"Art. 86, D.Lgs. n. 117/2017; Art. 29, c. 1, D.Lgs. n. 105/2018",Regime forfetario di determinazione del reddito per attività commerciali svolte dalle organizzazioni di volontariato e dalle associazioni di promozione sociale,IRES,A REGIME (IN ATTESA DI AUTORIZZAZIONE CE),REGIME FORFETARIO,"-28,5","-28,5","-28,5",,,ASSOCIAZIONI ENTI NO PROFIT ONLUS,,58
2021,"24: DIRITTI SOCIALI, POLITICHE SOCIALI E FAMIGLIA",396,"Art. 1, c. 201-204, L n. 205/2017; DM 29 novembre 2018; art. 1, c. 478, L n. 145/2018; art. 63, c. 7, D.L. n. 73/2021","Credito d'imposta pari al 65% infavore delle fondazioni bancarie, esclusivamente incompensazione, nell'ambito dell'atttività non commerciale",,2022,CREDITO D'IMPOSTA,"-60,0","0,0","0,0",,,FONDAZIONI BANCARIE,,58
2021,"24: DIRITTI SOCIALI, POLITICHE SOCIALI E FAMIGLIA",397,"Art. 1, commi 13-16 della L. n. 145 del 2018","Imposta sostitutiva sui compensi da lezioni private e ripetizioni A decorrere dal 1° gennaio 2019, ai compensi derivanti dall'attività di lezioni private e ripetizioni, svolta dai docenti titolari di cattedre nelle scuole di ogni ordine e grado, si applica un'imposta sostitutiva dell'imposta sul reddito delle persone fisiche e delle addizionali regionali e comunali con l'aliquota del 15 per cento, salva opzione per l'applicazione dell'imposta sul reddito nei modi ordinari.",IRPEF,A REGIME,REGIME SOSTITUTIVO,"-0,1","-0,1","-0,1",,,PERSONE FISICHE,,58
2021,"24: DIRITTI SOCIALI, POLITICHE SOCIALI E FAMIGLIA",398,"Art. 19, comma 1 del D.L.n.124/2019",I premi attribuiti dalla lotteria nazionale degli scontrini non concorrono a formare il reddito del percipiente per l'intero ammontare corrisposto nel periodo d'imposta e non sono assoggettati ad alcun prelievo erariale.,IRPEF,A REGIME,ESCLUSIONE,"0,0","0,0","0,0",,,PERSONE FISICHE,,58
2021,"24: DIRITTI SOCIALI, POLITICHE SOCIALI E FAMIGLIA",399,"Art. 1, comma 629 della L. n. 160 del 2019","Inserimento dei commi 3-bis, 3-ter e 3-quater all'art. 15 del TUIR. Rimodulazione detrazioni Irpef in base al reddito complessivo.",IRPEF,A REGIME,DETRAZIONE,"28,7","28,7","28,7",,,PERSONE FISICHE,,58
2021,"24: DIRITTI SOCIALI, POLITICHE SOCIALI E FAMIGLIA",400,"Comma 2-bis, art. 10 del TUIR inserito dall'art. 150 del D.L. n. 34 del 2020","le somme di cui alla lettera d-bis), comma 1, art. 10 del TUIR se assoggettate a ritenuta, sono restituite al netto della ritenuta subita e non costituiscono oneri deducibili le somme di cui alla lettera d-bis), comma 1, art. 10 del TUIR se assoggettate a ritenuta, sono restituite al netto della ritenuta subita e non costituiscono oneri deducibili",IRPEF,A REGIME,DEDUZIONE,"0,0","0,0","0,0",,,PERSONE FISICHE,,58
2021,"24: DIRITTI SOCIALI, POLITICHE SOCIALI E FAMIGLIA",401,"Art. 1, commi 125-129, L 23 dicembre 2014, n. 190; Art. 1, commi 248 e 249, della L. 27 dicembre 2017, n. 205; Art. 23-quater, D.L. 23 ottobre 2018, n. 119; Art. 1, commi 340 e 341, L. 27 dicembre 2019, n. 160; Art. 1, comma 362 L. n. 178 del 2020",Proroga per l'anno 2021 dell'assegno (bonus bebè) di importo pari a 960 euro annui per ogni figlio nato o adottato. L'assegno nonconcorre alla formazione delreddito ed è erogato mensilmente a decorrere dalmese di nascita o adozione.,IRPEF,2021,ESCLUSIONE,"0,0","0,0","0,0",,,PERSONE FISICHE,X,59
2021,25: POLITICHE PREVIDENZIALI,402,"Art. 8 D.Lgs. 5 dicembre 2005, n. 252; Art. 10, comma 1, lett. e-bis), del TUIR.; art. 1, comma 313 della L. n. 296 del 2006; art. 1, comma 83 lettera b) e comma 88 della L. n. 244 del 2007",Deduzione dal reddito imponibile deicontributi versatialle forme di previdenza complementari italiane ed estere localizzate nei Paesi dell'UE e del SEE.,IRPEF,A REGIME,DEDUZIONE,"-2.401,2","-2.401,2","-2.401,2",4.878.214,"-492,2",PERSONE FISICHE,X,59
2021,25: POLITICHE PREVIDENZIALI,403,"Art. 3, comma 2, art.4, comma 4 e art. 8, comma 2, della L. n. 206/04",Esenzione dall'IRPEF delle pensioni e delle indennità corrisposte alle vittime del terrorismo e delle stragi di tale matrice,IRPEF,A REGIME,ESENZIONE,"-3,6","-3,6","-3,6",,,PERSONE FISICHE,X,59
2021,25: POLITICHE PREVIDENZIALI,404,"Art. 52, comma 1, lett. d-bis, del TUIR","Sui lavori socialmente utili svolti da soggetti che hanno raggiunto l'età per la pensione di vecchiaia e che hanno un reddito complessivo non superiore a € 9296,22 al netto del reddito derivante dall'abitazione principale, si applica, sulla parte dei lavori socialmente utili che eccede € 3098,74, l'aliquota del 23%, maggiorata delle addizionali vigenti",IRPEF,A REGIME,RIDUZIONE DI ALIQUOTA,Effetti di trascurabile entità,"-3,6","-3,6",,,PERSONE FISICHE,X,59
2021,25: POLITICHE PREVIDENZIALI,405,"Art. 76, della L. 30 dicembre 1991, n. 413","Le rendite corrisposte in Italia da parte della assicurazione invalidità, vecchiaia e superstiti Svizzera (AVS), maturata sulla base anche di contributi previdenziali tassati alla fonte in Svizzera, sono assoggettate a ritenuta unica del 5 per cento da parte degli istituti italiani, quali sostituti d'imposta, per il cui tramite l'AVS Svizzera le eroga ai beneficiari in Italia",IMPOSTA SOSTITUTIVA,A REGIME,REGIME SOSTITUTIVO,Non quantificabile,"-3,6","-3,6",,,SOGGETTI E CATEGORIE PARTICOLARI,X,59
2021,25: POLITICHE PREVIDENZIALI,406,"Art. 76, comma 1-bis, della L. n. 413 del 1991, introdotto dall'art. 55-quinquies del D.L. n. 50 del 2017 convertito, con modificazioni, dalla L. n. 96 del 2017","Applicazione della ritenuta del 5 per cento, a cura degli intermediari finanziari italiani che intervengono nel pagamento, sulle somme corrisposte in Italia da parte della gestione della previdenza professionale per la vecchiaia, isuperstitie l'invalidita'svizzera (LPP), ivicomprese le prestazionierogate daglienti o istituti svizzeri di prepensionamento, maturate sulla base anche di contributi previdenziali tassati alla fonte in Svizzera e in qualunque forma erogate",IMPOSTA SOSTITUTIVA,A REGIME,REGIME SOSTITUTIVO,Non quantificabile,"-3,6","-3,6",,,SOGGETTI E CATEGORIE PARTICOLARI,,59
2021,25: POLITICHE PREVIDENZIALI,407,Art. 2 Tariffa speciale-Allegato B alla Legge n. 1216/61,Sui premi relativi ai contratti di assicurazione integrativa degli impiegati civili e militari dello Stato l'imposta sulle assicurazioni si applica in misura ridotta a un quarto,IMPOSTA SULLE ASSICURAZIONI,A REGIME,RIDUZIONE DI ALIQUOTA,Non quantificabile,"-3,6","-3,6",,,SOGGETTI E CATEGORIE PARTICOLARI,X,59
2021,25: POLITICHE PREVIDENZIALI,408,"Art. 10, comma 2, TUIR; art. 30, commi 1 e 2 della L. n.342 del 2000; art. 21, comma 3, lettera a) della L. n. 252 del 2005",Deduzione delle spese mediche e di assistenza specifica necessarie nei casi di grave e permanente invalidita' o menomazione e deduzione dei contributi previdenziali versati per gli addetti ai servizi domestici e all'assistenza personale e familiare,IRPEF,A REGIME,DEDUZIONE,"-144,2","-144,2","-144,2",606.847,"-237,6",PERSONE FISICHE,X,59
2021,25: POLITICHE PREVIDENZIALI,409,"Art. 1, comma 219 della L. n. 205 del 2017",Esenzione IRPEF per le pensioni di reversibilità percepite dai familiari delle vittime dell'attentato terroristico a Dacca,IRPEF,A REGIME,ESENZIONE,Effetti di trascurabile entità,"-144,2","-144,2",,,PERSONE FISICHE,,59
2021,25: POLITICHE PREVIDENZIALI,410,"Art. 1, comma 156 della L. n. 205 del 2017",Applicazione aidipendentipubblicidelle disposizioniconcernentila deducibilità deipremie contributi versatie il regime di tassazione delle prestazioni previste per la previdenza complementare nel settore privato.,IRPEF,A REGIME,REGIME SOSTITUTIVO,Stima compresa nella misura 402,"-144,2","-144,2",,,PERSONE FISICHE,,59
2021,25: POLITICHE PREVIDENZIALI,411,"Art. 2, comma 5-bis, D.Lgs. n. 184 del 1997",Deduzione a favore dell'interessato ovvero detrazione a favore dei soggetti di cui l'interessato risulta essere a carico dei contributi versati per il riscatto del periodo di corso di laurea,IRPEF,A REGIME,DETRAZIONE/DEDUZI O N E,"-1,3","-1,3","-1,3",2.555,"-503,8",PERSONE FISICHE,X,59
2021,26: POLITICHE PER IL LAVORO,412,"Art. 1, del D.L. n. 3 del 2020, convertito, con modificazioni, dalla L. n. 21 del 2020","Riconoscimento di una somma a titolo di trattamento integrativo ai titolari di reddito di lavoro dipendente e di taluni redditi assimilati. La somma è d'importo pari a euro 600 per l'anno 2020 e ad euro 1.200 a decorrre dall'anno 2021, se il reddito complessivo non è superiore a euro 28.000.",IRPEF,A REGIME,ALTRO,"-3.604,3","-3.604,3","-3.604,3",11.716.831,"-307,6",PERSONE FISICHE,,59
2021,26: POLITICHE PER IL LAVORO,413,"Art. 2, del D.L. n. 3 del 2020, convertito, con modificazioni, dalla L. n. 21 del 2020 modificato, da ultimo, dall'art. 22-sexies, comma 1 del D.L. n. 183 del 2020 convertito con modificazioni dalla legge n. 21 del 2021.","Riconoscimento di una ulteriore detrazione fiscale ai titolari di reddito di lavoro dipendente e di taluni redditi assimilati se il reddito complessivo è superiore a euro 28.000 ma non ad euro 40.000. Per le prestazioni rese dal 1° gennaio 2021 l'ulteriore detrazione spetta nei seguenti importi: a) 960 euro, aumentata del prodotto tra 240 euro e l'importo corrispondente al rapporto tra 35.000 euro, diminuito del reddito complessivo, e 7.000 euro, se l'ammontare del reddito complessivo e' superiore a 28.000 euro ma non a 35.000 euro; b) 960 euro, se il reddito complessivo e' superiore a 35.000 euro ma non a 40.000 euro; la detrazione spetta per la parte corrispondente al rapporto tra l'importo di 40.000 euro, diminuito del reddito complessivo, e l'importo di 5.000 euro.",IRPEF,A REGIME,DETRAZIONE,"-3.399,8","-3.399,8","-3.399,8",3.716.336,"-914,8",PERSONE FISICHE,,59
2021,26: POLITICHE PER IL LAVORO,414,"Art. 24-bis del D.Lgs. n. 148/2015 introdotto dall'art. 1, comma 136 della L. n. 205 del 2017","Esenzione dall'IRPEF dell'indennità di fine rapporto erogata al lavoratore ""ricollocato"" entro il limite massimo di nove mensilità della retribuzione di rifeirmento per il calcolo del TFR. Esenzione dall'IRPEF dell'indennità di fine rapporto erogata al lavoratore ""ricollocato"" entro il limite massimo di nove mensilità della retribuzione di rifeirmento per il calcolo del TFR.",IRPEF,A REGIME,ESENZIONE,Non quantificabile,"-3.399,8","-3.399,8",,,PERSONE FISICHE,,59
2021,26: POLITICHE PER IL LAVORO,415,"Art. 1, commi da 182 a 189, della L. n. 208 del 2015, modificati dall'art. 1, comma 160, lett. a), b) e c), L. n. 232 del 2016. In attuazione del comma 188 è stato emanato il D.M. 25 marzo 2016. Successivamente, la lett. c) del comma 184-bis è stata modificata dall'art. 1, comma 161, della L. n. 205 del 2017 e il comma 189 è stato sostituito dall'art. 55, comma 1, del D.L. n. 50 del 2017, convertito, con modificazioni, dalla L. n. 96 del 2017","Detassazione premi di produttività. Applicazione di una imposta sostitutiva del 10 per cento sulle somme, fino ad un massimo di 3000 euro, corrisposte ai lavoratori dipendenti del settore privato con limite reddituale di accesso al beneficio di 80.000 euro.",IRPEF,A REGIME,REGIME SOSTITUTIVO,"-545,1","-545,1","-545,1",,,PERSONE FISICHE,X,60
2021,26: POLITICHE PER IL LAVORO,416,"Art.11, comma 4, del D.lgs n.252 del 2005 come modificato dall'art. 1, comma 168 della L.205 del 2017 e commi da 4-bis a 4-quinquies inseriti dal medesimo art. 1, comma 168","Rendita integrativa temporanea anticipata (RITA) erogata ailavoratoripubblicie privatiaderentialla previdenza complementare che, in tutto o in parte, la richiedano, a seguito della cessazione del rapporto di lavoro. La rendita integrativa anticipata è assoggettata a ritenuta a titolo d'imposta conaliquota pari, nel massimo, al 15 per cento e, nelminimo, al9 per cento, conundecalage dello 0,3 per cento annuo per ciascunanno diadesione al fondo pensione superiore al quindicesimo.",IRPEF,A REGIME,REGIME SOSTITUTIVO,"-17,8","-17,8","-17,8",,,PERSONE FISICHE,,60
2021,26: POLITICHE PER IL LAVORO,417,"Art. 34, D.P.R. n. 601/1973","Esenzione dall'IRPEF: (comma 1) delle pensioni di guerra di ogni tipo, delle relative indennità accessorie, degli assegni connessi alle pensioni privilegiate ordinarie, delle pensioni connesse alle decorazioni dell'ordine militare d'Italia, nonché delle pensioni privilegiate ordinarie corrisposte ai militari di leva e delle pensioni tabellari spettanti per menomazioni subite durante il servizio di leva obbligatorio; (comma 2) della pensione reversibile, della tredicesima mensilità e delle indennità di accompagnamento, percepite dai ciechi civili ai sensi della legge 27 maggio 1970, n. 382; (comma 3) dei sussidi corrisposti dallo Stato e da altri enti pubblici a titolo assistenziale.",IRPEF,A REGIME,ESENZIONE,"-3.458,2","-3.458,2","-3.458,2",3.690.796,"-937,0",PERSONE FISICHE,X,60
2021,26: POLITICHE PER IL LAVORO,418,"Art. 1, comma 175, della L. n. 147 del 2013 coordinato con l'art. 1, comma 690, della L. n. 190 del 2014","Esclusione dalla tassazione dei redditi di importo fino a 7,500 euro - frontalieri",IRPEF,A REGIME,ESCLUSIONE,"-34,8","-34,8","-34,8",16.487,"-2.108,3",SOGGETTI E CATEGORIE PARTICOLARI,X,60
2021,26: POLITICHE PER IL LAVORO,419,"Legge 26 luglio 1975, n. 386 Accordo Italo Svizzero",La remunerazione che un lavoratore frontaliero (residente entro 20 KM dal confine svizzero) riceve in corrispettivo di una attività dipendente è imponibile soltanto nello Stato in cui tale attività è svolta,IRPEF,A REGIME,ESCLUSIONE,"-338,7","-338,7","-338,7",58.813,"-5.758,2",SOGGETTI E CATEGORIE PARTICOLARI,X,60
2021,26: POLITICHE PER IL LAVORO,420,Art. 3 del D.P.R. n. 601/73,"Esenzione dall'IRPEF delle retribuzioni di qualsiasi natura, le pensioni e le indennità di fine rapporto corrisposte dalla Santa Sede e dagli enti dalla stessa gestiti ai propri dipendenti",IRPEF,A REGIME,ESENZIONE,"-10,2","-10,2","-10,2",,,SOGGETTI E CATEGORIE PARTICOLARI,X,60
2021,26: POLITICHE PER IL LAVORO,421,"Art. 67, comma 1, lett. m) modificato dall'art. 1, comma 253 della L. n. 311 del 2004 e dall'art. 35, comma 5 del D.L. n. 207 del 2008; e Art.69, comma 2, TUIR, quest'ultimo modificato dall'Art.1, comma 367, della L. n. 205/2017; art. 1, comma 1121 L. 178 del 2020.","Tassazione agevolata delle indennità ditrasferta, deirimborsiforfetaridispesa, deipremie deicompensi erogati ai direttori artistici e ai collaboratori tecnici per prestazioni di natura non professionale da parte di cori, bande e filodrammatiche che perseguono finalità dilettantistiche, e quelli erogati nell'esercizio diretto di attività sportive dilettantistiche dal CONI, dalla societa' Sport e salute Spa, dalle federazioni sportive nazionali, dall'UNIRE, dagli enti di promozione sportiva e da qualunque organismo comunque denominato che persegua finalità sportive dilettantistiche. La disposizione si applica anche ai rapporti di collaborazione coordinata e continuativa di carattere amministrativo-gestionale di natura non professionale resi in favore di società e associazioni sportive dilettantistiche",IRPEF,A REGIME,ESCLUSIONE,"-597,6","-597,6","-597,6",634.068,"-942,6",SOGGETTI E CATEGORIE PARTICOLARI,X,60
2021,26: POLITICHE PER IL LAVORO,422,"Art. 10, comma 1, lett. f), TUIR","Deduzione delle somme corrisposte ai dipendenti, chiamati ad adempiere funzioni presso gli uffici elettorali",IRPEF,A REGIME,DEDUZIONE,"-4,8","-4,8","-4,8",,,PERSONE FISICHE,X,60
2021,26: POLITICHE PER IL LAVORO,423,"Art. 51, comma 2, lett. c), del TUIR, come modificato dapprima dall'art. 1, comma 16, della L. n. 190 del 2014 e come sostituito, da ultimo, dall' art. 1, comma 677, della L. n. 160 del 2019","Non concorrono a formare il reddito le somministrazioni di vitto da parte del datore di lavoro, quelle in mense organizzate direttamente dal datore di lavoro o gestite da terzi, le prestazioni sostitutive delle somministrazioni di vitto nel limite di € 4,00 aumentato a 8,00 € nel caso incui le stesse siano rese informa elettronica, nonché le indennita' sostitutive delle somministrazioni di vitto corrisposte agli addetti ai cantieri edili, ad altre strutture lavorative a carattere temporaneo o ad unità produttive ubicate in zone dove manchino strutture o servizi di ristorazione fino all'importo complessivo giornaliero di euro 5,29",IRPEF,A REGIME,ESCLUSIONE,"-641,5","-641,5","-641,5",2.800.000,"-229,1",PERSONE FISICHE,X,60
2021,26: POLITICHE PER IL LAVORO,424,"Art. 51, comma 2, lett. d), del TUIR",Non concorrono a formare il reddito le prestazioni di servizi di trasporto collettivo rese alla generalità o a categorie di dipendenti; anche se affidate a terzi ivi compresi gli esercenti servizi pubblici.,IRPEF,A REGIME,ESCLUSIONE,Non quantificabile,"-641,5","-641,5",,,PERSONE FISICHE,X,60
2021,26: POLITICHE PER IL LAVORO,425,"Art. 51, comma 2, lett. d-bis), delTUIR inserita dall’ art. 1, comma 28, lett. b), della L. n. 205 del 2017","Non concorrono a formare il reddito le somme erogate o rimborsate alla generalità o a categorie di dipendenti dal datore di lavoro o le spese da quest'ultimo direttamente sostenute, volontariamente o in conformità a disposizioni di contratto, diaccordo o di regolamento aziendale, per l'acquisto degliabbonamenti per il trasporto pubblico locale, regionale e interregionale del dipendente e dei familiari fiscalmente a carico.",IRPEF,A REGIME,ESCLUSIONE,"-4,8","-4,8","-4,8",,,PERSONE FISICHE,,60
2021,26: POLITICHE PER IL LAVORO,426,"Art. 51, comma 2, lett. e), del TUIR","Non concorrono a formare il reddito i compensi reversibili delle indennità e dei compensi percepiti a carico di terzi dai prestatori di lavoro dipendente per incarichi svolti inrelazione a tale qualità, nonché delle indennità, dei gettoni di presenza e degli altri compensi corrisposti dallo Stato, dalle regioni, dalle province e dai comuni per l'esercizio di pubbliche funzioni. Non concorrono a formare il reddito i compensi reversibili delle indennità e dei compensi percepiti a carico di terzi dai prestatori di lavoro dipendente per incarichi svolti inrelazione a tale qualità, nonché delle indennità, dei gettoni di presenza e degli altri compensi corrisposti dallo Stato, dalle regioni, dalle province e dai comuni per l'esercizio di pubbliche funzioni.",IRPEF,A REGIME,ESCLUSIONE,"-71,0","-71,0","-71,0",56.668,"-1.253,0",PERSONE FISICHE,X,60
2021,26: POLITICHE PER IL LAVORO,427,"Art. 51, comma 2, lett. f), delTUIR, sostituita dall'art. 1, comma 190, lettera a), n. 1, della L. n. 208 del 2015, come interpretato autenticamente dall'art. 1, comma 162, L. n. 232 del 2016.","Non concorrono a formare il reddito l'utilizzazione delle opere e dei servizi riconosciuti dal datore di lavoro volontariamente o in conformità di disposizioni di contratto, accordo o regolamento aziendale, offerti alla generalità dei dipendenti, categorie di dipendenti o familiari di cui all'art. 12 del TUIR per le finalità di cui al comma 1 dell'art. 100 del citato TUIR.",IRPEF,A REGIME,ESCLUSIONE,Non quantificabile,2023,2024,,,PERSONE FISICHE,X,61
2021,26: POLITICHE PER IL LAVORO,428,"Art. 51, comma 2, lett. f-bis), del TUIR, sostituita, da ultimo, dall'art. 1, comma 190, lettera a), n. 2, della L. n. 208 del 2015","Non concorrono a formare il reddito le somme, i servizi e le prestazioni erogati dal datore di lavoro alla generalità dei dipendenti o a categorie di dipendenti per la fruizione, da parte dei familiari indicati nell'articolo 12, deiservizidieducazione e istruzione anche inetà prescolare, compresii serviziintegrativi e di mensa ad essi connessi, nonché per la frequenza di ludoteche e di centri estivi e invernali e per borse di studio a favore dei medesimi familiari",IRPEF,A REGIME,ESCLUSIONE,"-51,9","-51,9","-51,9",221.941,"-234,0",PERSONE FISICHE,X,61
2021,26: POLITICHE PER IL LAVORO,429,"Art. 51, comma 2, lett. f-ter), del TUIR inserita dall'art. 1, comma 190, lettera a), n. 3, della L. n. 208 del 2015",Non concorrono a formare il reddito le somme e le prestazioni erogate dal datore di lavoro alla generalità dei dipendenti o a categorie di dipendenti per la fruizione dei servizi di assistenza ai familiari anziani o non autosufficienti indicati nell'articolo 12,IRPEF,A REGIME,ESCLUSIONE,"-1,2","-1,2","-1,2",3.235,"-375,6",PERSONE FISICHE,X,61
2021,26: POLITICHE PER IL LAVORO,430,"Art. 51, comma 2, lett. f-quater), del TUIR inserita dall’ art. 1, comma 161, L. 11 dicembre 2016, n. 232","Non concorrono a formare il reddito i contributi e i premi versati dal datore di lavoro a favore della generalità dei dipendenti o di categorie di dipendenti per prestazioni, anche in forma assicurativa, aventi per oggetto il rischio di non autosufficienza nel compimento degli atti della vita quotidiana o il rischio di gravi patologie.",IRPEF,A REGIME,ESCLUSIONE,"-1,0","-1,0","-1,0",,,PERSONE FISICHE,,61
2021,26: POLITICHE PER IL LAVORO,431,"Art. 51, comma 2, lett. g), delTUIR. Art. 1, comma 184- bis , lett. c) della L. n. 208 del 2015,modificata dall 'art. 1, comma 161 della L. n. 205 del 2017.","Non concorrono a formare il reddito il valore delle azioni offerte alla generalità dei dipendenti per un importo annuo non superiore a € 2065,83",IRPEF,A REGIME,ESCLUSIONE,Non quantificabile,"-1,0","-1,0",,,PERSONE FISICHE,X,61
2021,26: POLITICHE PER IL LAVORO,432,"Art. 51, comma 2, lett. h), del TUIR","Nonconcorrono a formare il reddito le somme trattenute al dipendente per oneri di cui all'art. 10 alle condizioni ivi previste, nonché le erogazionieffettuate daldatore dilavoro inconformità a contratti collettivio ad accordi e regolamenti aziendali",IRPEF,A REGIME,ESCLUSIONE,Non quantificabile,"-1,0","-1,0",,,PERSONE FISICHE,X,61
2021,26: POLITICHE PER IL LAVORO,433,"Art. 51, comma 2, lett. i), del TUIR",Non concorrono a formare il reddito le mance percepite dai croupiers nella misura del 25% dell'ammontare percepito nell'anno,IRPEF,A REGIME,ESCLUSIONE,Non quantificabile,"-1,0","-1,0",,,PERSONE FISICHE,X,61
2021,26: POLITICHE PER IL LAVORO,434,"Art. 51, comma 3, del TUIR","Non concorrono a formare il reddito il valore dei beni ceduti e dei servizi prestati se complessivamente di importo non superiore nell'anno a € 258,23",IRPEF,A REGIME,ESCLUSIONE,"-124,6","-124,6","-124,6",2.291.726,"-54,4",PERSONE FISICHE,X,61
2021,26: POLITICHE PER IL LAVORO,435,Art. 112 delD.L. n. 104/2020 e art. 6-quinquies del D.L. n. 41/2020,"Limitatamente ai periodi d'imposta 2020 e 2021, l'importo del valore dei beni ceduti e dei servizi prestati dall'azienda ailavoratoridipendentiche nonconcorre alla formazione delreddito aisensi dell'articolo 51, comma 3, del TUIR, è elevato ad euro 516,46.",IRPEF,2020/2021,ESCLUSIONE,"-1,1","0,1","0,0",,,PERSONE FISICHE,,61
2021,26: POLITICHE PER IL LAVORO,436,"Art. 51, comma 4, lett. a), del TUIR, art. 1, comma 632 della L. n. 160 del 2019","Ai fini della determinazione del fringe benefit per gli autoveicoli, i motocicli e i ciclomotori concessi in uso promiscuo con contratti stipulati a partire dal 1° luglio 2020 si applica una percentuale variabile sul calcolo dei fringe benefit oggetto di tassazione. Fermo restando la modalità di calcolo basata sulla percorrenza convenzionale di 15.000 chilometri calcolata sulla base del costo chilometrico ACI, al netto delle somme eventualmente trattenute al dipendente, la percentuale da applicare a tale valore numerico ai fini della tassazione varia in funzione del grado di inquinamento del veicolo. Resta ferma l'applicazione della disciplina nel testo dell'articolo 51, comma 4, lettera a), del TUIR vigente al 31 dicembre 2019 per i veicoli concessi in uso promiscuo con contratti stipulati entro il 30 giugno 2020.",IRPEF,A REGIME,ESCLUSIONE,Non quantificabile,"0,1","0,0",,,PERSONE FISICHE,X,61
2021,26: POLITICHE PER IL LAVORO,437,"Art. 51, comma 4, lett. b) del TUIR","Ai fini della determinazione del fringe benefit, in caso di concessione di prestiti, si assume il 50% della differenza tra l'importo degli interessi calcolato al tasso ufficiale di sconto vigente al termine di ciascun anno e l'importo degli interessi calcolato al tasso applicato sugli stesssi",IRPEF,A REGIME,ESCLUSIONE,Non quantificabile,"0,1","0,0",,,PERSONE FISICHE,X,61
2021,26: POLITICHE PER IL LAVORO,438,"Art. 51, comma 4, lett. c), del TUIR","Ai fini della determinazione del fringe benefit, per i fabbricati concessi in locazione, in uso o in comodato, si assume la differrenza tra la rendita catastale del fabbricato aumentata di tutte le spese inerenti e quanto corrisposto per il godimento del fabbricato stesso",IRPEF,A REGIME,ESCLUSIONE,Non quantificabile,"0,1","0,0",,,PERSONE FISICHE,X,61
2021,26: POLITICHE PER IL LAVORO,439,"Art. 51, comma 4, lett. c-bis), del TUIR","Ai fini della determinazione del fringe benefit, per i servizi di trasporto ferroviario di persone prestati gratuitamente, si assume, al netto degli importi trattenuti, l'ammontare corrispondente all'introito medio per passeggero/chilometro, per una percorrenza media convenzionale di 2.600 km",IRPEF,A REGIME,ESCLUSIONE,Non quantificabile,"0,1","0,0",,,PERSONE FISICHE,X,61
2021,26: POLITICHE PER IL LAVORO,440,"Art. 51, comma 5, del TUIR","Le indennità percepite per le trasferte o le missioni fuori del territorio comunale concorrono a formare il reddito per la parte che eccede € 46,48 al giorno, elevati a € 77,47 per le trasferte all'estero",IRPEF,A REGIME,ESCLUSIONE,Non quantificabile,"0,1","0,0",,,PERSONE FISICHE,X,61
2021,26: POLITICHE PER IL LAVORO,441,"Art. 51, comma 6, del TUIR, così come interpretato autenticamente dall'art. 7-quinquies, commi 1 e 2, D.L. n. 193 del 2016, convertito, con modificazioni, dalla L. n. 225 del 2016.",Le indennità e le maggiorazioni di retribuzione spettanti ai trasfertisti concorrono a formare il reddito nella misura del 50%,IRPEF,A REGIME,ESCLUSIONE,Non quantificabile,"0,1","0,0",,,PERSONE FISICHE,X,61
2021,26: POLITICHE PER IL LAVORO,442,"Art. 51, comma 7, del TUIR","Le indennità di trasferimento, quelle di prima sistemazione e quelle equipollenti non concorrono a formare il reddito nella misura del 50% per un importo complessivo annuo non superiore a € 1549,37 per i trasferimenti all'interno del territorio nazionale ed € 4648,11 per quelli fuori del territorio nazionale o in destinazione a quest'ultimo Le indennità di trasferimento, quelle di prima sistemazione e quelle equipollenti non concorrono a formare il reddito nella misura del 50% per un importo complessivo annuo non superiore a € 1549,37 per i trasferimenti all'interno del territorio nazionale ed € 4648,11 per quelli fuori del territorio nazionale o in destinazione a quest'ultimo",IRPEF,A REGIME,ESCLUSIONE,Non quantificabile,"0,1","0,0",,,PERSONE FISICHE,X,61
2021,26: POLITICHE PER IL LAVORO,443,"Art. 51, comma 8, del TUIR, modificato dall'art. 1, comma 319, della L. n. 190 del 2014, autenticamente interpretato dall'art. 1, comma 271, della L. n. 205 del 2017",Gli assegni di sede e le altre indennità percepite per servizi prestati all'estero costituiscono reddito nella misura del 50%,IRPEF,A REGIME,ESCLUSIONE,Non quantificabile,2023,2024,,,PERSONE FISICHE,X,62
2021,26: POLITICHE PER IL LAVORO,444,"Art. 51, comma 8-bis, del TUIR, così come autenticamente interpretato dall'art. 5, comma 5, della L. n. 88 del 2001","Il reddito di lavoro dipendente, prestato all'estero in via continuativa e come oggetto esclusivo del rapporto da dipendenti che nell'arco di dodici mesi soggiornano nello Stato estero per un periodo superiore a 183 giorni, è determinato sulla base di retribuzioni convenzionali. La disposizione non è applicabile al reddito derivante dall'attività prestata per un periodo superiore a 183 giorni nell'arco di dodici mesi sulle navi battenti bandiera estera. Tale reddito continua a essere escluso dalla base imponibile fiscale.",IRPEF,A REGIME,ESCLUSIONE,Non quantificabile,2023,2024,,,PERSONE FISICHE,X,62
2021,26: POLITICHE PER IL LAVORO,445,"Art. 52, comma 1, lett. a-bis, del TUIR",I compensi percepiti per attività libero professionale intramuraria costituiscono reddito nella misura del 75%,IRPEF,A REGIME,ESCLUSIONE,"-95,6","-95,6","-95,6",54.802,"-1.743,8",PERSONE FISICHE,X,62
2021,26: POLITICHE PER IL LAVORO,446,"Art. 52, comma 1, lett. b), del TUIR","Nonconcorrono a formare il reddito le somme erogate a titolo dirimborso dispese aititolari dicariche elettive, nonché a coloro che esercitano le funzioni di cuiagli artt. 114 e 135 della Costituzione . Gli assegnivitalizi sono assoggettati a tassazione per la quota parte che non deriva da fonti riferibili a trattenute effettuate al percettore già assoggettate a ritenute fiscali. Detta quota parte è determinata per ciascun periodo d'imposta.",IRPEF,A REGIME,ESCLUSIONE,"-54,5","-54,5","-54,5",67.051,"-812,9",PERSONE FISICHE,X,62
2021,26: POLITICHE PER IL LAVORO,447,Art. 4 del D.P.R. n. 601/73,Esenzione dall'IRPEF dei redditi derivanti dall'esercizio della funzione di ambasciatori e agenti diplomatici degli Stati esteri accreditati in Italia.,IRPEF,A REGIME,ESENZIONE,"-10,0","-10,0","-10,0",,,SOGGETTI E CATEGORIE PARTICOLARI,X,62
2021,26: POLITICHE PER IL LAVORO,448,"Art. 9, comma 2, della L. n. 53 del 1990",Gli onorari corrisposti ai membri dei seggi elettorali costituiscono rimborso spese fisso forfetario non assoggettabile a ritenute o imposte e non concorrono alla formazione della base imponibile ai fini fiscali,IRPEF,A REGIME,ESCLUSIONE,Non quantificabile,"-10,0","-10,0",,,PERSONE FISICHE,X,62
2021,26: POLITICHE PER IL LAVORO,449,"Art. 54-bis, comma 4, D.L. n. 50 del 2017 convertito, con modificazioni dallla L. n. 96 del 2017",Esenzione dei redditi derivanti da prestazioni di lavoro occasionali per tali intendendosi quelle di importo non supeiore complessivamente nell'anno a 5000 euro,IRPEF,A REGIME,ESENZIONE,Non quantificabile,"-10,0","-10,0",,,PERSONE FISICHE,,62
2021,26: POLITICHE PER IL LAVORO,450,"Art. 24, comma 3-bis, del TUIR, inserito dall'art. 7, comma 1, della L. n. 161 del 2014, modificato dall'art. 1, comma 954, lettera c), della L. n. 208 del 2015",Riconoscimento di tutte le agevolazioni fiscali previste per i residenti in Italia ai soggetti non residenti che producono in Italia almeno il 75% del loro reddito complessivo e che non godono di analoghe agevolazioni nel Paese di residenza. Procedura di infrazione n. 2013/2027,IRPEF,A REGIME,DETRAZIONE/DEDUZI ONE,"-3,7","-3,7","-3,7",3.201,"-1.169,6",PERSONE FISICHE,X,62
2021,26: POLITICHE PER IL LAVORO,451,"Art. 3, terzo comma, del D.P.R. 633/72","Non assoggettamento ad IVA delle somministrazioni nelle mense aziendali, delle prestazioni di trasporto, didattiche, educative e ricreative, di assistenza sociale e sanitaria, a favore del personale dipendente.",IVA,A REGIME,ESCLUSIONE,Non quantificabile,"-3,7","-3,7",,,PERSONE FISICHE,X,62
2021,26: POLITICHE PER IL LAVORO,452,"Art. 2, comma 514, della L. n. 244/07; decreto del Ministero dell'economia e delle finanze 20 marzo 2008",Detrazione sulle indennità di fine rapporto di importo minimo,IRPEF,A REGIME,DETRAZIONE,"-183,1","-183,1","-183,1",3.740.025,"-49,0",PERSONE FISICHE,X,62
2021,26: POLITICHE PER IL LAVORO,453,"Art. 1, comma 9, della L. n. 296/06","Clausola di salvaguardia per le indennità di fine rapporto di cui all'art. 17, comma 1, lett. a), del TUIR con blocco delle aliquota a quelle del 31 dicembre 2006",IRPEF,A REGIME,RIDUZIONE DI ALIQUOTA,"-161,5","-161,5","-161,5",659.212,"-245,0",PERSONE FISICHE,X,62
2021,26: POLITICHE PER IL LAVORO,454,"Art. 11 del D. Lgs. 47/2000 modificato dall'art. 1, comma 693, della L. n. 190 del 2014",Applicazione dell'imposta sostitutiva del 17% sulle rivalutazioni del TFR maturate dal 2001,IRPEF,A REGIME,REGIME SOSTITUTIVO,"-169,7","-169,7","-169,7",,,PERSONE FISICHE,X,62
2021,26: POLITICHE PER IL LAVORO,455,"Art. 54-bis, comma 1, lett. c-bis) del D.L. n. 50 del 2017 convertito, con modificazioni, dalla L. n. 96 del 2017, come introdotto dall'art. 1, comma 368 della L. n. 205 del 2017.","Le prestazioni di lavoro occasionale per attivita' di cui al decreto del Ministro dell'interno 8 agosto 2007, sono esenti da IRPEF qualora i compensi non siano di importo complessivo superiore a 5.000 euro per ciascun utilizzatore.",IRPEF,A REGIME,ESENZIONE,"0,0","0,0","0,0",,,PERSONE FISICHE,,62
2021,26: POLITICHE PER IL LAVORO,456,"Art. 1, comma 468 della L. n. 205 del 2017","Ai consiglieri di Stato spetta il rimborso delle spese, ai sensi della legge 18 dicembre 1973, n. 836, o, a scelta dell'interessato, l'indennita' di trasferta, ai sensi dell'articolo 3, comma 79, della legge 24 dicembre 2003, n. 350, e successive modificazioni, a titolo risarcitorio indennitario, in relazione al mantenimento della residenza nel territorio della provincia di Bolzano, nel limite di spesa pari a 50.000 euro annui a decorrere dal 2018.",IRPEF,A REGIME,ESCLUSIONE,Non quantificabile,"0,0","0,0",,,PERSONE FISICHE,,62
2021,26: POLITICHE PER IL LAVORO,457,"Art. 1, comma 511 della L. n. 205 del 2017.",Esclusione dall' IRPEF dei proventi dell'apicoltura condotta da apicoltori con meno di 20 alveari e ricadenti nei comuni classificati montani.,IRPEF,A REGIME,ESCLUSIONE,"-1,1","-1,1","-1,1",,,PERSONE FISICHE,,62
2021,26: POLITICHE PER IL LAVORO,458,"Art. 41, comma 3, D.L. 8 aprile 2020, n. 23","Inmateria di cassa integrazione inderoga, le domande presentate ai sensi dell’art. 22, comma 4, Decreto-Legge n. 18/2020, sono esenti dall'imposta di bollo.",IMPOSTA DI BOLLO,A REGIME,ESENZIONE,"0,0","0,0","0,0",,,PERSONE FISICHE E GIURIDICHE,,62
2021,26: POLITICHE PER IL LAVORO,459,"Art. 45, comma 2 del D.Lgs n.95/2017; D.P.C.M. 12 aprile 2019.",Riduzione dell'IRPEF e relative addizionali sul trattamento economico accessorio del personale delle Forze di polizia e Forze armate con reddito non superiore a 28.000 euro.,IRPEF,A REGIME,ESCLUSIONE,"-24,3","-24,3","-24,3",41.762,"-581,9",PERSONE FISICHE,,62
2021,26: POLITICHE PER IL LAVORO,460,"Art. 1, comma 12 della L. n. 160 del 2019","Non imponiblità ai fini IRPEF della liquidazione anticipata, in un’unica soluzione, della NASpI destinata alla sottoscrizione di capitale sociale da parte del socio lavoratore di cooperativa. Non imponiblità ai fini IRPEF della liquidazione anticipata, in un’unica soluzione, della NASpI destinata alla sottoscrizione di capitale sociale da parte del socio lavoratore di cooperativa.",IRPEF,A REGIME,ESCLUSIONE,"-0,6","-0,6","-0,6",,,PERSONE FISICHE,,62
2021,26: POLITICHE PER IL LAVORO,461,"Art. 1, commi 117-123 L. n. 178 del 2020","Viene introdotto un credito d'imposta a favore dei soggetti esercenti l'attività di cuoco professionista presso alberghi e ristoranti, sia come lavoratore dipendente sia come lavoratore autonomo in possesso di partita IVA, fino al40 per cento delcosto per le spese per l'acquisto di benistrumentali durevoliovvero per la partecipazione a corsi di aggiornamento professionale, strettamente funzionali all'esercizio dell'attività, sostenute tra il 1° gennaio 2021 e il 30 giugno 2021. Il predetto credito d'imposta, utilizzabile esclusivamente in compensazione, ai sensidell'articolo 17 deldecreto legislativo 9 luglio 1997, n. 241, nonconcorre alla formazione del reddito ai fini delle imposte sui redditi e del valore della produzione ai fini dell'imposta regionale sulle attivita' produttive e non rileva ai fini del rapporto di cui agli articoli 61 e 109, comma 5, del TUIR. Spetta fino a un massimo di 6.000 euro, nel limite massimo di spesa complessivo di 1 milione di euro per ciascuno degli anni 2021, 2022 e 2023.",IRPEF,2021,CREDITO D'IMPOSTA,"-1,0","-1,0","0,0",,,PERSONE FISICHE,,63
2021,26: POLITICHE PER IL LAVORO,462,"Art. 1, comma 271 L. n. 178 del 2020","Esenzione IRPEF per importi del TFR dei lavoratori destinati alla sottoscrizione di capitale sociale delle cooperative costituite ai sensi dell’art. 23, co. 3-quater, del D.L. n. 83 del 2012.",IRPEF,A REGIME,ESCLUSIONE,"-4,2","-3,7","-3,7",,,PERSONE FISICHE,,63
2021,26: POLITICHE PER IL LAVORO,463,"Art. 1, comma 272, della legge 30 dicembre 2020, n. 178","Le operazioni di cessione a titolo gratuito di aziende da parte dei titolari ai lavoratori provenienti dalle aziende medesime sono esenti dall'imposta sulle successioni e donazioni ex art. 3, comma 4-ter, del d.lgs. 31 ottobre 1990, n. 346.",IMPOSTE SU SUCCESSIONI E DONAZIONI,A REGIME,ESENZIONE,"-1,8","-1,8","-1,8",25,,SOGGETTI E CATEGORIE PARTICOLARI,,63
2021,26: POLITICHE PER IL LAVORO,464,"Art.1, comma 288 L. n. 160 del 2019; art. 1, comma 1097 L. n. 178 del 2020","I rimborsi relativi agli acquisti effettuati, mediante strumenti di pagamento elettronici, dalle persone fisiche maggiorenni residenti nel territorio dello Stato, al di fuori dell'esercizio di attività d'impresa, arte o professione non concorrono a formare il reddito del percipiente.",IRPEF,A REGIME,ESCLUSIONE,"0,0","0,0","0,0",,,PERSONE FISICHE,,63
2021,26: POLITICHE PER IL LAVORO,465,"Art.1, commi 386-396, L. n. 178/2020","Riconoscimento, in via sperimentale per il triennio 2021-2023, di una indennità straordinaria di continuità reddituale e operativa (ISCRO) a favore dei soggetti iscritti alla Gestione separata di cui all'articolo 2, comma 26, della legge 8 agosto 1995, n. 335, che esercitano per professione abituale attività di lavoro autonomo di cui al comma 1, dell'articolo 53 del TUIR e che siano in possesso di determinati requisiti oggettivi e soggettivi. L'indennità non concorre alla formazione del reddito ai fini Irpef.",IRPEF,2023,ESCLUSIONE,"0,0","0,0","0,0",,,PERSONE FISICHE,,63
2021,28: SVILUPPO E RIEQUILIBRIO TERRITORIALE,466,Art. 1 Ordinanza del PCM del 13 agosto 2010 n. 3892,"Esenzione da imposta sulle successioni, ipotecaria e catastale, di bollo e dalle altre tasse e diritti per le successioni a favore del coniuge e dei parenti di primo grado delle persone decedute a causa del sisma del 6 aprile 2009 nella regione Abruzzo","IMPOSTE SULLE SUCCESSIONI, DI BOLLO E IPOCATASTALI",A REGIME,ESENZIONE,"-0,5","-0,5","-0,5",,,PERSONE FISICHE,X,63
2021,28: SVILUPPO E RIEQUILIBRIO TERRITORIALE,467,"Art. 73 della legge 14 maggio 1981, n. 219",Esenzione da imposte e tributi per gli attie provvedimentirelativi alla ricostruzione e sviluppo delle zone colpite dal terremoto del novembre 1980 e del febbraio 1981,"IMPOSTE DI REGISTRO, DI BOLLO E IPOCATASTALI",A REGIME,ESCLUSIONE,"-0,5","-0,5","-0,5",,,PERSONE FISICHE E GIURIDICHE,X,63
2021,28: SVILUPPO E RIEQUILIBRIO TERRITORIALE,468,"Art. 28 della legge 5 ottobre 1962, n. 1431;",Esenzione da imposte e tributi per gli atti relativi alla ricostruzione delle zone colpite dal terremoto dell'agosto del 1962,"IMPOSTE DI REGISTRO, DI BOLLO E IPOCATASTALI",A REGIME,ESENZIONE,"-0,5","-0,5","-0,5",,,PERSONE FISICHE E GIURIDICHE,X,63
2021,28: SVILUPPO E RIEQUILIBRIO TERRITORIALE,469,"Art.8, comma 4, D.L. n. 70 del 2011.",Tassazione dei titoli per il finanziamento di iniziative economiche nel Mezzogiorno emessi da banche con scadenza non inferiore a 18 mesi riduzione a metà della ritenuta,IMPOSTA SOSTITUTIVA,A REGIME,RIDUZIONE DI ALIQUOTA,"-7,8","-7,8","0,0",,,PERSONE FISICHE,X,63
2021,28: SVILUPPO E RIEQUILIBRIO TERRITORIALE,470,"Art. 8, comma 10, lettera c) della L. n. 448/98 e art.2, comma 12 della L. n. 203/08","Gasolio e GPL impiegati per riscaldamento in aree geograficamente o climaticamente svantaggiate (zone montane, Sardegna, isole minori) - Riduzione di prezzo",ACCISA,La misura agevolativa ha natura temporanea ed è stata prorogata fino al 31/12/2024 dal Consiglio dell'Unione europea con Decisione di esecuzione (UE) 2019/814 del 17 maggio 2019,RIDUZIONE DI ALIQUOTA,"-138,8","-138,8","-138,8",,,SOGGETTI E CATEGORIE PARTICOLARI,X,63
2021,28: SVILUPPO E RIEQUILIBRIO TERRITORIALE,471,"Art. 10, comma 1-bis, del D.L. 28 aprile 2009, n. 39. Art. 70 D.L. 1/2012 - D.M. 26/06/2012",ZFU per il sisma L’Aquila. Agevolazione concessa nel de minimis.,IRPEF/IRES/IRAP/IMU,2026,REGIME SPECIALE,"-0,5","-0,5","-0,5",419,"-1.153,8",IMPRESE E SOCIETA',X,63
2021,28: SVILUPPO E RIEQUILIBRIO TERRITORIALE,472,"Art. 37 del D.L. 18 ottobre 2012, n. 179. Art. 1, comma 319, della L. 27 dicembre 2013, n. 147. Art. 1 c. 603 – 604, L. n. 208/2015; DM 10/04/2013; DM 05/06/2017","ZFU Obiettivo Convergenza, Sulcis e Pelagie, nonché nuove ZFU non ricomprese nell'Obiettivo Convergenza (ZFU di Pescara, Matera, Velletri, Sora, Ventimiglia, Campobasso, Cagliari, Iglesias, Quartu Sant'Elena, Massa- Carrara) individuate dalla delibera CIPE n. 14 dell'8 maggio 2009 ZFU Obiettivo Convergenza, Sulcis e Pelagie, nonché nuove ZFU non ricomprese nell'Obiettivo Convergenza (ZFU di Pescara, Matera, Velletri, Sora, Ventimiglia, Campobasso, Cagliari, Iglesias, Quartu Sant'Elena, Massa- Carrara) individuate dalla delibera CIPE n. 14 dell'8 maggio 2009",IRPEF/IRES/IRAP/IMU,2027,REGIME SPECIALE,"-5,8","-5,8","-5,8",2.016,"-2.853,3",IMPRESE E SOCIETA',X,63
2021,28: SVILUPPO E RIEQUILIBRIO TERRITORIALE,473,"Art. 47 del D.L. n. 189/2016, convertito c.m. dalla L. n. 229/2016","Detassazione dicontributi, indennizie risarcimenticonnessi aglieventi sismicidel Centro Italia (nelrispetto della normativa europea in materia di aiuti di Stato - misura comunicata in esenzione alla Commissione europea)",IRPEF/IRES/IRAP,2021,ESCLUSIONE,Non quantificabile,2023,2024,,,IMPRESE E SOCIETA',,64
2021,28: SVILUPPO E RIEQUILIBRIO TERRITORIALE,474,"Art. 46 D.L. n. 50/2017; Art. 1, c. 745-748, L. n. 205/2017; Art. 1, c. 759, L. n. 145/2018; Art. 57, c. 6, lett. a), b), c), D.L. n. 104/2020","ZFU SISMA CENTRO ITALIA: contributo sotto forma di credito d'imposta in favore delle imprese con sede princpale o unità locale situata nei Comuni delle Regioni Lazio, Umbria, Marche e Abruzzo colpiti dalsisma del 2016 e 2017 in de minimis",IRPEF/IRES/IRAP/IMU,2022,REGIME SPECIALE,"-60,0","0,0","0,0",,,IMPRESE E TITOLARI DI LAVORO AUTONOMO,,64
2021,28: SVILUPPO E RIEQUILIBRIO TERRITORIALE,475,"Art. 1, c. 98-108, L n. 208/2015 ; art. 7-quater, D.L. n. 243/2016; art. 12, c. 1, D.L. n. 50/2017; art. 1, c. 892, L n. 205/2017; Art. 1, c. 319, L n. 160/2019; Art. 199, c. 5, D.L. n. 34/2020; Art. 1, c. 171, lett. b), L n. 178/2020",Credito d'impostaper nuovi investimenti Mezzogiorno (concesso ai sensi del Reg. UE 651/2014) utilizzabile esclusivamente in compensazione nella misura massima consentita dalla Carta degli aiuti a finalità regionale.,,2022,CREDITO D'IMPOSTA,"-1.332,9","0,0","0,0",41.868,"-31.834,8",IMPRESE E SOCIETA',,64
2021,28: SVILUPPO E RIEQUILIBRIO TERRITORIALE,476,"Art. 5, c. 2, del D.L. n. 91/2017; Art. 1, comma 316, lettera c), L n. 160/2019; inultimo, sostituito dall'art. 57, comma 1, lett. b), n. 4), D.L. 31 maggio 2021, n. 77.","CREDITO D'IMPOSTA PER INVESTIMENTI ZES: estensione del credito d'imposta di cui all'art. 1, c. 98 e ss., della legge n. 208/2015 per investimentiinbenistrumentali nuovidestinati a strutture produttive ubicate nelle ZES del Mezzorgiorno nel rispetto del Reg. UE 651/2014. Il predetto credito d'imposta, per effetto dell'art. 57, comma 1, lett. b), n. 4), D.L. 31 maggio 2021, n. 77, si applica nel limite massimo, per ciascunprogetto di investimento, di 100 milioni di euro (anzichè di 50 milioni di euro) ed è esteso all'acquisto di immobili strumentali agli investimenti.",,2022,CREDITO D'IMPOSTA,"-45,2","0,0","0,0",,,IMPRESE E SOCIETA',,64
2021,28: SVILUPPO E RIEQUILIBRIO TERRITORIALE,477,"Art. 48, comma 7, del decreto-legge 17 ottobre 2016, n. 189, prorogato dall'art. 43, comma 1, lett. a-bis), D.L. 24 aprile 2017, n. 50, prorogato dall'art. 15, comma 7- bis, D.L. 30 dicembre 2019, n. 162,in sede di conversione; prorogato dall'art. 17 ter, comma 3, D.L. 31.12.2020, n. 183.","Esenzione dall'imposta di bollo e di registro per le istanze, icontratti e i documentipresentati alla P.A. fino al 31 dicembre 2022 in esecuzione delle ordinanze commissariali per la ricostruzione.",IMPOSTE DI REGISTRO E DI BOLLO,2022,ESENZIONE,Non quantificabile,"0,0","0,0",,,PERSONE FISICHE E GIURIDICHE,,64
2021,28: SVILUPPO E RIEQUILIBRIO TERRITORIALE,478,"Art. 48, comma 7-bis, del decreto-legge 17 ottobre 2016, n. 189","Esenzione dall'imposta di successione, dalle imposte e tasse ipotecarie e catastali, dall'imposta di registro e di bollo per gli immobili demoliti o dichiarati inagibili a seguito degli eventi sismici verificatisi nei territori delle regioni Abruzzo, Lazio, Marche ed Umbria a far data dal 24 agosto 2016","IMPOSTE SULLE SUCCESSIONI, DI REGISTRO, BOLLO E IPOCATASTALI",A REGIME,ESENZIONE,Non quantificabile,"0,0","0,0",,,PERSONE FISICHE E GIURIDICHE,,64
2021,28: SVILUPPO E RIEQUILIBRIO TERRITORIALE,479,"Art. 3, c. 2, D.L. n. 109/2018","I contributi, gli indennizzi e i risarcimenti connessi al crollo, di qualsiasi natura e indipendentemente dalle modalità di fruizione e contabilizzazione, non concorrono alla formazione del reddito imponibile ai fini delle imposte sui redditi e dell'imposta regionale sulle attività produttive per le persone fisiche e giuridiche.",IRPEF/IRES/IRAP,A REGIME,ESENZIONE,"0,0","0,0","0,0",,,PERSONE FISICHE E GIURIDICHE,,64
2021,28: SVILUPPO E RIEQUILIBRIO TERRITORIALE,480,"Art. 25-octies, commi1-6, delD.L. n. 119 del2018. Art. 1 commi 573 e 574 della L. n. 160 del 2019, art. 129-bis D.L. n. 34 del 2020.",Determinazione agevolata del reddito e del valore della produzione netta per le persone fisiche e le imprese residenti a Campione d'Italia,IRPEF/IRES/IRAP,A REGIME,DEDUZIONE,"-19,7","-19,7","-19,7",,,PERSONE FISICHE E GIURIDICHE,,64
2021,28: SVILUPPO E RIEQUILIBRIO TERRITORIALE,481,Art . 9-ter del D.L. n.123/2019,"Estensione dell'imposta sostitutiva sui redditi delle persone fisiche titolari di redditi da pensione di fonte estera che trasferiscono la propria residenza fiscale nel Mezzogiorno ai sensi dell'articolo 24-ter del TUIR anche a coloro che trasferiscano la residenza in uno dei comuni interessati da eventi sismici con popolazione non superiore a 3.000 abitanti indicati negli allegati 1, 2 e 2-bis al decreto-legge 17 ottobre 2016, n. 189, convertito, con modificazioni, dalla legge 15 dicembre 2016, n. 229.",IRPEF,A REGIME,REGIME SOSTITUTIVO,"0,0","0,0","0,0",,,PERSONE FISICHE,,64
2021,28: SVILUPPO E RIEQUILIBRIO TERRITORIALE,482,"Art 1, comma 313, L n. 160/2019 che modifica l'art. 1, commi 61 e seguenti, L. n. 205/2017; (Art. 5 D.L. n. 91/2017); Art 48 quinquies D.L. 76/2020","Credito d'Imposta per investimenti ZLS: estensione del credito d'imposta di cui all'art. 1, c. 98 e ss., della legge n. 208/2015 per investimenti in beni strumentali nuovi destinati a strutture produttive ubicate nelle ZLS nel rispetto del Reg. UE 651/2014",,2022,CREDITO D'IMPOSTA,Non quantificabile,"0,0","0,0",,,IMPRESE E SOCIETA',,64
2021,28: SVILUPPO E RIEQUILIBRIO TERRITORIALE,483,"Art. 1, commida 574 a 576-bis, L. n. 160/2019; Art 129- bis, c. 1, lett. b), c), d), L. n. 34/2020; Art. 3, c. 11-ter, lett. a), D.L. n. 183/2020","Riduzione al 50% delle imposte sui redditi di impresa e dell'imposta regionale sulle attività produttive per le imprese localizzate nel Comune di Campione d'Italia (in regime ""de minimis""). Per il 2020 la maggiorazione si applica previo parere favorevole della Commissione europea, ai sensi dell’articolo 108, comma 3 TFUE, nel quadro del Temporary Framework degli aiuti di Stato nel quadro dell’emergenza. In deroga al comma 576, per il periodo d'imposta in corso al 31 dicembre 2020 e fino a quello in corso al 31 dicembre 2021, le agevolazioni si applicano nel limite dell'importo di 1.800.000 euro per ogni impresa. Tale limite è di 270.000 euro per ogni impresa attiva nel settore della pesca e dell'acquacoltura e di 225.000 euro per ogni impresa attiva nel settore della produzione primaria di prodotti agricoli. Riduzione al 50% delle imposte sui redditi di impresa e dell'imposta regionale sulle attività produttive per le imprese localizzate nel Comune di Campione d'Italia (in regime ""de minimis""). Per il 2020 la maggiorazione si applica previo parere favorevole della Commissione europea, ai sensi dell’articolo 108, comma 3 TFUE, nel quadro del Temporary Framework degli aiuti di Stato nel quadro dell’emergenza. In deroga al comma 576, per il periodo d'imposta in corso al 31 dicembre 2020 e fino a quello in corso al 31 dicembre 2021, le agevolazioni si applicano nel limite dell'importo di 1.800.000 euro per ogni impresa. Tale limite è di 270.000 euro per ogni impresa attiva nel settore della pesca e dell'acquacoltura e di 225.000 euro per ogni impresa attiva nel settore della produzione primaria di prodotti agricoli.",IRPEF/IRES/IRAP,2029,REGIME SPECIALE,Stima compresa nella misura 480,"0,0","0,0",,,IMPRESE E SOCIETA',,64
2021,28: SVILUPPO E RIEQUILIBRIO TERRITORIALE,484,"Art. 1, commi da 577 a 579, L n. 160/2019;Art 129-bis, c. 1, lett. e), f), g), L n. 34/2020; Art. 3, c. 11-ter, lett. b), D.L. n. 183/2020","Credito d'imposta per investimenti nel Comune di Campione d'Italia (da notificare ai sensi dell'articolo 108, paragrafo 3, del TFUE all'autorizzazione della Commissione europea). Per il 2020 la maggiorazione si applica previo parere favorevole della Commissione europea, ai sensi dell’articolo 108, comma 3 TFUE, nel quadro del Temporary Framework degli aiuti di Stato nel quadro dell’emergenza. Ai sensi del comma 577-bis, per il periodo d'imposta in corso al 31 dicembre 2020 e fino a quello in corso al 31 dicembre 2021, alle imprese che effettuano gli investimenti di cui al comma 577 il credito d'imposta è riconosciuto, in deroga alle disposizioni del medesimo comma 577, in misura pari ai costi sostenuti nel limite dell'importo di 1.800.000 euro per ogni impresa. Tale limite è di 270.000 euro per ogni impresa attiva nel settore della pesca e dell'acquacoltura e di 225.000 euro per ogni impresa attiva nel settore della produzione primaria di prodotti agricoli.",,2024,CREDITO D'IMPOSTA,Non quantificabile,2023,2024,,,IMPRESE E SOCIETA',,65
2021,28: SVILUPPO E RIEQUILIBRIO TERRITORIALE,485,"Art. 244 D.L. n. 34/2020; Art. 1, c. 185-187 L. n. 178/2020","Credito d’imposta per gli investimenti in attività di ricerca e sviluppo (di cui all’articolo 1, comma 200, della legge n. 160 del 2019), inclusi i progetti diricerca e sviluppo inmateria diCovid-19, per le imprese operanti nel Mezzogiorno, potenziato al 25% per le grandi imprese, al 35% per le medie imprese e al 45% per le piccole imprese. La misura si applica nel rispetto dei limiti e delle condizioni di cui al regolamento (UE) n. 651/2014, e in particolare dell’articolo 25.",,2022,CREDITO D'IMPOSTA,"-45,4","-90,8","-90,8",3.925,"-11.567,9",IMPRESE E SOCIETA',,65
2021,28: SVILUPPO E RIEQUILIBRIO TERRITORIALE,486,"Art. 1, c. 173-176, L n. 178/2020","Riduzione del 50%, per sette annualità, dell’imposta sul reddito realizzato dalle imprese che intraprendono una nuova attività nelle Zone economiche speciali istituite nel Mezzogiorno d'Italia, a condizione che, per almeno dieci anni, sia mantenuta l’attività e siano conservati i relativi posti di lavoro (nel rispetto del de minimis).",IRES,A REGIME,ESENZIONE,"-11,2","-17,6","-24,0",,,IMPRESE E SOCIETA',,65
2021,29: POLITICHE ECONOMICO-FINANZIARIE E DI BILANCIO E TUTELA DELLA FINANZA PUBBLICA,487,"Art. 148, TUIR (il comma 3 è stato modificato dall'art. 89, c. 4, D.Lgs. n. 117/2017, a decorrere dal 3 agosto 2017, dall'art. 1, c. 1022, L. n. 145/2018 e dall'art. 14, c. 1, D.L. n. 34/2019)","Noncommercialità delle attività svolte dagli enti associativi - convarie limitazioni sia soggettive che oggettive - in favore degli associati o partecipanti, in conformità alle finalità istituzionali.",IRES,A REGIME,ESCLUSIONE,Non quantificabile,"-17,6","-24,0",,,ASSOCIAZIONI ENTI NO PROFIT ONLUS,X,65
2021,29: POLITICHE ECONOMICO-FINANZIARIE E DI BILANCIO E TUTELA DELLA FINANZA PUBBLICA,488,"Art. 150, TUIR",Per le ONLUS non costituisce esercizio di attività commerciali lo svolgimento delle attività istituzionali nel perseguimento di esclusive finalità di solidarietà sociale. I proventi derivanti dall'esercizio delle attività direttamente connesse non concorrono alla formazione del reddito imponibile.,IRES,A REGIME,ESCLUSIONE,Non quantificabile,"-17,6","-24,0",,,ASSOCIAZIONI ENTI NO PROFIT ONLUS,X,65
2021,29: POLITICHE ECONOMICO-FINANZIARIE E DI BILANCIO E TUTELA DELLA FINANZA PUBBLICA,489,"Art. 24-bis del TUIR introdotto dall'art. 1, commi da 152 a 159, L. 11 dicembre 2016, n. 232","Facoltà concessa alle persone fisiche che trasferiscono la propria residenza in Italia e che non sono state residenti fiscalmente inItalia per untempo almeno paria nove periodi d’imposta nel corso dei dieciprecedenti l’esercizio dell’opzione per l’imposta sostitutiva, di optare, per un periodo non superiore a 15 anni, per l’applicazione sui redditi prodotti all’estero, a prescindere dall’importo degli stessi, di un’imposta sostitutiva dell’imposta sui redditi delle persone fisiche forfetaria pari a 100.000 euro per ciascun periodo d’imposta.",IRPEF,A REGIME,REGIME SOSTITUTIVO,Non quantificabile,"-17,6","-24,0",,,PERSONE FISICHE,,65
2021,29: POLITICHE ECONOMICO-FINANZIARIE E DI BILANCIO E TUTELA DELLA FINANZA PUBBLICA,490,"Art. 1, commi 273 e 274 della L. n. 145 del 2018",Opzione per l'imposta sostitutiva per i titolari di redditi da pensione di fonte straniera che trasferiscono la residenza nel Mezzogiorno,IRPEF,A REGIME,REGIME SOSTITUTIVO,Non quantificabile,"-17,6","-24,0",,,PERSONE FISICHE,,65
2021,29: POLITICHE ECONOMICO-FINANZIARIE E DI BILANCIO E TUTELA DELLA FINANZA PUBBLICA,491,"Art. 147, TUIR","Rinvio all'art 15, c. 1, lett. a), lett. g), lett.h), lett. h-bis, lett. i), lett. i-bis, lett. i-quater e lett. i-octies del Tuir. Dall'imposta lorda si detrae un importo pari al 19 per cento degli oneri di cui alle lettere citate sostenuti dal contribuente, se non deducibili nella determinazione dei singoli redditi che concorrono a formare il reddito complessivo.",IRES,A REGIME,DETRAZIONE,"-12,6","-12,6","-12,6",374,"-33.595,6",ASSOCIAZIONI ENTI NO PROFIT ONLUS,X,65
2021,29: POLITICHE ECONOMICO-FINANZIARIE E DI BILANCIO E TUTELA DELLA FINANZA PUBBLICA,492,"Art. 145, TUIR","La norma prevede, per gli enti non commerciali ammessi al regime di contabilità semplificata, la possibilità di optare per la determinazione forfetaria del reddito d'impresa, applicando all'ammontare dei ricavi conseguiti un coefficiente di redditività corrispondente ad una classe determinata in base all'ammontare dei ricavi stessi, ed incrementando l'importo così determinato dei componenti di reddito di cui agli artt. 86, 88, 89 e 90 del TUIR.",IRES,A REGIME,REGIME FORFETARIO,"-2,4","-2,4","-2,4",3.777,"-633,6",ASSOCIAZIONI ENTI NO PROFIT ONLUS,X,65
2021,29: POLITICHE ECONOMICO-FINANZIARIE E DI BILANCIO E TUTELA DELLA FINANZA PUBBLICA,493,"Art. 146 (rinvio all'art. 10, c. 1, lett.a), f) e g), TUIR","Deduzione dal reddito complessivo deglienti noncommerciali deicanoni, livelli, censi, ed altri onerigravanti sui redditi degli immobili che concorrono a formare il reddito complessivo, delle somme corrisposte ai chiamati ad adempiere funzioni presso uffici elettorali e dei contributi, donazioni e oblazioni a favore di organizzazioni non governative fino al 2% del reddito complessivo dichiarato.",IRES,A REGIME,DEDUZIONE,"-0,7","-0,7","-0,7",772,"-959,8",ASSOCIAZIONI ENTI NO PROFIT ONLUS,X,65
2021,29: POLITICHE ECONOMICO-FINANZIARIE E DI BILANCIO E TUTELA DELLA FINANZA PUBBLICA,494,Art. 7 del D.P.R. n. 601/1973,Il reddito derivante dall'esercizio di attività commerciali svolte in occasione di manifestazioni propagandistiche da partiti politici rappresentati nelle assemblee nazionali o regionali è esente da IRES.,IRES,A REGIME,ESENZIONE,Effetti di trascurabile entità,"-0,7","-0,7",,,ASSOCIAZIONI ENTI NO PROFIT ONLUS,X,65
2021,29: POLITICHE ECONOMICO-FINANZIARIE E DI BILANCIO E TUTELA DELLA FINANZA PUBBLICA,495,"Art. 143, comma 3, TUIR","Esclusioni dalla base imponibile degli enti noncommerciali deiseguenti proventi: a) fondipervenuti a seguito di raccolte pubbliche effettuate occasionalmente, in concomitanza di celebrazioni, ricorrenze, campagne di sensibilizzazione; b) contributi corrisposti da amministrazioni pubbliche per lo svolgimento di attività in regime di convenzione o accreditamento, aventi finalità sociali esercitate in conformità alle finalità istituzionali. Esclusioni dalla base imponibile degli enti noncommerciali deiseguenti proventi: a) fondipervenuti a seguito di raccolte pubbliche effettuate occasionalmente, in concomitanza di celebrazioni, ricorrenze, campagne di sensibilizzazione; b) contributi corrisposti da amministrazioni pubbliche per lo svolgimento di attività in regime di convenzione o accreditamento, aventi finalità sociali esercitate in conformità alle finalità istituzionali.",IRES,A REGIME,ESCLUSIONE,Non quantificabile,"-0,7","-0,7",,,ASSOCIAZIONI ENTI NO PROFIT ONLUS,X,65
2021,29: POLITICHE ECONOMICO-FINANZIARIE E DI BILANCIO E TUTELA DELLA FINANZA PUBBLICA,496,"Art. 1, commi da 44 a 47, legge 30 dicembre 2020, n. 178",Concorso alla formazione della base imponibile nella misura del 50 per cento per gli utili percepiti da enti non commerciali residenti e stabili organizzazioni di enti non commerciali non residenti.,IRES,A REGIME,ESENZIONE,"-50,2","-50,2","-50,2",,,ASSOCIAZIONI ENTI NO PROFIT ONLUS,,66
2021,29: POLITICHE ECONOMICO-FINANZIARIE E DI BILANCIO E TUTELA DELLA FINANZA PUBBLICA,497,"Art. 2, D.P.R. n. 601/1973","Esenzione per i fabbricati di proprietà della Santa Sede indicati negli artt. 13, 14, 15 e 16 del Trattato lateranense",IRES,A REGIME,ESENZIONE,Non quantificabile,"-50,2","-50,2",,,SOGGETTI E CATEGORIE PARTICOLARI,X,66
2021,29: POLITICHE ECONOMICO-FINANZIARIE E DI BILANCIO E TUTELA DELLA FINANZA PUBBLICA,498,"Art. 21-bis del D.L. n. 83/2015, come modificato dall'art. 1, comma 618, lett. a), L. 28 dicembre 2015, n. 208 (D.M. 23 dicembre 2015)","Credito d’imposta per i procedimenti di negoziazione assistita e arbitrato (cd. incentivo fiscale alla ""degiurisdizionalizzazione"") utilizzabile in compensazione, commisurato al compenso fino a concorrenza di 250 euro.",,A REGIME,CREDITO D'IMPOSTA,"-15,0","-15,0","-15,0",,,PERSONE FISICHE E GIURIDICHE,X,66
2021,29: POLITICHE ECONOMICO-FINANZIARIE E DI BILANCIO E TUTELA DELLA FINANZA PUBBLICA,499,"Art. 74, comma 1, lett. a), del D.P.R. n. 633/72",Regime speciale monofase per i tabacchi lavorati,IVA,A REGIME,REGIME SPECIALE,Non quantificabile,"-15,0","-15,0",,,SOGGETTI E CATEGORIE PARTICOLARI,X,66
2021,29: POLITICHE ECONOMICO-FINANZIARIE E DI BILANCIO E TUTELA DELLA FINANZA PUBBLICA,500,"Art. 74, comma 1, lett. b), del D.P.R. n. 633/72",Regime speciale monofase per i fiammiferi,IVA,A REGIME,REGIME SPECIALE,Non quantificabile,"-15,0","-15,0",,,SOGGETTI E CATEGORIE PARTICOLARI,X,66
2021,29: POLITICHE ECONOMICO-FINANZIARIE E DI BILANCIO E TUTELA DELLA FINANZA PUBBLICA,501,"Art. 74, comma 1, lett. c), del D.P.R. n. 633/72",Regime speciale monofase per il settore editoriale,IVA,A REGIME,REGIME SPECIALE,"-154,3","-154,3","-154,3",,,SOGGETTI E CATEGORIE PARTICOLARI,X,66
2021,29: POLITICHE ECONOMICO-FINANZIARIE E DI BILANCIO E TUTELA DELLA FINANZA PUBBLICA,502,"Art. 74, comma 1, lett. d), del D.P.R. n. 633/72",Regime speciale monofase per le schede telefoniche,IVA,A REGIME,REGIME SPECIALE,Non quantificabile,"-154,3","-154,3",,,SOGGETTI E CATEGORIE PARTICOLARI,X,66
2021,29: POLITICHE ECONOMICO-FINANZIARIE E DI BILANCIO E TUTELA DELLA FINANZA PUBBLICA,503,Art. 74-ter del D.P.R. n. 633/72,Regime speciale per le agenzie di viaggio con detraibilità base da base,IVA,A REGIME,REGIME SPECIALE,Effetti di trascurabile entità,"-154,3","-154,3",,,SOGGETTI E CATEGORIE PARTICOLARI,X,66
2021,29: POLITICHE ECONOMICO-FINANZIARIE E DI BILANCIO E TUTELA DELLA FINANZA PUBBLICA,504,Art. 74-quater del D.P.R. n. 633/72,Regime speciale per le attività spettacolistiche semplificazione degli obblighi formali e sostanziali dell'IVA,IVA,A REGIME,REGIME SPECIALE,Non quantificabile,"-154,3","-154,3",,,SOGGETTI E CATEGORIE PARTICOLARI,X,66
2021,29: POLITICHE ECONOMICO-FINANZIARIE E DI BILANCIO E TUTELA DELLA FINANZA PUBBLICA,505,Art. 40-bis del D.L. n. 41 del 23 febbraio 1995.,Regime speciale per le vendite all'asta applicazione dell'imposta sul margine,IVA,A REGIME,REGIME SPECIALE,Effetti di trascurabile entità,"-154,3","-154,3",,,SOGGETTI E CATEGORIE PARTICOLARI,X,66
2021,29: POLITICHE ECONOMICO-FINANZIARIE E DI BILANCIO E TUTELA DELLA FINANZA PUBBLICA,506,Artt. da 36 a 40 del D.L. n. 41/1995,"Regime del margine per i beni usati, oggetti d'arte, d'antiquario e da collezione applicazione dell'imposta sul margine",IVA,A REGIME,REGIME SPECIALE,Effetti di trascurabile entità,"-154,3","-154,3",,,SOGGETTI E CATEGORIE PARTICOLARI,X,66
2021,29: POLITICHE ECONOMICO-FINANZIARIE E DI BILANCIO E TUTELA DELLA FINANZA PUBBLICA,507,Artt. da 36 a 40 del D.L. n. 41/1995,Regime del margine per le auto usate applicazione dell'imposta sul margine,IVA,A REGIME,REGIME SPECIALE,Effetti di trascurabile entità,"-154,3","-154,3",,,SOGGETTI E CATEGORIE PARTICOLARI,X,66
2021,29: POLITICHE ECONOMICO-FINANZIARIE E DI BILANCIO E TUTELA DELLA FINANZA PUBBLICA,508,"Art. 2, secondo comma, n. 4, del D.P.R. 633/72","Cessioni gratutire di beni a titolo di omaggio: nonassoggettamento ad Iva condetraibilità dell'Iva a monte, delle cessioni gratuite di beni di valore inferiore ad euro 50,00 che non rientrano nell'attività propria di produzione o commercio dell'impresa",IVA,A REGIME,ESCLUSIONE,Non quantificabile,"-154,3","-154,3",,,PERSONE FISICHE E GIURIDICHE,X,66
2021,29: POLITICHE ECONOMICO-FINANZIARIE E DI BILANCIO E TUTELA DELLA FINANZA PUBBLICA,509,"Art. 2, secondo comma, n. 4, del D.P.R. 633/72","Non assoggettamento ad IVA delle cessioni gratuite di beni di valore inferiore ad euro 50,00",IVA,A REGIME,ESCLUSIONE,Non quantificabile,"-154,3","-154,3",,,PERSONE FISICHE E GIURIDICHE,X,66
2021,29: POLITICHE ECONOMICO-FINANZIARIE E DI BILANCIO E TUTELA DELLA FINANZA PUBBLICA,510,"Art. 2, terzo comma, lett. a), del D.P.R. 633/72",Non assoggettamento ad IVA dei contributi a fondo perduto,IVA,A REGIME,ESCLUSIONE,Non quantificabile,"-154,3","-154,3",,,PERSONE FISICHE E GIURIDICHE,X,66
2021,29: POLITICHE ECONOMICO-FINANZIARIE E DI BILANCIO E TUTELA DELLA FINANZA PUBBLICA,511,"Art. 2, terzo comma, lett. m), del D.P.R. 633/72",Non assoggettamento ad IVA delle cessioni di beni relativi alle operazioni e concorsi a premi,IVA,A REGIME,ESCLUSIONE,Non quantificabile,"-154,3","-154,3",,,PERSONE FISICHE,X,66
2021,29: POLITICHE ECONOMICO-FINANZIARIE E DI BILANCIO E TUTELA DELLA FINANZA PUBBLICA,512,"Art. 3, terzo comma, del D.P.R. 633/72","Non assoggettamento ad IVA delle prestazioni gratuite di servizi di valore inferiore ad euro 50,00",IVA,A REGIME,ESCLUSIONE,Non quantificabile,"-154,3","-154,3",,,PERSONE FISICHE E GIURIDICHE,X,66
2021,29: POLITICHE ECONOMICO-FINANZIARIE E DI BILANCIO E TUTELA DELLA FINANZA PUBBLICA,513,"Art. 3, terzo comma, del D.P.R. 633/72","Non assoggettamento ad IVA delle operazioni di diffusione di messaggi, rappresentazioni, immagini o comunicazioni di pubblico interesse richieste o patrocinate dallo Stato o da enti pubblici",IVA,A REGIME,ESCLUSIONE,Non quantificabile,"-154,3","-154,3",,,STATO E ENTI PUBBLICI,X,66
2021,29: POLITICHE ECONOMICO-FINANZIARIE E DI BILANCIO E TUTELA DELLA FINANZA PUBBLICA,514,"Art. 3, quinto comma, del D.P.R. 633/72",Non assoggettamento ad IVA delle prestazioni relative agli spettacoli rese ai possessori di titoli per l'accesso gratuito rilasciati dagli organizzatori nel limite massimo del 5 per cento di capienza del locale o da determinati enti nel limite stabilito con provvedimento del Direttore dell'Agenzia delle entrate,IVA,A REGIME,ESCLUSIONE,Non quantificabile,"-154,3","-154,3",,,PERSONE FISICHE,X,66
2021,29: POLITICHE ECONOMICO-FINANZIARIE E DI BILANCIO E TUTELA DELLA FINANZA PUBBLICA,515,"Art. 4, quarto comma, del D.P.R. 633/72","Non assoggettamento ad IVA delle cessioni di beni e prestazioni di servizi ai soci, associati o partecipanti effettuate in conformita' alle finalita' istituzionali da associazioni politiche, sindacali e di categoria, religiose, assistenziali, culturali sportive dilettantistiche, di promozione sociale e di formazione extra-scolastica della persona in presenza di determinate condizioni",IVA,A REGIME,ESCLUSIONE,Non quantificabile,"-154,3","-154,3",,,PERSONE FISICHE,X,66
2021,29: POLITICHE ECONOMICO-FINANZIARIE E DI BILANCIO E TUTELA DELLA FINANZA PUBBLICA,516,"Art. 4, quinto comma, del D.P.R. 633/72",Non assoggettamento ad IVA delle mense e spacci militari,IVA,A REGIME,ESCLUSIONE,Non quantificabile,"-154,3","-154,3",,,PERSONE FISICHE,X,66
2021,29: POLITICHE ECONOMICO-FINANZIARIE E DI BILANCIO E TUTELA DELLA FINANZA PUBBLICA,517,"Art. 4, quinto comma, del D.P.R. 633/72","Nonassoggettamento ad IVA dei servizi di controllo qualitativo dei prodotti, compresa l'applicazione di marchi di qualità Nonassoggettamento ad IVA dei servizi di controllo qualitativo dei prodotti, compresa l'applicazione di marchi di qualità",IVA,A REGIME,ESCLUSIONE,Non quantificabile,"-154,3","-154,3",,,PERSONE FISICHE E GIURIDICHE,X,66
2021,29: POLITICHE ECONOMICO-FINANZIARIE E DI BILANCIO E TUTELA DELLA FINANZA PUBBLICA,518,"Art. 4, quinto comma, del D.P.R. 633/72",Non assoggettamento ad IVA delle cessioni di beni e prestazioni di servizi effettuate in occasione di manifestazioni propagandistiche dai partiti politici,IVA,A REGIME,ESCLUSIONE,Non quantificabile,2023,2024,,,ASSOCIAZIONI ENTI NO PROFIT ONLUS,X,67
2021,29: POLITICHE ECONOMICO-FINANZIARIE E DI BILANCIO E TUTELA DELLA FINANZA PUBBLICA,519,"Art. 4, quinto comma, del D.P.R. 633/72","Nonassoggettamento ad IVA delle cessioni di beni e prestazioni di servizi poste inessere dalla Presidenza della Repubblica, dal Senato della Repubblica, dalla Camera dei deputati e dalla Corte Costituzionale, nel perseguimento delle proprie finalita' istituzionali",IVA,A REGIME,ESCLUSIONE,Non quantificabile,2023,2024,,,STATO E ENTI PUBBLICI,X,67
2021,29: POLITICHE ECONOMICO-FINANZIARIE E DI BILANCIO E TUTELA DELLA FINANZA PUBBLICA,520,"Art. 4, quinto comma, del D.P.R. 633/72",Non assoggettamento ad IVA delle prestazioni sanitarie soggette al pagamento di quote di partecipazione alla spesa sanitaria erogate dalle unita' sanitarie locali e dalle aziende ospedaliere del Servizio sanitario nazionale,IVA,A REGIME,ESCLUSIONE,Non quantificabile,2023,2024,,,PERSONE FISICHE,X,67
2021,29: POLITICHE ECONOMICO-FINANZIARIE E DI BILANCIO E TUTELA DELLA FINANZA PUBBLICA,521,"Art. 4, sesto comma, del D.P.R. 633/72","Non assoggettamento ad IVA della somministrazione di alimenti e bevande effettuata, presso le sedi delle associazioni di promozione sociale, da bar ed esercizi similari",IVA,A REGIME,ESCLUSIONE,Non quantificabile,2023,2024,,,PERSONE FISICHE,X,67
2021,29: POLITICHE ECONOMICO-FINANZIARIE E DI BILANCIO E TUTELA DELLA FINANZA PUBBLICA,522,"Art. 5, secondo comma, del D.P.R. 633/72",Nonassoggettamento ad IVAdelle prestazionidiserviziderivanti dall'attivita'di levata dei protestiesercitata dai segretari comunali,IVA,A REGIME,ESCLUSIONE,Non quantificabile,2023,2024,,,PERSONE FISICHE E GIURIDICHE,X,67
2021,29: POLITICHE ECONOMICO-FINANZIARIE E DI BILANCIO E TUTELA DELLA FINANZA PUBBLICA,523,"Art. 5, secondo comma, del D.P.R. 633/72",Non assoggettamento ad IVA delle prestazioni di vigilanza e custodia rese da guardie giurate,IVA,A REGIME,ESCLUSIONE,Non quantificabile,2023,2024,,,PERSONE FISICHE E GIURIDICHE,X,67
2021,29: POLITICHE ECONOMICO-FINANZIARIE E DI BILANCIO E TUTELA DELLA FINANZA PUBBLICA,524,"Art. 8, primo comma, lettera c), del D.P.R. 633/72",Non imponibilità delle cessioni di beni effettuate nei confronti di esportatori abituali nei limiti del plafond maturato,IVA,A REGIME,NON IMPONIBILITA',Non quantificabile,2023,2024,,,SOGGETTI E CATEGORIE PARTICOLARI,X,67
2021,29: POLITICHE ECONOMICO-FINANZIARIE E DI BILANCIO E TUTELA DELLA FINANZA PUBBLICA,525,"Art. 8-bis, lettera a), del D.P.R. n. 633/72","Non imponibilità delle cessioni di navi adibite alla navigazione in alto mare e destinate all'esercizio di attività commercialio della pesca nonché delle cessionidinaviadibite alla pesca costiera o a operazioni disalvataggio o di assistenza in mare, ovvero alla demolizione, escluse le unità da diporto",IVA,A REGIME,NON IMPONIBILITA',Non quantificabile,2023,2024,,,IMPRESE E SOCIETA',X,67
2021,29: POLITICHE ECONOMICO-FINANZIARIE E DI BILANCIO E TUTELA DELLA FINANZA PUBBLICA,526,"Art. 8-bis, lettera b), del D.P.R. n. 633/72",Non imponibilità delle cessioni di navi e di aeromobili ad organi dello Stato,IVA,A REGIME,NON IMPONIBILITA',Non quantificabile,2023,2024,,,STATO E ENTI PUBBLICI,X,67
2021,29: POLITICHE ECONOMICO-FINANZIARIE E DI BILANCIO E TUTELA DELLA FINANZA PUBBLICA,527,"Art. 9, n.6, del D.P.R. 633/72","Non imponibilità dei servizi prestati nei porti, aeroporti e simili nonché quelli resi dagli agenti marittimi raccomandatari",IVA,A REGIME,NON IMPONIBILITA',Non quantificabile,2023,2024,,,IMPRESE E SOCIETA',X,67
2021,29: POLITICHE ECONOMICO-FINANZIARIE E DI BILANCIO E TUTELA DELLA FINANZA PUBBLICA,528,"Art. 9, n. 8, del D.P.R. 633/72",Non imponibilità delle manipolazioni usuali eseguite nei depositi doganali,IVA,A REGIME,NON IMPONIBILITA',Non quantificabile,2023,2024,,,IMPRESE E SOCIETA',X,67
2021,29: POLITICHE ECONOMICO-FINANZIARIE E DI BILANCIO E TUTELA DELLA FINANZA PUBBLICA,529,"Art. 10, primo comma, n. 5), D.P.R. 633/1972",Esenzione per le operazioni relative alla riscossione dei tributi con pro rata di detraibilità a monte,IVA,A REGIME,ESENZIONE,Non quantificabile,2023,2024,,,PERSONE FISICHE,X,67
2021,29: POLITICHE ECONOMICO-FINANZIARIE E DI BILANCIO E TUTELA DELLA FINANZA PUBBLICA,530,"Art. 10, primo comma, n. 12), D.P.R. 633/1972","Esenzione per le cessioni gratuite di beni fatte ad enti pubblici, associazioni riconosciute o fondazioni aventi esclusivamente finalita' di assistenza, beneficenza, educazione, istruzione, studio o ricerca scientifica e alle ONLUS con pro rata di detraibilità a monte",IVA,A REGIME,ESENZIONE,Non quantificabile,2023,2024,,,ASSOCIAZIONI ENTI NO PROFIT ONLUS,X,67
2021,29: POLITICHE ECONOMICO-FINANZIARIE E DI BILANCIO E TUTELA DELLA FINANZA PUBBLICA,531,"Art. 10, primo comma, n. 13), D.P.R. 633/1972",Esenzione per le cessioni gratuite di beni fatte a favore delle popolazioni colpite da calamità naturali con pro rata di detraibilità a monte,IVA,A REGIME,ESENZIONE,"-0,5","-0,5","-0,5",,,PERSONE FISICHE E GIURIDICHE,X,67
2021,29: POLITICHE ECONOMICO-FINANZIARIE E DI BILANCIO E TUTELA DELLA FINANZA PUBBLICA,532,"Art. 10, primo comma, n. 27), D.P.R. 633/1972",Esenzione delle prestazioni dei servizi di pompe funebri con pro rata di detraibilità a monte,IVA,A REGIME,ESENZIONE,"-33,8","-33,8","-33,8",5.714,"-5.914,6",PERSONE FISICHE,X,67
2021,29: POLITICHE ECONOMICO-FINANZIARIE E DI BILANCIO E TUTELA DELLA FINANZA PUBBLICA,533,"Art. 10, primo comma, n. 27-quater), D.P.R. 633/1972",Esenzione delle prestazioni delle compagnie barracellari con pro rata di detraibilità a monte,IVA,A REGIME,ESENZIONE,"-0,5","-0,5","-0,5",,,PERSONE FISICHE,X,67
2021,29: POLITICHE ECONOMICO-FINANZIARIE E DI BILANCIO E TUTELA DELLA FINANZA PUBBLICA,534,"Art. 74, comma 4, D.P.R. n.633/72","Versamenti trimestrali senza pagamento di interessi per alcune categorie di contribuenti autorizzati con D.M. (somministrazione di gas, acqua ed energia elettrica)",IVA,A REGIME,ALTRO,"-6,3","-6,3","-6,3",1.769,,IMPRESE E SOCIETA',X,67
2021,29: POLITICHE ECONOMICO-FINANZIARIE E DI BILANCIO E TUTELA DELLA FINANZA PUBBLICA,535,"Art. 74, comma 4, D.P.R. n.633/72",Versamenti trimestrali senza pagamento di interessi per gli esercenti impianti distribuzione carburante per uso autotrazione,IVA,A REGIME,ALTRO,"-1,9","-1,9","-1,9",8.418,,SOGGETTI E CATEGORIE PARTICOLARI,X,67
2021,29: POLITICHE ECONOMICO-FINANZIARIE E DI BILANCIO E TUTELA DELLA FINANZA PUBBLICA,536,"Art.74, comma 4, D.P.R. n.633/1972",Versamenti trimestrali senza pagamento di interessi per gli autotrasportatori cose conto terzi,IVA,A REGIME,ALTRO,"-9,2","-9,2","-9,2",34.471,,SOGGETTI E CATEGORIE PARTICOLARI,X,67
2021,29: POLITICHE ECONOMICO-FINANZIARIE E DI BILANCIO E TUTELA DELLA FINANZA PUBBLICA,537,"Art.74, comma 4, D.P.R. n.633/1972",Versamenti differiti di un trimestre per gli autotrasportatori cose conto terzi,IVA,A REGIME,ALTRO,Stima compresa nella misura 536,"-9,2","-9,2",,,SOGGETTI E CATEGORIE PARTICOLARI,X,67
2021,29: POLITICHE ECONOMICO-FINANZIARIE E DI BILANCIO E TUTELA DELLA FINANZA PUBBLICA,538,"Art. 74, comma 5, D.P.R. n.633/72",Versamenti trimestrali senza pagamento di interessi per i subfornitori,IVA,A REGIME,ALTRO,"-0,1","-0,1","-0,1",,,PERSONE FISICHE,X,67
2021,29: POLITICHE ECONOMICO-FINANZIARIE E DI BILANCIO E TUTELA DELLA FINANZA PUBBLICA,539,"Art. 74, comma 6, del D.P.R. n. 633/72","Regime speciale per gli intrattenimenti, i giochi e le altre attività di cui alla tariffa allegata al d.P.R. n. 640/72 Detrazione forfettizzata dell'imposta nella misura del 50%",IVA,A REGIME,REGIME SPECIALE,Non quantificabile,"-0,1","-0,1",,,SOGGETTI E CATEGORIE PARTICOLARI,X,67
2021,29: POLITICHE ECONOMICO-FINANZIARIE E DI BILANCIO E TUTELA DELLA FINANZA PUBBLICA,540,"Art. 74, comma 6, del D.P.R. n. 633/72","Regime speciale per gli intrattenimenti, esteso alle società sportive dilettantistiche che optano per il regime di favore di cui alla legge n. 398/1991. Detrazione forfettizzata dell'imposta nella misura del 50% Regime speciale per gli intrattenimenti, esteso alle società sportive dilettantistiche che optano per il regime di favore di cui alla legge n. 398/1991. Detrazione forfettizzata dell'imposta nella misura del 50%",IVA,A REGIME,REGIME SPECIALE,Non quantificabile,"-0,1","-0,1",,,SOGGETTI E CATEGORIE PARTICOLARI,X,67
2021,29: POLITICHE ECONOMICO-FINANZIARIE E DI BILANCIO E TUTELA DELLA FINANZA PUBBLICA,541,"Art. 27, commi 1 e 2, del D.L. n. 98 del 2011 convertito nella legge n. 111 del 2011; Art. abrogato dall'art. 1, comma 85, lett. b), L. 23 dicembre 2014, n. 190, a decorrere dal 1° gennaio 2015 (per l'applicazione di tale disposizione vedi l'art. 1, commi da 86 a 89 della medesima L. n. 190/2014). Art. 10, co.12 undecies D.L. n. 192/2014: a norma di tale articolo sono prorogate le disposizionidicuiaicommi1, 2 e 7 dell'articolo 27 D.L. 98/2011, per i soggetti che, avendone i requisiti, decidono di avvalersene, consentendone la relativa scelta nel corso dell'anno 2015.","Regime fiscale divantaggio (nuoviminimi). Per isoggettirispondenti airequisiti previstidalla norma, è prevista l'applicazione di un'imposta sostitutiva dell'imposta sui redditi e delle addizionali regionali e comunali pari al 5%. I contribuenti sono esenti da Irap, non addebitano l'IVA sulle vendite e non hanno diritto alla detrazione per l'IVAsugliacquisti. E'possibile optare per l'applicazione dell'IVAe dell'IRPEFnei modiordinari. Siapplica, per il periodo d'imposta in cui l'attività è iniziata e per i quattro successivi. Il regime è applicabile anche oltre il quarto periodo di imposta successivo, fino al compimento del trentacinquesimo anno di età.",IRPEF/IVA/IRAP,2019 o fino compimento 35°anno di età del contribuente,REGIME SPECIALE,"0,0","0,0","0,0",,,SOGGETTI E CATEGORIE PARTICOLARI,X,68
2021,29: POLITICHE ECONOMICO-FINANZIARIE E DI BILANCIO E TUTELA DELLA FINANZA PUBBLICA,542,"Art. 1, co. da 54 a 89, legge n. 190/2014; art. 1, co. 111- 113, L. n. 208/2015; art. 1, commi 9-11, della L. n. 145 del 2018, modificato dall'art. 1, comma 692 della L. n. 160 del 2019","""Nuovo"" regime forfettario agli effetti dell’Iva, dell’Irpef e dell’Irap di determinazione del reddito da assoggettare ad un’unica imposta sostituiva di quelle dovute, con l’aliquota del 15% per le persone fisiche con un limite di ricavi annui diversificati per settore. Estensione del regime ai soggetti con ricavi o compensi fino a 65.000 euro. Conl'articolo 1 della legge n. 160/2019 sono state reintrodotte alcune condizionidi accesso e cause di eclusione che rendono più stringente il regime.",IRPEF/IVA/IRAP,A REGIME,RIDUZIONE DI IMPOSTA,"-2.116,4","-2.116,4","-2.116,4",1.600.000,"-1.322,8",SOGGETTI E CATEGORIE PARTICOLARI,X,68
2021,29: POLITICHE ECONOMICO-FINANZIARIE E DI BILANCIO E TUTELA DELLA FINANZA PUBBLICA,543,"Art. 5, comma 1, della L. n. 413/1991","Gli enti non commerciali che esercitano attività di agriturismo di cui alla legge 5 dicembre 1985, n. 730, determinano il reddito imponibile applicando all'ammontare dei ricavi conseguiti conl'esercizio di tale attività, al netto della imposta sul valore aggiunto, il coefficiente di redditività del 25 per cento",IRPEF/IRES,A REGIME,REGIME SPECIALE,Effetti di trascurabile entità,"-2.116,4","-2.116,4",,,SOGGETTI E CATEGORIE PARTICOLARI,X,68
2021,29: POLITICHE ECONOMICO-FINANZIARIE E DI BILANCIO E TUTELA DELLA FINANZA PUBBLICA,544,Art. 32-bis del D.L. n 83/2012 (Art. 7 D.L. n. 185/2008),"Regime dell'IVA di cassa in base al quale il versamento dell'IVA è differito al momento della riscossione dei corrispettivi, ma comunque non oltre un anno",IVA,A REGIME,REGIME SPECIALE,"0,0","0,0","0,0",,,IMPRESE E SOCIETA',X,68
2021,29: POLITICHE ECONOMICO-FINANZIARIE E DI BILANCIO E TUTELA DELLA FINANZA PUBBLICA,545,Art. 8 comma 1-bis del D.L. 351 del 25 settembre 2001,Esclusione da IVA (assimilaz. a conferimento di ramo d'azienda) degli apporti a fondi immobiliari chiusi di pluralità di immobili prevalentemente locati,IVA,A REGIME,ESCLUSIONE,Non quantificabile,"0,0","0,0",,,SOGGETTI E CATEGORIE PARTICOLARI,X,68
2021,29: POLITICHE ECONOMICO-FINANZIARIE E DI BILANCIO E TUTELA DELLA FINANZA PUBBLICA,546,"Art. 1, comma 138, L. 27.12.2006, n. 296",Esclusione da IVA (assimilaz. a conferimento di ramo d'azienda) degli apporti a SIIQ e SIINQ di pluralità di immobili prevalentemente locati,IVA,A REGIME,ESCLUSIONE,Non quantificabile,"0,0","0,0",,,SOGGETTI E CATEGORIE PARTICOLARI,X,68
2021,29: POLITICHE ECONOMICO-FINANZIARIE E DI BILANCIO E TUTELA DELLA FINANZA PUBBLICA,547,Nota n. 3 all’art. 4 della tariffa allegata al D.P.R. n. 641/72,Esenzione dalle tasse sulle concessioni governative per le licenze di porto di pistola rilasciate a talune categorie di dipendenti civili dello Stato,TASSE SULLE CONCESSIONI GOVERNATIVE,A REGIME,ESENZIONE,"-1,0","-1,0","-1,0",,,PERSONE FISICHE,X,68
2021,29: POLITICHE ECONOMICO-FINANZIARIE E DI BILANCIO E TUTELA DELLA FINANZA PUBBLICA,548,Art. 7 del D.P.R. 131/1986,L'imposta di registro si applica in misura fissa per la registrazione volontaria di atti non assoggettati all'obbligo della registrazione indicati nella Tabella allegata al D.P.R. n. 131/1986,IMPOSTA DI REGISTRO,A REGIME,IMPOSTA IN MISURA FISSA,Non quantificabile,"-1,0","-1,0",,,PERSONE FISICHE E GIURIDICHE,X,68
2021,29: POLITICHE ECONOMICO-FINANZIARIE E DI BILANCIO E TUTELA DELLA FINANZA PUBBLICA,549,Art.25 del D.Lgs. n. 346/90,"Riduzione di imposta per: successioni apertesi entro 5 anni da altre successioni; beni immobili culturali non sottoposti a vincolo anteriormente all'apertura della successione; fondi rustici devoluti al coniuge e parenti prossimi di valore non superiore a lire 200 milioni; immobili o parti di immobili adibiti all'esercizio dell'impresa e devoluti al coniuge e/o parenti prossimi; aziende, quote di società di persone o beni strumentali ubicate in comuni montani e trasferiti al coniuge e/o parenti prossimi.",IMPOSTE SU SUCCESSIONI E DONAZIONI,A REGIME,RIDUZIONE DELL'IMPOSTA,"-0,5","-0,5","-0,5",,,PERSONE FISICHE,X,68
2021,29: POLITICHE ECONOMICO-FINANZIARIE E DI BILANCIO E TUTELA DELLA FINANZA PUBBLICA,550,Art. 18 d.P.R. n.115/2002,"Esenzione dall’imposta di bollo per iseguenti attinormalmente assoggettatial nuovo contributo unificato: 1. Gli atti e provvedimenti del processo penale; 2. Gli atti e provvedimenti del processo civile, e tributario, compresa la procedura concorsuale e di volontaria giurisdizione, e del processo amministrativo, nonché delle pubblico impiego; 3. Le copie autentiche, comprese quelle esecutive, degli atti e dei provvedimenti, purchè richieste dalle parti processuali.",IMPOSTA DI BOLLO,A REGIME,ESENZIONE,Non quantificabile,"-0,5","-0,5",,,PERSONE FISICHE E GIURIDICHE,X,68
2021,29: POLITICHE ECONOMICO-FINANZIARIE E DI BILANCIO E TUTELA DELLA FINANZA PUBBLICA,551,"Art. 17, co.2, d.lgs. n.28/2010",Esenzione da imposta di Bollo e ogni altra spesa tassa o diritto per documenti e provvedimenti relativi al procedimento di mediazione,IMPOSTA DI BOLLO,A REGIME,ESENZIONE,"-15,1","-15,1","-15,1",,,PERSONE FISICHE E GIURIDICHE,X,68
2021,29: POLITICHE ECONOMICO-FINANZIARIE E DI BILANCIO E TUTELA DELLA FINANZA PUBBLICA,552,"Art. 17, co.3, d.lgs. n.28/2010","Esenzione dall'imposta di registro per il verbale del procedimento di mediazione entro il limite di valore di 50.000 euro, l'imposta è dovuta per la parte eccedente",IMPOSTA DI REGISTRO,A REGIME,ESENZIONE,"-15,1","-15,1","-15,1",,,PERSONE FISICHE E GIURIDICHE,X,68
2021,29: POLITICHE ECONOMICO-FINANZIARIE E DI BILANCIO E TUTELA DELLA FINANZA PUBBLICA,553,"Art. 13 commi 2 bis e 2 ter della Tariffa allegata al D.P.R. 26 ottobre 1972, n. 642","Estratti conto comunicazione relativi al deposito titoli, comunicazioni da banca a cliente sui cc postali e bancari",IMPOSTA DI BOLLO,A REGIME,REGIME SOSTITUTIVO,Non quantificabile,"-15,1","-15,1",,,PERSONE FISICHE E GIURIDICHE,X,68
2021,29: POLITICHE ECONOMICO-FINANZIARIE E DI BILANCIO E TUTELA DELLA FINANZA PUBBLICA,554,Tabella - Allegato B del D.P.R. n.642/1972,"Esenzione dall'imposta di bollo in modo assoluto di atti, documenti e registri elencati nella Tabella Allegato B del d.P.R. n.642/1972 Esenzione dall'imposta di bollo in modo assoluto di atti, documenti e registri elencati nella Tabella Allegato B del d.P.R. n.642/1972",IMPOSTA DI BOLLO,A REGIME,ESENZIONE,Non quantificabile,"-15,1","-15,1",,,STATO E ENTI PUBBLICI,X,68
2021,29: POLITICHE ECONOMICO-FINANZIARIE E DI BILANCIO E TUTELA DELLA FINANZA PUBBLICA,555,Art. 37 d.P.R. n. 445/2000,"Esenzione dall'imposta di bollo per le dichiarazioni sostitutive comprovanti stati, qualità personali e fatti",IMPOSTA DI BOLLO,A REGIME,ESENZIONE,Non quantificabile,2023,2024,,,PERSONE FISICHE,X,69
2021,29: POLITICHE ECONOMICO-FINANZIARIE E DI BILANCIO E TUTELA DELLA FINANZA PUBBLICA,556,Art. 34 d.P.R. n. 445/2000,Esenzione da imposta di bollo per autenticazione delle fotografie per documenti personali,IMPOSTA DI BOLLO,A REGIME,ESENZIONE,Non quantificabile,2023,2024,,,PERSONE FISICHE,X,69
2021,29: POLITICHE ECONOMICO-FINANZIARIE E DI BILANCIO E TUTELA DELLA FINANZA PUBBLICA,557,Convenzioni di Vienna 18 aprile 1961 sulle relazioni diplomatiche e 24 aprile 1963 sulle relazioni consolari,"Esenzione da imposta di registro, bollo, ipotecaria, catastale, tasse sulle concessioni governative, canone RAI TV, sui trasferimenti del personale diplomatico e consolare","IMPOSTE DI REGISTRO, BOLLO, IPOTECARIA E CATASTALE, TASSE SULLE CONCESSIONI GOVERNATIVE, CANONE RAI TV",A REGIME,ESENZIONE,Non quantificabile,2023,2024,,,SOGGETTI E CATEGORIE PARTICOLARI,X,69
2021,29: POLITICHE ECONOMICO-FINANZIARIE E DI BILANCIO E TUTELA DELLA FINANZA PUBBLICA,558,"Art. 47, comma 1, del D.P.R. n. 602/1973","Gratuità delle trascrizioni, iscrizioni, cancellazione dei pignoramenti mobiliari ed immobiliari richieste dal concessionario della riscossione","IMPOSTE DI REGISTRO, DI BOLLO E IPOCATASTALI",A REGIME,ESENZIONE,Non quantificabile,2023,2024,,,SOGGETTI E CATEGORIE PARTICOLARI,X,69
2021,29: POLITICHE ECONOMICO-FINANZIARIE E DI BILANCIO E TUTELA DELLA FINANZA PUBBLICA,559,"Art. 47-bis, co. 2, D.P.R. n. 602/1973","Ai traferimenti di beni mobili non registrati la cui vendita è curata dai concessionari , l'imposta di rgistro si applica nella misura fissa ridotta pari a dieci euro",IMPOSTA DI REGISTRO,A REGIME,IMPOSTA IN MISURA FISSA,Non quantificabile,2023,2024,,,SOGGETTI E CATEGORIE PARTICOLARI,X,69
2021,29: POLITICHE ECONOMICO-FINANZIARIE E DI BILANCIO E TUTELA DELLA FINANZA PUBBLICA,560,"Art. 32, comma 1, D.Lgs. 28 luglio 1989, n. 271","Le procedure intraprese per il recupero dei crediti professionali vantati dai difensori d'ufficio nei confronti degli indagati, imputati e condannati inadempienti sono esenti da imposte di registro e bollo",IMPOSTE DI REGISTRO E DI BOLLO,A REGIME,ESENZIONE,Non quantificabile,2023,2024,,,SOGGETTI E CATEGORIE PARTICOLARI,X,69
2021,29: POLITICHE ECONOMICO-FINANZIARIE E DI BILANCIO E TUTELA DELLA FINANZA PUBBLICA,561,"Art. 2, primo comma, della legge 1 dicembre 1981, n. 692","Esenzione da tasse di bollo, di registro e altre imposte per i provvedimenti di restituzione delle terre a comuni o associazioni agrarie","IMPOSTE DI REGISTRO, DI BOLLO E IPOCATASTALI",A REGIME,ESENZIONE,Non quantificabile,2023,2024,,,STATO E ENTI PUBBLICI,X,69
2021,29: POLITICHE ECONOMICO-FINANZIARIE E DI BILANCIO E TUTELA DELLA FINANZA PUBBLICA,562,"Art. 2, comma 6, del D.L. 25 settembre 2001, n. 351, convertito con modificazioni dalla legge 23 novembre 2001, n. 410","Le operazioni di cartolarizzazione dei proventi derivanti dalla dismissione del patrimonio immobiliare pubblico e tutti i provvedimenti, atti, contratti, trasferimenti, prestazioni e formalita' inerenti a tali operazioni sono esenti dalle imposte di registro, bollo, ipotecarie e catastali","IMPOSTE DI REGISTRO, DI BOLLO E IPOCATASTALI",A REGIME,ESENZIONE,Non quantificabile,2023,2024,,,ENTI PUBBLICI,X,69
2021,29: POLITICHE ECONOMICO-FINANZIARIE E DI BILANCIO E TUTELA DELLA FINANZA PUBBLICA,563,"Art 5, comma 24, D.L. 30 settembre 2003, n. 269, convertito dalla legge 24 novembre 2003, n. 326","Le operazioni di raccolta e impiego effettuate dalla gestione separata della Cassa Depositi e Prestiti e tutti gli atti, contratti, trasferimenti, prestazioni e formalita' inerenti a tali operazioni sono esenti dalle imposte di registro, bollo, ipotecarie e catastali","IMPOSTE DI REGISTRO, DI BOLLO E IPOCATASTALI",A REGIME,ESENZIONE,Non quantificabile,2023,2024,,,SOGGETTI E CATEGORIE PARTICOLARI,X,69
2021,29: POLITICHE ECONOMICO-FINANZIARIE E DI BILANCIO E TUTELA DELLA FINANZA PUBBLICA,564,"Art.1, comma 275, della legge 30 dicembre 2004, n. 311",Esenzione da imposte e da tributi per i trasferimenti di immobili dei Comuni a fondazioni o società di cartolarizzazione o ad associazioni per la valorizzazione del patrimonio immobiliare,"IMPOSTE DI REGISTRO, DI BOLLO E IPOCATASTALI",A REGIME,ESENZIONE,Non quantificabile,2023,2024,,,ENTI PUBBLICI,X,69
2021,29: POLITICHE ECONOMICO-FINANZIARIE E DI BILANCIO E TUTELA DELLA FINANZA PUBBLICA,565,"Art. 1 della legge 21 novembre 1967, n.1149",Esenzione dall'imposta di bollo sugli atti e documenti relativi alle procedure di espropriazione per pubblica utilità,IMPOSTA DI BOLLO,A REGIME,ESENZIONE,Non quantificabile,2023,2024,,,STATO E ENTI PUBBLICI,X,69
2021,29: POLITICHE ECONOMICO-FINANZIARIE E DI BILANCIO E TUTELA DELLA FINANZA PUBBLICA,566,"Artt. 91 e 92 del Regolamento di conservazione del nuovo catasto di cui al R.D. 8 dicembre 1938, n. 2153","Esenzione dall'imposta di bolle sulle copie, sui certificati, sugli estratti catastali a favore di enti pubblici richiedenti",IMPOSTA DI BOLLO,A REGIME,ESENZIONE,Non quantificabile,2023,2024,,,STATO E ENTI PUBBLICI,X,69
2021,29: POLITICHE ECONOMICO-FINANZIARIE E DI BILANCIO E TUTELA DELLA FINANZA PUBBLICA,567,Art.19 D.Lgs 347 del 31/10/1990,Esenzione dalle tasse ipotecarie per le operazioni nell'interesse dello Stato,IMPOSTA IPOTECARIA,A REGIME,ESENZIONE,"0,0","0,0","0,0",,,STATO E ENTI PUBBLICI,X,69
2021,29: POLITICHE ECONOMICO-FINANZIARIE E DI BILANCIO E TUTELA DELLA FINANZA PUBBLICA,568,"Art.11, comma 3, del D.Lgs. 30 dicembre 1992, n. 504",Esenzione dall'imposta di bollo per gli atti e documenti richiesti dagli uffici pubblici ai fini dell'accertamento e liquidazione dell'ICI,IMPOSTA DI BOLLO,A REGIME,ESENZIONE,Non quantificabile,"0,0","0,0",,,PERSONE FISICHE,X,69
2021,29: POLITICHE ECONOMICO-FINANZIARIE E DI BILANCIO E TUTELA DELLA FINANZA PUBBLICA,569,"Art. 18, co. 1, D.Lgs. 13 aprile 1999, n. 112",Esenzione dall'imposta di bollo per le certificazioni riguardanti i beni dei debitori iscritti a ruolo e coobbligati emesse a favore dei concessionari per la riscossione,IMPOSTA DI BOLLO,A REGIME,ESENZIONE,Non quantificabile,"0,0","0,0",,,STATO E ENTI PUBBLICI,X,69
2021,29: POLITICHE ECONOMICO-FINANZIARIE E DI BILANCIO E TUTELA DELLA FINANZA PUBBLICA,570,"Art. 32 del D.P.R. n. 601/1973 - art. 1, comma 58 della legge n. 208/2015",Imposta di registro in misura fissa ed esenzione dalle imposte ipotecaria e catastale per gli atti di trasferimento della proprietà delle aree da parte degli enti locali,IMPOSTE DI REGISTRO E IPOCATASTALI,A REGIME,ESENZIONE E MISURA FISSA,"-0,6","-0,6","-0,6",,,STATO E ENTI PUBBLICI,,69
2021,29: POLITICHE ECONOMICO-FINANZIARIE E DI BILANCIO E TUTELA DELLA FINANZA PUBBLICA,571,"Art.7, L. n. 448 del 2001. Art. 2, comma 2, del D.L. n. 282 del 2002 come modificato, da ultimo, dall'art. 1, comma 997, della L. n. 205 del 2017. Art. 1, comma 998 della L. n. 205 del 2017. Art. 1, comma 1053 della L. n. 145 del 2018. Art. 1, commi 693-694, della legge 27 dicembre 2019, n. 160. Art, 1, commi 1122-1123, della L. 30 dicembre 2020, n. 178. Art. 14, comma 4- bis, D.L. n. 73/2021.",Rideterminazione dei valori dei terreni e delle partecipazioni non quotate posseduti alla data del 1º gennaio 2021. Rideterminazione dei valori dei terreni e delle partecipazioni non quotate posseduti alla data del 1º gennaio 2021.,IMPOSTA SOSTITUTIVA,2021,REGIME SOSTITUTIVO,"113,3","113,3","-37,0",,,PERSONE FISICHE,X,69
2021,29: POLITICHE ECONOMICO-FINANZIARIE E DI BILANCIO E TUTELA DELLA FINANZA PUBBLICA,572,"Art. 1, c. 924-925, della L. n. 205/2017. Provv. Ag E. 73203/2018 e Circ Ag E. 8/2018; (Art. 16 D.L. n. 34/2019)","Credito d'imposta esercenti impianti carburante (riconosciuto nel rispetto delle condizioni e dei limiti del de minimis) per le transazioni effettuate, a partire dal 1° luglio 2018, tramite sistemi di pagamento elettronico mediante carte di credito, debito o prepagate.",,A REGIME,CREDITO D'IMPOSTA,"-56,7","-56,7","-56,7",3.260,"-4.669,5",IMPRESE,,70
2021,29: POLITICHE ECONOMICO-FINANZIARIE E DI BILANCIO E TUTELA DELLA FINANZA PUBBLICA,573,"Art. 22, del D.L. n. 124/2019; Provvedimenti del Direttore dell'Agenzia delle entrate 21 aprile 2020 e 29 aprile 2020; integrato dall'art. 1, comma 10, D.L. n. 99/2021","Credito d'imposta pari al 30% su pagamenti elettronici riconosciuto (nel rispetto del de minimis) in relazione alle cessioni di beni e alle prestazioni di servizi effettuate a decorrere dal 1° luglio 2020 ed utilizzabile in compensazione. Il comma 1-ter dell'articolo 22 del D.L. 124/2019 prevede che per le commissioni maturate nel periodo dal 1° luglio 2021 al 30 giugno 2022, il credito d’imposta è incrementato al 100% delle commissioni, nel caso in cui gli esercenti attività di impresa, arte o professioni, che effettuano cessioni di beni o prestazioni di servizio nei confronti di consumatori finali, adottino strumenti di pagamento elettronico collegati agli strumenti di cui all’articolo 2, comma 3, del decreto legislativo 5 agosto 2015, n. 127 ovvero strumenti di pagamento evoluto di cui al comma 5 -bis del predetto articolo.",,A REGIME,CREDITO D'IMPOSTA,"-98,0","0,0","0,0",,,IMPRESE E TITOLARI DI LAVORO AUTONOMO,,70
2021,29: POLITICHE ECONOMICO-FINANZIARIE E DI BILANCIO E TUTELA DELLA FINANZA PUBBLICA,574,"Art. 22-bis, del D.L. n. 124/2019 (introdotto dall'art. 1, comma 11, D.L. n. 99/2021)","Crediti d'imposta a favore dei soggetti esercenti attività d'impresa, arte o professioni sugli strumenti di pagamento elettronico. In particolare, sono previsti due crediti d'imposta: 1) un credito d'imposta, per il periodo tra il 1° luglio 2021 e il 30 giugno 2022, parametrato al costo di acquisto, di noleggio, di utilizzo degli strumenti di pagamento, nonché alle spese di convenzionamento ovvero alle spese sostenute per il collegamento tecnico tra i predetti strumenti, nel limite massimo di spesa per soggetto di 160 euro, nelle seguenti misure: a) 70% per soggetti con ricavi e compensi di ammontare non superiore a 200.000 euro; b) 40% per soggetti con ricavi e compensi di ammontare superiore a 200.000 euro e fino a 1 milione di euro; c) 10% soggetti con ricavi e compensi di ammontare superiore a 1 milione di euro e fino a 5 milioni di euro. 2) un credito d'imposta, per l'anno 2022, ai soggetti che acquistano, noleggiano o utilizzano strumenti evoluti di pagamento elettronico che consentono anche la memorizzazione elettronica e trasmissione telematica, nel limite massimo di spesa per soggetto di 320 euro, nelle seguenti misure: a) 100 per cento per i soggetti i cui ricavi e compensi siano di ammontare non superiore a 200.000 euro; b) 70 per cento per i soggetti i cui ricavi e compensi siano di ammontare superiore a 200.000 euro e fino a 1 milione di euro; c) 40 per cento per i soggetti i cui ricavi e compensi siano di ammontare superiore a 1 milione di euro e fino a 5 milioni di euro.",,2022,CREDITO D'IMPOSTA,"-88,1","0,0","0,0",,,IMPRESE E TITOLARI DI LAVORO AUTONOMO,,70
2021,29: POLITICHE ECONOMICO-FINANZIARIE E DI BILANCIO E TUTELA DELLA FINANZA PUBBLICA,575,"Art. 1, comma 540 L. n. 232 del 2016; art. 1, comma 1095 L. n. 178 del 2020","I contribuenti, persone fisiche maggiorenni residenti nel territorio dello Stato, che effettuano, esclusivamente attraverso strumenti che consentano il pagamento elettronico, acquisti di beni o servizi, fuoridall'esercizio di attivita'di impresa, arte o professione, presso esercenti che trasmettono telematicamente i corrispettivi, ai sensi dell'articolo 2, comma 1, del decreto legislativo 5 agosto 2015, n. 127, possono partecipare all'estrazione a sorte di premi attribuiti nel quadro di una lotteria nazionale. I premi attribuiti non concorrono a formare il reddito del percipiente per l'intero ammontare corrisposto nel periodo d'imposta e non sono assoggettati ad alcun prelievo erariale.",IRPEF,A REGIME,ESCLUSIONE,"0,0","0,0","0,0",,,PERSONE FISICHE,,70
2021,29: POLITICHE ECONOMICO-FINANZIARIE E DI BILANCIO E TUTELA DELLA FINANZA PUBBLICA,576,"Art. 4, commi 4-9, D.L. 22 marzo 2021, n. 41 (c.d. D.L. Sostegni), come convertito dalla L. 21 maggio 2021, n. 69.","Siprevede l'annullamento automatico dei debitidi importo residuo, alla data dientrata invigore deldecreto, fino a 5.000 euro, comprensivo di capitale, interessi per ritardata iscrizione a ruolo e sanzioni, risultanti dai singoli carichiaffidatiagliagentidella riscossione dal1°gennaio 2000 al31 dicembre 2010 - ancorche'ricompresi nelle precedenti definizioni agevolate - delle persone fisiche e giuridiche che hanno conseguito, rispettivamente nel periodo d'imposta 2019 e nelperiodo d'imposta incorso alla data del 31 dicembre 2019, unreddito imponibile ai fini delle imposte sui redditi fino a 30.000 euro.",Tutte le imposte,2021,RIDUZIONE DI IMPOSTA,"0,0","0,0","0,0",,,PERSONE FISICHE E GIURIDICHE,,70
2021,30: GIOVANI E SPORT,577,"Art. 15, comma 1, lettere i-sexies.1) e i-sexies.2), del TUIR introdotte dall'art. 1, comma 82, della L. n. 208 del 2015","Detrazione, nella misura del19 %, deicanonie deglioneriaccessorirelativia contrattidi locazione finanziaria di unità immobiliari da adibire ad abitazione principale, per un importo non superiore a 8.000 euro annui; detrazione, nella misura del 19%, del costo di riscatto a fronte dell’esercizio dell’opzione finale, per un importo non superiore a 20.000 euro. Tali detrazioni spettano a giovani di età non superiore a 35 anni con reddito complessivo non superiore a 55,000 €. Gli importi sui quali sono calcolate le detrazioni sono dimezzati con riferimento ai giovani di età superiore a 35 anni.",IRPEF,A REGIME,DETRAZIONE,Effetti di trascurabile entità,"0,0","0,0",,,PERSONE FISICHE,,70
2021,30: GIOVANI E SPORT,578,"Art. 15, comma 1, lett. i-quinquies) e comma 2, TUIR",Detrazione per l'iscrizione annuale/abbonamento per i ragazzi di età compresa tra i 5 e i 18 anni ad associazioni sportive palestre piscine etc individuate con apposito decreto,IRPEF,A REGIME,DETRAZIONE,"-79,4","-79,4","-79,4",1.827.861,"-43,4",PERSONE FISICHE,X,70
2021,30: GIOVANI E SPORT,579,"Art. 15, comma 1, lett. i-ter), TUIR",Detrazione per erogazioni liberali in denaro a favore delle società ed associazioni sportive dilettantistiche,IRPEF,A REGIME,DETRAZIONE,"-2,0","-2,0","-2,0",19.733,"-101,6",PERSONE FISICHE,X,70
2021,30: GIOVANI E SPORT,580,"Legge n. 398/91; Art. 9-bis D.L. 417/91; Art. 25 commi 1-bis e 2 della L. 133/99;Art. 2 comma 31 L. 350/2003; Art. 1, co. 50, L. n. 232/2016",Possibilità di optare per un regime fiscale agevolato per le associazioni sportive non aventi scopo di lucro Possibilità di optare per un regime fiscale agevolato per le associazioni sportive non aventi scopo di lucro,IRES,A REGIME,REGIME SPECIALE,"-27,8","-27,8","-27,8",58.654,"-473,3",ASSOCIAZIONI ENTI NO PROFIT ONLUS,X,70
2021,30: GIOVANI E SPORT,581,"Art. 90, comma 1, della L. n. 289/02",Estensione delle disposizioni tributarie riguardanti le associazioni sportive dilettantistiche anche alle società sportive dilettantistiche costituite in società di capitali senza fine di lucro,IRES,A REGIME,REGIME SPECIALE,"-4,2","-4,2","-4,2",4.171,"-1.014,1",SOGGETTI E CATEGORIE PARTICOLARI,X,71
2021,30: GIOVANI E SPORT,582,Art. 9-bis del D.L. n. 417/1991,La norma estende alle associazioni senza scopo di lucro ed alle pro-loco le disposizioni a favore delle associazioni sportive dilettantistiche di cui alla L. n. 398/1991.,IRES,A REGIME,REGIME SPECIALE,Stima compresa nella misura 580,"-4,2","-4,2",,,ASSOCIAZIONI ENTI NO PROFIT ONLUS,X,71
2021,30: GIOVANI E SPORT,583,"Art. 25, commi 1-bis), e 2, della L. n.133/99","Non concorrono a formare il reddito imponibile, per un numero di eventi complessivamente non superiore a 2 per anno e per unimporto nonsuperiore allimite annuo fissato conDM: a) i proventirealizzati nello svolgimento di attività commercialiconnesse agli scopiistituzionali; b) iproventi realizzatitramite raccolta pubblica difondi, in conformità all’art.143, c.3, lett. a)",IRES,A REGIME,ESCLUSIONE,"0,0","0,0","0,0",,,ASSOCIAZIONI ENTI NO PROFIT ONLUS,X,71
2021,30: GIOVANI E SPORT,584,"Art. 90, comma 11-bis, della L. n. 289/02","La pubblicità realizzata negli impianti utilizzati per manifestazioni sportive dilettantistiche concapienza inferiore ai 3.000 posti si considera occasionale, ai fini dell’imposta sugli spettacoli, sugli intrattenimenti (art. 7-octies, D.L. 7/2005) e dell’imposta sulla pubblicità (art.1, c. 128, L. 266/2005)",IRES,A REGIME,ESCLUSIONE,"-5,0","-5,0","0,0",,,ASSOCIAZIONI ENTI NO PROFIT ONLUS,X,71
2021,30: GIOVANI E SPORT,585,"Art. 2, comma 31 della L. n.350/03","Estensione delle disposizioni tributarie riguardanti le associazioni sportive dilettantistiche (legge 16 dicembre 1991, n. 398) alle associazioni bandistiche e cori amatoriali, filodrammatiche, di musica e danza popolare",IRES,A REGIME,REGIME SPECIALE,Stima compresa nella misura 580,"-5,0","0,0",,,ASSOCIAZIONI ENTI NO PROFIT ONLUS,X,71
2021,30: GIOVANI E SPORT,586,"Art. 1, c. 352, lett. a), della L n. 205/2017 (D.P.C.M. 28 marzo 2018)","Credito d'imposta per l'ammodernamento impianti dicalcio infavore delle società appartenentialla Lega di serie B, alla Lega Pro e alla Lega nazionale dilettanti che hanno beneficiato della mutualità (riconosciuto nel rispetto del de minimis), nella misura del 12%",,A REGIME,CREDITO D'IMPOSTA,"-4,0","-4,0","-4,0",281,"-13.425,3",IMPRESE,,71
2021,30: GIOVANI E SPORT,587,"Art. 1, c. 621-628, L n. 145/2018; d.P.C.M. 30 aprile 2019; Art. 1, commi da 177 a 179, L n. 160/2019",Credito d'imposta Sport-Bonus pari al 65% per le erogazioni liberali destinate a interventi di manutenzione e restauro di impianti sportivi pubblici e per la realizzazione di nuove strutture sportive pubbliche.,,2020,CREDITO D'IMPOSTA,"-4,4","0,0","0,0",,,PERSONE FISICHE E GIURIDICHE,,71
2021,30: GIOVANI E SPORT,588,"Art. 5, comma 3, del D.L. n. 16 del 2020, convertito, con modificazioni, dalla L. n. 31 del 2020","Nonconcorrenza alla fomazione delreddito imponibile aifiniIrpef degliemolumenti percepitidagli atletie dagli altri membri della famiglia olimpica, non fiscalmente residenti in Italia, in relazione alle prestazioni rese in occasione dei Giochi Olimpici",IRPEF,2026,ESCLUSIONE,"0,0","0,0","0,0",,,PERSONE FISICHE,,71
2021,30: GIOVANI E SPORT,589,"Art. 5, comma 6, del D.L. n. 16 del 2020, convertito, con modificazioni, dalla L. n. 31 del 2020",I redditi di lavoro dipendente e assimilati derivanti dagli emolumenti corrisposti dal Comitato Organizzatore concorrono alla formazione del reddito complessivo limitatamente al 60% del loro ammontare negli anni dal 2021 al 2023; limitatamente al 30% del loro ammontare negli anni dal 2024 al 2026,IRPEF,2026,ESCLUSIONE,"-1,3","-3,6","-10,4",,,PERSONE FISICHE,,71
2021,31: TURISMO,590,"Art. 32, comma 1, del D.L. 12 settembre 2014, n. 133, convertito in legge 11 novembre 2014, n. 164 (comma modificato dall'art. 1, comma 365, L. 28 dicembre 2015, n. 208) e D.M. 3 ottobre 2014","Marina resort: le strutture organizzate per la sosta e il pernottamento di turisti all'interno delle proprie unità da diporto ormeggiate nello specchio acqueo appositamente attrezzato, secondo i requisiti stabiliti dal MIT, sentito il MIBACT, rientrano nelle strutture ricettive all'aria aperta con applicazione dell'aliquota IVA del 10% dal 1° gennaio 2016",IVA,A REGIME,RIDUZIONE DI ALIQUOTA,"-10,6","-10,6","-10,6",73.681,,PERSONE FISICHE,,71
2021,31: TURISMO,591,"Art. 176 del D.L. n.34/2020; Art. 77, comma 1, lett. b- ter), del D.L. 14 agosto 2020, n. 104; Art. 5, comma 6, del D.L. 28 ottobre 2020, n. 137; Art. 7, comma 3-bis del D.L. 31 dicembre 2020, n. 183.","Per i periodi d'imposta 2020 e 2021, è riconosciuto un credito a favore dei nuclei familiari con un ISEE non superiore a 40.000 euro per il pagamento dei servizi offerti inambito nazionale dalle imprese turistico ricettive. Il beneficio è diversificato a seconda della composizione del nucleo familiare. Il credito è fruibile per il 20 per cento sotto forma didetrazione d'imposta insede didichiarazione deiredditie per l'80 per cento come sconto sul corrispettivo dovuto, anticipato dal fornitore presso il quale i servizi sono fruiti e da quest'ultimo recuperato sotto forma di credito d'imposta. Il pagamento del servizio può essere corrisposto con l'ausilio, l'intervento o l'intermediazione di soggetti che gestiscono piattaforme o portali telematici, nonché di agenzie di viaggio e tour operator.",IRPEF,2020 /2021,DETRAZIONE,"314,5","0,0","0,0",,,PERSONE FISICHE,,71
2021,31: TURISMO,592,"Art. 79 D.L. 104/2020; Art. 1, c. 604, L N. 178/2020 (art. 28, c. 1-bis, D.L. n. 41/2021); art. 7, c. 5, D.L. n. 73/2021","Credito d’imposta per la riqualificazione delle strutture ricettive turistico alberghiere istituito dall'art. 10 del D.L. n. 83 del 2014 riconosciuto per i tre periodi di imposta 2020, 2021 e 2022. L’agevolazione è prevista nella misura del 65% ed è estesa anche alle strutture che svolgono attività agrituristica, agli stabilimenti termali, nonché alle strutture ricettive all’aria aperta. Credito d’imposta per la riqualificazione delle strutture ricettive turistico alberghiere istituito dall'art. 10 del D.L. n. 83 del 2014 riconosciuto per i tre periodi di imposta 2020, 2021 e 2022. L’agevolazione è prevista nella misura del 65% ed è estesa anche alle strutture che svolgono attività agrituristica, agli stabilimenti termali, nonché alle strutture ricettive all’aria aperta.",,2022,CREDITO D'IMPOSTA,"-100,0","0,0","0,0",,,IMPRESE E CATEGORIE PARTICOLARI,,71
